idx,smiles,BACE,group,img_path
0.0,CCCCNC(=O)[C@H](C)C[C@H](O)[C@H](Cc1ccccc1)NC(=O)[C@@H]1CCC[C@H](C(C)(C)NC(C)=O)C1,-0.8123801347313062,train,../data/images/BACE/0.png
1.0,COc1ccc(C2(c3cccc(-c4cccnc4)c3)N=C(N)N3CCCN=C32)cc1,0.38600554373064416,train,../data/images/BACE/1.png
2.0,CC#Cc1cncc(-c2cccc([C@@]3(c4cc(C)c(=O)n(CC)c4)[NH+]=C(N)c4c(F)cccc43)c2)c1,1.55786938166854,train,../data/images/BACE/2.png
3.0,COc1cc(CC(NC(C)=O)C(O)C[NH2+]C2CC3(CCC3)Oc3ncc(CC(C)(C)C)cc32)ccc1F,1.35978614572181,train,../data/images/BACE/3.png
4.0,CCNc1cc(C(=O)NC(Cc2ccccc2)C(O)C[NH2+]Cc2cncc(C#N)c2)cc(N2CCCCS2(=O)=O)c1,0.6527323248123719,train,../data/images/BACE/4.png
5.0,COCc1cc2cc(c1)C(=O)NC(C(O)C[NH2+]C(COC)c1cccc(C(C)(C)C)c1)Cc1cccc(c1)OCCCCN2,-0.25840120039253855,train,../data/images/BACE/5.png
6.0,CCC[C@H]1C(C(=O)N[C@@H](Cc2ccccc2)[C@H](O)C[NH2+]C2CC2)=CN(CC(=O)OC(C)C)C=C1C(=O)N[C@H](C)c1ccccc1,-1.485336926751587,train,../data/images/BACE/6.png
7.0,CC([NH2+]CC(O)C(Cc1ccccc1)NC(=O)c1cccc(S(=O)(=O)N(C)Cc2ccccc2)c1)C(=O)NC1CCCCC1,-1.5907730090902799,train,../data/images/BACE/7.png
8.0,CCCN(CCC)C(=O)c1cccc(C(=O)NC(Cc2cc(F)cc(F)c2)C(O)C[NH2+]Cc2cccc(OC)c2)c1,0.7352214516484782,train,../data/images/BACE/8.png
9.0,CC(=O)NC(Cc1cc(F)cc(F)c1)C(O)C[NH2+]C1(c2ccc(CC(C)(C)C)s2)CC1,-0.5450973067902339,train,../data/images/BACE/9.png
10.0,COc1cccc(-c2cccc(C3(C)CC(=O)N(C)C(N)=N3)c2)c1,0.03475889485718673,train,../data/images/BACE/10.png
11.0,CN1C(=O)C(c2cccc(-c3cncnc3)c2)(c2csc(Cl)c2)N=C1N,0.42841324510467593,train,../data/images/BACE/11.png
12.0,CC(=O)NC(Cc1cc(F)cc(F)c1)C(O)C[NH2+]C1(c2cccc(C(C)(C)C)c2)CCC(O)CC1,0.8180473959335578,train,../data/images/BACE/12.png
13.0,CC(=O)NC(Cc1ccc(F)cc1F)C(O)C[NH2+]C1CC2(CCC2)Oc2ncc(CC(C)(C)C)cc21,1.240781983491738,train,../data/images/BACE/13.png
14.0,CN1C(=O)C2(CC(C)(C)Oc3ccc(-c4ccccc4)cc32)N=C1N,-0.1341325516281628,train,../data/images/BACE/14.png
15.0,COc1cccc(-c2cccc(CCc3cccc(N)n3)c2)c1,-1.430677639705426,train,../data/images/BACE/15.png
16.0,CC([NH2+]CC(O)C(Cc1ccccc1)NC(=O)c1cccc(N(c2ccc(Cl)cc2)S(C)(=O)=O)c1)C(=O)NC1CCCCC1,1.101370037124956,train,../data/images/BACE/16.png
17.0,CCCN(CCC)C(=O)c1cc(CCO)cc(C(=O)NC(Cc2cc(F)cc(F)c2)C(O)C[NH2+]Cc2cccc(OC)c2)c1,1.101370037124956,train,../data/images/BACE/17.png
18.0,CCCCNC(=O)[C@H](C)C[C@H](O)[C@H](CC(C)C)NC(=O)[C@H](CCSC)NC(=O)[C@H](CC(C)C)NC(C)=O,0.5616602398810936,train,../data/images/BACE/18.png
19.0,COCC(=O)NC(Cc1ccc(-c2nccs2)cc1)C(O)C[NH2+]C1CC2(CCC2)Oc2ncc(CC(C)(C)C)cc21,0.7568042219655892,train,../data/images/BACE/19.png
20.0,CN1C(=O)C2(CC(C)(C)Oc3ccc(-c4cncc(Cl)c4)cc32)N=C1N,0.8936506924179362,train,../data/images/BACE/20.png
21.0,CCCc1cccc([C@@]2(c3ccc(OC(F)F)cc3)N=C(N)N(C)C2=O)c1,0.3902957187283724,train,../data/images/BACE/21.png
22.0,CC1CC2(CC[NH+]1Cc1ccc(O)c(Cl)c1)CN(C)S(=O)(=O)N2c1cccc(F)c1,-0.5410771818887622,train,../data/images/BACE/22.png
23.0,CC(=O)NC(Cc1cc(F)cc(F)c1)C(O)C[NH2+]C1(c2cccc(C(C)(C)C)c2)CCCC1,0.10103525417326292,train,../data/images/BACE/23.png
24.0,CC(=O)NC(Cc1cc(F)cc(F)c1)C(O)C[NH2+]C1(c2cccc(C(C)(C)C)c2)CCCN(O)C1,-0.09243902247336973,train,../data/images/BACE/24.png
25.0,CCNc1cc(C(=O)NC(Cc2ccccc2)C(O)C[NH2+]Cc2cccc(C(F)(F)F)c2)cc(N2CCCC2=O)c1OC,0.3253539612952855,train,../data/images/BACE/25.png
26.0,NC1=NC(c2ccc(OC(F)F)cc2)(c2cccc(-c3cccnc3F)c2)CO1,-0.4506621145343857,train,../data/images/BACE/26.png
27.0,CCCN(CCC)C(=O)c1cccc(C(=O)N[C@@H](Cc2ccccc2)[C@H](O)C[NH2+]Cc2cccc(OC)c2)c1,0.14847934513219463,train,../data/images/BACE/27.png
28.0,NC1=NC(c2ccncc2)(c2cccc(-c3cccnc3)c2)C2=NCCCN12,0.04322664946206815,train,../data/images/BACE/28.png
29.0,COc1ccc(CC(NC(C)=O)C(O)C[NH2+]C2CC3(CCC3)Oc3ncc(CC(C)(C)C)cc32)cc1F,1.4320009990558102,train,../data/images/BACE/29.png
30.0,CC#Cc1cncc(-c2cccc(C3(C4CC4)NC(=[NH2+])N(C)C3=O)c2)c1,1.3007822116524348,train,../data/images/BACE/30.png
31.0,Nc1nc2cc(Cl)ccc2[nH]1,-2.5230818449196053,train,../data/images/BACE/31.png
32.0,Nc1cccc(Cn2c(-c3ccccc3)ccc2-c2ccc(C(=O)NC3CCC3)cc2)n1,-0.7850155054134708,train,../data/images/BACE/32.png
33.0,CN1C(=O)C[C@](C)(CCc2ccccc2)N=C1N,-2.1036342081743022,train,../data/images/BACE/33.png
34.0,CC(=O)NC(Cc1cc(F)cc(F)c1)C(O)C[NH2+]C1(c2cn(CC(C)(C)C)nn2)CC1,-0.13055654884967327,train,../data/images/BACE/34.png
35.0,CC(=O)NC(Cc1cc(F)cc(F)c1)C(O)C[NH2+]C1(c2cccc(C(C)(C)C)c2)CCN(C(N)=O)CC1,-0.07583928747269365,train,../data/images/BACE/35.png
36.0,CCCOC1C[NH2+]C(C(O)C(Cc2cc(F)cc(F)c2)NC(=O)C(C)N2CCC(CC(C)C)C2=O)C1,0.695946227067032,train,../data/images/BACE/36.png
37.0,CC[C@H](C)[C@@]1(NC(C)=O)CCN([C@@H](CCc2ccccc2)C(=O)N[C@@H](Cc2ccccc2)[C@H](O)C[NH2+]Cc2cccc(OC)c2)C1=O,1.325689116832652,train,../data/images/BACE/37.png
38.0,CN1C(=O)C2(CC(C)(C)Oc3ccc(-c4cccc(F)c4)cc32)N=C1N,0.3594513627701167,train,../data/images/BACE/38.png
39.0,NC(=[NH2+])NC(=O)Cn1c(-c2ccccc2)ccc1-c1ccccc1,-0.8123801347313062,train,../data/images/BACE/39.png
40.0,CS(=O)(=O)N(c1cccc(C(=O)NC(Cc2ccccc2)C(O)C[NH2+]Cc2cccc(C(F)(F)F)c2)c1)c1ccccn1,0.011632874679847659,train,../data/images/BACE/40.png
41.0,CCn1cc2c3c(cc(C(=O)NC(Cc4ccccc4)[C@H](O)CNc4ccccc4)cc31)N(C)S(=O)(=O)CC2,1.325689116832652,train,../data/images/BACE/41.png
42.0,CC#Cc1cncc(-c2cccc(C3(c4cc(C)c(=O)n(CC)c4)N=C(N)c4c(F)cc(F)cc43)c2)c1,1.5385623646460393,train,../data/images/BACE/42.png
43.0,CO[C@H](C)C(=O)N[C@@H](Cc1cccc(-c2nccs2)c1)[C@H](O)C[NH2+][C@H]1CC2(CCC2)Oc2ncc(CC(C)(C)C)cc21,1.2948440157030496,train,../data/images/BACE/43.png
44.0,COc1cccc(C[NH2+]C[C@H](O)[C@H](Cc2cc(F)cc(F)c2)NC(=O)c2cc(/C(C)=N\O)cc(N(c3ccccc3)S(C)(=O)=O)c2)c1,1.135467066014114,train,../data/images/BACE/44.png
45.0,COCC(=O)NC(Cc1cc(-c2nccs2)ccc1F)C(O)C[NH2+]C1CC2(CCC2)Oc2ncc(CC(C)(C)C)cc21,1.1179693995399587,train,../data/images/BACE/45.png
46.0,CC(=O)NC(Cc1ccccc1)C(O)C[NH2+]C1CC2(CCC2)Oc2ncc(CC(C)(C)C)cc21,1.2776569366464432,train,../data/images/BACE/46.png
47.0,CCNc1cc(C(=O)N[C@@H](Cc2ccccc2)[C@H](O)C[NH2+]C(C)(C)c2cccc(C(F)(F)F)c2)cc(N2CCCCS2(=O)=O)c1,1.266685182763277,train,../data/images/BACE/47.png
48.0,CCN1C(=O)C2(CC(C)(C)Oc3ccc(-c4cccc(Cl)c4)cc32)N=C1N,0.04697247679060444,train,../data/images/BACE/48.png
49.0,CN1C(=O)C(c2cccc(-c3cccnc3F)c2)(c2cnn(CCC(C)(C)C)c2)N=C1N,0.8770509574172601,train,../data/images/BACE/49.png
50.0,Cc1cc([C@]2(c3cccc(-c4cncnc4)c3)N=C(N)N(C)C2=O)cc(C)n1,0.2473081421687744,train,../data/images/BACE/50.png
51.0,COc1cccc(-c2cccc(C3(C)N=C(N)CN3C(C)=O)c2)c1,-1.3584630844399646,train,../data/images/BACE/51.png
52.0,COc1cccc([C@@]2(c3ccccc3)[NH+]=C(N)N3CCCN=C32)c1,-1.3632812878543796,train,../data/images/BACE/52.png
53.0,CN1C(=O)C2(CC(C)(C)Cc3ccc(-c4cccc(C#N)c4)cc32)N=C1N,0.9111483588920913,train,../data/images/BACE/53.png
54.0,CC(C)(C)c1cccc(C[NH2+]C2CS(=O)(=O)CC(Cc3ccc4[nH]cc(CC(F)(F)F)c4c3)C2O)c1,0.29719512835551287,train,../data/images/BACE/54.png
55.0,CCCN(CCC)C(=O)c1cc(C(=O)NC(Cc2cc(F)cc(F)c2)C(O)C[NH2+]Cc2cccc(OC)c2)cc(/C(C)=N\OCc2ccccc2)c1,0.4858029144844259,train,../data/images/BACE/55.png
56.0,CN1C(=O)[C@@](c2ccc(OC(F)F)cc2)(c2cccc(C#CCCCCO)c2)N=C1N,1.101370037124956,train,../data/images/BACE/56.png
57.0,CCn1cc(C2(c3cccc(-c4cncc(C#N)c4)c3)N=C(N)c3c(F)cccc32)cc(C)c1=O,1.1632343114108878,train,../data/images/BACE/57.png
58.0,CCCCN(C)C(=O)n1cc(C(=O)NC(Cc2cc(F)cc(F)c2)C(O)C[NH2+]Cc2cccc(CC)c2)c2cccnc21,1.1501796545777887,train,../data/images/BACE/58.png
59.0,C[C@H]([NH2+]C[C@@H](O)[C@H](Cc1ccccc1)NC(=O)c1cccc(N(c2ccccc2)S(C)(=O)=O)c1)C(=O)NC1CCCCC1,0.970151920375793,train,../data/images/BACE/59.png
60.0,[NH3+]CCc1ccc(O)cc1,-2.8488055554600438,train,../data/images/BACE/60.png
61.0,CN1C(=O)C(c2ccncc2)(c2cccc(-c3ccccc3)c2)N=C1N,0.271291183912627,train,../data/images/BACE/61.png
62.0,CCOC[C@H](Oc1cc(CC2CS(=O)(=O)CC([NH2+]Cc3cccc(C(C)(C)C)c3)C2O)cc(F)c1N)C(F)(F)F,0.7249468800778333,train,../data/images/BACE/62.png
63.0,CC(=O)NC(Cc1ccccc1)C(O)C[NH2+]C1CC2(CCC2)Oc2ncc(CC(C)C)cc21,1.325689116832652,train,../data/images/BACE/63.png
64.0,CC(F)C(=O)NC(Cc1ccc2c(c1)OCO2)C(O)C[NH2+]C1CC2(CCC2)Oc2ncc(CC(C)(C)C)cc21,0.7579221280207871,train,../data/images/BACE/64.png
65.0,CC(C)[C@H](NC(=O)[C@H](C)C[C@H](O)[C@H](COCc1cc(F)cc(F)c1)NC(=O)c1cc(C(=O)N[C@H](C)c2ccccc2)cc(N(C)S(C)(=O)=O)c1)C(=O)NCc1ccccc1,1.2358408268050214,train,../data/images/BACE/65.png
66.0,Cc1ccc2c(c1)CC(C)(C)N=C2NC(Cc1ccccc1)C(=O)[O-],-0.9353302027966606,train,../data/images/BACE/66.png
67.0,COC(=O)NC1CCC([NH2+]CC(O)C(Cc2cc(F)cc(F)c2)NC(C)=O)(c2cccc(C(C)(C)C)c2)CC1,0.07287604864781626,train,../data/images/BACE/67.png
68.0,COCC(=O)NC(Cc1cccc(-c2nc(C)cs2)c1)C(O)C[NH2+]C1CC2(CCC2)Oc2ncc(CC(C)(C)C)cc21,1.2832852903496264,train,../data/images/BACE/68.png
69.0,COc1ccc(C(Cc2ccccc2)c2csc(N)n2)cc1,-1.5105671617793914,train,../data/images/BACE/69.png
70.0,COc1ccc2c(c1)C1(COC(N)=N1)c1cc(-c3ccccc3Cl)ccc1O2,-0.9019633673107079,train,../data/images/BACE/70.png
71.0,CCCN(CCC)C(=O)c1cc(Oc2ccccc2)cc(C(=O)NC(Cc2cc(F)cc(F)c2)C(O)C[NH2+]Cc2cccc(OC)c2)c1,1.101370037124956,train,../data/images/BACE/71.png
72.0,CN1C(=O)[C@]2(CC(C)(C)Oc3ccc(-c4cccc(C#N)c4)cc32)N=C1N,0.3762230833177462,train,../data/images/BACE/72.png
73.0,CC(=O)NC(Cc1cc(F)cc(F)c1)C(O)C[NH2+]C1(c2cccc(CC(C)(C)C)c2)CCCCC1,-0.6290813218661302,train,../data/images/BACE/73.png
74.0,CC1(C)Cc2cc(Cl)ccc2C(NC(Cc2ccccc2)c2ncc3ccoc3n2)=N1,-1.7805558559167278,train,../data/images/BACE/74.png
75.0,CN1C(=O)C(c2ccsc2)(c2ccc(F)c(-c3cccnc3)c2)N=C1N,0.3902957187283724,train,../data/images/BACE/75.png
76.0,CCn1cc(C2(c3cccc(NC(=O)c4ccccn4)c3)N=C(N)c3c(F)cccc32)cc(C)c1=O,1.5513050927531646,train,../data/images/BACE/76.png
77.0,CCc1cn2c3c(cc(C(=O)NC(Cc4ccccc4)C(O)C[NH2+]C4CCOCC4)cc13)N(C(C)C)S(=O)(=O)CC2,0.8318209195653833,train,../data/images/BACE/77.png
78.0,CC(=O)NC(Cc1ccccc1F)C(O)C[NH2+]C1CC2(CCC2)Oc2ncc(CC(C)(C)C)cc21,1.4320009990558102,train,../data/images/BACE/78.png
79.0,Cc1cc2cc(n1)OCCCCOc1cccc(c1)CC(C(O)C[NH2+]C1(c3cccc(C(C)C)c3)CC1)NC2=O,0.9296462688657082,train,../data/images/BACE/79.png
80.0,CC1(c2cc(NC(=O)c3ncc(Cl)cn3)ccc2F)N=C(N)OCC1(F)F,0.4858029144844259,train,../data/images/BACE/80.png
81.0,CN1C(=O)[C@@](c2ccsc2)(c2cccc(-c3cccnc3)c2)N=C1N,0.5215142080632088,train,../data/images/BACE/81.png
82.0,CC(=O)NC(Cc1cc(F)cc(F)c1)C(O)C[NH2+]C1(c2ncc(C(C)(C)C)o2)CC1,-0.9032869406577569,train,../data/images/BACE/82.png
83.0,CCCCc1cc(CC2CS(=O)(=O)CC([NH2+]Cc3cccc(C(C)C)c3)C2O)ccc1O,0.22498057309005143,train,../data/images/BACE/83.png
84.0,CCn1cc2c3c(cc(C(=O)NC(Cc4ccccc4)[C@H](O)C[NH2+]CC(F)(F)C(F)(F)F)cc31)N(C)S(=O)(=O)CC2,0.7249468800778333,train,../data/images/BACE/84.png
85.0,C[C@]1(c2cccc(-c3cccc(Cl)c3)c2)[NH+]=C(N)CCO1,-0.984618443805855,train,../data/images/BACE/85.png
86.0,CC(C)CC(NC(=O)C([NH3+])CCC(=O)[O-])C(=O)NC(CC(=O)[O-])C(=O)NC(CC(C)C)C(O)CC(C)C(=O)NC(C(=O)NC(CCC(=O)[O-])C(=O)NC(Cc1ccccc1)C(=O)[O-])C(C)C,2.23617553523958,train,../data/images/BACE/86.png
87.0,CCOC(=O)CN1C(C)=C(C(=O)NOCc2ccccc2)[C@H](C)C(C(=O)N[C@@H](Cc2ccccc2)[C@H](O)C[NH2+]C2CC2)=C1C,-1.275973883086724,train,../data/images/BACE/87.png
88.0,N#Cc1ccc(COC(=O)[C@H]2C[C@]3(C[NH2+]2)C(=O)Nc2ccccc23)cc1,-1.1984970022838652,train,../data/images/BACE/88.png
89.0,CCN1CC2(CC[NH+](Cc3cccc(OC(C)C)c3)C(C)C2)N(c2cccc(F)c2)S1(=O)=O,-0.5606964257057748,train,../data/images/BACE/89.png
90.0,CC1(c2cc(NC(=O)c3ccc(OCC(F)(F)F)cn3)ccc2F)N=C(N)OCC1(F)F,0.3312921572446707,train,../data/images/BACE/90.png
91.0,CCC(=O)c1cc(C2(c3cccc(-c4cncnc4)c3)N=C(N)N(C)C2=O)cs1,0.970151920375793,train,../data/images/BACE/91.png
92.0,CC(C)CNC(=O)[C@H](C)C[C@H](O)[C@H](CC(C)C)NC(=O)[C@H](Cc1ccccc1)NC(=O)/C=C/c1ccc(C(F)(F)F)cc1,-1.3509326063556995,train,../data/images/BACE/92.png
93.0,CC(=O)NC(Cc1cc(F)cc(F)c1)C(O)C[NH2+]C1(c2cccc(C3(C)CCCO3)c2)CC1,-0.212686130510714,train,../data/images/BACE/93.png
94.0,CC(C)(C)c1cccc(C[NH2+]C2CS(=O)(=O)CC(Cc3cc(F)c(N)c(OC4COC4)c3)C2O)c1,0.8048364021517987,train,../data/images/BACE/94.png
95.0,COc1ccc(C2(c3cccc(-c4cccnc4)c3)N=C(N)N(C)C2=O)cc1OC,0.3902957187283724,train,../data/images/BACE/95.png
96.0,CC(C)Oc1cccc(C[NH+]2CCC3(CNS(=O)(=O)N3c3cccc(F)c3)CC2C)c1,-0.47388016337311456,train,../data/images/BACE/96.png
97.0,Cc1cc([C@]2(c3ccc(F)c(C#CC4CC4)c3)N=C(N)N(C)C2=O)ccc1OC(F)F,0.8770509574172601,train,../data/images/BACE/97.png
98.0,CC(=O)NC(Cc1cc(F)cc(F)c1)C(O)C[NH2+]C1(c2cccc(C(C)(C)C)c2)CCc2nc(N)ncc2C1,0.9924794894545159,train,../data/images/BACE/98.png
99.0,CC(C)c1cccc(C[NH2+]C2CS(=O)(=O)CC(Cc3ccc(O)c(CO)c3)C2O)c1,-0.4479762189302287,train,../data/images/BACE/99.png
100.0,CCOCC(=O)NC(Cc1cccc(-c2nccs2)c1)C(O)C[NH2+]C1CC2(CCC2)Oc2ncc(CC(C)(C)C)cc21,1.2832852903496264,train,../data/images/BACE/100.png
101.0,CCNc1cc(C(=O)N[C@@H](Cc2ccccc2)[C@H](O)C[NH2+]Cc2cccc(OC)c2)cc2c1CCCS(=O)(=O)N2C,0.8936506924179362,train,../data/images/BACE/101.png
102.0,COCC1CCN(C(CCc2ccccc2)C(=O)NC(Cc2cc(F)cc(F)c2)C(O)C[NH2+]Cc2cccc(OC)c2)C1=O,0.7249468800778333,train,../data/images/BACE/102.png
103.0,CCCCNC(=O)NCc1ccc(CN2C(=N)NC(CCC3CCCCC3)(CC(C)C)C2=O)cc1,-0.7445098539033861,train,../data/images/BACE/103.png
104.0,CN1C(=O)C(c2ccsc2)(c2cccc(-c3cnccn3)c2)N=C1N,0.3902957187283724,train,../data/images/BACE/104.png
105.0,CCc1cn2c3c(cc(C(=O)NC(Cc4ccccc4)[C@H](O)C[NH2+]Cc4cccc(OC)c4)cc13)NS(=O)(=O)CC2,0.9924794894545159,train,../data/images/BACE/105.png
106.0,CC(C)CC(CC(=O)NC(C)C)n1c(N)nc2cc(Cl)ccc21,-2.170629061703431,train,../data/images/BACE/106.png
107.0,COc1cccc(-c2cccc(C3(c4ccccc4)NC(=[NH2+])N(C)C3=O)c2)c1,0.14847934513219463,train,../data/images/BACE/107.png
108.0,CC1=C(C(=O)NOCc2ccccc2)[C@H](C(C)C)C(C(=O)N[C@@H](Cc2ccccc2)[C@H](O)C[NH2+]C2CC2)=C(C)N1S(C)(=O)=O,-1.1649887332761977,train,../data/images/BACE/108.png
109.0,CC1=NC(Cc2ccccc2)(c2cccc(-c3cncnc3)c2)N=C1N,-0.6981988704951371,train,../data/images/BACE/109.png
110.0,CCC[C@@H]1C(C(C)=O)=C(C)N(CC(=O)OC(C)C)C(C)=C1C(=O)N[C@@H](Cc1ccccc1)[C@H](O)CNc1cccc(OC)c1,-1.4507535245240553,train,../data/images/BACE/110.png
111.0,CN1CCC(C)(c2cc(NC(=O)c3ccc(Cl)cn3)ccc2F)N=C1N,1.0423664756412545,train,../data/images/BACE/111.png
112.0,COc1ccc2c(c1)C1(COC(N)=N1)c1cc(-c3cccc(C)c3)ccc1O2,-0.5549344627800226,train,../data/images/BACE/112.png
113.0,CCCN(CCC)C(=O)c1cc(C)cc(C(=O)N[C@@H](Cc2cc(F)cc(F)c2)[C@H](O)[C@H]2CN(C(=O)c3ccccc3)CC[NH2+]2)c1,-0.43420306788407725,train,../data/images/BACE/113.png
114.0,N#Cc1cncc(-c2cccc(C3(c4ccnc(C(F)(F)F)c4)N=C(N)c4c(F)cccc43)c2)c1,0.05580484373571271,train,../data/images/BACE/114.png
115.0,CC(=O)Nc1ccc(C[NH+]2CCC3(CC2C)CN(C)S(=O)(=O)N3c2cccc(F)c2)cc1,-0.9897148942013464,train,../data/images/BACE/115.png
116.0,CC(C)(C)c1ccnc(C[NH2+]C2CS(=O)(=O)CC(Cc3cc(F)c(N)c(OC(C(F)(F)F)C(F)(F)F)c3)C2O)c1,0.48100818396745065,train,../data/images/BACE/116.png
117.0,Nc1nc2cc(Cl)ccc2n1CCCC(=O)NCc1ccccn1,-2.3483333516445897,train,../data/images/BACE/117.png
118.0,O=C(C1C[NH2+]CC1c1ccccc1Br)N1CCC(c2ccccc2)CC1c1ccccc1,-0.22365713922253277,train,../data/images/BACE/118.png
119.0,CN(C)c1cccc(C[NH2+]CC(O)C(Cc2ccccc2)NC(=O)C2(Cc3ccccc3)CN(Cc3ccccc3)C(=O)N2)c1,-0.9098896058975164,train,../data/images/BACE/119.png
120.0,CC(C)CNC(=O)[C@H](C)C[C@H](O)[C@H](CC(C)C)NC(=O)[C@H](Cc1ccc([N+](=O)[O-])cc1)NC(=O)c1ccc([N+](=O)[O-])cc1,-0.7031400271818543,train,../data/images/BACE/120.png
121.0,CC(C)Oc1cccc(C[N@H+]2CC[C@@]3(C[C@@H]2C)CN(C)S(=O)(=O)N3c2cccc(F)c2)c1,-0.6722952986379253,train,../data/images/BACE/121.png
122.0,C#Cc1ccc(CC(NC(=O)COC)C(O)C[NH2+]C2CC3(CCC3)Oc3ncc(CC(C)(C)C)cc32)cc1,0.6005420885083078,train,../data/images/BACE/122.png
123.0,COCC1CCCN1C(=O)c1cc(C)cc(C(=O)NC(Cc2cc(F)cc(F)c2)C(O)C2CC(Oc3ccccc3)C[NH2+]2)c1,1.9619695438622795,train,../data/images/BACE/123.png
124.0,COc1ccc2c(c1)C1(COC(N)=N1)c1cc(-c3cncnc3)ccc1O2,0.3343027985219742,train,../data/images/BACE/124.png
125.0,CC1(C)Cc2ccccc2C(NC(Cc2ccccc2)c2nnn[nH]2)=N1,-2.479348856304426,train,../data/images/BACE/125.png
126.0,CC(=O)NC(Cc1cc(F)cc(F)c1)C(O)C[NH2+]C1(c2cccc(C(C)C)c2)CCCCC1,0.6005420885083078,train,../data/images/BACE/126.png
127.0,COc1ccc([C@]2(C)CCSC(N)=N2)cc1,-1.5923478542156335,train,../data/images/BACE/127.png
128.0,CN1C(=O)C2CN(c3ccccc3)CC2(c2ccc(-c3ccc(F)c(C#N)c3)s2)N=C1N,0.3902957187283724,train,../data/images/BACE/128.png
129.0,O=C(C1C[NH2+]CC12CCCc1cc(Br)ccc12)N1CCC(c2ccccc2)CC1c1ccccc1,0.4716272218764703,train,../data/images/BACE/129.png
130.0,CC(=O)NC(Cc1ccc(C(F)(F)F)c(F)c1)C(O)C[NH2+]C1CC2(CCC2)Oc2ncc(CC(C)(C)C)cc21,0.6218875962684428,train,../data/images/BACE/130.png
131.0,Nc1nc2cc(Cl)ccc2n1CCCC(=O)NCCC1CC[NH2+]C1,-2.361726614337895,train,../data/images/BACE/131.png
132.0,COc1ccc(C2(c3cccc(-c4cccnc4)c3)N=C(C)C(N)=N2)cc1,-0.03018323516157416,train,../data/images/BACE/132.png
133.0,COc1ncccc1-c1cccc(C2(c3ccc(OC(F)(F)F)cc3)N=C(N)N(C)C2=O)c1,-0.1773465283999572,train,../data/images/BACE/133.png
134.0,CC#Cc1cscc1CC(NC1=NC(C)(C)Cc2cc(Cl)ccc21)C(=O)[O-],-0.1710622748768923,train,../data/images/BACE/134.png
135.0,CC1(c2cc(NC(=O)c3ccc(Cl)cn3)ccc2F)CCOCC(N)=N1,0.8318209195653833,train,../data/images/BACE/135.png
136.0,COc1ccc2c(c1)C1(COC(N)=N1)c1cc(-c3ccc(Cl)cc3F)ccc1O2,-0.5328837248568162,train,../data/images/BACE/136.png
137.0,COCC(=O)NC(Cc1cccc(-c2nccs2)c1)C(O)C[NH2+]C1CC2(CCC2)Oc2ncc(CC(C)(C)C)cc21,1.3899127526383603,train,../data/images/BACE/137.png
138.0,CC(=O)NC(Cc1cccc(F)c1)C(O)C[NH2+]C1CC2(CCC2)Oc2ncc(CC(C)(C)C)cc21,1.8465413844106977,train,../data/images/BACE/138.png
139.0,COc1cccc(C[NH2+]C[C@@H](O)[C@H](Cc2ccccc2)NC(=O)C2=CN(CC(=O)OC(C)C)C(C)=C(C(C)=O)[C@H]2C)c1,-1.4446124184168043,train,../data/images/BACE/139.png
140.0,CCCCOc1ccc(C2(C34CC5CC(CC(C5)C3)C4)N=C(N)N(C)C2=O)cc1,-0.34390424725987706,train,../data/images/BACE/140.png
141.0,CC(C)(C)c1cccc(C[NH2+]C2CS(=O)(=O)CC(Cc3ccc4[nH]ccc4c3)C2O)c1,-0.71635064837794,train,../data/images/BACE/141.png
142.0,CC(=O)N[C@@H](Cc1ccccc1)[C@H](O)C[NH2+][C@H]1CC(C)(C)Cc2nn(CC(C)(C)C)cc21,0.6218875962684428,train,../data/images/BACE/142.png
143.0,CC(C)(C)c1cccc(C[NH2+]C2CS(=O)(=O)CC(Cc3cc(F)c(N)c(OCCC(F)(F)F)c3)C2O)c1,0.44929965279774803,train,../data/images/BACE/143.png
144.0,COc1cccc(-c2cccc(C3(C)N=C(C)C(N)=N3)c2)c1,-0.7943964675044511,train,../data/images/BACE/144.png
145.0,C[C@@H](NC(=O)c1cc(OCC(=O)NCCCCC[NH3+])cc(OS(=O)(=O)Cc2ccccc2)c1)c1ccc(F)cc1,-0.49786320511696713,train,../data/images/BACE/145.png
146.0,CCc1cn2c3c(cc(C(=O)NC(Cc4ccccc4)[C@H](O)C[NH2+]C4CC4)cc13)OS(=O)(=O)CC2,0.059665054866057145,train,../data/images/BACE/146.png
147.0,COc1ccc(C2(c3cccc(-c4cccnc4)c3)COC(N)=N2)cc1,-1.0393126048710681,train,../data/images/BACE/147.png
148.0,CCOc1cccc(C[NH+]2CCC3(CNS(=O)(=O)N3c3cccc(F)c3)CC2C)c1,-1.1175442697315925,train,../data/images/BACE/148.png
149.0,O=C(O[C@H]1CCSc2ccc(Br)cc21)[C@H]1C[C@]2(C[NH2+]1)C(=O)Nc1ccccc12,-1.3980153637283321,train,../data/images/BACE/149.png
150.0,CN1C(=O)C2(CC(C)(C)Sc3ccc(-c4cncc(Cl)c4)cc32)N=C1N,0.8462066014590045,train,../data/images/BACE/150.png
151.0,CCC(CC(=O)NCCC(C)(C)C)n1c(N)nc2cc(Cl)ccc21,-1.862715617017334,train,../data/images/BACE/151.png
152.0,CC(C)(C)c1cccc(C[NH2+]C2CS(=O)(=O)CC(Cc3cc(F)c(N)c(OCCF)c3)C2O)c1,0.6293273869997439,train,../data/images/BACE/152.png
153.0,COc1cccc(C[NH2+]C[C@H](O)[C@H](Cc2cc(F)cc(F)c2)NC(=O)c2cc(/C(C)=N/OCC(C)C)cc(N(c3ccccc3)S(C)(=O)=O)c2)c1,0.07019052562933327,train,../data/images/BACE/153.png
154.0,CCn1cnc2c(N3CCCC3=O)cc(C(=O)NC(Cc3ccccc3)C(O)C[NH2+]Cc3cccc(C(F)(F)F)c3)cc21,0.8936506924179362,train,../data/images/BACE/154.png
155.0,COc1ccc([C@]2(c3cccc(-c4cccnc4F)c3)N=C(N)N(C)C2=O)cc1,0.7458328406680971,train,../data/images/BACE/155.png
156.0,CC(=O)NC(Cc1cc(F)cc(F)c1)C(O)C[NH2+]C1(c2cccc(C(C)(C)C)c2)CCNC(=O)C1,0.9111483588920913,train,../data/images/BACE/156.png
157.0,CC(=O)NC(Cc1cc(F)cc(F)c1)C(O)C[NH2+]C1(c2csc(CC(C)(C)C)n2)CC1,-0.7498589173856077,train,../data/images/BACE/157.png
158.0,COc1cccc(C[NH2+]CC(O)C(Cc2cc(F)cc(F)c2)NC(=O)c2cn(C(=O)N(C)CCC(C)C)c3ncccc23)c1,0.7681607823324934,train,../data/images/BACE/158.png
159.0,NC1=NC(c2ccccc2)(C2CCCCC2)C(=O)N1Cc1cc(F)cc(F)c1,-0.4138791900410708,train,../data/images/BACE/159.png
160.0,COc1ccc(C2(c3ccc(F)c(-c4cncnc4)c3)N=C(N)N(C)C2=O)cc1C,0.8770509574172601,train,../data/images/BACE/160.png
161.0,COc1ccc(C2(c3csc(N)n3)CCCC2)cc1,-1.430677639705426,train,../data/images/BACE/161.png
162.0,CC(C)Cn1cc(C2(c3cccc(-c4cncnc4)c3)N=C(N)N(C)C2=O)cn1,0.7458328406680971,train,../data/images/BACE/162.png
163.0,CCC[C@H]1C(C(=O)N[C@@H](Cc2ccccc2)[C@H](O)CNc2cccc(OC)c2)=CN(CC(=O)OC(C)C)C=C1C(=O)N[C@H](C)c1ccccc1,-1.5023737792645804,train,../data/images/BACE/163.png
164.0,CCCC(=O)Nc1cccc([C@@]2(C3CCCCC3)N=C(N)N(C)C2=O)c1,-0.72791011890271,train,../data/images/BACE/164.png
165.0,CCCCC1CCN(C(C)C(=O)NC(Cc2cc(F)cc(F)c2)C(O)C2Cc3ccccc3C[NH2+]2)C1=O,-0.5410771818887622,train,../data/images/BACE/165.png
166.0,Cc1cc([C@]2(c3ccccc3)N=C(N)N(C)C2=O)ccc1OC(F)F,0.42841324510467593,train,../data/images/BACE/166.png
167.0,C[C@@]1(c2cc(NC(=O)c3ccc(Cl)cn3)ccc2F)C[C@@H]2C[C@@H]2C(N)=[NH+]1,0.36940968362097426,train,../data/images/BACE/167.png
168.0,CC([NH3+])Cc1ccc(O)cc1,-2.5522721440382905,train,../data/images/BACE/168.png
169.0,CC(=O)NC(Cc1ccccc1)C(O)C[NH2+]C1CC2(CCC2)Oc2ncccc21,-0.9274586597867419,train,../data/images/BACE/169.png
170.0,CCCOc1cc(C2(c3cccc(-c4cccnc4)c3)N=C(N)N(C)C2=O)ccc1OC,0.5805177695469104,train,../data/images/BACE/170.png
171.0,Cn1c(N)nc(C2CC2c2ccc(-c3cccc(CCO)c3)cc2)cc1=O,-1.4241392827529369,train,../data/images/BACE/171.png
172.0,CCNc1cc(C(=O)NC(Cc2ccccc2)C(O)C[NH2+]C2CC2)cc(N2CCCCS2(=O)=O)c1,0.29719512835551287,train,../data/images/BACE/172.png
173.0,CC(=O)NC(Cc1cc(F)cc(F)c1)C(O)C[NH2+]C1(c2cccc(C3COCCO3)c2)CC1,-0.8376103697591113,train,../data/images/BACE/173.png
174.0,CC(C)(C)C#Cc1ccccc1-c1ccc2nc(N)ccc2c1,-0.9741779225761693,train,../data/images/BACE/174.png
175.0,CCCC[C@H]([NH3+])[C@H](Cc1ccsc1)NC(=O)c1cc(NC[C@H]2C[C@@H]2C)nc(N(C)S(C)(=O)=O)c1,1.0705253085810271,train,../data/images/BACE/175.png
176.0,CCn1cc([C@]2(c3cccc(-c4cncnc4)c3)N=C(N)N(C)C2=O)cn1,0.42841324510467593,train,../data/images/BACE/176.png
177.0,CCCN(CCC)C(=O)c1cc(Oc2ccc(F)cc2)cc(C(=O)NC(Cc2cc(F)cc(F)c2)C(O)C[NH2+]Cc2cccc(OC)c2)c1,0.8462066014590045,train,../data/images/BACE/177.png
178.0,COc1cnc(C(=O)Nc2ccc(F)c(C3(C)N=C(N)OCC3(F)F)c2)cn1,0.7799302421429283,train,../data/images/BACE/178.png
179.0,CCC(C)C1(NC(C)=O)CCN(C(CCc2ccccc2)C(=O)NC(Cc2cc(F)cc(F)c2)C(O)C2CC(Oc3ccccc3)C[NH2+]2)C1=O,1.5373151713620876,train,../data/images/BACE/179.png
180.0,CS(=O)(=O)N(c1ccccc1)c1cncc(C(=O)NC(Cc2ccccc2)C(O)C[NH2+]Cc2cccc(C(F)(F)F)c2)c1,0.8612613727053529,train,../data/images/BACE/180.png
181.0,COc1ccc(C2(c3cccc(-c4cccnc4)c3)CC(OC)C(N)=N2)cc1,-0.7653958144936499,train,../data/images/BACE/181.png
182.0,CC(C)Oc1cccc(C[NH+]2CCC3(CC2C)CN(c2ccncc2)S(=O)(=O)N3c2cccc(F)c2)c1,-0.8376103697591113,train,../data/images/BACE/182.png
183.0,Cc1c(C(=O)NC(Cc2ccccc2)C(O)C[NH2+]Cc2cccc(C(F)(F)F)c2)cccc1N(c1ccccc1)S(C)(=O)=O,0.792143824076346,train,../data/images/BACE/183.png
184.0,COc1cccc(N(c2cccc(C(=O)NC(Cc3ccccc3)C(O)C[NH2+]C(C)C(=O)NC3CCCCC3)c2)S(C)(=O)=O)c1,0.9111483588920913,train,../data/images/BACE/184.png
185.0,CC(C)C[C@H](NC(=O)C[C@H](O)[C@H](CC1CCCCC1)NC(=O)[C@H](CCC(N)=O)N(C)C(=O)[C@@H](NC(=O)[C@H](C)O)C(C)C)C(=O)N[C@@H](C)C(=O)N(C)[C@H](CC1CCCCC1)C(=O)[O-],0.45804669762359174,train,../data/images/BACE/185.png
186.0,CN1C(=O)C(c2ccc(F)c(-c3cncnc3)c2)(c2cnn(CC(F)(F)F)c2)N=C1N,0.29719512835551287,train,../data/images/BACE/186.png
187.0,CC(=O)NC(Cc1cc(F)cc(F)c1)C(O)C[NH2+]C1(c2cccc(-n3cccn3)c2)CCCOC1,0.03475889485718673,train,../data/images/BACE/187.png
188.0,CCC(CC(=O)NCc1cccc(F)c1)n1c(N)nc2cc(Cl)ccc21,-2.275358199984954,train,../data/images/BACE/188.png
189.0,CCC(=O)NC(C)(C)C1CCCC(C(=O)NC(Cc2ccccc2)C(O)C[NH2+]Cc2cccc(C(C)C)c2)C1,-0.212686130510714,train,../data/images/BACE/189.png
190.0,NC1=NC2(c3cc(NC(=O)c4ccc(Cl)cn4)ccc3F)CC2COC1,0.7799302421429283,train,../data/images/BACE/190.png
191.0,Cn1cc(-c2cscc2CC(NC2=NC(C)(C)Cc3cc(Cl)ccc32)C(=O)[O-])cn1,-0.41686181287571655,train,../data/images/BACE/191.png
192.0,CCC[C@@H]1C(C(C)=O)=C(C)N(CC(=O)OC(C)C)C(C)=C1C(=O)N[C@@H](Cc1ccccc1)[C@H](O)C[NH2+]C1CC1,-1.5215047868148515,train,../data/images/BACE/192.png
193.0,CCCO[C@H]1C[NH2+][C@@H]([C@@H](O)[C@H](Cc2cc(F)cc(F)c2)NC(=O)[C@H](CCc2ccccc2)N2CC[C@@](CC(C)C)(NC(C)=O)C2=O)C1,1.7376512093259315,train,../data/images/BACE/193.png
194.0,COc1cccc(C[NH2+]C[C@H](O)[C@H](Cc2cc(F)cc(F)c2)NC(=O)c2cc(C(C)=O)cc(N(c3ccccc3)S(C)(=O)=O)c2)c1,0.9296462688657082,train,../data/images/BACE/194.png
195.0,COc1ccc(CC(NC(C)=O)C(O)C[NH2+]C2CC3(CCC3)Oc3ncc(CC(C)(C)C)cc32)cc1OC,0.9075723561136019,train,../data/images/BACE/195.png
196.0,CCCCOC(=O)n1cc(C(=O)NC(Cc2cc(F)cc(F)c2)C(O)C[NH2+]Cc2cccc(OC)c2)c2ccccc21,-0.4198173859904561,train,../data/images/BACE/196.png
197.0,CCC(CC)Cn1cc(C2(c3cccc(-c4cccnc4F)c3)N=C(N)N(C)C2=O)cn1,0.8770509574172601,train,../data/images/BACE/197.png
198.0,CN1C(=O)C(c2ccncc2)(c2cccc(-c3cccnc3F)c2)N=C1N,0.7458328406680971,train,../data/images/BACE/198.png
199.0,CCNc1cc(C(=O)N[C@@H](Cc2ccccc2)[C@H](O)C[NH2+]Cc2cccc(C(F)(F)F)c2)cc(N2CCCC2=O)c1,0.6527323248123719,train,../data/images/BACE/199.png
200.0,[NH2+]=C(NCc1cc(Cl)cc(Cl)c1)NC(=O)Cn1ccc2ccccc21,-1.0909300279604741,train,../data/images/BACE/200.png
201.0,C[C@@H](NC(=O)c1cc(C(=O)OC[C@@]([NH3+])(CO)Cc2ccccc2)cc(N(C)S(C)(=O)=O)c1)c1ccc(F)cc1,0.13187961013151855,train,../data/images/BACE/201.png
202.0,CC(NC(=O)c1cc(COC(=O)C([NH3+])(CO)Cc2ccccc2)cc(N(C)S(C)(=O)=O)c1)c1ccc(F)cc1,-0.009949895637263353,train,../data/images/BACE/202.png
203.0,CC(NC(=O)c1cc(C(=O)NCC([NH3+])(CO)Cc2ccccc2)cc(N(C)S(C)(=O)=O)c1)c1ccc(F)cc1,-1.1590505373268123,train,../data/images/BACE/203.png
204.0,Cc1ccc(C(=O)Nc2ccc(F)c(C3(C)N=C(N)OCC3(F)F)c2)nc1,0.4012671000258645,train,../data/images/BACE/204.png
205.0,CC1(C)Cc2cc(Cl)ccc2C(NC(Cc2cscc2Br)C(=O)[O-])=N1,-0.009949895637263353,train,../data/images/BACE/205.png
206.0,CC(C)(C)Cc1cnc2c(c1)C([NH2+]CC(O)C(Cc1ccc3c(c1)OCO3)NC(=O)c1ccccc1F)CC1(CCC1)O2,0.44246814543723595,train,../data/images/BACE/206.png
207.0,CC(=O)N[C@@H](Cc1cc(F)cc(F)c1)[C@H](O)C[NH2+][C@]1(c2cccc(C(C)(C)C(F)F)c2)C[C@H]1C,-0.5606964257057748,train,../data/images/BACE/207.png
208.0,COc1ccc([C@@]2(c3cccc(-c4cccnc4F)c3)COC(N)=N2)cc1,-0.72791011890271,train,../data/images/BACE/208.png
209.0,C[C@@H](NC(=O)c1cc(COC(=O)[C@](C)([NH3+])Cc2ccccc2)cc(N(C)S(C)(=O)=O)c1)c1ccc(F)cc1,0.7799302421429283,train,../data/images/BACE/209.png
210.0,CCC(=O)N(C)C(C)(C)C1CCCC(C(=O)NC(Cc2ccccc2)C(O)C[NH2+]Cc2cccc(C(C)C)c2)C1,0.22498057309005143,train,../data/images/BACE/210.png
211.0,CC1=NC(c2ccccc2)(c2cccc(-c3cccnc3)c2)N=C1N,-0.4738797907874412,train,../data/images/BACE/211.png
212.0,COCC(=O)NC(Cc1cccc(-c2ccncc2)c1)C(O)C[NH2+]C1CC2(CCC2)Oc2ncc(CC(C)(C)C)cc21,0.7149881121241674,train,../data/images/BACE/212.png
213.0,CC(=O)NC(Cc1cc(F)cc(F)c1)C(O)C[NH2+]C1(c2cccc(S(C)(=O)=O)c2)CCCCC1,-0.28266107329190776,train,../data/images/BACE/213.png
214.0,CC([NH2+]CC(O)C(Cc1ccccc1)NC(=O)c1cccc(N2CCCC2=O)c1)C(=O)NC1CCCCC1,-0.9286824546903896,train,../data/images/BACE/214.png
215.0,CC(C)c1cccc(C[NH2+]C[C@@H](O)[C@H](Cc2ccccc2)NC(=O)[C@@H]2CCC[C@H](C(C)(C)N3CCCCC3=O)C2)c1,1.5500081220232136,train,../data/images/BACE/215.png
216.0,CC(C)C(=O)NC(Cc1ccc2c(c1)OCO2)C(O)C[NH2+]C1CC2(CCC2)Oc2ncc(CC(C)(C)C)cc21,0.2381915668718112,train,../data/images/BACE/216.png
217.0,CC(C)(C)c1cccc(C[NH2+]C2CS(=O)(=O)CC(Cc3cc(F)c(N)c(C4CC4)c3)C2O)c1,0.3762230833177462,train,../data/images/BACE/217.png
218.0,CN1C(=O)[C@@](c2ccc(OC(F)F)cc2)(c2ccc(F)c(OCCC=C(F)F)c2)N=C1N,0.7458328406680971,train,../data/images/BACE/218.png
219.0,CCc1cn2c3c(cc(C(=O)NC(Cc4ccccc4)C(O)CNc4ccc(OC)cc4)cc13)NS(=O)(=O)CCC2,0.7681607823324934,train,../data/images/BACE/219.png
220.0,CCC(C)C1(NC(C)=O)CCN(C(CCc2ccccc2)C(=O)NC(Cc2cc(F)cc(F)c2)C(O)C2CC(OCc3ccc(F)cc3)C[NH2+]2)C1=O,1.101370037124956,train,../data/images/BACE/220.png
221.0,CC(C)(C)Cc1cnc2c(c1)C([NH2+]CC(O)C(Cc1cccc(-c3nccs3)c1)NC(=O)C1CCCO1)CC1(CCC1)O2,1.2508959706370437,train,../data/images/BACE/221.png
222.0,Nc1cccc(Cn2c(-c3ccc(Oc4nccs4)cc3)ccc2-c2ccccc2Cl)n1,0.011632874679847659,train,../data/images/BACE/222.png
223.0,CCCc1cccc(-c2ccc(C3CC3c3cc(=O)n(C)c(N)n3)cc2)c1,-1.1649887332761977,train,../data/images/BACE/223.png
224.0,CCC(C)C1(NC(C)=O)CCN(C(CCc2ccccc2)C(=O)NC(Cc2cc(F)cc(F)c2)C(O)C2CC(OCc3cccc(C(F)(F)F)c3)C[NH2+]2)C1=O,1.5251012168429965,train,../data/images/BACE/224.png
225.0,CC(C)(C)Cc1cnc2c(c1)C([NH2+]CC(O)C(Cc1ccc3c(c1)OCO3)NC(=O)c1cccnc1F)CC1(CCC1)O2,0.7130327825088897,train,../data/images/BACE/225.png
226.0,COCCOC1NC(=O)c2cc(cc(N(C)S(C)(=O)=O)c2)C(=O)NC(C(O)CC(C(=O)NCC(C)C)C(C)C)COCc2cccc1c2,-1.1341440047322686,train,../data/images/BACE/226.png
227.0,CCc1cn2c3c(cc(C(=O)NC(Cc4ccccc4)C(O)C[NH2+]C(C)(C)CCCC(C)C)cc13)N(C)S(=O)(=O)C2,0.8318209195653833,train,../data/images/BACE/227.png
228.0,CCNc1cc(C(=O)NC(Cc2ccccc2)C(O)C[NH2+]Cc2cccc(C(F)(F)F)c2)cc(N2CCCC2=O)c1C,0.5057242507656282,train,../data/images/BACE/228.png
229.0,Nc1ccc2cc(-c3ccsc3)ccc2n1,-1.5729246649800914,train,../data/images/BACE/229.png
230.0,CN1C(=O)[C@@](c2ccc(OC(F)F)cc2)(c2cccc(OCCC=C(F)F)c2)N=C1N,0.7458328406680971,train,../data/images/BACE/230.png
231.0,CC(C)Oc1cc(CC2CS(=O)(=O)CC([NH2+]Cc3cccc(C(C)(C)C)c3)C2O)cc(F)c1N,0.6293273869997439,train,../data/images/BACE/231.png
232.0,CC1(C)Cc2cc(Cl)ccc2C(N[C@@H](Cc2cscc2-c2cn[nH]c2)C(=O)[O-])=[NH+]1,-0.13055654884967327,train,../data/images/BACE/232.png
233.0,CN1C(=[NH2+])NC(c2cccc(-c3cncc(Cl)c3)c2)(C2CC2)C1=O,0.5269531392099129,train,../data/images/BACE/233.png
234.0,CN1C(=O)[C@@](c2ccc(OC(F)F)cc2)(c2cccc(/C=C/CC(F)F)c2)N=C1N,0.7458328406680971,train,../data/images/BACE/234.png
235.0,COc1cccc(C[NH2+]C[C@H](O)[C@H](Cc2cc(F)cc(F)c2)NC(=O)c2cc(/C(C)=N\OCc3ccccc3)cc(N(C)S(C)(=O)=O)c2)c1,1.135467066014114,train,../data/images/BACE/235.png
236.0,CC(=O)NC(Cc1cc(F)cc(F)c1)C(O)C[NH2+]C1(c2cccc(C(C)(C)C)c2)CCC(NC=O)CC1,0.11609002541961135,train,../data/images/BACE/236.png
237.0,CCCCCS(=O)(=O)c1cccc(C(=O)N[C@@H](Cc2ccccc2)[C@H](O)C[NH2+][C@@H](C)C(=O)NC2CCCCC2)c1,-0.5791943356793917,train,../data/images/BACE/237.png
238.0,C[C@@]1(c2cc(NC(=O)c3ccc(C#N)cn3)ccc2F)CCOC(N)=N1,0.5740867172684309,train,../data/images/BACE/238.png
239.0,COc1ccc(C2(c3cccc(-c4cccnc4)c3)N=C(N)CS2)cc1,-0.3126871565937089,train,../data/images/BACE/239.png
240.0,Cc1cc(C)n(COC(=O)NC(CS(C)(=O)=O)C(=O)NC(CC(C)C)C(O)CC(C)C(=O)NC(C(=O)NCC(C)C)C(C)C)n1,2.23617553523958,train,../data/images/BACE/240.png
241.0,COc1ccc(C(Cc2cc([N+](=O)[O-])ccc2OC)c2c[nH]c(N)n2)cc1,-0.9522287515075982,train,../data/images/BACE/241.png
242.0,CN1C[C@](C)(c2cccc(NC(=O)c3ccc(Cl)cn3)c2)N=C(N)C1=O,-1.4896812011891276,train,../data/images/BACE/242.png
243.0,COCC(Oc1cc(CC2CS(=O)CC([NH2+]Cc3cccc(C(C)C)c3)C2O)cc(F)c1N)C(F)(F)F,0.9111483588920913,train,../data/images/BACE/243.png
244.0,CCCCC1CCN(C(CCc2ccccc2)C(=O)NC(Cc2cc(F)cc(F)c2)C(O)C2CC(O)C[NH2+]2)C1=O,0.8048364021517987,train,../data/images/BACE/244.png
245.0,CN1C(=O)[C@@](c2ccc(OC(F)F)cc2)(c2cccc(-c3cccnc3F)c2)N=C1N,1.101370037124956,train,../data/images/BACE/245.png
246.0,C#CC[NH2+]C[C@@H](O)C(Cc1ccccc1)NC(=O)c1cc2c3c(c1)c(CC)cn3CCS(=O)(=O)N2C,0.45804669762359174,train,../data/images/BACE/246.png
247.0,CCCN(CCC)C(=O)c1cc(C(=O)NC(Cc2cc(F)cc(F)c2)C(O)C[NH2+]Cc2cccc(OC)c2)cc(S(=O)(=O)c2ccccc2)c1,1.0705253085810271,train,../data/images/BACE/247.png
248.0,CCCN(CCC)C(=O)c1cccc(C(=O)NC(Cc2ccccc2)C([NH3+])CC(C)C(=O)Nc2ccc(F)cc2)c1,0.792143824076346,train,../data/images/BACE/248.png
249.0,CC1(C)Cc2ccc(-c3cncnc3)cc2C2(COC(N)=N2)C1,-0.4856137059246108,train,../data/images/BACE/249.png
250.0,CC(C)(C)c1cccc(C[NH2+]C2CS(=O)CC(Cc3cc(F)c(N)c(OCC(F)(F)F)c3)C2O)c1,1.1735842198047441,train,../data/images/BACE/250.png
251.0,CO[C@@H](C)C(=O)NC(Cc1cccc(-c2nccs2)c1)C(O)C[NH2+]C1CC2(CCC2)Oc2ncc(CC(C)(C)C)cc21,1.2076819938652488,train,../data/images/BACE/251.png
252.0,CN1C(=O)C2(CC(C)(C)Oc3ccc(-c4cncc(C(F)(F)F)c4)cc32)N=C1N,0.5057242507656282,train,../data/images/BACE/252.png
253.0,CCNc1cc(C(=O)NC(Cc2ccccc2)C(O)C[NH2+]CCC(F)(F)F)cc2c1CCCS(=O)(=O)N2C,0.792143824076346,train,../data/images/BACE/253.png
254.0,CC(C)(C)c1cccc(C[NH2+]C2CS(=O)CC(Cc3cc(F)c(N)c(OC(CO)C(F)(F)F)c3)C2O)c1,1.2167981965765378,train,../data/images/BACE/254.png
255.0,CC(=O)NC(Cc1cc(F)cc(F)c1)C(O)C[NH2+]C1(c2nc(C(C)(C)C)co2)CCCCC1,-1.9830799405076065,train,../data/images/BACE/255.png
256.0,CN1C(=O)C2(CC(C)(C)Cc3ccc(-c4cccnc4F)cc32)N=C1N,0.7458328406680971,train,../data/images/BACE/256.png
257.0,Cn1c(N)nc(CCc2ccc(-c3ccccc3)cc2)cc1=O,-2.1036342081743022,train,../data/images/BACE/257.png
258.0,Cc1cc(C2(c3cccc(-c4cncnc4)c3)N=C(N)N(C)C2=O)c(Cl)s1,-0.14462925877743374,train,../data/images/BACE/258.png
259.0,CC1(C)Cc2cc(Cl)ccc2C(NC(Cc2ccccc2)c2ncccn2)=N1,-1.98143177052168,train,../data/images/BACE/259.png
260.0,CCCN(CCC)C(=O)c1cc(C)cc(C(=O)N[C@@H](Cc2cc(F)cc(F)c2)[C@H](O)[C@@H]2[NH2+]CCN(Cc3ccccc3)C2=O)c1,1.4910041879538387,train,../data/images/BACE/260.png
261.0,CN1C(=O)[C@](c2ccc(OC(F)(F)F)cc2)(c2ccc(F)c(-c3cncnc3)c2)N=C1N,-0.4955432631614625,train,../data/images/BACE/261.png
262.0,CC1(c2cc(NC(=O)c3ccc(Cl)cn3)ccc2F)CCOC(N)=N1,0.25431834161836503,train,../data/images/BACE/262.png
263.0,O=C(C1C[NH2+]CC1c1ccccc1)N1CCC(c2ccccc2)CC1,-1.3418633494392884,train,../data/images/BACE/263.png
264.0,COc1cccc(C[NH2+]C[C@H](O)[C@H](Cc2cc(F)cc(F)c2)NC(=O)c2cc(/C(C)=N\O)cc(N3CCCCS3(=O)=O)c2)c1,0.6693320598130479,train,../data/images/BACE/264.png
265.0,Nc1ncccc1NCc1cccc(-c2ccc3cc[nH]c3c2)c1,-1.1036229786216003,train,../data/images/BACE/265.png
266.0,Nc1ncccc1NCc1cccc(-c2cccnc2)c1,-1.8793153520180101,train,../data/images/BACE/266.png
267.0,CC(=O)NC1CCC([NH2+]CC(O)C(Cc2cc(F)cc(F)c2)NC(C)=O)(c2cccc(C(C)(C)C)c2)CC1,-0.049225120218709575,train,../data/images/BACE/267.png
268.0,COc1cccc(-c2cccc([C@@]3(c4ccncc4)[NH+]=C(N)N4CC(F)(F)CN=C43)c2)c1F,0.6468154407635192,train,../data/images/BACE/268.png
269.0,CN1C(=O)C2CN(c3ncccc3C#N)CC2(c2cc(-c3cccc(C#N)c3)cs2)N=C1N,1.266685182763277,train,../data/images/BACE/269.png
270.0,CC(=O)NC(Cc1cc(F)cc(F)c1)C(O)C[NH2+]C1(c2cc(I)cc(C(C)(C)C)c2)CCCCC1,0.09665200727425853,train,../data/images/BACE/270.png
271.0,CC(NC(=O)c1cc(OCCC([NH3+])(CO)Cc2ccccc2)cc(N(C)S(C)(=O)=O)c1)c1ccc(F)cc1,-1.7661904426837534,train,../data/images/BACE/271.png
272.0,NC1=[NH+]C(c2ccc(OC(F)(F)F)cc2)(c2cccc(-c3cccnc3F)c2)C2=NCCCCN21,0.42841324510467593,train,../data/images/BACE/272.png
273.0,Cc1ccccc1-c1ccc2nc(N)c(C[C@@H](C)C(=O)N[C@@H]3CCOC(C)(C)C3)cc2c1,1.9619695438622795,train,../data/images/BACE/273.png
274.0,COc1ccc2c(c1)C1(COC(N)=N1)c1cc(-c3cccc(OC)c3F)ccc1O2,-0.3548756285573692,train,../data/images/BACE/274.png
275.0,CCC(C)(C)c1cccc(C2([NH2+]CC(O)C(Cc3cc(F)cc(F)c3)NC(C)=O)CCCCC2)c1,0.271291183912627,train,../data/images/BACE/275.png
276.0,CCCc1n[nH]c2ccc(CC3CS(=O)(=O)CC([NH2+]Cc4cccc(C(C)(C)C)c4)C3O)cc12,0.10103525417326292,train,../data/images/BACE/276.png
277.0,CCC(C)C1(NC(C)=O)CCN(C(CCc2ccccc2)C(=O)NC(Cc2cc(F)cc(F)c2)C(O)C2Cc3ccccc3C[NH2+]2)C1=O,0.5556112369523666,train,../data/images/BACE/277.png
278.0,Nc1cccc(Cn2c(-c3ccc(Oc4cccnc4)cc3)ccc2-c2ccccc2Cl)n1,-0.10043031451879676,train,../data/images/BACE/278.png
279.0,CCCC(O)C1CCN(C(C)C(=O)NC(Cc2cc(F)cc(F)c2)C(O)C2CC(O)C[NH2+]2)C1=O,0.6527323248123719,train,../data/images/BACE/279.png
280.0,CCCCN(C)C(=O)n1cc(C(=O)NC(Cc2cc(F)cc(F)c2)C(O)C[NH2+]Cc2cccc(OC)c2)c2ccc(C#N)cc21,0.29719512835551287,train,../data/images/BACE/280.png
281.0,CN1C(=O)C2(CC(C)(C)C(F)(F)c3ccc(-c4cncnc4)cc32)N=C1N,-0.5186771076379482,train,../data/images/BACE/281.png
282.0,CCC(CC(=O)NCc1ccccc1)n1c(N)nc2cc(Cl)ccc21,-1.773003767863391,train,../data/images/BACE/282.png
283.0,CC(C)[C@H](NC(=O)C[C@H](O)[C@H](COc1cc(F)cc(F)c1)NC(=O)c1cc(C(=O)N[C@H](C)c2ccccc2)cc(N(C)S(C)(=O)=O)c1)C(=O)Nc1cc(C(=O)[O-])cc(C(=O)[O-])c1,0.677962559840177,train,../data/images/BACE/283.png
284.0,COCC1CCN(C(C)C(=O)NC(Cc2cc(F)cc(F)c2)C(O)C[NH2+]Cc2cccc(OC)c2)C1=O,-0.15144258395707136,train,../data/images/BACE/284.png
285.0,Cc1sccc1C1(c2cccc(-c3cncnc3)c2)N=C(N)N(C)C1=O,-0.06720878744556465,train,../data/images/BACE/285.png
286.0,COC/C=C/c1cccc([C@@]2(c3ccc(OC(F)F)cc3)N=C(N)N(C)C2=O)c1,0.8770509574172601,train,../data/images/BACE/286.png
287.0,COc1cccc(-c2cccc(C3(c4ccncc4)N=C(N)N(C)C3=O)c2)c1,0.7458328406680971,train,../data/images/BACE/287.png
288.0,CC(C)Oc1cccc(C[NH+]2CCC3(CC2C)CN(c2ncco2)S(=O)(=O)N3c2cccc(F)c2)c1,-0.5606964257057748,train,../data/images/BACE/288.png
289.0,COCC(Oc1cc(CC2CS(=O)CC([NH2+]C(C)c3cccc(C(C)(C)C)c3)C2O)cc(F)c1N)C(F)(F)F,1.101370037124956,train,../data/images/BACE/289.png
290.0,CC(C)CCn1cc(C2(c3cccc(-c4cncnc4)c3)N=C(N)N(C)C2=O)cn1,0.7458328406680971,train,../data/images/BACE/290.png
291.0,CCCN(CCC)C(=O)c1cc(C)cc(C(=O)N[C@@H](Cc2cc(F)cc(F)c2)[C@H](O)[C@@H]2[NH2+]CN(Cc3ccccc3)C2=O)c1,1.325689116832652,train,../data/images/BACE/291.png
292.0,Nc1nc(Cn2c(-c3ccc(Oc4cncnc4)cc3)ccc2-c2ccccc2Cl)ccc1NCCO,0.4716272218764703,train,../data/images/BACE/292.png
293.0,CN1C(=O)C(c2ccncc2)(c2cccc(-c3cccc(C#N)c3)c2)N=C1N,0.6527323248123719,train,../data/images/BACE/293.png
294.0,COc1ccc(C2(c3cccc(-c4cncnc4)c3)N=C(N)c3nc(C)sc32)cc1,-0.23944709652011337,train,../data/images/BACE/294.png
295.0,COCCOC1CCCc2cc(cc(N(C)S(C)(=O)=O)c2)C(=O)NC(C(O)CC(C(=O)NCC(C)C)C(C)C)COCc2cccc1c2,-1.1341440047322686,train,../data/images/BACE/295.png
296.0,CC1=NC(c2ccc(F)cc2)(c2cccc(-c3cccnc3)c2)N=C1N,-0.1581155933720154,train,../data/images/BACE/296.png
297.0,CC(=O)NC(Cc1ccc(F)c(F)c1)C(O)C[NH2+]C1CC2(CCC2)Oc2ncc(CC(C)(C)C)cc21,1.6222223047030018,train,../data/images/BACE/297.png
298.0,CCn1ccc2c(N3CCCC3=O)cc(C(=O)NC(Cc3ccccc3)C(O)C[NH2+]C(C)(C)c3cccc(OC)c3)cc21,-1.5395678147901928,train,../data/images/BACE/298.png
299.0,COc1ccc(Cc2cccc([C@@]3(c4ccccc4)[NH+]=C(N)N4CCCN=C43)c2)cc1,-1.0233059517456968,train,../data/images/BACE/299.png
300.0,CC[C@@H](CC(=O)NCC1CCCCC1)n1c(N)nc2cc(Cl)ccc21,-1.0187154726950127,train,../data/images/BACE/300.png
301.0,COc1ccc2ccn(CC(=O)NC(=[NH2+])NCc3cc(Cl)c(NC(C)=O)c(Cl)c3)c2c1,0.0952039903122126,train,../data/images/BACE/301.png
302.0,CCc1c[nH]c2ccc(CC3CS(=O)(=O)CC([NH2+]Cc4cccc(C(C)(C)C)c4)C3O)cc12,0.13187961013151855,train,../data/images/BACE/302.png
303.0,CC(CC(O)C(COc1cc(F)cc(F)c1)NC(=O)c1cc(C(=O)NC(C)c2ccccc2)cc(N(C)S(C)(=O)=O)c1)C(=O)NC(C(=O)NCc1ccccc1)C(C)C,1.4803927989342205,train,../data/images/BACE/303.png
304.0,CC(C)CNC(=O)C([NH2+]CC(Cc1ccccc1)NC(=O)c1cc(C(=O)NC(C)c2ccccc2)cc(N(C)S(C)(=O)=O)c1)C(C)O,0.8048364021517987,train,../data/images/BACE/304.png
305.0,COc1ccc2c(c1)[C@]1(COC(N)=N1)c1cc(-c3cc(Cl)ccc3F)ccc1O2,0.022989435046751844,train,../data/images/BACE/305.png
306.0,CC#Cc1cccc(CC(NC(=O)COC)C(O)C[NH2+]C2CC3(CCC3)Oc3ncc(CC(C)(C)C)cc32)c1,0.970151920375793,train,../data/images/BACE/306.png
307.0,CN1C(=O)C(c2cccc(-c3cccnc3)c2)(c2ccc3c(c2)CCO3)N=C1N,0.29719512835551287,train,../data/images/BACE/307.png
308.0,CCNc1cc(C(=O)NC(Cc2ccccc2)C(O)C[NH2+]C2CCOCC2)cc(N2CCCCS2(=O)=O)c1,0.38671971594988286,train,../data/images/BACE/308.png
309.0,CC(C)(C)c1cccc(C[NH2+]C2CS(=O)(=O)CC(Cc3cc(F)c4c(c3)C3(CCC3)CN4)C2O)c1,-0.2013295701438098,train,../data/images/BACE/309.png
310.0,CC(=O)NC(Cc1cc(F)cc(F)c1)C(O)C[NH2+]C1(c2cccc(-c3cscn3)c2)CCCCC1,0.3253539612952855,train,../data/images/BACE/310.png
311.0,NC1=NC(c2ccccc2)(C2CCCCC2)C(=O)N1CC1CCC(C(=O)[O-])CC1,-0.08424563995855862,train,../data/images/BACE/311.png
312.0,CN1C(=O)CC(C)(CCc2cccc(-c3ccccc3)c2)N=C1N,-0.4738797907874412,train,../data/images/BACE/312.png
313.0,CCCN(CCC)C(=O)c1cc(C)cc(C(=O)NC(Cc2cc(F)cc(F)c2)[C@@H](O)C[NH2+]Cc2cccc(OC)c2)c1,0.8770509574172601,train,../data/images/BACE/313.png
314.0,COc1cccc(-c2cccc(C3(C)COCC(N)=N3)c2)c1,-0.7653958144936499,train,../data/images/BACE/314.png
315.0,CCCCNC(=O)C(C)CC(O)C(CC(C)C)NC(=O)C(CCSC)NC(=O)C(NC(C)=O)C(C)C,-0.06720878744556465,train,../data/images/BACE/315.png
316.0,CCOc1cc(C(=O)NC(Cc2ccccc2)C(O)C[NH2+]Cc2cccc(C(F)(F)F)c2)cc(N(c2ccccc2)S(C)(=O)=O)c1,1.4910041879538387,train,../data/images/BACE/316.png
317.0,CC(=O)NC(Cc1cc(F)cc(F)c1)C(O)C[NH2+]C1(c2cccc(C(C)(C)C)c2)CCC(S(C)(=O)=O)CC1,0.11609002541961135,train,../data/images/BACE/317.png
318.0,CC(=O)NC(Cc1cc(F)cc(F)c1)C(O)C[NH2+]C1(c2cccc(C(C)(C)C)c2)CCC(CO)CC1,0.6693320598130479,train,../data/images/BACE/318.png
319.0,Cc1cc2cc(c1)C(=O)N[C@H](c1ccccc1)C/C=C/COCC(C(O)C[NH2+]Cc1cccc(C(C)C)c1)NC2=O,-0.9032869406577569,train,../data/images/BACE/319.png
320.0,CC(=O)NC(Cc1cc(F)cc(F)c1)C(O)C[NH2+]C1(c2cccc(N3CCOCC3=O)c2)CCCCC1,-0.47388016337311456,train,../data/images/BACE/320.png
321.0,COc1ccc(COCC(CC(O)C(COc2cc(F)cc(F)c2)NC(=O)c2cc(N(C)CC3CC3C)nc(N(C)S(C)(=O)=O)c2)OC)cc1,-0.5791943356793917,train,../data/images/BACE/321.png
322.0,CCCN(CCC)C(=O)c1cc(C)cc(C(=O)N[C@@H](Cc2cc(F)cc(F)c2)[C@H](O)[C@H]2C[N@@H+](Cc3ccccc3)CC[NH2+]2)c1,0.29719512835551287,train,../data/images/BACE/322.png
323.0,CCCCN(C)C(=O)n1cc(C(=O)N[C@@H](Cc2cc(F)cc(F)c2)[C@H](O)C[NH2+]Cc2cccc(OC)c2)c2cc(C#N)ccc21,0.9111483588920913,train,../data/images/BACE/323.png
324.0,CSC1CCC([NH2+]CC(O)C(Cc2cc(F)cc(F)c2)NC(C)=O)(c2cccc(C(C)(C)C)c2)CC1,0.8180473959335578,train,../data/images/BACE/324.png
325.0,CC1(c2cccc(NC(=O)c3ccccn3)c2)CSC(N)=N1,-1.0993267677359593,train,../data/images/BACE/325.png
326.0,CN1C(=O)[C@@](c2ccc(OC(F)F)cc2)(c2cccc(C#CC3CC3)c2)N=C1N,0.8770509574172601,train,../data/images/BACE/326.png
327.0,CCC(CC(=O)N(C)CC1CCCCC1)n1c(N)nc2cc(Cl)ccc21,-2.3070671037403305,train,../data/images/BACE/327.png
328.0,CC(NC(=O)c1cc(COCC(C)([NH3+])Cc2ccccc2)cc(N(C)S(C)(=O)=O)c1)c1ccc(F)cc1,-0.043629405020536964,train,../data/images/BACE/328.png
329.0,CC(C)(C)Cc1cnc2c(c1)C([NH2+]CC(O)C(Cc1ccc3c(c1)OCO3)NC(=O)C1CCCO1)CC1(CCC1)O2,0.8706423347963332,train,../data/images/BACE/329.png
330.0,CCN1CCN2CCS(=O)(=O)N(C)c3cc(C(=O)N[C@@H](Cc4ccccc4)[C@H](O)C[NH2+]Cc4cccc(OC)c4)cc1c32,0.792143824076346,train,../data/images/BACE/330.png
331.0,CC(NC(=O)c1cc(C(=O)OCC(O)(C[NH3+])Cc2ccccc2)cc(N(C)S(C)(=O)=O)c1)c1ccc(F)cc1,-1.3922364108958618,train,../data/images/BACE/331.png
332.0,CC1(C)Cc2ccc(-c3cncc(F)c3)cc2C2(COC(N)=N2)C1,-0.9600814416824299,train,../data/images/BACE/332.png
333.0,CC(C)c1cccc(C[NH2+]CC(O)C2Cc3cccc(c3)OCCCCNc3cccc(c3)C(=O)N2)c1,0.009408538208199212,train,../data/images/BACE/333.png
334.0,CCc1cc([C@]2(c3cccc(-c4cncnc4)c3)N=C(N)N(C)C2=O)cc(CC)n1,0.7458328406680971,train,../data/images/BACE/334.png
335.0,COCC(CC(O)C(COc1cc(F)cc(F)c1)NC(=O)c1cc(C(=O)NC(C)c2ccccc2)cc(N(C)S(C)(=O)=O)c1)OC,-1.1341440047322686,train,../data/images/BACE/335.png
336.0,CC(=O)NC(Cc1cc(F)cc(F)c1)C(O)C[NH2+]C1(c2csc(C(C)C)c2)CCCCC1,-0.020224467207908305,train,../data/images/BACE/336.png
337.0,CS(=O)(=O)N(c1ccccc1)c1cc(C(=O)NC(Cc2ccccc2)C(O)C[NH2+]Cc2cccc(C(F)(F)F)c2)cc(N2CCCC2=O)c1,1.266685182763277,train,../data/images/BACE/337.png
338.0,Cc1cccc(-c2ccc([C@@H]3C[C@@H]3c3cc(=O)n(C)c(N)n3)cc2)c1,-1.3077659479644572,train,../data/images/BACE/338.png
339.0,CC(=O)NC(C)(C)C1CCCC(C(=O)NC(Cc2ccccc2)C(O)C[NH2+]Cc2cccc(C(C)C)c2)C1,-0.8534000289881528,train,../data/images/BACE/339.png
340.0,COc1ccc(CC2CS(=O)(=O)CC([NH2+]Cc3cccc(C(C)C)c3)C2O)cc1Br,-0.7221819122389898,train,../data/images/BACE/340.png
341.0,COc1cccc(-c2cccc(C3(C4CCN(C(C)=O)CC4)N=C(C)C(N)=N3)c2)c1,-0.31675810218106565,train,../data/images/BACE/341.png
342.0,COC(Cc1cc(CC2CS(=O)(=O)CC([NH2+]Cc3cccc(C(C)(C)C)c3)C2O)cc(F)c1N)C(F)(F)F,0.4366067021366213,train,../data/images/BACE/342.png
343.0,CC(=O)NC(Cc1cc(F)cc(F)c1)C(O)C[NH2+]C1(c2cc(C)cc(C(C)(C)C)c2)CCCCC1,0.16597701160634978,train,../data/images/BACE/343.png
344.0,CC1(C)Cc2cc(Cl)ccc2C(NC(Cc2ccccc2)c2noc(=O)[nH]2)=N1,-0.29587169448799355,train,../data/images/BACE/344.png
345.0,CC(=O)NC(Cc1cc(F)cc(F)c1)C(O)C[NH2+]C1(c2cc(CC(C)(C)C)cs2)CCCCC1,0.2688114027031294,train,../data/images/BACE/345.png
346.0,COc1cccc(C[NH2+]C[C@H](O)[C@H](Cc2cc(F)cc(F)c2)NC(=O)c2cc(/C(C)=N\OCC(C)C)cc(N(C)S(C)(=O)=O)c2)c1,0.17881348226896315,train,../data/images/BACE/346.png
347.0,CC(C)CNC(=O)[C@H](C)C[C@H](O)[C@H](CC(C)C)NC(=O)[C@H](Cc1ccccc1)NC(=O)[C@H](CC(C)C)NC(=O)OC(C)(C)C,-0.6599260504100599,train,../data/images/BACE/347.png
348.0,COc1ccc2c(c1)C1(COC(N)=N1)c1cc(-c3ccc(OC(F)(F)F)cc3)ccc1O2,-0.9136855832577248,train,../data/images/BACE/348.png
349.0,Cc1ccccc1-c1ccc2nc(N)c(CC(C)C(=O)NCc3cncs3)cc2c1,0.7352214516484782,train,../data/images/BACE/349.png
350.0,CC1=C(C(=O)NOCc2ccccc2)[C@H](C)C(C(=O)N[C@@H](Cc2ccccc2)[C@H](O)C[NH2+]C2CC2)=C(C)N1CC(=O)OC(C)C,-1.1000469758431108,train,../data/images/BACE/350.png
351.0,C#Cc1ccc(C(=O)Nc2ccc(F)c(C3(C)N=C(N)OCC3(F)F)c2)nc1,0.7249468800778333,train,../data/images/BACE/351.png
352.0,CN1C(=O)C(c2ccsc2)(c2cccc(-c3cncnc3)c2)N=C1N,0.4716272218764703,train,../data/images/BACE/352.png
353.0,CC(=O)NC(Cc1ccc(F)c(C#N)c1)C(O)C[NH2+]C1CC2(CCC2)Oc2ncc(CC(C)(C)C)cc21,1.5632191158049733,train,../data/images/BACE/353.png
354.0,COc1ccc([C@@]2(C34CC5CC(CC(C5)C3)C4)N=C(N)N(C)C2=O)cc1C,-1.6208992434211564,train,../data/images/BACE/354.png
355.0,CN1C(=O)[C@@](c2ccc(OC(F)F)cc2)(c2cccc(/C=C/CCF)c2)N=C1N,0.6527323248123719,train,../data/images/BACE/355.png
356.0,CN1C(=O)[C@@](c2ccc(OC(F)F)cc2)(c2cccc(CCCC(F)(F)F)c2)N=C1N,0.5215142080632088,train,../data/images/BACE/356.png
357.0,CC(C)(C)Cc1cnc2c(c1)C([NH2+]CC(O)C1Cc3cccc(c3)CCCCn3cc(ccc3=O)C(=O)N1)CC1(CCC1)O2,1.1112274617753901,train,../data/images/BACE/357.png
358.0,CC(C)SC(NC(=O)C(CC(O)C1COCc2cccc(c2)C(c2ccccc2)NC(=O)c2cc(cc(N(C)S(C)(=O)=O)c2)C(=O)N1)C(C)C)C(=O)NCc1ccccc1,0.07287604864781626,train,../data/images/BACE/358.png
359.0,CC(C)C[C@H](NC(=O)[C@H](CC(N)=O)NC(=O)[C@@H](NC(=O)[C@@H]([NH3+])CCC(=O)[O-])C(C)C)[C@@H](O)[C@@H]1CCC[C@H]1C(=O)N[C@@H](C)C(=O)[O-],0.6609257073271829,train,../data/images/BACE/359.png
360.0,CN1C(=O)C(C2CCCCC2)(C2CCCCC2)N=C1N,-0.4138791900410708,train,../data/images/BACE/360.png
361.0,COc1ccc2c(c1)C1(COC(N)=N1)c1cc(-c3ccncc3Cl)ccc1O2,-0.6306187593898503,train,../data/images/BACE/361.png
362.0,CC[C@H]1C(C(=O)NOCc2ccccc2)=C(C)N(S(C)(=O)=O)C(C)=C1C(=O)N[C@@H](Cc1ccccc1)[C@H](O)C[NH2+]C1CC1,-1.1175442697315925,train,../data/images/BACE/362.png
363.0,COc1cccc(-c2ccc(C3CC3c3cc(=O)n(C)c(N)n3)cc2)n1,-1.675680142431194,train,../data/images/BACE/363.png
364.0,CCc1cc(CC2CS(=O)(=O)CC([NH2+]Cc3cccc(C(C)C)c3)C2O)ccc1O,-0.06720878744556465,train,../data/images/BACE/364.png
365.0,CC(=O)NC(Cc1cc(F)cc(F)c1)C(O)C[NH2+]C1(c2cccc(N(C)C)c2)CCCCC1,-0.10043031451879676,train,../data/images/BACE/365.png
366.0,CCCNC(=O)c1ccc(-c2ccc(-c3ccccc3)n2Cc2cccc(N)n2)cc1,-0.7445098539033861,train,../data/images/BACE/366.png
367.0,CC(=O)NC(Cc1ccc(OC(F)F)c(OC(F)F)c1)C(O)C[NH2+]C1CC2(CCC2)Oc2ncc(CC(C)(C)C)cc21,0.6941021515339035,train,../data/images/BACE/367.png
368.0,CC(=O)N[C@@H](Cc1ccccc1)[C@H](O)C[NH2+][C@H]1CC(C)(C)Oc2sc(CC(C)(C)C)cc21,1.1539652740562698,train,../data/images/BACE/368.png
369.0,CC1(C)CN2C(=N1)[C@@](c1ccc(OC(F)(F)F)cc1)(c1cccc(-c3cccnc3F)c1)[NH+]=C2N,0.14847934513219463,train,../data/images/BACE/369.png
370.0,CN1CC(N)=[NH+][C@](C)(c2cccc(NC(=O)c3ccc(Cl)cn3)c2)C1=O,-0.02424466662651491,train,../data/images/BACE/370.png
371.0,CCOc1ccc(C(=O)Nc2ccc(F)c([C@@]3(C)N=C(N)OCC3(F)F)c2)nc1,0.15886412754510312,train,../data/images/BACE/371.png
372.0,COc1ccc(C2(c3ccc(F)c(-c4cccnc4)c3)N=C(N)N3CC(F)(F)CN=C32)cc1C,0.6766222201378139,train,../data/images/BACE/372.png
373.0,CN1C(=[NH2+])NC(c2ccccc2)(c2ccccc2)C1=O,-0.8035133408699534,train,../data/images/BACE/373.png
374.0,CCCCNC(=O)C(C)CC(O)C(CC(C)C)NC(=O)C(CCSC)NC(=O)C(C)NC(C)=O,-0.8376103697591113,train,../data/images/BACE/374.png
375.0,CC(C)Oc1cccc(C[NH+]2CCC3(CC2C)CN(c2nccs2)S(=O)(=O)N3c2cccc(F)c2)c1,-0.6441360931124787,train,../data/images/BACE/375.png
376.0,CC(=O)NC(Cc1cc(F)cc(F)c1)C(O)C[NH2+]C1(c2cc(C(C)(C)C)cs2)CCCCC1,0.34350573917808774,train,../data/images/BACE/376.png
377.0,Cc1ccc(-c2ccc(C3CC3c3cc(=O)n(C)c(N)n3)cc2)s1,-2.041378197311102,train,../data/images/BACE/377.png
378.0,CC(C)(C)c1cccc(C[NH2+]C2CS(=O)(=O)CC(Cc3cc(F)c(N)c(-c4ccoc4)c3)C2O)c1,0.22498057309005143,train,../data/images/BACE/378.png
379.0,CC1(c2cc(NC(=O)c3ccc(Cl)cn3)ccc2F)COCC(N)=N1,0.7352214516484782,train,../data/images/BACE/379.png
380.0,CCn1cc(C2(c3ccc(F)c(-c4cccnc4F)c3)N=C(N)N(C)C2=O)cn1,0.7458328406680971,train,../data/images/BACE/380.png
381.0,CCCC#Cc1cccc([C@@]2(c3ccc(OC(F)F)cc3)N=C(N)N(C)C2=O)c1,0.7458328406680971,train,../data/images/BACE/381.png
382.0,CC(=O)NC(Cc1cc(F)cc(F)c1)C(O)C[NH2+]C1(c2cccc(C(C)(C)C)c2)CCC(Nc2nccs2)CC1,0.40879362870198926,train,../data/images/BACE/382.png
383.0,COc1ccc([C@]2(c3cccc(-c4cccnc4)c3)N=C(N)N(C)C2=O)cc1C,0.6527323248123719,train,../data/images/BACE/383.png
384.0,CC(=O)NC(Cc1cc(F)cc(F)c1)C(O)C[NH2+]C1(c2cccc(N3CCCCC3=O)c2)CCCCC1,0.059665054866057145,train,../data/images/BACE/384.png
385.0,CCn1cc2c3c(cc(C(=O)NC(Cc4ccccc4)[C@H](O)C[NH2+]CC(F)(F)F)cc31)N(C)S(=O)(=O)CC2,0.4324841906920327,train,../data/images/BACE/385.png
386.0,CC(=O)NC(Cc1cc(F)cc(F)c1)C(O)C[NH2+]C1(c2cccc(C(C)(C)CO)c2)CCCCC1,0.04697247679060444,train,../data/images/BACE/386.png
387.0,CS(=O)(=O)N(c1ccccc1)c1cccc(C(=O)NC(Cc2ccccc2)C(O)C[NH2+]Cc2cccc(C(F)(F)F)c2)n1,-0.8061989384055713,train,../data/images/BACE/387.png
388.0,CCn1cc2c3c(cc(C(=O)NC(Cc4ccccc4)C(O)(O)C[NH2+]C4CCOCC4)cc31)N(C)S(=O)(=O)CC2,1.0164625311983686,train,../data/images/BACE/388.png
389.0,C#Cc1cc(F)cc(CC(NC(=O)COC)C(O)C[NH2+]C2CC3(CCC3)Oc3ncc(CC(C)(C)C)cc32)c1,1.638822412289351,train,../data/images/BACE/389.png
390.0,CN1C(=O)[C@@](c2ccc(OC(F)F)cc2)(c2ccc(F)c(C#CC3CC3)c2)N=C1N,0.8770509574172601,train,../data/images/BACE/390.png
391.0,C=CCNC(=O)c1ccc(-c2ccc(-c3ccccc3)n2Cc2cccc(N)n2)cc1,-0.21821820807582865,train,../data/images/BACE/391.png
392.0,CC1(C)Cc2cc(Cl)ccc2C(NC(Cc2cscc2C2CC2)C(=O)[O-])=N1,-0.676315423539397,train,../data/images/BACE/392.png
393.0,COc1cccc(C[NH2+]CC(O)C(Cc2cc(F)cc(F)c2)NC(=O)C(C)N2CCC(CC(C)C)C2=O)c1,0.3939118862424807,train,../data/images/BACE/393.png
394.0,Nc1nc2cc(Cl)ccc2n1CCCC(=O)NCC1CC1,-2.9638778955932974,train,../data/images/BACE/394.png
395.0,CC(NC(=O)c1cc(-c2noc(C(C)([NH3+])Cc3ccccc3)n2)cc(N(C)S(C)(=O)=O)c1)c1ccc(F)cc1,-0.622857427222196,train,../data/images/BACE/395.png
396.0,CCC(C)C1(NC(C)=O)CCN(C(CCc2ccccc2)C(=O)NC(Cc2cc(F)cc(F)c2)C(O)C2CC(Oc3ccccn3)C[NH2+]2)C1=O,1.5373151713620876,train,../data/images/BACE/396.png
397.0,CN(c1cc(C(=O)N[C@@H](Cc2ccccc2)[C@H](O)C[NH2+]C2CC2)cc(C(=O)c2ccccc2)c1)S(C)(=O)=O,0.36273667420603023,train,../data/images/BACE/397.png
398.0,CN(C(=O)CCC(C1CCCCC1)N1Cc2cc(Oc3ccccc3)ccc2[NH+]=C1N)C1CCCCC1,-0.3548756285573692,train,../data/images/BACE/398.png
399.0,CC(=O)NC(Cc1cc(F)cc(F)c1)C(O)C[NH2+]C1(c2cccc(C(C)(C)C)c2)CCC(N(O)C(C)=O)CC1,0.07287604864781626,train,../data/images/BACE/399.png
400.0,CC([NH2+]CC(O)C(Cc1ccccc1)NC(=O)c1cccc(NS(=O)(=O)Cc2ccccc2)c1)C(=O)NC1CCCCC1,-0.9406696535685017,train,../data/images/BACE/400.png
401.0,CCCCN(C)C(=O)n1cc(C(=O)NC(Cc2ccccc2)C(O)C[NH2+]Cc2ccccc2OC)c2cccnc21,-0.9947324309511602,train,../data/images/BACE/401.png
402.0,CC([NH2+]CC(O)C(Cc1ccccc1)NC(=O)c1cccc(S(=O)(=O)Cc2ccccc2)c1)C(=O)NC1CCCCC1,-1.6549962723103142,train,../data/images/BACE/402.png
403.0,CC(=O)N[C@@H](Cc1cc(F)cc(F)c1)[C@H](O)C[NH2+]C1(c2cccc(C(C)(C)C)c2)CCCCC1,0.6005420885083078,train,../data/images/BACE/403.png
404.0,CC(=O)NC(Cc1cc(F)cc(F)c1)C(O)C[NH2+]C1(c2cccc(C(C)(C)C)c2)CC[NH2+]CC1,-0.8898006060631753,train,../data/images/BACE/404.png
405.0,COc1ccc(C2(c3ccccc3)N=C(N)N(C)C2=O)cc1,-0.7551212429230049,train,../data/images/BACE/405.png
406.0,COc1ccc(N(c2cccc(C(=O)NC(Cc3ccccc3)C(O)C[NH2+]C(C)C(=O)NC3CCCCC3)c2)S(C)(=O)=O)cc1,1.0705253085810271,train,../data/images/BACE/406.png
407.0,CCn1cc2c3c(cc(C(=O)NC(Cc4ccccc4)[C@H](O)C[NH2+]CCC(F)(F)F)cc31)N(C)S(=O)(=O)CC2,1.4910041879538387,train,../data/images/BACE/407.png
408.0,CCCN(CCC)C(=O)c1cccc(C(=O)NC(Cc2cc(F)cc(F)c2)C(O)C2Cc3ccccc3C[NH2+]2)c1,-0.4198173859904561,train,../data/images/BACE/408.png
409.0,COC(CC(O)C(COc1cc(F)cc(F)c1)NC(=O)c1cc(C(=O)NC(C)c2ccccc2)cc(N(C)S(C)(=O)=O)c1)C(=O)NC(C(=O)NCc1ccccc1)C(C)C,1.8465413844106977,train,../data/images/BACE/409.png
410.0,Nc1nc(C2(c3ccc(Cl)cc3)CCCC2)cs1,-1.5661819820441767,train,../data/images/BACE/410.png
411.0,CCc1cccc(C2([NH2+]CC(O)C(Cc3cc(F)cc(F)c3)NC(C)=O)CCCCC2)c1,-0.2688876241772173,train,../data/images/BACE/411.png
412.0,NC1=[NH+][C@@](c2ccc(OC(F)(F)F)cc2)(c2cccc(-c3cccnc3F)c2)C2=NCCCN21,-0.06720878744556465,train,../data/images/BACE/412.png
413.0,CC(C)OC(=O)CN1C=C(C(=O)N[C@@H](Cc2ccccc2)[C@H](O)C[NH2+]C2CC2)[C@H](C)C(C(=O)N[C@H](C)c2ccccc2)=C1,-1.5185584538248185,train,../data/images/BACE/413.png
414.0,CCc1cn2c3c(cc(C(=O)N[C@@H](Cc4ccccc4)[C@H](O)C[NH2+]Cc4cccc(C(F)(F)F)c4)cc13)N(C)S(=O)(=O)CC2,1.6222223047030018,train,../data/images/BACE/414.png
415.0,O=C(C1C[NH2+]CC12CCCc1ccccc12)N1CCC(c2ccccc2)CC1,-0.8376103697591113,train,../data/images/BACE/415.png
416.0,CCCN(CCC)C(=O)c1cc(C)cc(C(=O)N[C@@H](Cc2cc(F)cc(F)c2)[C@H](O)[C@H]2C[C@@H](OCc3ccccc3)C[NH2+]2)c1,1.325689116832652,train,../data/images/BACE/416.png
417.0,COc1ccc2c(c1)C1(COC(N)=N1)c1cc(-c3ccncc3)ccc1O2,-0.8294169872443001,train,../data/images/BACE/417.png
418.0,CCOC[C@@H](Oc1cc(C[C@@H]2CS(=O)(=O)C[C@H]([NH2+]Cc3cccc(C(C)(C)C)c3)[C@H]2O)cc(F)c1N)C(F)(F)F,1.6222223047030018,train,../data/images/BACE/418.png
419.0,CC(=O)NC(Cc1cc(F)cc(F)c1)C(O)C[NH2+]C1(c2cccc(N3CCOC3=O)c2)CCCCC1,-0.47388016337311456,train,../data/images/BACE/419.png
420.0,NC1=NC(c2ccncc2)(c2cccc(-c3cncc(F)c3)c2)c2cccc(F)c21,0.25431834161836503,train,../data/images/BACE/420.png
421.0,CN1C(=O)[C@@](c2ccc(OC(F)F)cc2)(c2cccc(/C=C/C3CC3)c2)N=C1N,0.3902957187283724,train,../data/images/BACE/421.png
422.0,CCCCCOc1ccc(-c2ccc(-c3ccccc3Cl)n2Cc2ccc(NCCCO)c(N)n2)cc1,0.10103525417326292,train,../data/images/BACE/422.png
423.0,CC(=O)NC(Cc1cc(F)cc(F)c1)C(O)C[NH2+]C1(c2cccc(-c3ccsc3)c2)CCCCC1,0.6218875962684428,train,../data/images/BACE/423.png
424.0,NC1=NC2(CCc3ccc(NC(=O)c4ccc(Cl)cn4)cc32)CS1,-0.8376103697591113,train,../data/images/BACE/424.png
425.0,CC(=O)N[C@@H](Cc1cc(F)cc(F)c1)[C@H](O)C[NH2+]C1(c2cccc(C(C)(C)C)c2)CCC1,-0.22900657529042778,train,../data/images/BACE/425.png
426.0,Cc1ccc(C(=O)NC(Cc2ccccc2)C(O)C[NH2+]Cc2cccc(C(F)(F)F)c2)cc1N(c1ccccc1)S(C)(=O)=O,-0.36548709209412233,train,../data/images/BACE/426.png
427.0,CCC(C)C1(NC(C)=O)CCN(C(CCc2ccccc2)C(=O)NC(Cc2cc(F)cc(F)c2)C(O)C[NH2+]Cc2cccc(OC)c2)C1=O,1.261336119281056,train,../data/images/BACE/427.png
428.0,COc1ccccc1N(c1cccc(C(=O)NC(Cc2ccccc2)C(O)C[NH2+]C(C)C(=O)NC2CCCCC2)c1)S(C)(=O)=O,0.28140554364360565,train,../data/images/BACE/428.png
429.0,CC(C)(C)c1cccc(C[NH2+]C2CS(=O)(=O)CC(Cc3cc(F)c(N)c(CCC(F)(F)F)c3)C2O)c1,0.271291183912627,train,../data/images/BACE/429.png
430.0,CC1(c2cc(NC(=O)c3ncc(Cl)cc3Cl)ccc2F)CCOC(N)=N1,0.6609257073271829,train,../data/images/BACE/430.png
431.0,COc1cccc(-c2cccc(C3(C)N=C(N)CS3)c2)c1,-1.0578585038794504,train,../data/images/BACE/431.png
432.0,CC(C)SC(NC(=O)C(CC(O)C1COCc2cccc(c2)C(C)NC(=O)c2cc(cc(N(C)S(C)(=O)=O)c2)C(=O)N1)C(C)C)C(=O)NCc1ccccc1,0.5805177695469104,train,../data/images/BACE/432.png
433.0,CC1(c2cc(NC(=O)c3ccccn3)ccc2F)N=C(N)OCC1(F)F,0.007199552266305541,train,../data/images/BACE/433.png
434.0,CC1(C)Cc2cc(Cl)ccc2C(N[C@@H](Cc2ccccc2)c2nc3ccncc3c(=O)[nH]2)=[NH+]1,0.1844749215799667,train,../data/images/BACE/434.png
435.0,CC1(c2cc(NC(=O)c3ccc(OC(F)(F)F)cn3)ccc2F)N=C(N)OCC1(F)F,0.5381139430638848,train,../data/images/BACE/435.png
436.0,CN1C(=O)[C@@](c2ccc(OC(F)F)cc2)(c2cccc(C(=O)CCCF)c2)N=C1N,0.42841324510467593,train,../data/images/BACE/436.png
437.0,CO/N=C(\C)c1cc(C(=O)NC(Cc2cc(F)cc(F)c2)[C@@H](O)C[NH2+]Cc2cccc(OC)c2)cc(N(C)S(C)(=O)=O)c1,0.5215142080632088,train,../data/images/BACE/437.png
438.0,CC1(c2cc(NC(=O)c3ccc(Cl)cn3)ccc2F)COCCC(N)=N1,0.6075018398576874,train,../data/images/BACE/438.png
439.0,CC1(C)Cc2cc(Cl)ccc2C(NC(Cc2ccccc2)c2ncc(C#N)c(=O)[nH]2)=N1,-0.14462925877743374,train,../data/images/BACE/439.png
440.0,CCNc1cc(C(=O)NC(Cc2ccccc2)C(O)C[NH2+]Cc2cccc(C(F)(F)F)c2)cc2c1CCCS(=O)(=O)N2C,0.8936506924179362,train,../data/images/BACE/440.png
441.0,CC([NH2+]CC(O)C(Cc1ccccc1)NC(=O)c1cccc(CS(=O)(=O)c2ccccc2)c1)C(=O)NC1CCCCC1,-1.6136264455887819,train,../data/images/BACE/441.png
442.0,COc1cc(C2(c3cccc(-c4cncnc4)c3)N=C(N)c3c(F)cccc32)ccn1,-0.09324708628236629,train,../data/images/BACE/442.png
443.0,CC([NH2+]CC(O)C(Cc1ccccc1)NC(=O)c1cccc(Nc2ccccc2)c1)C(=O)NC1CCCCC1,-0.984618443805855,train,../data/images/BACE/443.png
444.0,CC(NC(=O)c1cc(-c2nc(C(C)([NH3+])Cc3ccccc3)no2)cc(N(C)S(C)(=O)=O)c1)c1ccc(F)cc1,-0.5845437717472868,train,../data/images/BACE/444.png
445.0,CC(=O)NC(Cc1cc(F)cc(F)c1)C(O)C[NH2+]C1(c2cccc(C(C)(C)C)c2)CCC(=O)CC1,0.29719512835551287,train,../data/images/BACE/445.png
446.0,COc1cc(-c2ccc(C3CC3c3cc(=O)n(C)c(N)n3)cc2)ccn1,-1.9273475322042197,train,../data/images/BACE/446.png
447.0,Cc1ccccc1-c1ccc2nc(N)c(CC(C)C(=O)NCC3CCCCC3)cc2c1,1.5500081220232136,train,../data/images/BACE/447.png
448.0,CCCOc1cc(C(=O)N[C@@H](Cc2ccccc2)[C@H](O)C[NH2+][C@@H](C)C(=O)NC2CCCCC2)cc(N2CCCC2=O)c1,-0.22634303482668913,train,../data/images/BACE/448.png
449.0,Cc1cc2cc(n1)OCCCCOc1cccc(c1)CC(C(O)C[NH2+]Cc1cccc(C(C)C)c1)NC2=O,0.6369426655833303,train,../data/images/BACE/449.png
450.0,CC(=O)NC(Cc1cc(F)cc(F)c1)C(O)C[NH2+]C1(c2cc(O)cc(C(C)(C)C)c2)CCCCC1,0.1844749215799667,train,../data/images/BACE/450.png
451.0,CC1=NC(C)(c2cccc(-c3cccnc3)c2)N=C1N,-1.2190515106588562,train,../data/images/BACE/451.png
452.0,CC(C)c1cccc(C[NH2+]CC(O)C2COC/C=C/C[C@H](c3ccccc3)NC(=O)c3cc(cc(N(C)S(C)(=O)=O)c3)C(=O)N2)c1,1.470118227363575,train,../data/images/BACE/452.png
453.0,COc1ccc(C2(c3ccc(C#N)c(-c4cccnc4)c3)N=C(N)N(C)C2=O)cc1C,-0.23944709652011337,train,../data/images/BACE/453.png
454.0,COC(=O)CN1C(C)=C(C(=O)NOCc2ccccc2)[C@@H](C)C(C(=O)N[C@@H](Cc2ccccc2)[C@H](O)C[NH2+]C2CC2)=C1C,-1.2696487941738277,train,../data/images/BACE/454.png
455.0,COC(CO)CC(O)C(COc1cc(F)cc(F)c1)NC(=O)c1cc(C(=O)NC(C)c2ccccc2)cc(N(C)S(C)(=O)=O)c1,-1.1341440047322686,train,../data/images/BACE/455.png
456.0,CCn1cc2c3c(cc(C(=O)NC(Cc4ccccc4)[C@H](O)C[NH2+]CC(F)F)cc31)N(C)S(=O)(=O)CC2,0.8770509574172601,train,../data/images/BACE/456.png
457.0,CC(=O)NC(Cc1ccccc1)C(O)C[NH2+]C1CC2(CCC2)Oc2ncc(Cl)cc21,-0.3747486032181327,train,../data/images/BACE/457.png
458.0,NC1=[NH+]C(c2cccc(-c3cncnc3)c2)(c2ccnc(C(F)F)c2)c2cccc(F)c21,0.7909016234404205,train,../data/images/BACE/458.png
459.0,CCCc1ccc2c(c1)C1(COC(N)=N1)c1cc(-c3cncnc3)ccc1O2,0.9492655126827209,train,../data/images/BACE/459.png
460.0,CCC(Cc1cc2cc(-c3ccccc3C)ccc2nc1N)C(=O)NCC1CCCCC1,0.9492655126827209,train,../data/images/BACE/460.png
461.0,COCC/C=C/c1cccc([C@@]2(c3ccc(OC(F)F)cc3)N=C(N)N(C)C2=O)c1,0.8770509574172601,train,../data/images/BACE/461.png
462.0,CCc1ccc2c(c1)C([NH2+]CC(O)C1Cc3cccc(c3)CCCCn3cc(cc(N4CCCC4)c3=O)C(=O)N1)CC1(CCC1)O2,1.5500081220232136,train,../data/images/BACE/462.png
463.0,CC(=O)N[C@@H](Cc1cc(F)cc(F)c1)[C@H](O)C[NH2+]C(C)(C)c1cccc(C(C)(C)C)c1,0.13187961013151855,train,../data/images/BACE/463.png
464.0,Cc1cc([C@]2(c3cccc(-c4cccnc4)c3)N=C(N)N(C)C2=O)ccn1,0.3561986898392145,train,../data/images/BACE/464.png
465.0,CCc1cn2c3c(cc(C(=O)NC(Cc4ccccc4)C(O)C[NH2+]C)cc13)N(C)S(=O)(=O)C2,0.38671971594988286,train,../data/images/BACE/465.png
466.0,COc1ccc(C2(c3cccc(-c4cc(Cl)cc(Cl)c4)c3)N=C(N)N3CCCN=C32)cc1,0.840560140092081,train,../data/images/BACE/466.png
467.0,NC1=NC2(c3cccc(NC(=O)c4ccc(Cl)cn4)c3)CCOCC2O1,-0.7753545824473157,train,../data/images/BACE/467.png
468.0,CC#Cc1cncc(-c2cc(C3(C4CC4)N=C(C)C(N)=N3)ccc2O)c1,0.5161647719953137,train,../data/images/BACE/468.png
469.0,CC([NH2+]CC(O)C(Cc1ccccc1)NC(=O)c1cccc(NS(=O)(=O)c2ccccc2)c1)C(=O)NC1CCCCC1,-1.0578585038794504,train,../data/images/BACE/469.png
470.0,CC(C)NC(=O)CCCn1c(N)nc2cc(Cl)ccc21,-2.0921044699862885,train,../data/images/BACE/470.png
471.0,CCc1cn2c3c(cc(C(=O)NC(Cc4ccccc4)C(O)C[NH2+]C4CCOCC4)cc13)N(C)S(=O)(=O)CC2,0.970151920375793,train,../data/images/BACE/471.png
472.0,CCc1cn2c3c(cc(C(=O)NC(Cc4ccccc4)C(O)C[NH2+]C4CCCCC4)cc13)N(CC)S(=O)(=O)CC2,1.2167981965765378,train,../data/images/BACE/472.png
473.0,CN1C(=O)[C@@](c2ccc(OC(F)F)cc2)(c2ccc(F)c(OCCCF)c2)N=C1N,1.101370037124956,train,../data/images/BACE/473.png
474.0,CC(NC(=O)c1cc(CCCC([NH3+])(CO)Cc2ccccc2)cc(N(C)S(C)(=O)=O)c1)c1ccc(F)cc1,-1.3951387042592704,train,../data/images/BACE/474.png
475.0,CC([NH2+]CC(O)C(Cc1ccccc1)NC(=O)c1cccc(N(c2ccc(C#N)cc2)S(C)(=O)=O)c1)C(=O)NC1CCCCC1,0.14847934513219463,train,../data/images/BACE/475.png
476.0,COCC(=O)Nc1cccc([C@@]2(C3CCCCC3)N=C(N)N(C)C2=O)c1,0.11609002541961135,train,../data/images/BACE/476.png
477.0,COc1ccc(C2(C34CC5CC(CC(C5)C3)C4)N=C(N)N(C)C2=O)cc1,0.4716272218764703,train,../data/images/BACE/477.png
478.0,CC(C)(C)c1cccc(C[NH2+][C@H]2CS(=O)C[C@@H](Cc3cc(F)c(N)c(OC(C(F)(F)F)C(F)(F)F)c3)[C@@H]2O)c1,1.6222223047030018,train,../data/images/BACE/478.png
479.0,CC(=O)NC(Cc1cc(F)cc(F)c1)C(O)C[NH2+]C1(c2cccc(N3CCCOCC3)c2)CCCCC1,-0.2735441254092712,train,../data/images/BACE/479.png
480.0,NC1=NC(c2ccnc(C(F)F)c2)(c2ccc(F)c(-c3cncnc3)c2)c2cc(F)cc(F)c21,0.6850363224056906,train,../data/images/BACE/480.png
481.0,COc1ccc(C2(c3cccc(-c4cncnc4)c3)N=C(N)n3nc(C)cc32)cc1,-0.020224467207908305,train,../data/images/BACE/481.png
482.0,CCCOc1cccc(-c2cccc(C3CC3C3(C)CC(=O)N(C)C(N)=N3)c2)c1,-1.0777190341787144,train,../data/images/BACE/482.png
483.0,Cc1ccccc1-c1ccc(C2CC2c2cc(=O)n(C)c(N)n2)cc1,-1.5778907103898083,train,../data/images/BACE/483.png
484.0,CC(C)C#Cc1cccc([C@@]2(c3ccc(OC(F)F)cc3)N=C(N)N(C)C2=O)c1,0.8770509574172601,train,../data/images/BACE/484.png
485.0,Cc1ccccc1-c1ccc2nc(N)c(CCC(=O)N(C)C3CCCCC3)cc2c1,-0.9225178756856988,train,../data/images/BACE/485.png
486.0,CCCN(CCC)C(=O)c1cc(CC(C)O)cc(C(=O)NC(Cc2cc(F)cc(F)c2)C(O)C[NH2+]Cc2cccc(OC)c2)c1,0.9492655126827209,train,../data/images/BACE/486.png
487.0,CC(=O)NC(Cc1cc(F)cc(F)c1)C(O)C[NH2+]C1(c2cccc(C#N)c2)CCCCC1,-0.9794403226307008,train,../data/images/BACE/487.png
488.0,CN1C(=O)CC(C)(c2cccc(NC(=O)c3ccc(Cl)cn3)c2)N=C1N,0.970151920375793,train,../data/images/BACE/488.png
489.0,CCCOc1cccc(CC2CS(=O)(=O)CC([NH2+]Cc3cccc(C(C)C)c3)C2O)c1,-0.6585217750060999,train,../data/images/BACE/489.png
490.0,NC1=NC(c2ccccc2)(C2CCCCC2)C(=O)N1Cc1ccccc1,-0.45858768246698184,train,../data/images/BACE/490.png
491.0,COc1ccc(C2(c3ccc(C)c(-c4cccnc4)c3)N=C(N)N(C)C2=O)cc1C,0.271291183912627,train,../data/images/BACE/491.png
492.0,CC1=C(C(=O)N[C@@H](Cc2ccccc2)[C@H](O)C[NH2+]C2CC2)[C@@H](C)C(C(=O)OCc2ccccc2)=C(C)N1CC(=O)N(C)C,-1.5754172631367627,train,../data/images/BACE/492.png
493.0,CC1(c2cc(NC(=O)c3ccn(C(F)F)n3)ccc2F)N=C(N)OCC1(F)F,0.6868293537015296,train,../data/images/BACE/493.png
494.0,CO/N=C(/C)c1cc(C(=O)NC(Cc2cc(F)cc(F)c2)[C@@H](O)C[NH2+]Cc2cccc(OC)c2)cc(N2CCCCS2(=O)=O)c1,0.5678248188857844,train,../data/images/BACE/494.png
495.0,CC1=C(C(=O)NOCc2ccccc2)[C@H](C)C(C(=O)N[C@@H](Cc2ccccc2)[C@H](O)C[NH2+]C2CC2)=C(C)N1S(C)(=O)=O,-1.2631974732347013,train,../data/images/BACE/495.png
496.0,CC(=O)NC(Cc1cc(F)cc(F)c1)C(O)C[NH2+]C1(c2cccc(CC(C)C)c2)CCCCC1,-0.320778227082538,train,../data/images/BACE/496.png
497.0,O=C(C1C[NH2+]CC1c1ccccc1Br)N1CCOCC1c1ccccc1,-1.6349719533489169,train,../data/images/BACE/497.png
498.0,CCCN(CCC)C(=O)c1cc(C(=O)NC(Cc2cc(F)cc(F)c2)C(O)C[NH2+]Cc2cccc(OC)c2)cc(/C(C)=N\OC)c1,1.8465413844106977,train,../data/images/BACE/498.png
499.0,CC(=O)NC(Cc1cc(F)cc(F)c1)C(O)C[NH2+]C1(c2cccc(C(C)(C)C)c2)CCC(NS(C)(=O)=O)CC1,-0.09243902247336973,train,../data/images/BACE/499.png
500.0,C#Cc1csc(C2([NH2+]CC(O)C(Cc3cc(F)cc(F)c3)NC(C)=O)CCCCC2)c1,-0.8622170454035076,train,../data/images/BACE/500.png
501.0,CC#Cc1cncc(-c2cccc(C3(c4cc(C)c(OC)c(C)c4)N=C(C)C(N)=N3)c2)c1,0.792143824076346,train,../data/images/BACE/501.png
502.0,CCCOCc1cccc(CC2CS(=O)(=O)CC([NH2+]Cc3cccc(C(C)C)c3)C2O)c1,-0.4198173859904561,train,../data/images/BACE/502.png
503.0,COc1ccc2c(c1)C1(COC(N)=N1)c1cc(-c3cccnc3F)ccc1O2,-0.31675810218106565,train,../data/images/BACE/503.png
504.0,COC[C@@H](Oc1cc(CC2CS(=O)(=O)CC([NH2+]Cc3cccc(C(C)(C)C)c3)C2O)cc(F)c1N)C(F)(F)F,1.6222223047030018,train,../data/images/BACE/504.png
505.0,CCc1cc(C2(c3cccc(-c4cccnc4F)c3)N=C(N)N(C)C2=O)cc(CC)n1,1.101370037124956,train,../data/images/BACE/505.png
506.0,COCc1cc2cc(c1)C(=O)NC(C(O)C[NH2+]Cc1cccc(C(C)C)c1)Cc1cccc(c1)OCCCCN2,0.5215142080632088,train,../data/images/BACE/506.png
507.0,C#Cc1ccc(F)c(CC(NC(=O)COC)C(O)C[NH2+]C2CC3(CCC3)Oc3ncc(CC(C)(C)C)cc32)c1,1.501975941837005,train,../data/images/BACE/507.png
508.0,CCCCN(C)C(=O)n1cc(C(=O)NC(Cc2cc(F)cc(F)c2)C(O)C[NH2+]Cc2cccc(OC)c2)c2cc(F)ccc21,1.0164625311983686,train,../data/images/BACE/508.png
509.0,CC(C)(C)Cn1cc(C[NH2+]C2CS(=O)(=O)CC(Cc3cc(F)c(N)c(OC(C(F)(F)F)C(F)(F)F)c3)C2O)cn1,0.6868293537015296,train,../data/images/BACE/509.png
510.0,CN(C(=O)CCc1cc2ccccc2nc1N)C1CCCCC1,-1.569570723263093,train,../data/images/BACE/510.png
511.0,CCCCN(C)C(=O)n1cc(C(=O)NC(Cc2cc(F)cc(F)c2)C(O)C[NH2+]Cc2cccc(OC)c2)c2cc(C(=O)[O-])ccc21,0.4716272218764703,train,../data/images/BACE/511.png
512.0,CC(C)(C)Cc1cnc2c(c1)C([NH2+]CC(O)C1Cc3cccc(c3)CCCn3cc(ccc3=O)C(=O)N1)CC1(CCC1)O2,1.5251012168429965,train,../data/images/BACE/512.png
513.0,CCC(CC(=O)NC(COC(C)(C)C)C(=O)[O-])n1c(N)nc2cc(Cl)ccc21,-1.83424694183136,train,../data/images/BACE/513.png
514.0,CN(C(=O)CCN1Cc2cc(C(=O)c3ccccc3)ccc2[NH+]=C1N)C1CCCCC1,1.0705253085810271,train,../data/images/BACE/514.png
515.0,CC(C)(C)c1cccc(C[NH2+]C2CS(=O)(=O)CC(Cc3cc(F)c(N)c(-c4cc[nH]n4)c3)C2O)c1,0.7681607823324934,train,../data/images/BACE/515.png
516.0,COc1cccc(C[NH2+]CC(O)C(Cc2cc(F)cc(F)c2)NC(=O)C(C)N2CCC(C(C)C)C2=O)c1,0.1844749215799667,train,../data/images/BACE/516.png
517.0,NC1=NC2(c3cccc(NC(=O)c4ccc(Cl)cn4)c3)CC2CS1,-0.3001583671803896,train,../data/images/BACE/517.png
518.0,CCCC(O)C1CCN(C(C)C(=O)NC(Cc2cc(F)cc(F)c2)C(O)C[NH2+]Cc2cccc(OC)c2)C1=O,0.48100818396745065,train,../data/images/BACE/518.png
519.0,CNC(=O)Oc1ccc(CC2CS(=O)(=O)CC([NH2+]Cc3cccc(C(C)C)c3)C2O)cc1Br,0.5215142080632088,train,../data/images/BACE/519.png
520.0,CN1C(=O)C(c2cccc(-c3cccnc3F)c2)(c2cnn(CC(F)(F)F)c2)N=C1N,0.7458328406680971,train,../data/images/BACE/520.png
521.0,CCCCS(=O)(=O)n1cc(C(=O)NC(Cc2ccccc2)C(O)C[NH2+]Cc2cccc(OC)c2)c2ccccc21,-0.7551212429230049,train,../data/images/BACE/521.png
522.0,CCC(C)C1(NC(C)=O)CCN(C(CCc2ccccc2)C(=O)NC(Cc2cc(F)cc(F)c2)[C@H](O)[C@@H]2Cc3cccc(OC)c3C[NH2+]2)C1=O,0.2473081421687744,train,../data/images/BACE/522.png
523.0,NC1=NC2(CCc3ccc(NC(=O)c4ccc(Cl)cn4)cc32)CO1,-1.1584503763237084,train,../data/images/BACE/523.png
524.0,CN(Cc1cccc(F)c1)C(=O)CCCn1c(N)nc2cc(Cl)ccc21,-2.093776932558137,train,../data/images/BACE/524.png
525.0,CCC[NH2+]C[C@@H](O)[C@H](Cc1ccccc1)NC(=O)c1cc2c3c(cn(CC)c3c1)CCS(=O)(=O)N2C,1.1735849649760908,train,../data/images/BACE/525.png
526.0,CN1CC(C)(c2cc(NC(=O)c3ccc(Cl)cn3)ccc2F)N=C(N)C1=O,0.6527323248123719,train,../data/images/BACE/526.png
527.0,NC1=[NH+][C@@](c2cccc(-c3cccnc3F)c2)(c2ccc3c(c2)OC(F)(F)O3)C2=NCCCN21,-0.29152786715326123,train,../data/images/BACE/527.png
528.0,NC1=NC(c2ccncc2)(c2cccc(-c3cncnc3)c2)C2=NCC(F)(F)CN12,0.33384340038637283,train,../data/images/BACE/528.png
529.0,CC(=O)N1CCC(OC(=O)C2CC3(C[NH2+]2)C(=O)Nc2ccccc23)CC1,-1.8217327577764475,train,../data/images/BACE/529.png
530.0,COc1ccc(C2(c3cccc(-c4cccnc4F)c3)[NH+]=C(N)N3CCCN=C32)cc1,0.4716272218764703,train,../data/images/BACE/530.png
531.0,CN1C(=O)C2(CC(C)(C)Sc3ccc(-c4cc(F)cc(Cl)c4)cc32)N=C1N,0.8318209195653833,train,../data/images/BACE/531.png
532.0,CC(Cc1cc2cc(-c3ncccc3C#N)ccc2nc1N)C(=O)NCCC(C)(C)C,-0.08424563995855862,train,../data/images/BACE/532.png
533.0,COCC(=O)NC(Cc1ccc2c(c1)OCO2)C(O)C[NH2+]C1CC2(CCC2)Oc2ncc(CC(C)(C)C)cc21,1.3007822116524348,train,../data/images/BACE/533.png
534.0,CCCN(CCC)C(=O)c1cc(C(=O)NC(Cc2cc(F)cc(F)c2)C(O)C[NH2+]Cc2cccc(OC)c2)cc(/C(C)=N\O)c1,1.4910041879538387,train,../data/images/BACE/534.png
535.0,COc1cccc(C2(c3ccccc3)N=C(N)N(C)C2=O)c1,-0.7916107189397584,train,../data/images/BACE/535.png
536.0,O=S1(=O)CC(Cc2ccc(O)c(Br)c2)C(O)C([NH2+]Cc2ccccc2)C1,-1.744844562337945,train,../data/images/BACE/536.png
537.0,CC1(c2cccc(-c3cccc(Cl)c3)c2)N=C(N)CCO1,-0.984618443805855,train,../data/images/BACE/537.png
538.0,COc1ccc(C2(c3cccc(-c4cccnc4)c3)N=C(N)N(C)C2=O)cc1C#N,0.22498057309005143,train,../data/images/BACE/538.png
539.0,COc1cccc(-c2ccc3c(c2)C2(CC(C)(C)O3)N=C(N)N(C)C2=O)c1,0.48100818396745065,train,../data/images/BACE/539.png
540.0,CC(=O)NC(Cc1cc(F)cc(F)c1)C(O)C[NH2+]C1(c2cc(C(C)C)cs2)CCCCC1,-0.05106919575183797,train,../data/images/BACE/540.png
541.0,CN1CC(C)(c2cccc(NC(=O)c3ccc(Cl)cn3)c2)N=C(N)C1=O,0.006100871631867288,train,../data/images/BACE/541.png
542.0,C#Cc1cc(CC(NC(=O)COC)C(O)C[NH2+]C2CC3(CCC3)Oc3ncc(CC(C)(C)C)cc32)ccc1F,1.4231335345402452,train,../data/images/BACE/542.png
543.0,N#CCCCOc1ccc(-c2ccc(-c3ccccc3Cl)n2Cc2cccc(N)n2)cc1,-0.10822868170241122,train,../data/images/BACE/543.png
544.0,CN1C(=O)[C@@](c2ccc(OC(F)(F)F)cc2)(c2ccc(F)c(-c3cncnc3)c2)N=C1N,0.8770509574172601,train,../data/images/BACE/544.png
545.0,CC1(C)Cc2cc(Cl)ccc2C(NC(Cc2cscc2-c2cn[nH]c2)C(=O)[O-])=N1,-0.13055654884967327,train,../data/images/BACE/545.png
546.0,CCCN(CCC)C(=O)c1cc(C)cc(C(=O)N[C@@H](Cc2cc(F)cc(F)c2)[C@H](O)C[NH2+]Cc2cccc(OC)c2)c1,1.39790329951244,train,../data/images/BACE/546.png
547.0,CC(=O)NC(Cc1cc(F)cc(F)c1)C(O)C[NH2+]C1(c2cccc(N3CCCNC3=O)c2)CCCCC1,-0.3889726574465271,train,../data/images/BACE/547.png
548.0,CC(=O)NC(Cc1cc(F)cc(F)c1)C(O)C[NH2+]C1(c2cccc(C(C)(C)C)c2)CCC(Nc2ccccn2)CC1,0.45804669762359174,train,../data/images/BACE/548.png
549.0,CC1CC2(CC[NH+]1Cc1ccc3[nH]ccc3c1)CN(C)S(=O)(=O)N2c1cccc(F)c1,-0.9741779225761693,train,../data/images/BACE/549.png
550.0,CN1C(=O)C(c2ccc(OC(F)(F)F)cc2)(c2cc(F)cc(-c3cncnc3)c2)N=C1N,-0.020224467207908305,train,../data/images/BACE/550.png
551.0,CC(=O)NC(Cc1cc(F)cc(F)c1)C(O)C[NH2+]C1(c2cccc(C(C)(C)C)c2)CCc2nc(C)ncc2C1,0.3796842551916192,train,../data/images/BACE/551.png
552.0,CN1C(=O)CC(C)(C2CC2c2cccc(/C=C/c3ccccc3)c2)N=C1N,-0.7335384726058939,train,../data/images/BACE/552.png
553.0,CCCCC1CCN(C(CCc2ccccc2)C(=O)NC(Cc2cc(F)cc(F)c2)C(O)C[NH2+]Cc2cccc(OC)c2)C1=O,0.6693320598130479,train,../data/images/BACE/553.png
554.0,CCC(CC(=O)NCc1ccccn1)n1c(N)nc2cc(Cl)ccc21,-2.624486699303752,train,../data/images/BACE/554.png
555.0,CCC[C@@H]1C(C(C)=O)=C(C)N(CC(=O)OC(C)C)C(C)=C1C(=O)N[C@@H](Cc1ccccc1)[C@H](O)CNc1cccc(F)c1,-1.4567801723123637,train,../data/images/BACE/555.png
556.0,CCCCN(CCCC)C(=O)n1cc(C(=O)N[C@@H](Cc2ccccc2)[C@H](O)C[NH2+]Cc2cccc(OC)c2)c2ccccc21,0.3762230833177462,train,../data/images/BACE/556.png
557.0,CC1(C)Cc2ccc(-c3cncc(Cl)c3)cc2C2(COC(N)=N2)C1,-0.3122774613869712,train,../data/images/BACE/557.png
558.0,CC1(C)Cc2cc(Cl)ccc2C(NC(Cc2ccccc2)C(=O)[O-])=N1,-0.7267723167725394,train,../data/images/BACE/558.png
559.0,[NH3+]C1CS(=O)(=O)CC(Cc2ccc(O)c(Br)c2)C1O,-1.8793153520180101,train,../data/images/BACE/559.png
560.0,CC(C)(C)c1cccc(C[NH2+][C@H]2CS(=O)(=O)C[C@@H](Cc3ccc4[nH]cc(CC(F)F)c4c3)[C@@H]2O)c1,0.5496730410029814,train,../data/images/BACE/560.png
561.0,CCOc1cc(C2(c3cccc(-c4cccnc4)c3)N=C(N)N(C)C2=O)ccc1OC,0.5805177695469104,train,../data/images/BACE/561.png
562.0,COc1cccc(C[NH2+]C[C@H](O)[C@H](Cc2cc(F)cc(F)c2)NC(=O)c2cc(/C(C)=N\OCc3ccccc3)cc(N(c3ccccc3)S(C)(=O)=O)c2)c1,1.0423664756412545,train,../data/images/BACE/562.png
563.0,COc1ccc(C2(c3cccc(-c4cccnc4F)c3)N=C(N)N(C)C2=O)cc1C,0.8770509574172601,train,../data/images/BACE/563.png
564.0,CN1C(=O)CC(C)(C2CC2c2cccc(-c3cccc(CO)c3)c2)N=C1N,-1.371155662515418,train,../data/images/BACE/564.png
565.0,Nc1ncccc1NCc1cc(-c2ccc3cc[nH]c3c2)ccc1OCc1ccccn1,-0.8534000289881528,train,../data/images/BACE/565.png
566.0,C[C@@]1(c2cc(NC(=O)c3ccc(C#N)cn3)ccc2F)C[C@@H](C(F)(F)F)OC(N)=N1,1.0423664756412545,train,../data/images/BACE/566.png
567.0,CC(C)CC(NC(=O)C(CC(N)=O)NC(=O)C(NC(=O)C([NH3+])CCC(=O)[O-])C(C)C)C(O)CC(C)C(=O)NC(C)C(=O)NC(CCC(=O)[O-])C(=O)NC(Cc1ccccc1)C(=O)[O-],1.8465413844106977,train,../data/images/BACE/567.png
568.0,COCC(=O)NC(Cc1ccc(F)c(-c2nccs2)c1)C(O)C[NH2+]C1CC2(CCC2)Oc2ncc(CC(C)(C)C)cc21,1.261336119281056,train,../data/images/BACE/568.png
569.0,NC1=NC2(c3cccc(-c4cc(F)cc(Cl)c4)c3)CCCCC2O1,-1.4507535245240553,train,../data/images/BACE/569.png
570.0,COc1ccc([C@]2(c3cccc(-c4cncnc4)c3)[NH+]=C(N)N3CCCN=C32)cc1,0.3561986898392145,train,../data/images/BACE/570.png
571.0,CCC(C)C1(NC(C)=O)CCN(C(CCc2ccccc2)C(=O)NC(Cc2cc(F)cc(F)c2)C(O)C2CC([NH3+])C[NH2+]2)C1=O,0.7053271891580123,train,../data/images/BACE/571.png
572.0,COCc1cc2cc(c1)C(=O)NC(C(O)C[NH2+]C1(c3cccc(C(C)(C)C)c3)CCCC1)Cc1cccc(c1)OCCCCN2,0.5805177695469104,train,../data/images/BACE/572.png
573.0,CCCCn1cc(C2(c3cccc(-c4cncnc4)c3)N=C(N)N(C)C2=O)cn1,1.1735842198047441,train,../data/images/BACE/573.png
574.0,O=C(C1C[NH2+]CC1c1ccccc1Br)N1CCC(c2ccccc2)CC1,-1.3418633494392884,train,../data/images/BACE/574.png
575.0,CCc1cscc1CC(NC1=NC(C)(C)Cc2cc(Cl)ccc21)C(=O)[O-],-0.23944709652011337,train,../data/images/BACE/575.png
576.0,CC(Cc1cc2cc(-c3ncccc3Cl)ccc2nc1N)C(=O)NCCC(C)(C)C,1.0705253085810271,train,../data/images/BACE/576.png
577.0,CC(=O)Nc1cccc(-c2ccc(C3CC3c3cc(=O)n(C)c(N)n3)cc2)c1,-1.7638868199807543,train,../data/images/BACE/577.png
578.0,CCCC[NH2+]C(=O)[C@@H](NC(=O)[C@@H]1CC(=O)C[C@H]1[C@H](O)[C@H](CC(C)C)NC(=O)[C@H](CCSC)NC(=O)[C@H](CC(C)C)NC(C)=O)C(C)C,1.101370037124956,train,../data/images/BACE/578.png
579.0,CCCN(CC1CC1)C(=O)n1cc(C(=O)NC(Cc2cc(F)cc(F)c2)C(O)C[NH2+]Cc2cccc(OC)c2)c2cccnc21,0.11609002541961135,train,../data/images/BACE/579.png
580.0,Cc1ccccc1-c1ccc2nc(N)c(CC(C(=O)NCC3CCCCC3)C(C)C)cc2c1,0.7799302421429283,train,../data/images/BACE/580.png
581.0,C[C@@H](Oc1cc(CC2CS(=O)(=O)CC([NH2+]Cc3cccc(C(C)(C)C)c3)C2O)cc(F)c1N)C(F)(F)F,1.4910041879538387,train,../data/images/BACE/581.png
582.0,CCc1cn2c3c(cc(C(=O)NC(Cc4ccccc4)[C@H](O)C[NH2+]CC4CCOCC4)cc13)OS(=O)(=O)CC2,0.40500867987772127,train,../data/images/BACE/582.png
583.0,COc1ccc2c(c1)C1(COC(N)=N1)c1cc(-c3cccc(Cl)c3)ccc1O2,0.271291183912627,train,../data/images/BACE/583.png
584.0,CCc1cn2c3c(cc(C(=O)NC(Cc4ccccc4)C(O)C[NH2+]C(C)(C)CCCC(C)C)cc13)N(C)S(=O)(=O)CC2,1.325689116832652,train,../data/images/BACE/584.png
585.0,CCCCC1CCN(C(CCc2ccccc2)C(=O)NC(Cc2cc(F)cc(F)c2)C(O)C2CC(OCCC)C[NH2+]2)C1=O,0.8936506924179362,train,../data/images/BACE/585.png
586.0,NC1=NC2(c3cccc(-c4cccnc4F)c3)CCCCC2O1,-1.6328997063492496,train,../data/images/BACE/586.png
587.0,Cc1ccccc1-c1ccc2nc(N)c(CC(C)C(=O)NCCC(C)(C)C)cc2c1,1.9859533307774795,train,../data/images/BACE/587.png
588.0,CC(=O)NC(Cc1cc(F)cc(F)c1)C(O)C[NH2+]C1(c2cnn(CC(C)(C)C)c2)CC1,-0.04550552292159783,train,../data/images/BACE/588.png
589.0,CC(=O)NC(Cc1cc(F)cc(F)c1)C(O)C[NH2+]C1(c2cc(C(C)(C)C)ncn2)CCCCC1,-0.676315423539397,train,../data/images/BACE/589.png
590.0,COC(COCc1ccc(F)cc1)CC(O)C(COc1cc(F)cc(F)c1)NC(=O)c1cc(C(=O)NC(C)c2ccccc2)cc(N(C)S(C)(=O)=O)c1,-1.1341440047322686,train,../data/images/BACE/590.png
591.0,C[C@@]1(c2cccc(-c3cccnc3)c2)N=C(c2ccccc2)C(N)=[NH+]1,-1.8793153520180101,train,../data/images/BACE/591.png
592.0,Cc1cc(Cl)cnc1C(=O)Nc1ccc(F)c(C2(C)N=C(N)OCC2(F)F)c1,0.9296462688657082,train,../data/images/BACE/592.png
593.0,CN1C(=O)C(c2cccc(-c3cccnc3)c2)(c2ccc3c(c2)OCCO3)N=C1N,0.3902957187283724,train,../data/images/BACE/593.png
594.0,CC(C)(C)Cc1cnc2c(c1)C([NH2+]CC(O)C(Cc1ccc3c(c1)OCO3)NC(=O)c1ccc(F)nc1)CC1(CCC1)O2,0.5910428677245132,train,../data/images/BACE/594.png
595.0,CCn1ccc2c(N3CCCC3=O)cc(C(=O)N[C@@H](CC3=CC=CCC3)[C@H](O)C[NH2+]Cc3cccc(OC)c3)cc21,0.8318209195653833,train,../data/images/BACE/595.png
596.0,CC1(c2cc(NC(=O)c3ccc(Cl)cn3)ccc2F)N=C(N)OCC1(F)F,0.792143824076346,train,../data/images/BACE/596.png
597.0,Cc1cccnc1-c1ccc2nc(N)c(CC(C)C(=O)NCCC(C)(C)C)cc2c1,0.9492655126827209,train,../data/images/BACE/597.png
598.0,CCc1cn2c3c(cc(C(=O)NC(Cc4ccccc4)[C@H](O)C[NH2+]Cc4cccc(C(F)(F)F)c4)cc13)OS(=O)(=O)CC2,1.1735849649760908,train,../data/images/BACE/598.png
599.0,CCCCCOc1ccc(-c2ccc(-c3ccccc3Cl)n2Cc2ccc(NCCO)c(N)n2)cc1,0.1844749215799667,train,../data/images/BACE/599.png
600.0,CN1C(=O)[C@](c2ccccc2)(c2ccc(OC(F)F)cc2)N=C1N,0.1844749215799667,train,../data/images/BACE/600.png
601.0,CN1C(=O)CC(C)([C@H]2C[C@@H]2c2ccccc2)N=C1N,-1.969163642045641,train,../data/images/BACE/601.png
602.0,CC(=O)N[C@@H](Cc1cc(F)cc(F)c1)[C@H](O)C[NH2+]C1(c2cccc(C(C)(C)CF)c2)CC1,0.011632874679847659,train,../data/images/BACE/602.png
603.0,O=C(N[C@@H](Cc1ccccc1)[C@H](O)C[NH2+]Cc1cccc(C(F)(F)F)c1)c1cc(N2CCCC2=O)c(=O)n(C2CCCC2)c1,0.44501298010535195,train,../data/images/BACE/603.png
604.0,C=CCO/N=C(/C)c1cc(C(=O)N[C@@H](Cc2cc(F)cc(F)c2)[C@@H](O)C[NH2+]Cc2cccc(OC)c2)cc(N2CCCCS2(=O)=O)c1,0.3224253633833173,train,../data/images/BACE/604.png
605.0,O=C(OCc1ccccc1)[C@H]1C[C@]2(C[NH2+]1)C(=O)Nc1ccccc12,-1.8293747134942668,train,../data/images/BACE/605.png
606.0,Nc1cccc(Cn2c(-c3ccc(Oc4cncnc4)cc3)ccc2-c2ccccc2Cl)n1,0.3561986898392145,train,../data/images/BACE/606.png
607.0,CC#Cc1cccc([C@@]2(c3ccc(OC(F)F)cc3)N=C(N)N(C)C2=O)c1,0.8770509574172601,train,../data/images/BACE/607.png
608.0,C[C@]1(c2cc(NC(=O)c3ccc(C#N)cn3)ccc2F)N=C(N)O[C@H](C(F)(F)F)[C@@H]1F,1.0164625311983686,train,../data/images/BACE/608.png
609.0,CNC(=O)c1cc(C(=O)NC(COCc2cc(F)cc(F)c2)C(O)CC(C)C(=O)NC(C(=O)NCc2ccccc2)C(C)C)cc(N(C)S(C)(=O)=O)c1,-0.46376580364213593,train,../data/images/BACE/609.png
610.0,CCCCN(C)C(=O)n1cc(C(=O)NC(Cc2ccccc2)C(O)CNS(=O)(=O)c2cccc(OC)c2)c2cccnc21,-1.8793153520180101,train,../data/images/BACE/610.png
611.0,CCC(CC(=O)NC(COC(C)(C)C)C(=O)OC)n1c(N)nc2cc(Cl)ccc21,-1.7862143890594766,train,../data/images/BACE/611.png
612.0,CC(C)(O)c1cccc(C[NH2+]C2CS(=O)(=O)CC(Cc3cc(F)c(N)c(OC(C(F)(F)F)C(F)(F)F)c3)C2O)c1,1.6222223047030018,train,../data/images/BACE/612.png
613.0,N#Cc1ccc(C(=O)Nc2ccc(F)c([C@]3(CF)C[C@@H](C(F)(F)F)OC(N)=N3)c2)nc1,0.8936506924179362,train,../data/images/BACE/613.png
614.0,CN1C(=O)[C@@](c2ccc(OC(F)F)cc2)(c2ccc(F)c(OCCF)c2)N=C1N,0.29719512835551287,train,../data/images/BACE/614.png
615.0,CCCCNC(=O)NCc1ccc(CN2C(=N)NC(CCC3CCCCC3)(CC3CCCCC3)C2=O)cc1,-0.049225120218709575,train,../data/images/BACE/615.png
616.0,CN1C(=O)C(c2cccc(-c3cncnc3)c2)(c2cnn(C3CCCC3)c2)N=C1N,0.4716272218764703,train,../data/images/BACE/616.png
617.0,CCc1cc(C2(c3cccc(-c4cncnc4)c3)N=C(N)N(C)C2=O)cs1,0.42841324510467593,train,../data/images/BACE/617.png
618.0,CCC(CC(=O)NCC1CC1)n1c(N)nc2cc(Cl)ccc21,-2.16665811811088,train,../data/images/BACE/618.png
619.0,CC(=O)NC(Cc1cc(F)cc(F)c1)C(O)C[NH2+]C1(c2cccc(C(C)(C)C)c2)CCOCC1,0.5161647719953137,train,../data/images/BACE/619.png
620.0,COC(CNc1ccccc1)CC(O)C(COc1cc(F)cc(F)c1)NC(=O)c1cc(C(=O)NC(C)c2ccccc2)cc(N(C)S(C)(=O)=O)c1,-0.5201907741956902,train,../data/images/BACE/620.png
621.0,CCc1ccc2c(c1)C([NH2+]CC(O)C1Cc3cccc(c3)CCCCn3cc(cc(-c4ccccn4)c3=O)C(=O)N1)CC1(CCC1)O2,1.2721244864956538,train,../data/images/BACE/621.png
622.0,NC1=[NH+]C(c2cccc(-c3cccnc3F)c2)(c2ccc3c(c2)OCO3)C2=NCCCN21,0.2040941653969793,train,../data/images/BACE/622.png
623.0,CC1=C(C(=O)N[C@@H](Cc2ccccc2)[C@H](O)C[NH2+]C2CC2)[C@H](C)C(C(=O)N[C@H](C)c2ccccc2)=C(C)N1S(C)(=O)=O,-1.2882645902545848,train,../data/images/BACE/623.png
624.0,CCCOC1C[NH2+]C(C(O)C(Cc2cc(F)cc(F)c2)NC(=O)C(CCc2ccccc2)N2CCC(COC)C2=O)C1,0.8318209195653833,train,../data/images/BACE/624.png
625.0,CN1C(=O)C2(CC(C)(C)C(=O)c3ccc(-c4cncnc4)cc32)N=C1N,-0.27492813215258516,train,../data/images/BACE/625.png
626.0,COc1cccc(C[NH2+]C[C@H](O)[C@H](Cc2cc(F)cc(F)c2)NC(=O)c2cc(C(C)=O)cc(N3CCCCS3(=O)=O)c2)c1,0.3902957187283724,train,../data/images/BACE/626.png
627.0,CC(=O)NC(Cc1ccc(OC(F)(F)F)cc1)C(O)C[NH2+]C1CC2(CCC2)Oc2ncc(CC(C)(C)C)cc21,0.9924794894545159,train,../data/images/BACE/627.png
628.0,CCOC(C)C(=O)NC(Cc1cccc(-c2nccs2)c1)C(O)C[NH2+]C1CC2(CCC2)Oc2ncc(CC(C)(C)C)cc21,0.9492655126827209,train,../data/images/BACE/628.png
629.0,COc1cccc(-c2ccc(C3CC3c3cc(=O)n(C)c(N)n3)cc2)c1,-1.2498958666171118,train,../data/images/BACE/629.png
630.0,CC(C)(C)c1cccc(C[NH2+]C2CS(=O)(=O)CC(Cc3cc(F)c(N)c(OC4CCC4)c3)C2O)c1,1.0705253085810271,train,../data/images/BACE/630.png
631.0,COc1cc(F)cc(-c2ccc3c(c2)C2(CC(C)(C)O3)N=C(N)N(C)C2=O)c1,0.5161647719953137,train,../data/images/BACE/631.png
632.0,Cc1cc2cc(n1)OCCCCOc1cccc(c1)CC(C(O)C[NH2+]C(C)c1cccc(C(C)C)c1)NC2=O,0.41649952012140634,train,../data/images/BACE/632.png
633.0,COC(CNc1ccc(F)cc1)CC(O)C(COc1cc(F)cc(F)c1)NC(=O)c1cc(C(=O)NC(C)c2ccccc2)cc(N(C)S(C)(=O)=O)c1,-0.5201907741956902,train,../data/images/BACE/633.png
634.0,Cc1ccc(C(=O)Nc2ccc3c(c2)C2(CC(C)(C)O3)N=C(N)N(C)C2=O)o1,0.08664957227964172,train,../data/images/BACE/634.png
635.0,CC(=O)NC(Cc1cc(F)cc(F)c1)C(O)C[NH2+]C1(c2cccc(C(C)(C)C)c2)CCC(CCO)CC1,-1.1341440047322686,train,../data/images/BACE/635.png
636.0,CCc1cc(CC[NH3+])ccc1O,-2.4900159096236862,train,../data/images/BACE/636.png
637.0,CC(NC(=O)c1cc(C[NH2+]CC([NH3+])(CO)Cc2ccccc2)cc(N(C)S(C)(=O)=O)c1)c1ccc(F)cc1,-1.1373643372266986,train,../data/images/BACE/637.png
638.0,CN1CC(N)=NC(C)(c2cccc(NC(=O)c3ccc(C(F)(F)F)cn3)c2)C1=O,-0.4932066293677789,train,../data/images/BACE/638.png
639.0,CC(=O)C1=C(C)N(CC(=O)OC(C)C)C(C)=C(C(=O)N[C@@H](Cc2ccccc2)[C@H](O)C[NH2+]C2CC2)[C@@H]1C,-1.4820402141940598,train,../data/images/BACE/639.png
640.0,CC1(C)Cc2cc(Cl)ccc2C(NC(Cc2ccccc2)c2nnco2)=N1,-2.0782290069141545,train,../data/images/BACE/640.png
641.0,Cc1cc2cc(c1)C(=O)NC(C(O)C[NH2+]Cc1ccccc1)COC/C=C/CCNC2=O,-1.1341440047322686,train,../data/images/BACE/641.png
642.0,COc1cccc(C[NH2+]C[C@H](O)[C@H](Cc2cc(F)cc(F)c2)NC(=O)c2cccc(N(C)S(C)(=O)=O)c2)c1,0.44929965279774803,train,../data/images/BACE/642.png
643.0,COCC(Oc1cc(CC2CS(=O)CC([NH2+]Cc3cnn(CC(C)(C)C)c3)C2O)cc(F)c1N)C(F)(F)F,0.8612613727053529,train,../data/images/BACE/643.png
644.0,CCC(=O)c1cc([C@@]2(c3cccc(-c4cccnc4F)c3)N=C(N)N(C)C2=O)cs1,-0.7445098539033861,train,../data/images/BACE/644.png
645.0,CCCCCCN1C(=O)C(c2ccccc2)(C2CCCCC2)N=C1N,-0.4955432631614625,train,../data/images/BACE/645.png
646.0,CCC(=O)NC(Cc1cccc(-c2nccs2)c1)C(O)C[NH2+]C1CC2(CCC2)Oc2ncc(CC(C)(C)C)cc21,1.0705253085810271,train,../data/images/BACE/646.png
647.0,C[NH2+]C(CO)(COC(=O)c1cc(C(=O)NC(C)c2ccc(F)cc2)cc(N(C)S(C)(=O)=O)c1)Cc1ccccc1,-1.8793153520180101,train,../data/images/BACE/647.png
648.0,CC(=O)NC(Cc1cc(F)cc(F)c1)C(O)C[NH2+]C1(c2cccc(C3CCCC3)c2)CCCCC1,-0.3689482639679954,train,../data/images/BACE/648.png
649.0,CC(=O)NC(Cc1cc(F)cc(F)c1)C(O)C[NH2+]C1(c2cccc(-n3cccn3)c2)CCOC1,-0.6722952986379253,train,../data/images/BACE/649.png
650.0,CCCCOc1ccc(CSC(N)=[NH2+])cc1Cl,-2.1194240164376135,train,../data/images/BACE/650.png
651.0,CCC(CC(=O)NC(C)C)n1c(N)nc2cc(Cl)ccc21,-2.506738225310991,train,../data/images/BACE/651.png
652.0,CCCc1cscc1CC(NC1=NC(C)(C)Cc2cc(Cl)ccc21)C(=O)[O-],-0.22900657529042778,train,../data/images/BACE/652.png
653.0,C[C@]1(c2cc(NC(=O)c3ccc(C#N)cn3)ccc2F)N=C(N)OC[C@@H]1F,0.7681607823324934,train,../data/images/BACE/653.png
654.0,CCOc1ccc(C2(c3cccc(-c4cccnc4F)c3)[NH+]=C(N)N3CCCN=C32)cc1OCC,0.42841324510467593,train,../data/images/BACE/654.png
655.0,CN1C(=O)C(c2ccsc2)(c2cccc(-c3cccnc3F)c2)N=C1N,0.6527323248123719,train,../data/images/BACE/655.png
656.0,CC(C)C(=O)Nc1c(Cl)cc(CNC(=[NH2+])NC(=O)Cn2ccc3ccccc32)cc1Cl,-0.5644817471157169,train,../data/images/BACE/656.png
657.0,CN1C(=O)[C@@](c2ccc(OC(F)F)cc2)(c2cccc(C#CC3CCCCC3)c2)N=C1N,-0.03018323516157416,train,../data/images/BACE/657.png
658.0,NC1=NC(c2ccc(OC(F)F)cc2)(c2cccc(C#COCCCF)c2)C2=NCC(F)(F)CN12,0.5275880997149354,train,../data/images/BACE/658.png
659.0,CCCc1scc(-c2cn[nH]c2)c1CC(NC1=NC(C)(C)Cc2cc(Cl)ccc21)C(=O)[O-],1.1735842198047441,train,../data/images/BACE/659.png
660.0,CC(=O)NC(Cc1cc(F)cc(F)c1)C(O)C[NH2+]C1(c2cccc(N3CC4CC3CO4)c2)CC1,-0.6722952986379253,train,../data/images/BACE/660.png
661.0,CCc1cn2c3c(cc(C(=O)NC(Cc4ccccc4)C(O)C[NH2+]Cc4cccc(OC)c4)cc13)N(C)S(=O)(=O)C2,1.1735849649760908,train,../data/images/BACE/661.png
662.0,C[C@@]1(c2cc(NC(=O)c3ccc(C#N)cn3)ccc2F)C[C@H](C(F)(F)F)OC(N)=N1,-0.30690067753063094,train,../data/images/BACE/662.png
663.0,COCC(Oc1cc(CC2CS(=O)CC([NH2+]CCCOC(C)(C)C)C2O)cc(F)c1N)C(F)(F)F,-1.1341440047322686,train,../data/images/BACE/663.png
664.0,CN1C(=O)C(c2cccc(-c3cccnc3)c2)(c2ccc3c(c2)OCO3)N=C1N,0.059665054866057145,train,../data/images/BACE/664.png
665.0,Cc1cc([C@]2(c3cccc(C#CC4CC4)c3)N=C(N)N(C)C2=O)ccc1OC(F)F,0.8462066014590045,train,../data/images/BACE/665.png
666.0,C#Cc1cccc(CC(NC(=O)COC)C(O)C[NH2+]C2CC3(CCC3)Oc3ncc(CC(C)(C)C)cc32)c1F,1.0705253085810271,train,../data/images/BACE/666.png
667.0,CC(NC(=O)c1cc(CNC(=O)C([NH3+])(CO)Cc2ccccc2)cc(N(C)S(C)(=O)=O)c1)c1ccc(F)cc1,-1.3261586397438376,train,../data/images/BACE/667.png
668.0,CN1C(=O)C[C@@](C)(CCc2ccccc2)N=C1N,-1.5939151731103796,train,../data/images/BACE/668.png
669.0,NC1=NC(c2ccncc2)(c2cccc(-c3cncnc3)c2)c2ccccc21,-0.16465357773883113,train,../data/images/BACE/669.png
670.0,C[C@@H](NC(=O)c1cc(-c2nnc([C@](C)([NH3+])Cc3ccccc3)o2)cc(N(C)S(C)(=O)=O)c1)c1ccc(F)cc1,1.0423664756412545,train,../data/images/BACE/670.png
671.0,CN1C(=O)C2(CC(C)(C)Oc3ccc(-c4cc(F)cc(Cl)c4)cc32)N=C1N,0.6609257073271829,train,../data/images/BACE/671.png
672.0,CC(C)c1cc(C2(c3cccc(-c4cncnc4)c3)N=C(N)N(C)C2=O)ccn1,0.4716272218764703,train,../data/images/BACE/672.png
673.0,CCc1ccc2c(c1)[C@@H]([NH2+]C[C@@H](O)[C@@H]1Cc3cccc(c3)CCCCn3cc(ccc3=O)C(=O)N1)CC1(CCC1)O2,1.5500081220232136,train,../data/images/BACE/673.png
674.0,CC(=O)NC(Cc1cc(F)cc(F)c1)C(O)C[NH2+]C1(c2cccc(N3CCCOCC3=O)c2)CCCCC1,-0.29587169448799355,train,../data/images/BACE/674.png
675.0,CN1C(=O)[C@@](c2ccc(OC(F)F)cc2)(c2ccc(F)c(C#CCCCF)c2)N=C1N,0.9924794894545159,train,../data/images/BACE/675.png
676.0,CC(C)(C)c1cccc(C[NH2+]C2CS(=O)(=O)CC(Cc3cc(O)c(N)c(F)c3)C2O)c1,0.29719512835551287,train,../data/images/BACE/676.png
677.0,CC(C)CNC(=O)[C@H](C)C[C@H](O)[C@H](CC(C)C)NC(=O)[C@H](Cc1ccc([N+](=O)[O-])cc1)NC(=O)/C=C/c1ccc(C(F)(F)F)cc1,-0.8201578606686012,train,../data/images/BACE/677.png
678.0,CC1(C)Cc2cc(Cl)ccc2C(NC(Cc2cscc2CCC2CC2)C(=O)[O-])=N1,-0.2070574042218567,train,../data/images/BACE/678.png
679.0,NC1=NC2(c3cccc(Br)c3)CCCCC2O1,-2.1036342081743022,train,../data/images/BACE/679.png
680.0,CC(NC(=O)c1cc(COCC([NH3+])(Cc2ccccc2)C(F)F)cc(N(C)S(C)(=O)=O)c1)c1ccc(F)cc1,-0.363742422418722,train,../data/images/BACE/680.png
681.0,CC(C)CC(CC(=O)NCc1cccc(F)c1)n1c(N)nc2cc(Cl)ccc21,-1.679902804904858,train,../data/images/BACE/681.png
682.0,CC[C@@H](C)Cc1cccc([C@@]2(c3ccc(OC(F)F)cc3)N=C(N)N(C)C2=O)c1,0.3253539612952855,train,../data/images/BACE/682.png
683.0,COc1cccc(-c2cccc(C34CCOCC3OC(N)=N4)c2)c1,-1.5584252699388752,train,../data/images/BACE/683.png
684.0,COCCOC[C@@H](Oc1cc(CC2CS(=O)(=O)CC([NH2+]Cc3cccc(C(C)(C)C)c3)C2O)cc(F)c1N)C(F)(F)F,1.39790329951244,train,../data/images/BACE/684.png
685.0,CS(=O)(=O)N(c1cccnc1)c1cccc(C(=O)NC(Cc2ccccc2)C(O)C[NH2+]Cc2cccc(C(F)(F)F)c2)c1,0.8048364021517987,train,../data/images/BACE/685.png
686.0,CC(C)CNC(=O)[C@H](C)C[C@H](O)[C@H](CC(C)C)NC(=O)[C@H](Cc1ccc([N+](=O)[O-])cc1)NC(=O)c1ccc(Cl)cc1Cl,-0.8564678994249281,train,../data/images/BACE/686.png
687.0,CN1C(=O)C(c2ccncc2)(c2cccc(-c3ccsc3)c2)N=C1N,0.07287604864781626,train,../data/images/BACE/687.png
688.0,CN1C(=O)C2(CC(C)(C)Sc3ccc(-c4cncnc4)cc32)N=C1N,0.5937287633286702,train,../data/images/BACE/688.png
689.0,CC(=O)NC(Cc1cc(F)cc(F)c1)C(O)C[NH2+]C1(c2cccc(-c3ccoc3)c2)CCCCC1,0.29719512835551287,train,../data/images/BACE/689.png
690.0,CCC[C@H]1C(C(=O)N[C@@H](Cc2ccccc2)[C@H](O)CNc2cccc(OC)c2)=CN(CC(=O)OC(C)C)C=C1C(=O)OC(C)(C)C,-1.4939674267787153,train,../data/images/BACE/690.png
691.0,CC1(c2cc(NC(=O)c3ccc(Cl)cn3)ccc2F)CCCOC(N)=N1,0.9924794894545159,train,../data/images/BACE/691.png
692.0,COc1ccc(C2(c3cccc(-c4cncnc4)c3)N=C(N)N3CC(F)(F)CN=C32)cc1,0.3561986898392145,train,../data/images/BACE/692.png
693.0,COc1ccc(C2(c3cccc(-c4cncnc4)c3)N=C(N)C(C(C)C)=N2)cc1,-0.6290813218661302,train,../data/images/BACE/693.png
694.0,COC(=O)[C@@H]1CCCN1C(=O)[C@@H](Cc1ccccc1)N(C)C(=O)[C@H](C)NC(=O)[C@H](CC(C)C)NC(=O)C[C@H](O)[C@H](Cc1ccccc1)NC(=O)c1cc(C(=O)N[C@H](C)c2ccccc2)cc(N(C)S(C)(=O)=O)c1,0.5369800903418553,train,../data/images/BACE/694.png
695.0,COc1ccc(C2(c3cccc(-c4cncnc4)c3)N=C(C)C(N)=N2)cc1C,0.3660561144896492,train,../data/images/BACE/695.png
696.0,COc1ccc2c(c1)C1(COC(N)=N1)c1cc(-c3cccc(Cl)c3F)ccc1O2,-0.4397827618982833,train,../data/images/BACE/696.png
697.0,CC(C)COc1ccc2c(c1)[C@]1(COC(N)=N1)c1cc(-c3cncnc3)ccc1O2,1.1735842198047441,train,../data/images/BACE/697.png
698.0,Nc1cccc(Cn2c(-c3ccc(Oc4ccccc4)cc3)ccc2-c2ccccc2Cl)n1,-0.3363777185837523,train,../data/images/BACE/698.png
699.0,CCCCOc1ccc(-c2ccc(-c3ccccc3Cl)n2Cc2cccc(N)n2)cc1,-0.5510355027396191,train,../data/images/BACE/699.png
700.0,CCn1cc(C2(c3ccc(F)c(-c4cncnc4)c3)N=C(N)N(C)C2=O)cn1,0.6527323248123719,train,../data/images/BACE/700.png
701.0,CC(C)(C)c1cccc(C[NH2+]C2CS(=O)(=O)CC(Cc3ccc(N)c(Br)c3)C2O)c1,0.2473081421687744,train,../data/images/BACE/701.png
702.0,CC(=O)NC(Cc1cc(F)cc(F)c1)C(O)C[NH2+]C1(c2ccc(Br)c(C(C)(C)C)c2)CCCCC1,-1.0140589714629589,train,../data/images/BACE/702.png
703.0,NC1=[NH+][C@@](c2ccc(OC(F)(F)F)cc2)(c2cccc(-c3cncnc3)c2)C2=NCCCN21,-0.3126871565937089,train,../data/images/BACE/703.png
704.0,N#Cc1cccc(-c2cccc(C34CCOCC3OC(N)=N4)c2)c1,-1.6308142698167356,train,../data/images/BACE/704.png
705.0,COc1cc(Cl)cc(C[NH+]2CCC(NC(=O)COc3ccc(S(N)(=O)=O)cc3)CC2)c1OC(C)C,-2.0510393438286623,train,../data/images/BACE/705.png
706.0,CCC[C@H](Cc1cc2cc(-c3ccccc3C)ccc2nc1N)C(=O)NCC1CCCCC1,1.0705253085810271,train,../data/images/BACE/706.png
707.0,CC(C)(C)Cc1cnc2c(c1)C([NH2+]CC(O)C(Cc1cccc(-c3nccs3)c1)NC(=O)[C@@H]1CCCO1)CC1(CCC1)O2,1.128354181952868,train,../data/images/BACE/707.png
708.0,CC(C)(CO)c1cccc(C[NH2+]C2CS(=O)(=O)CC(Cc3cc(F)c(N)c(OC(C(F)(F)F)C(F)(F)F)c3)C2O)c1,1.6222223047030018,train,../data/images/BACE/708.png
709.0,CC1(C)Cc2cc(Cl)ccc2C(N[C@@H](Cc2ccccc2)c2noc(=O)[n-]2)=[NH+]1,-0.29587169448799355,train,../data/images/BACE/709.png
710.0,CC(=O)NC(Cc1cc(F)cc(F)c1)C(O)C[NH2+]C1(c2cc(Br)cc(C(C)(C)C)c2)CCCCC1,0.17694839290384196,train,../data/images/BACE/710.png
711.0,COCC(Oc1cc(CC2CS(=O)CC([NH2+]Cc3cccc(OC(F)(F)F)c3)C2O)cc(F)c1N)C(F)(F)F,0.11302252756850936,train,../data/images/BACE/711.png
712.0,Cn1c(N)nc(CCc2ccccc2)cc1=O,-2.0529374442844683,train,../data/images/BACE/712.png
713.0,CC(C)CNC(=O)[C@H](C)[NH2+]C[C@H](Cc1ccccc1)NC(=O)c1cc(C(=O)N[C@H](C)c2ccc(F)cc2)cc(N(C)S(C)(=O)=O)c1,1.1735842198047441,train,../data/images/BACE/713.png
714.0,CC(=O)NC(Cc1ccc(F)c(C)c1)C(O)C[NH2+]C1CC2(CCC2)Oc2ncc(CC(C)(C)C)cc21,1.39790329951244,train,../data/images/BACE/714.png
715.0,COCCCC1NC(=O)c2cc(cc(N(C)S(C)(=O)=O)c2)C(=O)NC(C(O)CC(C(=O)NCC(C)C)C(C)C)COCc2cccc1c2,-0.5966920021535469,train,../data/images/BACE/715.png
716.0,CC(C)c1ccnc(C[NH2+]C2CS(=O)(=O)CC(Cc3ccc(O)c(Br)c3)C2O)c1,-0.8610153075717393,train,../data/images/BACE/716.png
717.0,CCOc1cccc(-c2ccc3c(c2)C2(CC(C)(C)O3)N=C(N)N(C)C2=O)c1,0.4716272218764703,train,../data/images/BACE/717.png
718.0,NC1=NC(c2cccc(-c3cncnc3)c2)(c2ccnc(C(F)(F)F)c2)c2cccc(F)c21,0.07153049274602288,train,../data/images/BACE/718.png
719.0,CC(C)Oc1cccc(C[NH2+]C2CS(=O)(=O)CC(Cc3ccc(O)c(Br)c3)C2O)c1,-0.49786320511696713,train,../data/images/BACE/719.png
720.0,CC(NC(=O)c1cc(-c2nnc(C(C)([NH3+])Cc3ccccc3)s2)cc(N(C)S(C)(=O)=O)c1)c1ccc(F)cc1,-1.488600628218429,train,../data/images/BACE/720.png
721.0,COc1ccc(F)c(-c2cccc(C3(c4ccncc4)N=C(N)N4CC(F)(F)CN=C43)c2)c1,0.758591217373515,train,../data/images/BACE/721.png
722.0,N#Cc1ccc(C(=O)Nc2ccc(F)c([C@@]3(CF)N=C(N)OC[C@@H]3F)c2)nc1,0.4407824933325413,train,../data/images/BACE/722.png
723.0,CC(=O)NC(Cc1cc(F)cc(F)c1)C(O)C[NH2+]C1(c2cncc(CC(C)(C)C)c2)CC1,-0.30856464514912024,train,../data/images/BACE/723.png
724.0,CC(C)c1cccc(C[NH2+]CC(O)C2COCCCCCCNC(=O)c3cc(cc(N(C)S(C)(=O)=O)c3)C(=O)N2)c1,0.9111483588920913,train,../data/images/BACE/724.png
725.0,CCCc1cscc1C[C@H](NC1=[NH+]C(C)(C)Cc2cc(Cl)ccc21)C(=O)[O-],-0.22900657529042778,train,../data/images/BACE/725.png
726.0,CC(=O)NC(Cc1ccc(C)c(F)c1)C(O)C[NH2+]C1CC2(CCC2)Oc2ncc(CC(C)(C)C)cc21,1.8497940573415999,train,../data/images/BACE/726.png
727.0,CCCC(O)C1CCN(C(CCc2ccccc2)C(=O)NC(Cc2cc(F)cc(F)c2)C(O)C2CC(O)C[NH2+]2)C1=O,0.9492655126827209,train,../data/images/BACE/727.png
728.0,Cc1cc(C2(c3cccc(-c4cncnc4)c3)N=C(N)N(C)C2=O)cs1,0.2473081421687744,train,../data/images/BACE/728.png
729.0,COc1ccc(C2(c3cccc(-c4cccc(Cl)c4)c3)COC(N)=N2)cc1,-0.622857427222196,train,../data/images/BACE/729.png
730.0,CC(C)(C)c1cccc(C[NH2+]C2CS(=O)(=O)CC(Cc3ccc4[nH]ncc4c3)C2O)c1,-0.509219392898198,train,../data/images/BACE/730.png
731.0,CC#Cc1cncc(-c2cccc(C3(c4ccnc(C(F)F)c4)N=C(N)c4c(F)cccc43)c2)c1,1.2412801305373982,train,../data/images/BACE/731.png
732.0,CN1C(=O)C2(CC(C)(C)Oc3ccc(-c4ccsn4)cc32)N=C1N,-0.16530031195113998,train,../data/images/BACE/732.png
733.0,COc1cccc(C[NH2+]C[C@H](O)[C@H](Cc2cc(F)cc(F)c2)NC(=O)c2cc(C(C)O)cc(N3CCCCS3(=O)=O)c2)c1,0.6293273869997439,train,../data/images/BACE/733.png
734.0,CC(=O)Nc1c(Cl)cc(C/N=C(\N)NC(=O)Cn2ccc3ccccc32)cc1Cl,-0.3921929899409571,train,../data/images/BACE/734.png
735.0,Cc1cc(C2(c3cccc(-c4cncnc4)c3)N=C(N)c3c(F)cccc32)cc(C)n1,-0.4932066293677789,train,../data/images/BACE/735.png
736.0,CC(C)(C)c1cccc(C[NH2+]C2CS(=O)CC(Cc3cc(O)c(N)c(F)c3)C2O)c1,-0.183511107404648,train,../data/images/BACE/736.png
737.0,CN1C(=O)[C@@](c2ccc(OC(F)F)cc2)(c2cccc([C@H](F)CCCF)c2)N=C1N,0.42841324510467593,train,../data/images/BACE/737.png
738.0,CCCc1cccc(C2(c3ccc(OC(F)(F)F)cc3)[NH+]=C(N)N3CCCN=C32)c1,-0.5047245193313702,train,../data/images/BACE/738.png
739.0,CC(C)CNC(=O)[C@H](C)C[C@H](O)[C@H](CC(C)C)NC(=O)[C@H](Cc1ccccc1)NC(=O)c1ccccc1,-1.0154628742812448,train,../data/images/BACE/739.png
740.0,COc1cccnc1N1CC2C(=O)N(C)C(N)=NC2(c2cc(-c3cccc(C#N)c3)cs2)C1,1.4910041879538387,train,../data/images/BACE/740.png
741.0,CN1C(=O)[C@@](c2ccc(OC(F)F)cc2)(c2cccc(C#CCCCCF)c2)N=C1N,0.6527323248123719,train,../data/images/BACE/741.png
742.0,C#CCOc1cnc(C(=O)Nc2ccc(F)c(C3(C)N=C(N)OCC3(F)F)c2)cn1,1.0164625311983686,train,../data/images/BACE/742.png
743.0,CCCCN(C)C(=O)n1cc(C(=O)NC(Cc2cc(F)cc(F)c2)C(O)C[NH2+]Cc2cccc(OC)c2)c2cccnc21,0.7149881121241674,train,../data/images/BACE/743.png
744.0,CC1=C(C(=O)NOCc2ccccc2)[C@@H](c2ccccc2)C(C(=O)N[C@@H](Cc2ccccc2)[C@H](O)C[NH2+]C2CC2)=C(C)N1S(C)(=O)=O,-1.3803589012400699,train,../data/images/BACE/744.png
745.0,CC(=O)N[C@@H](Cc1cc(F)cc(F)c1)[C@H](O)C[NH2+]Cc1cccc(C(C)(C)C)c1,-0.47388016337311456,train,../data/images/BACE/745.png
746.0,Cc1ccnc(C(Cc2ccccc2)NC2=NC(C)(C)Cc3cc(Cl)ccc32)n1,-2.175848763439763,train,../data/images/BACE/746.png
747.0,COC[C@H]1CCCN1C(=O)n1cc(C(=O)N[C@@H](Cc2cc(F)cc(F)c2)[C@H](O)C[NH2+]Cc2cccc(OC)c2)c2cccnc21,1.101370037124956,train,../data/images/BACE/747.png
748.0,CCCN(CCC)C(=O)c1cc(C)cc(C(=O)N[C@@H](Cc2cc(F)cc(F)c2)[C@H](O)[C@H]2C[C@@H](OCC)CC[NH2+]2)c1,1.2167981965765378,train,../data/images/BACE/748.png
749.0,NC1=NC(c2cccc(-c3cncnc3)c2)(c2ccnc(C(F)(F)F)c2)c2ccccc21,0.26148383477673,train,../data/images/BACE/749.png
750.0,CN1C(=O)[C@@](c2ccc(OC(F)F)cc2)(c2cccc(C#CCCF)c2)N=C1N,1.101370037124956,train,../data/images/BACE/750.png
751.0,CCCCCN(C)C(=O)n1cc(C(=O)NC(Cc2cc(F)cc(F)c2)C(O)C[NH2+]Cc2cccc(OC)c2)c2cccnc21,0.7249468800778333,train,../data/images/BACE/751.png
752.0,CC(=O)NC(Cc1cc(F)cc(F)c1)C(O)C[NH2+]C1(c2cccs2)CCCCC1,-1.4896812011891276,train,../data/images/BACE/752.png
753.0,CCC(C)C1(NC(C)=O)CCN(C(CCc2ccccc2)C(=O)NC(Cc2cc(F)cc(F)c2)C(O)C2CC(OCc3cccnc3)C[NH2+]2)C1=O,1.7376512093259315,train,../data/images/BACE/753.png
754.0,CCCOc1ccc(-c2ccc(-c3ccccc3Cl)n2Cc2cccc(N)n2)cc1,-0.43420306788407725,train,../data/images/BACE/754.png
755.0,CC(=O)NC(Cc1cc(F)cc(F)c1)C(O)C[NH2+]C1(c2cccc(C(C)(C)C)c2)CCC(=O)NC1,0.6005420885083078,train,../data/images/BACE/755.png
756.0,COc1cccc(-c2cccc(C3(C)N=C(N)CCS3)c2)c1,-0.23944709652011337,train,../data/images/BACE/756.png
757.0,CC(=O)NC(Cc1ccc2c(c1)OCCO2)C(O)C[NH2+]C1CC2(CCC2)Oc2ncc(CC(C)(C)C)cc21,0.8346471309342339,train,../data/images/BACE/757.png
758.0,CCCN(CCC)C(=O)c1cc(C)cc(C(=O)NC(Cc2cc(F)cc(F)c2)C(O)C2C[NH2+]CC[NH2+]2)c1,-0.1581155933720154,train,../data/images/BACE/758.png
759.0,NC(=[NH2+])NC(=O)Cn1c(-c2ccccc2)ccc1-c1ccc(NC(=O)c2cccc(Br)c2)cc1,-0.22365713922253277,train,../data/images/BACE/759.png
760.0,CN1C(=O)C(c2cccc(NC(=O)c3ccc4c(c3)OCO4)c2)(C2CCCCC2)N=C1N,-0.07583928747269365,train,../data/images/BACE/760.png
761.0,CN1CC(N)=NC(C)(c2cccc(NC(=O)c3ccc(C#N)cn3)c2)C1=O,-0.3219745996806047,train,../data/images/BACE/761.png
762.0,CC(C)CCn1cc(C2(c3cccc(-c4cccnc4F)c3)N=C(N)N(C)C2=O)cn1,0.9492655126827209,train,../data/images/BACE/762.png
763.0,CCCN(CCC)C(=O)c1cc(Sc2ccccc2)cc(C(=O)NC(Cc2cc(F)cc(F)c2)C(O)C[NH2+]Cc2cccc(OC)c2)c1,1.0164625311983686,train,../data/images/BACE/763.png
764.0,CC[C@@H](CC(=O)NC1C2CC3CC(C2)CC1C3)n1c(N)nc2cc(Cl)ccc21,-1.0964308083290024,train,../data/images/BACE/764.png
765.0,CCCN(CCC)C(=O)c1cc(Oc2ccc(OC)cc2)cc(C(=O)NC(Cc2cc(F)cc(F)c2)C(O)C[NH2+]Cc2cccc(OC)c2)c1,1.101370037124956,train,../data/images/BACE/765.png
766.0,CC(=O)Nc1c(Cl)cc(CNC(=[NH2+])NC(=O)Cn2ccc3cc(Br)ccc32)cc1Cl,0.33734160727620593,train,../data/images/BACE/766.png
767.0,CC(=O)NC(Cc1cc(F)cc(F)c1)C(O)C[NH2+]C1(c2cn(C34CC5CC(CC(C5)C3)C4)nn2)CCCCC1,-0.08590103810655396,train,../data/images/BACE/767.png
768.0,Cc1ccccc1-c1ccc2nc(N)c(CC(C)C(=O)NCc3cccnc3)cc2c1,0.39756851656074627,train,../data/images/BACE/768.png
769.0,COc1cncc(-c2cccc(C3(c4ccc(OC(F)F)cc4)N=C(N)N4CC(F)(F)CN=C43)c2)c1,0.9970461230220867,train,../data/images/BACE/769.png
770.0,CC(NC(=O)c1cc(C(=O)NC(COc2cc(F)cc(F)c2)C(O)C[C@H](C)C(=O)NC(C(=O)NCc2ccccc2)C(C)C)cc(N(C)S(C)(=O)=O)c1)c1ccccc1,1.101370037124956,train,../data/images/BACE/770.png
771.0,CCCCN(C)C(=O)n1cc(C(=O)NC(Cc2cc(F)cc(F)c2)C(O)C2Cc3ccccc3C[NH2+]2)c2cccnc21,-0.4479762189302287,train,../data/images/BACE/771.png
772.0,COCC(=O)NC(Cc1cccc(-c2nccs2)c1F)C(O)C[NH2+]C1CC2(CCC2)Oc2ncc(CC(C)(C)C)cc21,0.4670367428257864,train,../data/images/BACE/772.png
773.0,C[C@@H](O)C#Cc1cccc([C@@]2(c3ccc(OC(F)F)cc3)N=C(N)N(C)C2=O)c1,0.8770509574172601,train,../data/images/BACE/773.png
774.0,CC#Cc1cncc(-c2cccc([C@]3(C4CC4)N=C(C)C(N)=[NH+]3)c2)c1,0.4324841906920327,train,../data/images/BACE/774.png
775.0,CC(=O)N[C@@H](Cc1cc(F)cc(F)c1)[C@H](O)C[NH2+]C1(c2cccc(-n3cccn3)c2)CCOCC1,0.3253539612952855,train,../data/images/BACE/775.png
776.0,CC(C)(C)c1cccc(C[NH2+]C2CS(=O)(=O)CC(Cc3cccc(Br)c3)C2O)c1,-0.22900657529042778,train,../data/images/BACE/776.png
777.0,NC1=NC2(c3cccc(NC(=O)c4ccccn4)c3)CCOCC2O1,-2.1036342081743022,train,../data/images/BACE/777.png
778.0,NC1=NC2(c3cccc(NC(=O)c4ccc(F)cn4)c3)CCOCC2O1,-1.4591598024927859,train,../data/images/BACE/778.png
779.0,NC1=[NH+][C@](c2ccc(OC(F)(F)F)cc2)(c2cccc(CCC3CC3)c2)C2=NCCCN21,0.11609002541961135,train,../data/images/BACE/779.png
780.0,COCC#Cc1cccc([C@@]2(c3ccc(OC(F)F)cc3)N=C(N)N(C)C2=O)c1,0.8770509574172601,train,../data/images/BACE/780.png
781.0,COCCN(C)C(=O)n1cc(C(=O)NC(Cc2cc(F)cc(F)c2)C(O)C[NH2+]Cc2cccc(OC)c2)c2cccnc21,0.45804669762359174,train,../data/images/BACE/781.png
782.0,Cc1cc(C2(c3cccc(-c4cncnc4)c3)N=C(N)N(C)C2=O)cc(C(C)C)n1,0.0006614933823555032,train,../data/images/BACE/782.png
783.0,COC1CCC([NH2+]CC(O)C(Cc2cc(F)cc(F)c2)NC(C)=O)(c2cccc(C(C)(C)C)c2)CC1,0.2473081421687744,train,../data/images/BACE/783.png
784.0,Nc1cccc(Cn2c(-c3ccc(Oc4cnccn4)cc3)ccc2-c2ccccc2Cl)n1,-0.1376695074280542,train,../data/images/BACE/784.png
785.0,CCCCn1cc(C(=O)NC(Cc2ccccc2)C(O)C[NH2+]Cc2cccc(OC)c2)c2ccccc21,-1.5661819820441767,train,../data/images/BACE/785.png
786.0,COCC(Oc1cc(CC2CS(=O)CC([NH2+]Cc3cccc(OC(C)C)c3)C2O)cc(F)c1N)C(F)(F)F,0.42841324510467593,train,../data/images/BACE/786.png
787.0,CCn1nnc2c(N3CCCC3=O)cc(C(=O)NC(Cc3ccccc3)C(O)C[NH2+]Cc3cccc(C(F)(F)F)c3)cc21,0.7053271891580123,train,../data/images/BACE/787.png
788.0,CN1C(=O)[C@@](c2ccc(OC(F)F)cc2)(c2cccc(C#CCCO)c2)N=C1N,1.101370037124956,train,../data/images/BACE/788.png
789.0,COCC(Oc1cc(CC2CS(=O)CC([NH2+]Cc3cc(C(C)(C)C)ccn3)C2O)cc(F)c1N)C(F)(F)F,0.0923273308431509,train,../data/images/BACE/789.png
790.0,CC(=O)NC(Cc1cccc(C(F)(F)F)c1)C(O)C[NH2+]C1CC2(CCC2)Oc2ncc(CC(C)(C)C)cc21,1.5632191158049733,train,../data/images/BACE/790.png
791.0,CC(=O)N[C@@H](Cc1cc(F)cc(F)c1)[C@H](O)C[NH2+]C1(c2cccc(-n3cccn3)c2)CCCCC1,0.5269531392099129,train,../data/images/BACE/791.png
792.0,COc1ccc([C@]2(C34CC5CC(CC(C5)C3)C4)N=C(N)N(C)C2=O)cc1C,0.1844749215799667,train,../data/images/BACE/792.png
793.0,COCC(=O)NC(Cc1cccc(-c2cscn2)c1)C(O)C[NH2+]C1CC2(CCC2)Oc2ncc(CC(C)(C)C)cc21,1.2214550703942666,train,../data/images/BACE/793.png
794.0,COC[C@H]1CCCCN1C(=O)n1cc(C(=O)N[C@@H](Cc2cc(F)cc(F)c2)[C@H](O)C[NH2+]Cc2cccc(OC)c2)c2cccnc21,0.7458328406680971,train,../data/images/BACE/794.png
795.0,CCCCc1cccc([C@@]2(c3ccc(OC(F)F)cc3)N=C(N)N(C)C2=O)c1,0.7458328406680971,train,../data/images/BACE/795.png
796.0,CCC(CC(=O)NCc1ccc(F)cc1)n1c(N)nc2cc(Cl)ccc21,-2.1934824982019334,train,../data/images/BACE/796.png
797.0,O=C([C@@H]1C[NH2+]C[C@]12CCCc1ccccc12)N1CC[C@@H](c2ccccc2)C[C@H]1c1ccccc1,0.22498057309005143,train,../data/images/BACE/797.png
798.0,C=C1CCC([NH2+]CC(O)C(Cc2cc(F)cc(F)c2)NC(C)=O)(c2cccc(C(C)(C)C)c2)CC1,0.5937287633286702,train,../data/images/BACE/798.png
799.0,CN(c1cc2cc(c1)C(=O)NC(C(O)C[NH2+]Cc1ccccc1)COCCCCCNC2=O)S(C)(=O)=O,-0.9286824546903896,train,../data/images/BACE/799.png
800.0,CS(=O)(=O)N(c1ccncc1)c1cccc(C(=O)NC(Cc2ccccc2)C(O)C[NH2+]Cc2cccc(C(F)(F)F)c2)c1,0.11609002541961135,train,../data/images/BACE/800.png
801.0,CCc1cn(C)c2c(N3CCCC3=O)cc(C(=O)NC(Cc3ccccc3)C(O)C[NH2+]Cc3cccc(C(F)(F)F)c3)cc12,0.6527323248123719,train,../data/images/BACE/801.png
802.0,COc1cccnc1-c1ccc2nc(N)c(CC(C)C(=O)NCCC(C)(C)C)cc2c1,0.3660561144896492,train,../data/images/BACE/802.png
803.0,Cn1c(N)nc(C2CC2c2ccc(-c3cccc(OCC4CC4)c3)cc2)cc1=O,-1.5311373187526756,train,../data/images/BACE/803.png
804.0,CCS(=O)(=O)c1cc(C(=O)NC(Cc2ccccc2)C(O)C[NH2+]Cc2cccc(C(F)(F)F)c2)cc(N(c2ccccc2)S(C)(=O)=O)c1,0.9924794894545159,train,../data/images/BACE/804.png
805.0,CC(NC(=O)c1cc(N(C)S(C)(=O)=O)cc(S(=O)(=O)CCC([NH3+])(CO)Cc2ccccc2)c1)c1ccc(F)cc1,-1.8793153520180101,train,../data/images/BACE/805.png
806.0,CC(=O)NC(Cc1cc(F)cc(F)c1)C(O)C[NH2+]C1(c2cc(C(C)(C)C)no2)CCCCC1,-0.8726206061343674,train,../data/images/BACE/806.png
807.0,COC(=O)[C@@H]1CCCN1C(=O)[C@@H](CC1CCCCC1)N(C)C(=O)[C@H](C)NC(=O)[C@H](CC(C)C)NC(=O)C[C@H](O)[C@H](CC1CCCCC1)NC(=O)[C@@H]1C[C@H](NS(C)(=O)=O)C[C@@H](C(=O)N[C@H](C)C2CCCCC2)C1,0.2763087206624407,train,../data/images/BACE/807.png
808.0,CC1(C)Cc2cc(Cl)ccc2C(NC(Cc2ccccc2)c2n[nH]c(=O)[nH]2)=N1,-0.7821473408977682,train,../data/images/BACE/808.png
809.0,CC1(c2cc(NC(=O)c3ccc(Cl)cn3)ccc2F)CC2CC2C(N)=N1,0.36940968362097426,train,../data/images/BACE/809.png
810.0,CC1(C)Cc2ccc(-c3cccnc3F)cc2C2(COC(N)=N2)C1,-0.5980514182424003,train,../data/images/BACE/810.png
811.0,CCC(C)C1(NC(C)=O)CCN(C(CCc2ccccc2)C(=O)NC(Cc2cc(F)cc(F)c2)C(O)C2Cc3cccc(OC)c3C[NH2+]2)C1=O,1.3821140128690712,train,../data/images/BACE/811.png
812.0,CC(C)CNC(=O)[C@H](C)C[C@H](O)[C@H](CC(C)C)NC(=O)[C@H](Cc1ccccc1)NC(=O)c1ccc([N+](=O)[O-])cc1,-1.2807405951610413,train,../data/images/BACE/812.png
813.0,CC(=O)NC(Cc1cc(F)cc(F)c1)C(O)C[NH2+]C1(c2cccc(CC(C)(C)C)c2)CC1,-0.040794624181192354,train,../data/images/BACE/813.png
814.0,CC(=O)NC(Cc1cc(F)cc(F)c1)C(O)C[NH2+]C1(c2ccc(C(C)C)s2)CCCCC1,-0.8384184335681079,train,../data/images/BACE/814.png
815.0,Nc1ncccc1CCc1cccc(Cl)c1,-2.624486699303752,train,../data/images/BACE/815.png
816.0,CCc1n[nH]c2ccc(C[NH+]3CCC4(CC3C)CN(C)S(=O)(=O)N4c3cccc(F)c3)cc12,-0.4198173859904561,train,../data/images/BACE/816.png
817.0,CN1C(=O)C(c2ccncc2)(c2cccc(-c3cccc(F)c3)c2)N=C1N,0.5805177695469104,train,../data/images/BACE/817.png
818.0,Cn1c(N)nc(C2CC2c2cccc(-c3ccccc3)c2)cc1=O,-2.823225313450419,train,../data/images/BACE/818.png
819.0,CC(C)c1cc(C(=O)NC(Cc2ccccc2)C(O)C[NH2+]Cc2cccc(C(F)(F)F)c2)cc(N(c2ccccc2)S(C)(=O)=O)c1,1.325689116832652,train,../data/images/BACE/819.png
820.0,CN1C(=O)[C@]2(CC(C)(C)Cc3ccc(-c4cncnc4)cc32)N=C1N,0.5937287633286702,train,../data/images/BACE/820.png
821.0,CCCCN(C)C(=O)n1cc(C(=O)NC(Cc2ccccc2)C(O)C[NH2+]Cc2cccc(Br)c2)c2cccnc21,0.8318209195653833,train,../data/images/BACE/821.png
822.0,CN1C(=O)[C@@](c2ccc(OC(F)F)cc2)(c2cccc(/C(F)=C\C3CC3)c2)N=C1N,0.8770509574172601,train,../data/images/BACE/822.png
823.0,CCc1cn2c3c(ccc(C(=O)NC(COc4cc(F)cc(F)c4)C(O)CC(COCc4ccc(OC)cc4)OC)c13)N(C)S(=O)(=O)CC2,-0.5201907741956902,train,../data/images/BACE/823.png
824.0,Cc1cc([C@]2(c3cccc(-c4cncnc4)c3)N=C(N)N(C)C2=O)ccn1,0.42841324510467593,train,../data/images/BACE/824.png
825.0,CC(=O)NC(Cc1ccc2c(c1)OCO2)C(O)C[NH2+]C1CC2(CCC2)Oc2ncc(CC(C)(C)C)cc21,1.1735849649760908,train,../data/images/BACE/825.png
826.0,COCC(Oc1cc(CC2CS(=O)CC([NH2+]Cc3cc(CC(C)(C)C)on3)C2O)cc(F)c1N)C(F)(F)F,0.8936506924179362,train,../data/images/BACE/826.png
827.0,CCC(C)C1(NC(C)=O)CCN(C(CCc2ccccc2)C(=O)NC(Cc2cc(F)cc(F)c2)[C@H](O)[C@@H]2Cc3ccccc3C[NH2+]2)C1=O,-0.22365713922253277,train,../data/images/BACE/827.png
828.0,CC(=O)NC(Cc1cc(F)cc(F)c1)C(O)C[NH2+]C1(c2cc(F)cc(C(C)(C)C)c2)CCCCC1,0.6075018398576874,train,../data/images/BACE/828.png
829.0,CN1C(=O)C(c2cccc(-c3cncnc3)c2)(c2cnn(C)c2)N=C1N,0.3561986898392145,train,../data/images/BACE/829.png
830.0,CC(=O)NC(Cc1cc(F)cc(F)c1)C(O)C[NH2+]C1(c2ccn(CC(C)(C)C)n2)CC1,-0.34390424725987706,train,../data/images/BACE/830.png
831.0,CCOc1cc(CC2CS(=O)(=O)CC([NH2+]Cc3cccc(C(C)(C)C)c3)C2O)cc(F)c1N,0.8180473959335578,train,../data/images/BACE/831.png
832.0,COc1ccc(-c2ccc(-c3ccccc3Cl)n2Cc2cccc(N)n2)cc1,-0.6789679354671952,train,../data/images/BACE/832.png
833.0,COc1ccc2c(c1)C1(COC(N)=N1)c1cc(-c3ccccc3)ccc1O2,-0.4425369151978512,train,../data/images/BACE/833.png
834.0,CC1(C)NC(=N)N(Cc2cccc(Cl)c2)C1=O,-2.5090581672664958,train,../data/images/BACE/834.png
835.0,CC(C)c1cccc(C[NH2+]C[C@@H](O)[C@@H]2C[C@H](C)CCCCCCCCC(=O)N(C)[C@@H](C)C(=O)N2)c1,0.7799302421429283,train,../data/images/BACE/835.png
836.0,CN1C(=O)[C@](c2ccccc2)(c2ccc(OC(F)(F)F)cc2)N=C1N,-0.5024536096505168,train,../data/images/BACE/836.png
837.0,CCOc1cccc(-c2ccc(C3CC3c3cc(=O)n(C)c(N)n3)cc2)c1,-1.1405526273531954,train,../data/images/BACE/837.png
838.0,Cc1cc2cc(c1)[C@@H](O)[NH2+][C@@H](c1ccccc1)C/C=C/COC[C@@H]([C@H](O)C[NH2+]Cc1cccc(C(C)C)c1)NC2=O,0.4366067021366213,train,../data/images/BACE/838.png
839.0,CCCN(CCC)C(=O)c1cc(CC(COC)OC)cc(C(=O)NC(Cc2cc(F)cc(F)c2)C(O)C[NH2+]Cc2cccc(OC)c2)c1,-0.613291737154223,train,../data/images/BACE/839.png
840.0,CC(C)CC(NC(=O)c1cc(C(=O)NC(C)c2ccccc2)cc(N(C)S(C)(=O)=O)c1)C(O)CC(C)C(=O)NC(C(=O)NC(C)C)C(C)C,1.8156970284524419,train,../data/images/BACE/840.png
841.0,COCCC#Cc1cccc(C2(c3ccc(OC(F)F)cc3)N=C(N)N3CC(F)(F)CN=C32)c1,0.5424915266606499,train,../data/images/BACE/841.png
842.0,CCc1cc(CC2CS(=O)(=O)CC([NH2+]Cc3cccc(C(C)(C)C)c3)C2O)cc(F)c1NC(C)=O,1.1735849649760908,train,../data/images/BACE/842.png
843.0,CC(NC(=O)c1cc(N(C)S(C)(=O)=O)cc(-n2cc(C(C)([NH3+])Cc3ccccc3)nn2)c1)c1ccc(F)cc1,-1.292260273535866,train,../data/images/BACE/843.png
844.0,Nc1nc(C2(c3ccccc3)CCCC2)cs1,-2.1300354054572317,train,../data/images/BACE/844.png
845.0,CCOC[C@H]1CCCN1C(=O)n1cc(C(=O)N[C@@H](Cc2cc(F)cc(F)c2)[C@H](O)C[NH2+]Cc2cccc(OC)c2)c2cccnc21,1.0423664756412545,train,../data/images/BACE/845.png
846.0,CC(C)c1cccc(C2([NH2+]CC(O)C3Cc4cccc(c4)OCCCCOc4cc(cc(N5CCCC5=O)c4)C(=O)N3)CC2)c1,1.8465413844106977,train,../data/images/BACE/846.png
847.0,COc1cccc(C[NH2+]C[C@H](O)[C@H](Cc2cc(F)cc(F)c2)NC(=O)c2cc(/C(C)=N\OCC(C)C)cc(N3CCCCS3(=O)=O)c2)c1,-0.11433528637628339,train,../data/images/BACE/847.png
848.0,CCc1cn2c3c(cc(C(=O)NC(Cc4ccccc4)C(O)C[NH2+]C4CC4)cc13)N(CC)S(=O)(=O)CC2,0.8770509574172601,train,../data/images/BACE/848.png
849.0,COCC#Cc1cccc([C@@]2(c3ccc(OC(F)F)cc3)[NH+]=C(N)N3CC(F)(F)CN=C32)c1,0.4381676125577806,train,../data/images/BACE/849.png
850.0,NC1=NC(c2ccncc2)(c2cccc(-c3cncnc3)c2)c2cccc(F)c21,0.2865836648187597,train,../data/images/BACE/850.png
851.0,CN1C(=O)CC(C)(C2CC2c2cccc(-c3cccs3)c2)N=C1N,-0.9741779225761693,train,../data/images/BACE/851.png
852.0,CC1(c2cccc(NC(=O)c3ccc(Cl)cn3)c2)COC(N)=N1,-0.6165116970629796,train,../data/images/BACE/852.png
853.0,COc1cccc(-c2cccc(CCc3cc(=O)n(C)c(N)n3)c2)c1,-0.8534000289881528,train,../data/images/BACE/853.png
854.0,NC1=NC2(c3cccc(-c4cncc(Cl)c4)c3)CCOCC2O1,-1.6266018907076645,train,../data/images/BACE/854.png
855.0,COc1cccc(-c2cccc([C@@H]3C[C@@H]3c3cc(=O)n(C)c(N)n3)c2)c1,-0.8828408547137958,train,../data/images/BACE/855.png
856.0,CCc1cn2c3c(cc(C(=O)N[C@@H](Cc4ccccc4)[C@H](O)C[NH2+]C(C)CC)cc13)N(C)S(=O)(=O)CC2,0.8462066014590045,train,../data/images/BACE/856.png
857.0,CN1C(=N)N[C@](C)([C@@H]2C[C@H]2c2ccccc2)CC1=O,-1.3243656829651334,train,../data/images/BACE/857.png
858.0,CC1(C)Cc2ccccc2C(NC(Cc2ccccc2)C(=O)[O-])=N1,-1.4579722974337517,train,../data/images/BACE/858.png
859.0,COc1ccc(C2NC(=O)c3cc(cc(N(C)S(C)(=O)=O)c3)C(=O)NC(C(O)CC(C(=O)NCC(C)C)C(C)C)COCc3cccc2c3)cc1,-0.7551212429230049,train,../data/images/BACE/859.png
860.0,CC(=O)NC(Cc1cc(F)cc(F)c1)C(O)C[NH2+]C1(c2cccc(C(C)(C)C)c2)CCCN(C(=O)OCc2ccccc2)C1,-0.34016266740802026,train,../data/images/BACE/860.png
861.0,CCCN(CCC)C(=O)c1cc(C)cc(C(=O)N[C@@H](Cc2cc(F)cc(F)c2)[C@H](O)[C@H]2C[C@@H](Oc3ccccc3)C[NH2+]2)c1,1.4910041879538387,train,../data/images/BACE/861.png
862.0,CC(=O)NC(Cc1cc(F)cc(F)c1)C(O)C[NH2+]C1(c2ccn(CC(C)(C)C)n2)CCCCC1,0.11609002541961135,train,../data/images/BACE/862.png
863.0,COc1ccc(COCC(CC(O)C(COc2cc(F)cc(F)c2)NC(=O)c2cc(C(=O)NC(C)c3ccccc3)cc(N(C)S(C)(=O)=O)c2)OC)cc1,0.2473081421687744,train,../data/images/BACE/863.png
864.0,CCOc1cc(C[NH+]2CCC3(CC2C)CN(C)S(=O)(=O)N3c2cccc(F)c2)ccc1O,-0.4479762189302287,train,../data/images/BACE/864.png
865.0,COc1cncc(-c2cccc(CNc3cccnc3N)c2)c1,-1.5827817170448528,train,../data/images/BACE/865.png
866.0,CCCCNC(=O)[C@H](C)C[C@H](O)[C@H](CC(C)C)NC(=O)[C@H](CCSC)NC(=O)CCC(C)C,-0.21821820807582865,train,../data/images/BACE/866.png
867.0,CCCOc1cccc2c1C[NH2+]C(C(O)C(Cc1cc(F)cc(F)c1)NC(=O)C(CCc1ccccc1)N1CCC(NC(C)=O)(C(C)CC)C1=O)C2,0.9296462688657082,train,../data/images/BACE/867.png
868.0,CN1C(=O)[C@@](c2ccncc2)(c2cccc(-c3cc(F)ccc3F)c2)N=C1N,0.8770509574172601,train,../data/images/BACE/868.png
869.0,CC(C)OC(=O)CN1C=C(C(=O)N[C@@H](Cc2ccccc2)[C@H](O)C[NH2+]C2CC2)[C@H](C)C(C(=O)OC(C)(C)C)=C1,-1.509554548435565,train,../data/images/BACE/869.png
870.0,Cn1c(N)nc(CCc2cccc(Br)c2)cc1=O,-1.3552104115090624,train,../data/images/BACE/870.png
871.0,CCCN(CCC)C(=O)n1cc(C(=O)NC(Cc2ccccc2)C(O)C[NH2+]Cc2cccc(OC)c2)c2ccccc21,0.07287604864781626,train,../data/images/BACE/871.png
872.0,COc1ccc(C2(c3cccc(-c4cc(Cl)ccc4F)c3)COC(N)=N2)cc1,-0.6050982801222776,train,../data/images/BACE/872.png
873.0,CC1(c2cc(NC(=O)c3ccc(Cl)cn3)ccc2F)CCC2(CC2)C(N)=N1,0.7352214516484782,train,../data/images/BACE/873.png
874.0,NC1=NC(c2ccc(OC(F)F)cc2)(c2cccc(-c3cncnc3)c2)C2=NCC(F)(F)CN12,0.8256567131463666,train,../data/images/BACE/874.png
875.0,CC(C)(C)c1cccc(C[NH2+]C2CS(=O)(=O)CC(Cc3cc(F)c(N)c(OCC(F)(F)F)c3)C2O)c1,1.266685182763277,train,../data/images/BACE/875.png
876.0,CCc1cn2c3c(cc(C(=O)NC(Cc4ccccc4)C(O)C[NH2+]C)cc13)N(C)S(=O)(=O)CC2,0.970151920375793,train,../data/images/BACE/876.png
877.0,NC1=[NH+]C(c2ccc(OC(F)(F)F)cc2)(c2cccc(-c3cccnc3F)c2)C2=NCCN21,0.42841324510467593,train,../data/images/BACE/877.png
878.0,CCCCN(C)C(=O)n1cc(C(=O)NC(Cc2ccccc2)C(O)C[NH2+]C2CC2)c2cccnc21,-1.8793153520180101,train,../data/images/BACE/878.png
879.0,COc1cccc(-c2cccc(C3(C4CCOCC4)N=C(C)C(N)=N3)c2)c1,-0.7445098539033861,train,../data/images/BACE/879.png
880.0,CCn1cc([C@@]2(c3cccc(-c4cccnc4F)c3)N=C(N)N(C)C2=O)cn1,-0.6067533802017339,train,../data/images/BACE/880.png
881.0,CCc1cn2c3c(cc(C(=O)NC(Cc4ccccc4)C(O)C[NH2+]C4CCOCC4)cc13)N(CC(F)(F)F)S(=O)(=O)CC2,0.7568042219655892,train,../data/images/BACE/881.png
882.0,COc1cccc(-c2cccc(CC[C@]3(C)CC(=O)N(C)C(N)=N3)c2)c1,0.13187961013151855,train,../data/images/BACE/882.png
883.0,CC(=O)NC(Cc1cc(F)cc(F)c1)C(O)C[NH2+]C1(c2cccc(C(C)(C)C)c2)CCCN(C(C)=O)C1,-0.47388016337311456,train,../data/images/BACE/883.png
884.0,COCC#Cc1cc([C@@]2(c3ccc(OC(F)F)cc3)N=C(N)N(C)C2=O)ccc1F,1.0423664756412545,train,../data/images/BACE/884.png
885.0,CC(=O)NC(Cc1ccc(Cl)cc1)C(O)C[NH2+]C1CC2(CCC2)Oc2ncc(CC(C)(C)C)cc21,1.1616708674071479,train,../data/images/BACE/885.png
886.0,O=C(C1C[NH2+]CC12CCCc1nc(Cl)ccc12)N1CCC(c2ccccc2)CC1C1CCCCC1,0.7568042219655892,train,../data/images/BACE/886.png
887.0,CC(C)C[C@@]1(C)NC(=N)N(Cc2ccc(CNC(=O)Nc3ccc(C#N)cc3)cc2)C1=O,-1.0187154726950127,train,../data/images/BACE/887.png
888.0,CCc1cc(C2(c3cccc(-c4cncnc4)c3)N=C(N)N(C)C2=O)c(C)s1,0.16597701160634978,train,../data/images/BACE/888.png
889.0,COc1cccc(C[NH2+]C[C@H](O)[C@H](Cc2cc(F)cc(F)c2)NC(=O)c2cc(C(C)=O)cc(N(C)S(C)(=O)=O)c2)c1,0.2865836648187597,train,../data/images/BACE/889.png
890.0,CC(=O)OCCCN1C(C)=C(C(=O)N[C@@H](Cc2ccccc2)[C@H](O)C[NH2+]C2CC2)[C@H](C)C(C(=O)OCc2ccccc2)=C1C,-1.4543831051224145,train,../data/images/BACE/890.png
891.0,CN1C(=O)C(c2ccc(OC(F)(F)F)cc2)(c2cccc(-c3cncnc3)c2F)N=C1N,-0.48848187044031344,train,../data/images/BACE/891.png
892.0,CCCCNC(=O)NCc1ccc(CN2C(=N)NC(CCc3ccccc3)(CC(C)C)C2=O)cc1,-1.6549962723103142,train,../data/images/BACE/892.png
893.0,CCCCN(C)C(=O)n1cc(C(=O)NC(Cc2cc(F)cc(F)c2)C(O)C[NH2+]Cc2cccc(OC)c2)c2cc(C(=O)OCc3ccccc3)ccc21,-0.34016266740802026,train,../data/images/BACE/893.png
894.0,CN1C(=O)C(C)(c2cccc(NC(=O)c3ccc(Cl)cn3)c2)N=C1N,-0.39538128006745393,train,../data/images/BACE/894.png
895.0,CCn1cc2c3c(cc(C(=O)NC(Cc4ccccc4)C(=O)C[NH2+]C4CCOCC4)cc31)N(C)S(=O)(=O)CC2,1.0164625311983686,train,../data/images/BACE/895.png
896.0,COc1ccc([C@]2(c3cccc(-c4cncnc4)c3)[NH+]=C(N)c3nc(C)sc32)cc1,-0.23944709652011337,train,../data/images/BACE/896.png
897.0,COCc1cccc(-c2ccc(C3CC3c3cc(=O)n(C)c(N)n3)cc2)c1,-1.4214867708251384,train,../data/images/BACE/897.png
898.0,CN1C(=O)C(c2ccsc2)(c2ccc(F)c(-c3cccnc3F)c2)N=C1N,0.7458328406680971,train,../data/images/BACE/898.png
899.0,Cc1cccc(Cc2cc(CC3CS(=O)(=O)CC([NH2+]Cc4cccc(C(C)C)c4)C3O)ccc2O)c1,-0.9794403226307008,train,../data/images/BACE/899.png
900.0,CCCCN(CCCC)C(=O)n1cc(C(=O)NC(Cc2cc(F)cc(F)c2)C(O)C[NH2+]Cc2cccc(OC)c2)c2ccccc21,0.6146147984360683,train,../data/images/BACE/900.png
901.0,CCc1cc([C@]2(c3cccc(-c4cncnc4)c3)N=C(N)N(C)C2=O)cc(C)n1,0.22498057309005143,train,../data/images/BACE/901.png
902.0,CC(C)Oc1cc(C[N@H+]2CC[C@@]3(C[C@@H]2C)CN(C)S(=O)(=O)N3c2cccc(F)c2)ccc1O,0.3561986898392145,train,../data/images/BACE/902.png
903.0,CN1C(=O)[C@@](c2ccc(OC(F)F)cc2)(c2ccc(F)c(OCCCCF)c2)N=C1N,0.3561986898392145,train,../data/images/BACE/903.png
904.0,CN1C(=O)C(c2ccccc2)(C2CCCCC2)N=C1N,-0.38571998451562484,train,../data/images/BACE/904.png
905.0,CC(=O)N[C@@H](Cc1ccc(F)cc1)[C@H](O)C[NH2+][C@H]1CC2(CCC2)Oc2ncc(CC(C)(C)C)cc21,1.325689116832652,train,../data/images/BACE/905.png
906.0,COc1ccc(C2(c3cccc(-c4cncnc4)c3)N=C(C)C(N)=N2)cc1,0.03475889485718673,train,../data/images/BACE/906.png
907.0,CN1C(=O)[C@](c2ccccc2)(c2ccc(OCCF)cc2)N=C1N,-0.45858768246698184,train,../data/images/BACE/907.png
908.0,CCc1cn2c3c(cc(C(=O)NC(Cc4ccccc4)C(O)C[NH2+]C4CC4)cc13)N(C)S(=O)(=O)CC2,0.8770509574172601,train,../data/images/BACE/908.png
909.0,CN1C(=O)CC(C)(C2CC2c2cccc(-c3ccsc3)c2)N=C1N,-1.041043041773735,train,../data/images/BACE/909.png
910.0,COC(OC)C(=O)NC(Cc1cccc(-c2nccs2)c1)C(O)C[NH2+]C1CC2(CCC2)Oc2ncc(CC(C)(C)C)cc21,1.1079080214917718,train,../data/images/BACE/910.png
911.0,NC1=N[C@@]2(c3cccc(-c4cncc(Cl)c4)c3)CCCC[C@H]2O1,-1.1877085605521318,train,../data/images/BACE/911.png
912.0,CCNc1cc(C(=O)N[C@@H](Cc2ccccc2)[C@H](O)C[NH2+]C2CCCCC2)cc(N2CCCC2=O)c1,0.16597701160634978,train,../data/images/BACE/912.png
913.0,CN1C(=O)C(c2ccncc2)(c2cccc(-c3cc(F)cc(F)c3)c2)N=C1N,0.5215142080632088,train,../data/images/BACE/913.png
914.0,COc1ccc([C@@]2(c3cccc(-c4cncnc4)c3)CCC(N)=[NH+]2)cc1,-1.0578585038794504,train,../data/images/BACE/914.png
915.0,NC1=[NH+]C(c2ccc(OC(F)(F)F)cc2)(c2cccc(-c3cncnc3)c2)C2=NCCCN21,0.7053271891580123,train,../data/images/BACE/915.png
916.0,CCC[C@H]1SC=C(c2cn[nH]c2)[C@H]1C[C@H](NC1=[NH+]C(C)(C)Cc2cc(Cl)ccc21)C(=O)[O-],1.1735842198047441,train,../data/images/BACE/916.png
917.0,CN1C(=O)C(c2cccc(-c3cccnc3F)c2)(c2cnn(C3CCCC3)c2)N=C1N,0.8770509574172601,train,../data/images/BACE/917.png
918.0,Nc1nc2ccccc2cc1CCC(=O)NCC1CCCCC1,-1.2476249569362583,train,../data/images/BACE/918.png
919.0,CC(=O)NC(Cc1cc(F)cc(F)c1)C(O)C[NH2+]C1(c2cccc(C3CCCCO3)c2)CC1,-0.5606964257057748,train,../data/images/BACE/919.png
920.0,Cn1c(N)nc(C2CC2c2cccc(Br)c2)cc1=O,-2.659424281472648,train,../data/images/BACE/920.png
921.0,CN1C(=O)C(c2cccc(-c3cncnc3)c2)(c2cnn(CCC3CCCCC3)c2)N=C1N,0.8770509574172601,train,../data/images/BACE/921.png
922.0,Nc1cccc(Cn2c(-c3ccccc3)ccc2-c2ccc(C(=O)NC3CC3)cc2)n1,-0.4479762189302287,train,../data/images/BACE/922.png
923.0,CC(NC(=O)c1cc(COCC([NH3+])(CF)Cc2ccccc2)cc(N(C)S(C)(=O)=O)c1)c1ccc(F)cc1,-0.388000506906858,train,../data/images/BACE/923.png
924.0,CN1C(=O)CC(C)(C2CC2c2cccc(-c3cccnc3)c2)N=C1N,-1.1877085605521318,train,../data/images/BACE/924.png
925.0,CCCOc1cccc(C[NH+]2CCC3(CNS(=O)(=O)N3c3cccc(F)c3)CC2C)c1,-1.4050973976958014,train,../data/images/BACE/925.png
926.0,CC(=O)NC(Cc1cc(F)cc(F)c1)C(O)C[NH2+]C1(c2cccc(C3CCOCOC3)c2)CCCCC1,-0.2013295701438098,train,../data/images/BACE/926.png
927.0,CC(C)n1cc(C2(c3ccc(F)c(-c4cncnc4)c3)N=C(N)N(C)C2=O)cn1,0.42841324510467593,train,../data/images/BACE/927.png
928.0,CC(NC(=O)c1cc(NCCC([NH3+])(CO)Cc2ccccc2)cc(N(C)S(C)(=O)=O)c1)c1ccc(F)cc1,-1.8793153520180101,train,../data/images/BACE/928.png
929.0,COCC(Oc1cc(CC2CS(=O)CC([NH3+])C2O)cc(F)c1N)C(F)(F)F,-2.010533468767173,train,../data/images/BACE/929.png
930.0,CC1(C)Cc2cc(Cl)ccc2C(NC(Cc2cscc2-c2ncco2)C(=O)[O-])=N1,-0.3247493942264927,train,../data/images/BACE/930.png
931.0,CC(C)C1=NC(C)(c2cccc(-c3cccnc3)c2)N=C1N,-1.8793153520180101,train,../data/images/BACE/931.png
932.0,CCC(C)C1(NC(C)=O)CCN(C(CCc2ccccc2)C(=O)NC(Cc2cc(F)cc(F)c2)C(O)C2CC(Oc3cccnc3)C[NH2+]2)C1=O,1.2721244864956538,train,../data/images/BACE/932.png
933.0,CN1C(=O)C(c2cccc(NC(=O)c3cccn3C)c2)(C2CCCCC2)N=C1N,-0.34016266740802026,train,../data/images/BACE/933.png
934.0,CC1(C)Cc2ccccc2/C(=[NH+]/[C@@H](Cc2ccccc2)C(=O)[O-])N1,-1.4579722974337517,train,../data/images/BACE/934.png
935.0,NC1=[NH+]C(c2ccccc2)(c2ccccc2)C2=NCCCN21,-1.5661819820441767,train,../data/images/BACE/935.png
936.0,CC1(C)OCc2ccc(C[NH2+]C3CS(=O)(=O)CC(Cc4cc(F)c(N)c(OC(C(F)(F)F)C(F)(F)F)c4)C3O)cc21,1.266685182763277,train,../data/images/BACE/936.png
937.0,CCn1cc(C2(c3cccc(-c4cncnc4)c3)N=C(N)c3c(F)cccc32)cc(C)c1=O,0.9595401587705008,train,../data/images/BACE/937.png
938.0,CC(NC(=O)c1cc(COCC([NH3+])Cc2ccccc2)cc(N(C)S(C)(=O)=O)c1)c1ccc(F)cc1,-1.1373643372266986,train,../data/images/BACE/938.png
939.0,C[C@]1(c2cc(NC(=O)c3ccc(C#N)cn3)ccc2F)N=C(N)O[C@@H](C(F)(F)F)[C@@H]1F,0.6527323248123719,train,../data/images/BACE/939.png
940.0,CC(C)c1cccc(C[NH2+]CC(O)C2COC/C=C/CCCNC(=O)c3cc(cc(N(C)S(C)(=O)=O)c3)C(=O)N2)c1,0.16597701160634978,train,../data/images/BACE/940.png
941.0,Cc1nc(C(=O)Nc2cccc(C34CCOCC3OC(N)=N4)c2)co1,-1.567880823681719,train,../data/images/BACE/941.png
942.0,CC1=NC(c2cccc(-c3cncc(Cl)c3)c2)(C2CC2)N=C1N,-0.009949895637263353,train,../data/images/BACE/942.png
943.0,Cn1c(N)nc(C2CC2c2ccc(-c3cccc(CC#N)c3)cc2)cc1=O,-1.3680287745079376,train,../data/images/BACE/943.png
944.0,CC(C)COc1cccc(C[NH+]2CCC3(CNS(=O)(=O)N3c3cccc(F)c3)CC2C)c1,-1.170819997137248,train,../data/images/BACE/944.png
945.0,COc1cccc(C[NH2+]C[C@H](O)[C@H](Cc2cc(F)cc(F)c2)NC(=O)c2cc(/C(C)=N\O)cc(N(C)S(C)(=O)=O)c2)c1,0.44501298010535195,train,../data/images/BACE/945.png
946.0,CN1C(=O)C2(CC(C)(C)Cc3ccc(-c4cc(F)cc(Cl)c4)cc32)N=C1N,0.8180473959335578,train,../data/images/BACE/946.png
947.0,Cc1cc(C2(c3cccc(-c4cncnc4)c3)N=C(N)c3c(F)cccc32)cn(C)c1=O,0.5172275353708128,train,../data/images/BACE/947.png
948.0,CN1C(=O)C2(CC(C)(C)Oc3ccc(-c4cc(Cl)cc(Cl)c4)cc32)N=C1N,0.7681607823324934,train,../data/images/BACE/948.png
949.0,CCCN(CCC)C(=O)c1cc(C(C)=O)cc(C(=O)NC(Cc2cc(F)cc(F)c2)C(O)C[NH2+]Cc2cccc(OC)c2)c1,1.39790329951244,train,../data/images/BACE/949.png
950.0,CCc1cn2c3c(cc(C(=O)NC(Cc4ccccc4)C(O)C[NH2+]C4CCCCC4)cc13)N(C)S(=O)(=O)C2,0.5215142080632088,train,../data/images/BACE/950.png
951.0,COc1ccc(C2(c3cccc(-c4cncnc4)c3)COC(N)=N2)cc1,-1.1765478312152942,train,../data/images/BACE/951.png
952.0,O=C(NC(Cc1ccccc1)C(O)C[NH2+]Cc1cccc(C(F)(F)F)c1)c1cccc(N2c3ccccc3OS2(=O)=O)c1,-0.3584516313358587,train,../data/images/BACE/952.png
953.0,CC(=O)Nc1c(Cl)cc(CNC(=[NH2+])NC(=O)Cn2ccc3ccc(CN(C)S(C)(=O)=O)cc32)cc1Cl,-0.33254768689297287,train,../data/images/BACE/953.png
954.0,C[NH+]1CC(N)=NC(C)(c2cccc(NC(=O)c3ccc(Cl)cn3)c2)C1,0.7249468800778333,train,../data/images/BACE/954.png
955.0,CN1C(=O)C(c2ccccc2)(c2ccccc2)N=C1N,-0.7850155054134708,train,../data/images/BACE/955.png
956.0,CCc1cc([C@]2(c3cccc(-c4cncnc4)c3)N=C(N)N(C)C2=O)ccn1,0.7458328406680971,train,../data/images/BACE/956.png
957.0,CN1C(=O)C2(CC(C)(C)Oc3ccc(-c4ccncc4)cc32)N=C1N,-0.9830734800515273,train,../data/images/BACE/957.png
958.0,COCC(=O)NC(Cc1cccc(-c2ccccn2)c1)C(O)C[NH2+]C1CC2(CCC2)Oc2ncc(CC(C)(C)C)cc21,1.1248556024773602,train,../data/images/BACE/958.png
959.0,CC1(C)Cc2cc(Cl)ccc2C(NC(Cc2cscc2-c2ccncc2)C(=O)[O-])=N1,-0.5880615021264186,train,../data/images/BACE/959.png
960.0,Cc1ccc(C)c(OCC(O)C[NH+]2CCOCC2)c1,-2.8488055554600438,train,../data/images/BACE/960.png
961.0,CN1C(=O)[C@@](c2ccc(OC(F)F)cc2)(c2cccc(C#CCF)c2)N=C1N,1.101370037124956,train,../data/images/BACE/961.png
962.0,CCc1cccc([C@@]2(c3ccc(OC(F)F)cc3)N=C(N)N(C)C2=O)c1,-0.3548756285573692,train,../data/images/BACE/962.png
963.0,CN1C(=O)[C@]2(CC(C)(C)Oc3ccc(-c4cccc(Cl)c4)cc32)N=C1N,0.8180473959335578,train,../data/images/BACE/963.png
964.0,CN1C(=O)[C@@](c2ccc(OC(F)F)cc2)(c2cccc(OCCC(F)(F)F)c2)N=C1N,0.13187961013151855,train,../data/images/BACE/964.png
965.0,Nc1ncccc1NCc1ccccc1,-2.245463937494488,train,../data/images/BACE/965.png
966.0,CCn1cc2c3c(cc(C(=O)NC(Cc4ccccc4)[C@H](O)C[NH2+]C4CC4)cc31)N(C)S(=O)(=O)CC2,1.135467066014114,train,../data/images/BACE/966.png
967.0,CCNc1cc(C(=O)N[C@@H](Cc2ccccc2)[C@H](O)C[NH2+][C@@H](C)C(=O)NC2CCCCC2)cc(N2CCCC2=O)c1,1.0164625311983686,train,../data/images/BACE/967.png
