idx,smiles,Caco2,group,img_path
0.0,N#Cc1c(-c2csc(-c3no[n+]([O-])c3C#N)c2)no[n+]1[O-],1.0,train,../data/images/balanced_scaffold_seed99_Caco2/0.png
1.0,O=C(c1ccc(O)cc1OC[C@@H](O)CN1CCC2(CC1)Cc1cc(Cl)ccc1O2)N1CCCCC1,1.0,train,../data/images/balanced_scaffold_seed99_Caco2/1.png
2.0,O=C(c1ccc(O)cc1OC[C@@H](O)CN1CCC2(CC1)Cc1cc(Cl)ccc1O2)N1CCC(O)CC1,0.0,train,../data/images/balanced_scaffold_seed99_Caco2/2.png
3.0,Cc1nc2cc(-c3nc(=O)n(CCC4CCCO4)c4c3oc3ncc(-c5cnn(C)c5)cc34)ccc2n1C,1.0,train,../data/images/balanced_scaffold_seed99_Caco2/3.png
4.0,COc1c(C)cnc(CN2C(=O)CC3(C2=O)C(=O)N(CC(=O)O)c2ccc(Cl)cc23)c1C,0.0,train,../data/images/balanced_scaffold_seed99_Caco2/4.png
5.0,CS(=O)(=O)N(CC1CCCCO1)c1c(Cl)c(Cl)cc2[nH]c(=O)c(=O)[nH]c12,0.0,train,../data/images/balanced_scaffold_seed99_Caco2/5.png
6.0,c1ccc([C@H]([C@@H](c2ccccc2)N2CCCCC2)N2CCCCC2)cc1,1.0,train,../data/images/balanced_scaffold_seed99_Caco2/6.png
7.0,c1ccc([C@@H]([C@H](c2ccccc2)N2CCCCC2)N2CCCCC2)cc1,1.0,train,../data/images/balanced_scaffold_seed99_Caco2/7.png
8.0,N#Cc1ccccc1Cn1c(N2CCC[C@@H](N)C2)nc2c(-c3cccnc3)c[nH]c2c1=O,1.0,train,../data/images/balanced_scaffold_seed99_Caco2/8.png
9.0,CC(=O)N1CCN(c2nc(NCc3cnc4ccccc4c3)c3c(n2)C(=O)N(C(C)C)C3)CC1,0.0,train,../data/images/balanced_scaffold_seed99_Caco2/9.png
10.0,COc1ccc2c(O[C@@H]3C[C@H]4C(=O)N[C@]5(C(=O)NS(=O)(=O)C6CC6)C[C@H]5/C=C\CCCCC[C@H](NC(=O)c5ccc(C)s5)C(=O)N4C3)cc(OC(C)C)nc2c1C,0.0,train,../data/images/balanced_scaffold_seed99_Caco2/10.png
11.0,CNC(=O)c1cc(Oc2ccc3nc(Nc4ccccc4Oc4ccccc4)ncc3c2)ccn1,0.0,train,../data/images/balanced_scaffold_seed99_Caco2/11.png
12.0,COC(=O)c1cnc(Nc2cnc(C#N)cn2)cc1NCC1CCNCC1,0.0,train,../data/images/balanced_scaffold_seed99_Caco2/12.png
13.0,COc1ccc2cc3[n+](cc2c1O)CCc1cc2c(cc1-3)OCO2,1.0,train,../data/images/balanced_scaffold_seed99_Caco2/13.png
14.0,c1coc(-c2nc3[nH]cnc3cc2-c2ccncn2)c1,1.0,train,../data/images/balanced_scaffold_seed99_Caco2/14.png
15.0,COC(=O)O[C@H]1C[C@H]2OC[C@@]2(OC(C)=O)[C@H]2[C@H](OC(=O)c3ccccc3)[C@]34OC(=O)O[C@H]3[C@H](OC(=O)[C@H](O)[C@H](CC(C)C)NC(=O)OC(C)(C)C)C(C)=C([C@@H](OC)C(=O)[C@]12C)C4(C)C,0.0,train,../data/images/balanced_scaffold_seed99_Caco2/15.png
16.0,CO[C@H]1C(=O)[C@]2(C)[C@@H](OC(=O)N(C)C)C[C@H]3OC[C@@]3(OC(C)=O)[C@H]2[C@H](OC(=O)c2ccccc2)[C@]23OC(=O)O[C@H]2[C@H](OC(=O)[C@H](O)[C@H](CC(C)C)NC(=O)OC(C)(C)C)C(C)=C1C3(C)C,0.0,train,../data/images/balanced_scaffold_seed99_Caco2/16.png
17.0,CO[C@H]1C(=O)[C@]2(C)[C@@H](OC)C[C@H]3OC[C@@]3(OC(C)=O)[C@H]2[C@H](OC(=O)c2ccccc2)[C@]23OC(=O)O[C@H]2[C@H](OC(=O)[C@H](O)[C@H](CC(C)C)NC(=O)OC(C)(C)C)C(C)=C1C3(C)C,0.0,train,../data/images/balanced_scaffold_seed99_Caco2/17.png
18.0,CO[C@H]1C[C@H]2OC[C@@]2(OC(C)=O)[C@H]2[C@H](OC(=O)c3ccccc3)[C@]34OC(=O)O[C@H]3[C@H](OC(=O)[C@H](O)[C@H](CC(C)C)NC(=O)OC(C)(C)C)C(C)=C([C@@H](OC(=O)N(C)C)C(=O)[C@]12C)C4(C)C,0.0,train,../data/images/balanced_scaffold_seed99_Caco2/18.png
19.0,CC(=O)O[C@H]1C(=O)[C@@]2(C)[C@H]([C@H](OC(=O)c3ccccc3)[C@]34OC(=O)O[C@H]3[C@H](OC(=O)[C@H](O)[C@H](CC(C)C)NC(=O)OC(C)(C)C)C(C)=C1C4(C)C)[C@]1(OC(C)=O)CO[C@@H]1C[C@@H]2O,1.0,train,../data/images/balanced_scaffold_seed99_Caco2/19.png
20.0,CC(CN(C)C)S(=O)(=O)c1ccc(-c2cnc(N)c(C(=O)Nc3ccccc3)n2)cc1,1.0,train,../data/images/balanced_scaffold_seed99_Caco2/20.png
21.0,O=C(Nc1ccc(F)c(C(F)(F)F)c1)Nc1nnc(-c2ccncc2)s1,0.0,train,../data/images/balanced_scaffold_seed99_Caco2/21.png
22.0,NCC(=O)N1CCC[C@H]1C(=O)O,0.0,train,../data/images/balanced_scaffold_seed99_Caco2/22.png
23.0,C[C@H](CS)C(=O)N1CCC[C@@H]1C(=O)O,1.0,train,../data/images/balanced_scaffold_seed99_Caco2/23.png
24.0,O=C(c1cc2c(cc1F)O[C@](c1ccc(F)cc1)(c1ccc(Cl)cc1Cl)O2)N1CCOCC1,1.0,train,../data/images/balanced_scaffold_seed99_Caco2/24.png
25.0,CN1CCN(c2cnc3nnn(Cc4ccc5ncccc5c4)c3n2)CC1,1.0,train,../data/images/balanced_scaffold_seed99_Caco2/25.png
26.0,CN(C)C(=O)c1ccc(-c2ccc3c(c2)CCN(CCN2CCCC2)C3=O)cc1,1.0,train,../data/images/balanced_scaffold_seed99_Caco2/26.png
27.0,CC(C)CCn1c(=O)c(C2=Nc3ccc(NS(C)(=O)=O)cc3S(=O)(=O)N2)c(O)c2cccn21,0.0,train,../data/images/balanced_scaffold_seed99_Caco2/27.png
28.0,Cn1ncc(C(=O)N2CCC(Nc3cc(=O)[nH]c4cc(F)c(F)cc34)CC2)c1Cl,0.0,train,../data/images/balanced_scaffold_seed99_Caco2/28.png
29.0,Cn1ncc(C(=O)N2CCC(Nc3cc(=O)n(C)c4ccccc34)CC2)c1Cl,0.0,train,../data/images/balanced_scaffold_seed99_Caco2/29.png
30.0,Cn1ncc(C(=O)N2CCC(Nc3cc(=O)[nH]c4ccccc34)CC2)c1Cl,0.0,train,../data/images/balanced_scaffold_seed99_Caco2/30.png
31.0,Cn1ncc(C(=O)N2CCC(Nc3cc(=O)[nH]c4ccc(F)cc34)CC2)c1Cl,0.0,train,../data/images/balanced_scaffold_seed99_Caco2/31.png
32.0,CC(C)[C@@H](c1nc2ccccc2o1)n1cc(/C=C/C(=O)NO)nn1,0.0,train,../data/images/balanced_scaffold_seed99_Caco2/32.png
33.0,Cn1c(-c2ccccn2)c(C2CCCC2)c2ccc(C(=O)NC3(C(=O)Nc4ccc(/C=C/C(=O)O)cc4)CCCC3)cc21,1.0,train,../data/images/balanced_scaffold_seed99_Caco2/33.png
34.0,CNC(=O)[C@H](Cc1c[nH]cn1)NC(=O)CN(CCCc1ccccc1)CC(=O)OC,0.0,train,../data/images/balanced_scaffold_seed99_Caco2/34.png
35.0,Cc1cc(S(=O)(=O)NCCC(=O)O)ccc1NC(=O)c1cc(N(CC2CC2)C2CCCCC2)ncn1,0.0,train,../data/images/balanced_scaffold_seed99_Caco2/35.png
36.0,O=C(O)CCNCc1ccc(NC(=O)c2cc(N(CC3CC3)C3CCCCC3)ncn2)cc1,0.0,train,../data/images/balanced_scaffold_seed99_Caco2/36.png
37.0,CS(=O)(=O)N1CCN(CC(O)CN2CCC(CNC(=O)c3cccc4[nH]c(C5CC5)nc34)CC2)CC1,0.0,train,../data/images/balanced_scaffold_seed99_Caco2/37.png
38.0,CC(C)(C)C(=O)OCn1nnc(-c2ccccc2-c2ccc(CN3CCC(COC(=O)c4c5n(c6ccccc46)CCCO5)CC3)cc2)n1,0.0,train,../data/images/balanced_scaffold_seed99_Caco2/38.png
39.0,COC(=O)O[C@H]1C[C@H]2OC[C@@]2(OC(C)=O)[C@H]2[C@H](OC(=O)c3ccccc3)[C@]3(O)C[C@H](OC(=O)[C@H](O)[C@@H](NC(=O)OC(C)(C)C)c4ccccn4)C(C)=C([C@@H](OC)C(=O)[C@]12C)C3(C)C,0.0,train,../data/images/balanced_scaffold_seed99_Caco2/39.png
40.0,CO[C@H]1C[C@H]2OC[C@@]2(OC(C)=O)[C@H]2[C@H](OC(=O)c3ccccc3)[C@]3(O)C[C@H](OC(=O)[C@H](O)[C@@H](NC(=O)OC(C)(C)C)c4ccccn4)C(C)=C([C@@H](OC(=O)N(C)C)C(=O)[C@]12C)C3(C)C,0.0,train,../data/images/balanced_scaffold_seed99_Caco2/40.png
41.0,CO[C@H]1C(=O)[C@]2(C)[C@@H](OC(=O)N(C)C)C[C@H]3OC[C@@]3(OC(C)=O)[C@H]2[C@H](OC(=O)c2ccccc2)[C@]2(O)C[C@H](OC(=O)[C@H](O)[C@@H](NC(=O)OC(C)(C)C)c3ccccn3)C(C)=C1C2(C)C,0.0,train,../data/images/balanced_scaffold_seed99_Caco2/41.png
42.0,CN(C(=O)c1ccncc1)c1ccc(C(O)(C(F)(F)F)C(F)(F)F)cc1,1.0,train,../data/images/balanced_scaffold_seed99_Caco2/42.png
43.0,CCN(C(=O)c1ccncc1)c1ccc(C(O)(C(F)(F)F)C(F)(F)F)cc1,1.0,train,../data/images/balanced_scaffold_seed99_Caco2/43.png
44.0,COCCn1cc(C(=O)Nc2cccc3ccccc23)c2ccccc21,1.0,train,../data/images/balanced_scaffold_seed99_Caco2/44.png
45.0,COc1ccc2cc1Oc1ccc(cc1)CC1c3c(cc4c(c3Oc3cc5c(cc3OC)CCN(C)C5C2)OCO4)CCN1C,1.0,train,../data/images/balanced_scaffold_seed99_Caco2/45.png
46.0,CNC(=O)CN(C1CCCN(c2ccc(-n3ccccc3=O)cc2F)C1=O)S(=O)(=O)c1cc2ccc(Cl)nc2s1,0.0,train,../data/images/balanced_scaffold_seed99_Caco2/46.png
47.0,NC(=O)CN(C1CCCN(c2ccc(-n3ccccc3=O)cc2)C1=O)S(=O)(=O)c1cc2ccc(Cl)nc2s1,0.0,train,../data/images/balanced_scaffold_seed99_Caco2/47.png
48.0,O=C1C(NS(=O)(=O)c2cc3ccc(Cl)nc3s2)CCCN1c1ccc(-n2ccccc2=O)cc1,0.0,train,../data/images/balanced_scaffold_seed99_Caco2/48.png
49.0,O=C1C(NS(=O)(=O)c2cc3ccc(Cl)nc3s2)CCCN1c1ccc(-n2ccccc2=O)cc1F,1.0,train,../data/images/balanced_scaffold_seed99_Caco2/49.png
50.0,COC(=O)CN(C1CCCN(c2ccc(-n3ccccc3=O)cc2)C1=O)S(=O)(=O)c1cc2ccc(Cl)nc2s1,0.0,train,../data/images/balanced_scaffold_seed99_Caco2/50.png
51.0,CN(C)CCN(C)C(=O)CN(C1CCCN(c2ccc(-n3ccccc3=O)cc2F)C1=O)S(=O)(=O)c1cc2ccc(Cl)nc2s1,0.0,train,../data/images/balanced_scaffold_seed99_Caco2/51.png
52.0,COc1ccc(-c2c(C)nn3c(NCCN4CCOCC4)cc(C)nc23)cc1OC,1.0,train,../data/images/balanced_scaffold_seed99_Caco2/52.png
53.0,NC(=O)[C@H](Cc1ccccc1)NC(=O)[C@H](Cc1c[nH]c2ccccc12)NC(=O)[C@H]1CCCN1C(=O)[C@H](Cc1ccc(O)cc1)NC(=O)CCC(=O)C[C@@H]1OC(CO)[C@@H](O)[C@H](O)[C@@H]1O,0.0,train,../data/images/balanced_scaffold_seed99_Caco2/53.png
54.0,CCCCCCC(N)C(=O)N[C@@H](CCC(N)=O)C(=O)N[C@@H](Cc1cnc[nH]1)C(=O)N1CCC[C@H]1C(=O)NC1O[C@H](C(N)=O)[C@@H](O)[C@H](O)[C@H]1O,1.0,train,../data/images/balanced_scaffold_seed99_Caco2/54.png
55.0,O=C1c2cc(Cl)ccc2-n2c1nc1ncccc1c2=O,1.0,train,../data/images/balanced_scaffold_seed99_Caco2/55.png
56.0,N=C(N)NCCC[C@H](NC(=O)[C@H](Cc1c[nH]c2ccccc12)NC(=O)CN)C(=O)N[C@H](Cc1ccccc1)C(=O)N[C@@H](Cc1ccccc1)C(=O)O,1.0,train,../data/images/balanced_scaffold_seed99_Caco2/56.png
57.0,O=C(O)c1cc(-c2ccc(F)cc2F)ccc1O,1.0,train,../data/images/balanced_scaffold_seed99_Caco2/57.png
58.0,CC(C(=O)O)c1ccc(-c2ccccc2)c(F)c1,1.0,train,../data/images/balanced_scaffold_seed99_Caco2/58.png
59.0,COc1ccc(-c2csc(-c3nc4c(=O)n(C)c(=O)nc-4n(C)n3)c2)cc1OC,0.0,train,../data/images/balanced_scaffold_seed99_Caco2/59.png
60.0,Cn1cnc(S(=O)(=O)N2CCC(CN(C3Cc4cc(C#N)ccc4N(Cc4cncn4C)C3)S(=O)(=O)c3ccccn3)CC2)c1,0.0,train,../data/images/balanced_scaffold_seed99_Caco2/60.png
61.0,CCCCCCC(N)C(=O)N[C@@H](CCC(=O)O)C(=O)N[C@@H](Cc1c[nH]c2ccccc12)C(N)=O,0.0,train,../data/images/balanced_scaffold_seed99_Caco2/61.png
62.0,CCCCCCCCCCC(NC(=O)[C@@H](N)CCC(=O)O)C(=O)N[C@@H](Cc1c[nH]c2ccccc12)C(N)=O,0.0,train,../data/images/balanced_scaffold_seed99_Caco2/62.png
63.0,CCCCCCC(NC(=O)[C@@H](N)CCC(=O)O)C(=O)N[C@@H](Cc1c[nH]c2ccccc12)C(N)=O,0.0,train,../data/images/balanced_scaffold_seed99_Caco2/63.png
64.0,CCCCCCCCCCC(N)C(=O)NC(CCCCCCCCCC)C(=O)N[C@@H](CCC(=O)O)C(=O)N[C@@H](Cc1c[nH]c2ccccc12)C(N)=O,0.0,train,../data/images/balanced_scaffold_seed99_Caco2/64.png
65.0,CCCCCCCCCCC(N)C(=O)N[C@@H](CCC(=O)O)C(=O)N[C@@H](Cc1c[nH]c2ccccc12)C(N)=O,1.0,train,../data/images/balanced_scaffold_seed99_Caco2/65.png
66.0,CCCCCCCCCCCCC(N)C(=O)N[C@@H](CCC(=O)O)C(=O)N[C@@H](Cc1c[nH]c2ccccc12)C(N)=O,0.0,train,../data/images/balanced_scaffold_seed99_Caco2/66.png
67.0,CCCCCCCCC(N)C(=O)NC(CCCCCCCC)C(=O)N[C@@H](CCC(=O)O)C(=O)N[C@@H](Cc1c[nH]c2ccccc12)C(N)=O,0.0,train,../data/images/balanced_scaffold_seed99_Caco2/67.png
68.0,NC(=O)[C@H](Cc1c[nH]c2ccccc12)NC(=O)[C@@H](N)CCC(=O)O,0.0,train,../data/images/balanced_scaffold_seed99_Caco2/68.png
69.0,CCCCCCC(N)C(=O)NC(CCCCCC)C(=O)N[C@@H](CCC(=O)O)C(=O)N[C@@H](Cc1c[nH]c2ccccc12)C(N)=O,1.0,train,../data/images/balanced_scaffold_seed99_Caco2/69.png
70.0,CCCCCCCCC(NC(=O)[C@@H](N)CCC(=O)O)C(=O)N[C@@H](Cc1c[nH]c2ccccc12)C(N)=O,0.0,train,../data/images/balanced_scaffold_seed99_Caco2/70.png
71.0,CCCCCCCCCCCCC(N)C(=O)NC(CCCCCCCCCCCC)C(=O)N[C@@H](CCC(=O)O)C(=O)N[C@@H](Cc1c[nH]c2ccccc12)C(N)=O,0.0,train,../data/images/balanced_scaffold_seed99_Caco2/71.png
72.0,CCCCCCCCC(N)C(=O)N[C@@H](CCC(=O)O)C(=O)N[C@@H](Cc1c[nH]c2ccccc12)C(N)=O,0.0,train,../data/images/balanced_scaffold_seed99_Caco2/72.png
73.0,CNS(=O)(=O)Cc1ccc2[nH]cc(CCN(C)C)c2c1,0.0,train,../data/images/balanced_scaffold_seed99_Caco2/73.png
74.0,CC(C)NCC(O)COc1cccc2[nH]ccc12,1.0,train,../data/images/balanced_scaffold_seed99_Caco2/74.png
75.0,CC(=O)NC(Cc1c[nH]c2ccccc12)C(=O)NC(C)C(=O)NCC(=O)NCC(=O)NC(CC(=O)O)C(=O)NC(C)C(N)=O,0.0,train,../data/images/balanced_scaffold_seed99_Caco2/75.png
76.0,CCCCCNC(=N)N/N=C/c1c[nH]c2ccc(OC)cc12,1.0,train,../data/images/balanced_scaffold_seed99_Caco2/76.png
77.0,Cn1cnc(S(=O)(=O)N(CCN(Cc2cncn2C)c2ccc(C#N)cc2)Cc2ccccc2)c1,0.0,train,../data/images/balanced_scaffold_seed99_Caco2/77.png
78.0,Cc1ccccc1CN(CCN(Cc1cncn1C)c1ccc(C#N)cc1)S(=O)(=O)c1cn(C)cn1,0.0,train,../data/images/balanced_scaffold_seed99_Caco2/78.png
79.0,Cc1c2c(=O)n(-c3ccc(F)cc3Cl)[nH]c2cc(=O)n1Cc1ccccn1,1.0,train,../data/images/balanced_scaffold_seed99_Caco2/79.png
80.0,Cc1c2c(=O)n(-c3ccccc3Cl)[nH]c2cc(=O)n1Cc1ccccn1,1.0,train,../data/images/balanced_scaffold_seed99_Caco2/80.png
81.0,CN1C[C@@H](OC(=O)N2CCCCC2)C[C@H](C(=O)NO)[C@H]1C(=O)N1CCN(c2ccccc2)CC1,0.0,train,../data/images/balanced_scaffold_seed99_Caco2/81.png
82.0,CC(C)c1nnc(N2CCN(c3ncc(OCc4ccncc4C#N)cn3)[C@H](C)C2)o1,1.0,train,../data/images/balanced_scaffold_seed99_Caco2/82.png
83.0,C[C@@H]1CN(c2nnc(C(F)(F)F)o2)CCN1c1ncc(OCc2ccncc2C#N)cn1,1.0,train,../data/images/balanced_scaffold_seed99_Caco2/83.png
84.0,C[C@@H]1CCN(C(=O)CC#N)C[C@@H]1N(C)c1ncnc2[nH]ccc12,1.0,train,../data/images/balanced_scaffold_seed99_Caco2/84.png
85.0,CCCCC1c2ncccc2C(=O)N1Cc1ccc(-c2ccccc2-c2nn[nH]n2)cc1,0.0,train,../data/images/balanced_scaffold_seed99_Caco2/85.png
86.0,CC(C)C[C@H](NC(=O)[C@H](Cc1ccc(O)cc1)NC(=O)c1ccc(C#N)cc1)C(=O)Nc1cc(C(=O)NCc2ccccc2)cc(-c2ccc(C(N)=O)cc2)c1,0.0,train,../data/images/balanced_scaffold_seed99_Caco2/86.png
87.0,CC(C)C[C@H](NC(=O)[C@H](Cc1ccc(OP(=O)(O)O)cc1)NC(=O)c1ccc(C#N)cc1)C(=O)Nc1cc(C(=O)NCc2ccccc2)cc(-c2ccc(C(N)=O)cc2)c1,0.0,train,../data/images/balanced_scaffold_seed99_Caco2/87.png
88.0,Cc1n[nH]c(=O)cc1-c1ccc(OC2CCN(C3CCC3)CC2)cc1,1.0,train,../data/images/balanced_scaffold_seed99_Caco2/88.png
89.0,CN(C)C(=O)c1ccc(Nc2cc3c(cn2)cc(-c2cnn(C)c2)n3C(=O)OC(C)(C)C)c(Cl)c1,1.0,train,../data/images/balanced_scaffold_seed99_Caco2/89.png
90.0,Cc1c(CC#N)c(=O)oc2c3c(ccc12)OC(C)(C)[C@H](OC(=O)[C@@]12CC[C@](C)(C(=O)O1)C2(C)C)[C@@H]3OC(=O)[C@@]12CC[C@](C)(C(=O)O1)C2(C)C,0.0,train,../data/images/balanced_scaffold_seed99_Caco2/90.png
91.0,CCNC(=O)CC[C@@H](CO)N(C)C(=O)c1ccc2c(c1)c1c(n2C)CC[C@@H](C2CCOCC2)C1,0.0,train,../data/images/balanced_scaffold_seed99_Caco2/91.png
92.0,CNC(=O)CCCN(C)C(=O)c1ccc2c(c1)c1c(n2C)CC[C@@H](C2CCOCC2)C1,1.0,train,../data/images/balanced_scaffold_seed99_Caco2/92.png
93.0,CN(C(=O)c1ccc2c(c1)c1c(n2C)CC[C@@H](C2CCOCC2)C1)[C@H](CO)CCC(=O)NCCF,0.0,train,../data/images/balanced_scaffold_seed99_Caco2/93.png
94.0,CNC(=O)CC[C@@H](CO)N(C)C(=O)c1ccc2c(c1)c1c(n2C)CC[C@@H](C2CCOCC2)C1,0.0,train,../data/images/balanced_scaffold_seed99_Caco2/94.png
95.0,CN1[C@@H]2CC[C@@H]1CC(OC(=O)C(CO)c1ccccc1)C2,1.0,train,../data/images/balanced_scaffold_seed99_Caco2/95.png
96.0,O=C(Nc1ccccn1)c1cccc(Oc2ccc3c(c2)c(=O)ncn3Cc2c(F)cc(F)cc2F)c1C(F)(F)F,0.0,train,../data/images/balanced_scaffold_seed99_Caco2/96.png
97.0,CC(C)C1=NC(C)(c2cccc(-c3cccnc3)c2)N=C1N,1.0,train,../data/images/balanced_scaffold_seed99_Caco2/97.png
98.0,CC1=NC(C)(c2cccc(-c3cccnc3)c2)N=C1N,1.0,train,../data/images/balanced_scaffold_seed99_Caco2/98.png
99.0,CC(=O)N[C@@H](Cc1ccccc1)[C@H](O)CNC1CC(C)(C)Oc2sc(CC(C)(C)C)cc21,0.0,train,../data/images/balanced_scaffold_seed99_Caco2/99.png
100.0,COc1cccc(-c2cccc(C3(C4CCN(C(C)=O)CC4)N=C(C)C(N)=N3)c2)c1,0.0,train,../data/images/balanced_scaffold_seed99_Caco2/100.png
101.0,CC[C@@H]1C[C@]1(NC(=O)[C@@H]1C[C@@H](Oc2cc(-c3csc(NC(C)C)n3)nc3c(Cl)c(OCCN4CCCCC4)ccc23)CN1C(=O)[C@@H](NC(=O)OC1C[C@@H]2C[C@@H]2C1)C(C)(C)C)C(=O)O,0.0,train,../data/images/balanced_scaffold_seed99_Caco2/101.png
102.0,O=C(NCCc1ccccc1Cl)c1cc(-n2ncc(=O)[nH]c2=O)ccc1Cl,1.0,train,../data/images/balanced_scaffold_seed99_Caco2/102.png
103.0,Cc1cc(OCc2nnc(SC3CCCC3)n2-c2cccnc2)ccc1-c1ccc(S(C)(=O)=O)cc1,1.0,train,../data/images/balanced_scaffold_seed99_Caco2/103.png
104.0,CC(C)(C)NC(=O)Nc1nc(Cl)c(COCc2ccccc2)n(CC(=O)Nc2ccccc2C(=O)NS(=O)(=O)c2ccc(C(F)(F)F)cc2)c1=O,0.0,train,../data/images/balanced_scaffold_seed99_Caco2/104.png
105.0,Cc1cc(/C=C/C#N)cc(C)c1Oc1cc(Nc2ccc(C#N)cc2)c(N)cc1[N+](=O)[O-],0.0,train,../data/images/balanced_scaffold_seed99_Caco2/105.png
106.0,CO[C@H]1C(=O)[C@]2(C)CC[C@H]3OC[C@@]3(OC(C)=O)[C@H]2[C@H](OC(=O)c2ccccc2)[C@]2(O)C[C@H](OC(=O)[C@H](O)[C@H](CC(C)C)NC(=O)OC(C)(C)C)C(C)=C1C2(C)C,1.0,train,../data/images/balanced_scaffold_seed99_Caco2/106.png
107.0,COC(=O)O[C@H]1C[C@H]2OC[C@@]2(OC(C)=O)[C@H]2[C@H](OC(=O)c3ccccc3)[C@]3(O)C[C@H](OC(=O)[C@H](O)[C@H](CC(C)C)NC(=O)OC(C)(C)C)C(C)=C([C@@H](OC)C(=O)[C@]12C)C3(C)C,1.0,train,../data/images/balanced_scaffold_seed99_Caco2/107.png
108.0,CO[C@H]1C(=O)[C@]2(C)[C@@H](OC(=O)N(C)C)C[C@H]3OC[C@@]3(OC(C)=O)[C@H]2[C@H](OC(=O)c2ccccc2)[C@]2(O)C[C@H](OC(=O)[C@H](O)[C@H](CC(C)C)NC(=O)OC(C)(C)C)C(C)=C1C2(C)C,1.0,train,../data/images/balanced_scaffold_seed99_Caco2/108.png
109.0,COC(=O)O[C@H]1C(=O)[C@]2(C)[C@@H](OC)C[C@H]3OC[C@@]3(OC(C)=O)[C@H]2[C@H](OC(=O)c2ccccc2)[C@]2(O)C[C@H](OC(=O)[C@H](O)[C@H](CC(C)C)NC(=O)OC(C)(C)C)C(C)=C1C2(C)C,1.0,train,../data/images/balanced_scaffold_seed99_Caco2/109.png
110.0,CO[C@H]1C[C@H]2OC[C@@]2(OC(C)=O)[C@H]2[C@H](OC(=O)c3ccccc3)[C@]3(O)C[C@H](OC(=O)[C@H](O)[C@H](CC(C)C)NC(=O)OC(C)(C)C)C(C)=C([C@@H](OC(=O)N(C)C)C(=O)[C@]12C)C3(C)C,1.0,train,../data/images/balanced_scaffold_seed99_Caco2/110.png
111.0,C=CC1=C(C)/C(=C\c2[nH]c(Cc3[nH]c(/C=C4/NC(=O)C(C)=C4C=C)c(C)c3CCC(=O)O)c(CCC(=O)O)c2C)NC1=O,0.0,train,../data/images/balanced_scaffold_seed99_Caco2/111.png
112.0,C=CC1=C(C)/C(=C\c2[nH]c(Cc3[nH]c(/C=C4/NC(=O)C(C)=C4C=C)c(C)c3CCC(=O)NCCS(=O)(=O)O)c(CCC(=O)NCCS(=O)(=O)O)c2C)NC1=O,0.0,train,../data/images/balanced_scaffold_seed99_Caco2/112.png
113.0,OC[C@H]1O[C@@H](n2ccc3c(-c4cccs4)ncnc32)[C@H](O)[C@@H]1O,1.0,train,../data/images/balanced_scaffold_seed99_Caco2/113.png
114.0,COc1ccccc1C(=O)/C=C/c1ncccc1C(F)(F)F,1.0,train,../data/images/balanced_scaffold_seed99_Caco2/114.png
115.0,COc1ncnc(Cn2cc(C(=O)NCCF)c3ncc(C)cc32)c1C,1.0,train,../data/images/balanced_scaffold_seed99_Caco2/115.png
116.0,COc1cnc2c(C(=O)NCCO)cn(Cc3ncnc(N(C)C)c3C)c2c1,0.0,train,../data/images/balanced_scaffold_seed99_Caco2/116.png
117.0,COc1ncnc(Cn2cc(C(=O)NCC(F)F)c3ncc(C)cc32)c1C,1.0,train,../data/images/balanced_scaffold_seed99_Caco2/117.png
118.0,Cc1cnc2c(C(=O)NCCO)cn(Cc3ncnc(N(C)C)c3C)c2c1,0.0,train,../data/images/balanced_scaffold_seed99_Caco2/118.png
119.0,COc1cnc2c(C(=O)NCCO)cn(Cc3ncnc(OC)c3C)c2c1,1.0,train,../data/images/balanced_scaffold_seed99_Caco2/119.png
120.0,Cc1cnc2c(C(=O)NCCO)cn(Cc3ncnc(OC(F)F)c3C)c2c1,1.0,train,../data/images/balanced_scaffold_seed99_Caco2/120.png
121.0,COc1ncnc(Cn2cc(C(=O)NCCF)c3ncccc32)c1C,1.0,train,../data/images/balanced_scaffold_seed99_Caco2/121.png
122.0,COc1ncnc(Cn2cc(C(=O)NCCO)c3ncc(C)cc32)c1C,1.0,train,../data/images/balanced_scaffold_seed99_Caco2/122.png
123.0,COc1c(CCc2ccc(NS(C)(=O)=O)cc2)cc(-c2ccc[nH]c2=O)cc1C(C)(C)C,0.0,train,../data/images/balanced_scaffold_seed99_Caco2/123.png
124.0,Cc1ccnc(SC(F)(F)c2nc3ccccc3o2)n1,1.0,train,../data/images/balanced_scaffold_seed99_Caco2/124.png
125.0,Clc1ccc(C23CNCC2C3)cc1Cl,0.0,train,../data/images/balanced_scaffold_seed99_Caco2/125.png
126.0,O=C(NCCCC1CC1)c1ccc(N2CCN(C(=O)c3ccccc3C(F)(F)F)CC2)nn1,1.0,train,../data/images/balanced_scaffold_seed99_Caco2/126.png
127.0,CC#CCn1c(N2CCC[C@H](N)C2)c(C#N)c2c1c(=O)n(CC(=O)c1cccc(OC)c1)c(=O)n2C,0.0,train,../data/images/balanced_scaffold_seed99_Caco2/127.png
128.0,Cc1nc(NC(=O)CN2C(=O)OC[C@H]2C(C)C)sc1-c1ccc(N)cc1,1.0,train,../data/images/balanced_scaffold_seed99_Caco2/128.png
129.0,CC#CCn1c(N2CCC[C@@H](N)C2)nc2c1c(=O)n(Cc1nc(C)c3ccccc3n1)c(=O)n2C,0.0,train,../data/images/balanced_scaffold_seed99_Caco2/129.png
130.0,COc1ccc(CCN(C)CCCC(C#N)(c2ccc(OC)c(OC)c2)C(C)C)cc1OC,1.0,train,../data/images/balanced_scaffold_seed99_Caco2/130.png
131.0,CC(=O)N[C@H]1C[C@@H](n2cnc(NC(=O)Cc3cccc4ccccc34)c2)C1,1.0,train,../data/images/balanced_scaffold_seed99_Caco2/131.png
132.0,CCNC(=O)N[C@H]1CC[C@@]2(C)[C@@H](CC[C@@H]3[C@@H]2CC[C@]2(C)C(=O)CC[C@@H]32)C1,1.0,train,../data/images/balanced_scaffold_seed99_Caco2/132.png
133.0,C[C@]12CC[C@H](NS(N)(=O)=O)C[C@@H]1CC[C@@H]1[C@@H]2CC[C@]2(C)C(=O)CC[C@@H]12,1.0,train,../data/images/balanced_scaffold_seed99_Caco2/133.png
134.0,CN1CCN(c2nc(C3=C(c4c[nH]c5ccccc45)C(=O)NC3=O)c3ccccc3n2)CC1,0.0,train,../data/images/balanced_scaffold_seed99_Caco2/134.png
135.0,COc1cccc(C(=O)Cn2cnc3c(C#N)c(N4CCC[C@H](N)C4)n(Cc4ccccc4)c3c2=O)c1,0.0,train,../data/images/balanced_scaffold_seed99_Caco2/135.png
136.0,CNCC[C@H](Oc1cccc2ccccc12)c1cccs1,1.0,train,../data/images/balanced_scaffold_seed99_Caco2/136.png
137.0,CC1(c2cccc(-c3cccc(Cl)c3)c2)N=C(N)CCO1,0.0,train,../data/images/balanced_scaffold_seed99_Caco2/137.png
138.0,COc1cccc(-c2cccc(C3(C)N=C(N)CCO3)c2)c1,1.0,train,../data/images/balanced_scaffold_seed99_Caco2/138.png
139.0,O=C(NCCNC[C@@H](O)COc1ccc(O)cc1)N1CCOCC1,0.0,train,../data/images/balanced_scaffold_seed99_Caco2/139.png
140.0,CCCC(=O)Nc1ccc(C(=O)Nc2nccs2)cc1,1.0,train,../data/images/balanced_scaffold_seed99_Caco2/140.png
141.0,CC(C)(C)CC(=O)Nc1c(F)cc(C(=O)Nc2nccs2)cc1F,1.0,train,../data/images/balanced_scaffold_seed99_Caco2/141.png
142.0,CCCCC(=O)Nc1ccc(C(=O)Nc2nccs2)cc1,1.0,train,../data/images/balanced_scaffold_seed99_Caco2/142.png
143.0,CC(C)(C)CC(=O)Nc1ccc(C(=O)Nc2nccs2)cc1,1.0,train,../data/images/balanced_scaffold_seed99_Caco2/143.png
144.0,CC(C)CC(=O)Nc1ccc(C(=O)Nc2nccs2)cc1,1.0,train,../data/images/balanced_scaffold_seed99_Caco2/144.png
145.0,CN1CCC(c2cn(-c3ccc(F)cc3)c3ccc(-c4ncn(C)n4)cc23)CC1,1.0,train,../data/images/balanced_scaffold_seed99_Caco2/145.png
146.0,CC(=O)N1CCC(Nc2ncc3cc(Oc4ccc(F)cc4F)c(=O)n(C)c3n2)CC1,1.0,train,../data/images/balanced_scaffold_seed99_Caco2/146.png
147.0,C=CCN(C(=O)Cc1ccc(S(=O)(=O)NC)cc1)C1CCN(C[C@H]2CN(C(=O)C3CCCC3)C[C@]2(O)c2ccccc2)CC1,0.0,train,../data/images/balanced_scaffold_seed99_Caco2/147.png
148.0,COC(=O)N[C@H](C(=O)NN(CCC[C@@](O)(Cc1ccccc1)C(=O)N[C@H]1c2ccccc2C[C@H]1O)Cc1ccc(-c2ccncc2)cc1)C(C)(C)C,1.0,train,../data/images/balanced_scaffold_seed99_Caco2/148.png
149.0,COc1ccc(-n2nc(C(N)=O)c3c2C(=O)N(c2ccc(-c4ccccc4CN(CCO)CCO)cc2)CC3)cc1,0.0,train,../data/images/balanced_scaffold_seed99_Caco2/149.png
150.0,CCN(CC)Cc1ccccc1-c1ccc(N2CCc3c(C(N)=O)nn(-c4ccc(OC)cc4)c3C2=O)cc1,0.0,train,../data/images/balanced_scaffold_seed99_Caco2/150.png
151.0,COc1ccc(-n2nc(C(N)=O)c3c2C(=O)N(c2ccc(-c4ccccc4CN(C)C)cc2)CC3)cc1,0.0,train,../data/images/balanced_scaffold_seed99_Caco2/151.png
152.0,COc1ccc(-n2nc(C(N)=O)c3c2C(=O)N(c2ccc(-c4ccccc4CN)cc2)CC3)cc1,0.0,train,../data/images/balanced_scaffold_seed99_Caco2/152.png
153.0,CN(C)Cc1ccccc1-c1ccc(N2CCc3c(C(F)(F)F)nn(-c4cccc(C(N)=O)c4)c3C2=O)cc1,0.0,train,../data/images/balanced_scaffold_seed99_Caco2/153.png
154.0,CN(C)Cc1ccccc1-c1ccc(N2CCc3c(C(F)(F)F)nn(-c4ccccc4S(N)(=O)=O)c3C2=O)cc1,0.0,train,../data/images/balanced_scaffold_seed99_Caco2/154.png
155.0,CNCc1ccccc1-c1ccc(N2CCc3c(C(N)=O)nn(-c4ccc(OC)cc4)c3C2=O)cc1,0.0,train,../data/images/balanced_scaffold_seed99_Caco2/155.png
156.0,O=c1c2c(COCc3ccccc3)n(Cc3cnccn3)c(=O)cc2[nH]n1-c1ccccc1Cl,1.0,train,../data/images/balanced_scaffold_seed99_Caco2/156.png
157.0,CO[C@H]1C(=O)[C@]2(C)[C@@H](OC(=O)N(C)C)C[C@H]3OC[C@@]3(OC(C)=O)[C@H]2[C@H](OC(=O)c2ccccc2)[C@]23OC(=O)O[C@H]2[C@H](OC(=O)[C@H](O)[C@@H](NC(=O)OC(C)(C)C)c2ccccn2)C(C)=C1C3(C)C,0.0,train,../data/images/balanced_scaffold_seed99_Caco2/157.png
158.0,CO[C@H]1C[C@H]2OC[C@@]2(OC(C)=O)[C@H]2[C@H](OC(=O)c3ccccc3)[C@]34OC(=O)O[C@H]3[C@H](OC(=O)[C@H](O)[C@@H](NC(=O)OC(C)(C)C)c3ccccn3)C(C)=C([C@@H](OC(=O)N(C)C)C(=O)[C@]12C)C4(C)C,0.0,train,../data/images/balanced_scaffold_seed99_Caco2/158.png
159.0,CO[C@H]1C(=O)[C@]2(C)[C@@H](OC)C[C@H]3OC[C@@]3(OC(C)=O)[C@H]2[C@H](OC(=O)c2ccccc2)[C@]23OC(=O)O[C@H]2[C@H](OC(=O)[C@H](O)[C@@H](NC(=O)OC(C)(C)C)c2ccccn2)C(C)=C1C3(C)C,0.0,train,../data/images/balanced_scaffold_seed99_Caco2/159.png
160.0,Cc1csc(-c2nc3c(=O)nc(N)nc-3n(C)n2)c1,0.0,train,../data/images/balanced_scaffold_seed99_Caco2/160.png
161.0,CN(C)Cc1ccccc1-c1ccc2c(c1)CCN2C(=O)c1cc(C(N)=O)nn1-c1ccc2onc(N)c2c1,0.0,train,../data/images/balanced_scaffold_seed99_Caco2/161.png
162.0,Nc1noc2ccc(-n3nc(C(F)(F)F)cc3C(=O)N3CCc4cc(-c5ccccc5S(N)(=O)=O)ccc43)cc12,0.0,train,../data/images/balanced_scaffold_seed99_Caco2/162.png
163.0,COc1cc(-c2oc3cc(O)cc(O)c3c(=O)c2OC2O[C@H](CO[C@H]3O[C@H](C)[C@@H](O)[C@H](O)[C@@H]3O)[C@@H](O)[C@H](O)[C@H]2O)ccc1O,0.0,train,../data/images/balanced_scaffold_seed99_Caco2/163.png
164.0,Nc1nnc(-c2cccc(Cl)c2Cl)c(N)n1,1.0,train,../data/images/balanced_scaffold_seed99_Caco2/164.png
165.0,C=C[C@@H]1C[C@]1(NC(=O)[C@@H]1C[C@@H](Oc2cc(OCC)nc3c(Br)c(OC)ccc23)CN1C(=O)[C@@H](CC(=O)Nc1ccccc1)C(C)(C)C)C(=O)NS(=O)(=O)C1CC1,0.0,train,../data/images/balanced_scaffold_seed99_Caco2/165.png
166.0,C=C[C@@H]1C[C@]1(NC(=O)[C@@H]1C[C@@H](Oc2cc(OCC)nc3c(Cl)cccc23)CN1C(=O)[C@@H](CC(=O)Nc1ccccc1)C(C)(C)C)C(=O)NS(=O)(=O)C1CC1,0.0,train,../data/images/balanced_scaffold_seed99_Caco2/166.png
167.0,O=C(CCC1=CCCN(CCCc2ccc3ccccc3c2Br)C1=O)NO,1.0,train,../data/images/balanced_scaffold_seed99_Caco2/167.png
168.0,O=c1cc([C@@H]2CCN[C@H](Cc3ccccc3)C2)o[nH]1,0.0,train,../data/images/balanced_scaffold_seed99_Caco2/168.png
169.0,O=c1cc([C@H]2CCN[C@@H](Cc3ccccc3F)C2)o[nH]1,0.0,train,../data/images/balanced_scaffold_seed99_Caco2/169.png
170.0,O=c1cc([C@H]2CCN[C@@H](Cc3cccc(F)c3)C2)o[nH]1,0.0,train,../data/images/balanced_scaffold_seed99_Caco2/170.png
171.0,O=c1cc([C@H]2CCN[C@H](Cc3ccccc3)C2)o[nH]1,0.0,train,../data/images/balanced_scaffold_seed99_Caco2/171.png
172.0,O=c1cc([C@@H]2CCN[C@@H](Cc3ccccc3)C2)o[nH]1,0.0,train,../data/images/balanced_scaffold_seed99_Caco2/172.png
173.0,O=c1cc([C@H]2CCN[C@@H](Cc3ccc(F)cc3)C2)o[nH]1,0.0,train,../data/images/balanced_scaffold_seed99_Caco2/173.png
174.0,O=C1c2ncc3c(c(COCCc4ccccn4)cn3Cc3ccc(F)cc3)c2CCN1O,0.0,train,../data/images/balanced_scaffold_seed99_Caco2/174.png
175.0,NC(N)=O,0.0,train,../data/images/balanced_scaffold_seed99_Caco2/175.png
176.0,O=C(O)P(=O)(O)O,0.0,train,../data/images/balanced_scaffold_seed99_Caco2/176.png
177.0,C/C=C\C=C/CC/C=C/C=C/C(=O)NCC(C)C,1.0,train,../data/images/balanced_scaffold_seed99_Caco2/177.png
178.0,CC#CC#CCC/C=C\C=C\C(=O)NCC(C)C,1.0,train,../data/images/balanced_scaffold_seed99_Caco2/178.png
179.0,NCCCCN,1.0,train,../data/images/balanced_scaffold_seed99_Caco2/179.png
180.0,CCCCCCC/C=C/C=C/C(=O)NCC(C)C,0.0,train,../data/images/balanced_scaffold_seed99_Caco2/180.png
181.0,C[N+](C)(C)CCO,1.0,train,../data/images/balanced_scaffold_seed99_Caco2/181.png
182.0,CCC/C=C\CC/C=C/C=C/C(=O)NCC(C)C,1.0,train,../data/images/balanced_scaffold_seed99_Caco2/182.png
183.0,CC#CC#CCC/C=C\C=C\C(=O)NCC(C)CC,1.0,train,../data/images/balanced_scaffold_seed99_Caco2/183.png
184.0,CC(O)C(=O)O,0.0,train,../data/images/balanced_scaffold_seed99_Caco2/184.png
185.0,CC(=O)N(O)CCCCCNC(=O)CCC(=O)N(O)CCCCCNC(=O)CCC(=O)N(O)CCCCCN,0.0,train,../data/images/balanced_scaffold_seed99_Caco2/185.png
186.0,OC[C@@H](O)[C@@H](O)[C@H](O)[C@H](O)CO,0.0,train,../data/images/balanced_scaffold_seed99_Caco2/186.png
187.0,C=CC(N)=O,1.0,train,../data/images/balanced_scaffold_seed99_Caco2/187.png
188.0,C#CC#CC/C=C\CCCCC/C=C/C(=O)NCC(C)CC,1.0,train,../data/images/balanced_scaffold_seed99_Caco2/188.png
189.0,CC(NC(=O)C(N)CCCCN)C(N)=O,0.0,train,../data/images/balanced_scaffold_seed99_Caco2/189.png
190.0,C/C=C/C#CCC/C=C\C=C\C(=O)NCC(C)C,1.0,train,../data/images/balanced_scaffold_seed99_Caco2/190.png
191.0,C[C@H](N)C(=O)O,0.0,train,../data/images/balanced_scaffold_seed99_Caco2/191.png
192.0,OC[C@@H](O)[C@@H](O)CO,0.0,train,../data/images/balanced_scaffold_seed99_Caco2/192.png
193.0,O=P(O)(O)C(Cl)(Cl)P(=O)(O)O,0.0,train,../data/images/balanced_scaffold_seed99_Caco2/193.png
194.0,C/C=C\C#C/C=C/C(O)CCCCCC(C)=O,1.0,train,../data/images/balanced_scaffold_seed99_Caco2/194.png
195.0,CC#CC#CCCCC/C=C/C(=O)NCC(C)CC,1.0,train,../data/images/balanced_scaffold_seed99_Caco2/195.png
196.0,C#CC#CCC/C=C\C=C\C(=O)NCC(C)C,1.0,train,../data/images/balanced_scaffold_seed99_Caco2/196.png
197.0,C#CC#CC/C=C\CCCCC/C=C/C(=O)NCC(C)C,0.0,train,../data/images/balanced_scaffold_seed99_Caco2/197.png
198.0,O=C([O-])C(S)C(S)C(=O)[O-],1.0,train,../data/images/balanced_scaffold_seed99_Caco2/198.png
199.0,CC(C)(S)C(N)C(=O)O,1.0,train,../data/images/balanced_scaffold_seed99_Caco2/199.png
200.0,CC#CC#CC/C=C\CCC/C=C/C(=O)NCC(C)C,1.0,train,../data/images/balanced_scaffold_seed99_Caco2/200.png
201.0,C#CC#CC/C=C\CCCCCC(C)=O,1.0,train,../data/images/balanced_scaffold_seed99_Caco2/201.png
202.0,CN(C)C(=N)N=C(N)N,0.0,train,../data/images/balanced_scaffold_seed99_Caco2/202.png
203.0,CC(NC(=O)C(N)CC(N)=O)C(N)=O,0.0,train,../data/images/balanced_scaffold_seed99_Caco2/203.png
204.0,C/C=C\C#CC/C=C\CCCCCC(C)=O,1.0,train,../data/images/balanced_scaffold_seed99_Caco2/204.png
205.0,CCCC(CCC)C(=O)O,1.0,train,../data/images/balanced_scaffold_seed99_Caco2/205.png
206.0,CC(C)CC(N)C(=O)O,0.0,train,../data/images/balanced_scaffold_seed99_Caco2/206.png
207.0,CN(CC(=O)O)C(=O)CN,1.0,train,../data/images/balanced_scaffold_seed99_Caco2/207.png
208.0,NC(=O)CC[C@H](N)C(=O)O,0.0,train,../data/images/balanced_scaffold_seed99_Caco2/208.png
209.0,CC#Cc1cncc(-c2cccc([C@@]3(c4cc(C)c(=O)n(CC)c4)N=C(N)c4c(F)cccc43)c2)c1,1.0,train,../data/images/balanced_scaffold_seed99_Caco2/209.png
210.0,CC#Cc1cncc(-c2cccc([C@@]3(c4cc(C)c(=O)n(CC)c4)N=C(N)c4c(F)cc(F)cc43)c2)c1,1.0,train,../data/images/balanced_scaffold_seed99_Caco2/210.png
211.0,CCn1cc(C2(c3cccc(-c4cncc(F)c4)c3)N=C(N)c3c(F)cccc32)cc(C)c1=O,1.0,train,../data/images/balanced_scaffold_seed99_Caco2/211.png
212.0,CCn1cc(C2(c3cccc(-c4cncc(C#N)c4)c3)N=C(N)c3c(F)cccc32)cc(C)c1=O,0.0,train,../data/images/balanced_scaffold_seed99_Caco2/212.png
213.0,COCCCNC(=O)c1nc(-c2ccc(S(=O)(=O)N3CCN(C)CC3)cc2)cnc1N,1.0,train,../data/images/balanced_scaffold_seed99_Caco2/213.png
214.0,O=C(C[C@H]1CNC(=O)c2cc(-c3cccc(F)c3)cn21)N[C@H](CO)Cc1ccccc1,0.0,train,../data/images/balanced_scaffold_seed99_Caco2/214.png
215.0,COc1ccc(C(=O)NCc2cccc(C(=O)NCCC3CCCNC3)c2)cc1OC,0.0,train,../data/images/balanced_scaffold_seed99_Caco2/215.png
216.0,O=C1NN=C(c2ccc(OC3CCN(C4CCC4)CC3)cc2)[C@H]2C[C@@H]12,1.0,train,../data/images/balanced_scaffold_seed99_Caco2/216.png
217.0,O=C(Nc1cnc(-c2ccncc2)c(-c2ccco2)n1)C1CC1,1.0,train,../data/images/balanced_scaffold_seed99_Caco2/217.png
218.0,CN[C@@H](C)C(=O)N[C@H](C(=O)N1CCC[C@H]1C(=O)N[C@H]1c2ccccc2C[C@H]1OCC#CC#CCO[C@@H]1Cc2ccccc2[C@@H]1NC(=O)[C@@H]1CCCN1C(=O)[C@@H](NC(=O)[C@H](C)NC)C(C)(C)C)C(C)(C)C,0.0,train,../data/images/balanced_scaffold_seed99_Caco2/218.png
219.0,COc1ccccc1NC(=O)c1nc(-c2ccc(S(=O)(=O)N3CCN(C)CC3)cc2)cnc1N,0.0,train,../data/images/balanced_scaffold_seed99_Caco2/219.png
220.0,COc1cc2ccnc(Oc3ccc(F)cc3)c2cc1OC,0.0,train,../data/images/balanced_scaffold_seed99_Caco2/220.png
221.0,CC(C)C[C@H](CO)Nc1nc(S(=O)(=O)Cc2ccccc2)nc2[nH]c(=O)sc12,0.0,train,../data/images/balanced_scaffold_seed99_Caco2/221.png
222.0,N=C(N)c1ccc(OCCCCCOc2ccc(C(=N)N)cc2)cc1,0.0,train,../data/images/balanced_scaffold_seed99_Caco2/222.png
223.0,Cc1ccc(-n2nc(C(C)(C)C)cc2NC(=O)Nc2ccc(OCCN3CCOCC3)c3ccccc23)cc1,1.0,train,../data/images/balanced_scaffold_seed99_Caco2/223.png
224.0,Cc1cc(C#N)nc(C)c1C(=O)N1CCC(C)(N2CCC(N3C(=O)N(CC4CCOCC4)C[C@@H]3c3ccccn3)CC2)CC1,0.0,train,../data/images/balanced_scaffold_seed99_Caco2/224.png
225.0,Cc1ccc(C(=O)NC2CC2)cc1-c1ccc2c(N3CCOCC3)nncc2c1,1.0,train,../data/images/balanced_scaffold_seed99_Caco2/225.png
226.0,CC(C)c1nnc2ccc(-c3cnoc3-c3cc(F)ccc3F)cn12,1.0,train,../data/images/balanced_scaffold_seed99_Caco2/226.png
227.0,NS(=O)(=O)c1cc2c(cc1Cl)NCNS2(=O)=O,0.0,train,../data/images/balanced_scaffold_seed99_Caco2/227.png
228.0,O=C(NCC(=O)N1CC[C@H](N[C@H]2CC[C@@](O)(c3ccc(-c4ncccn4)cn3)CC2)C1)c1cccc(C(F)(F)F)c1,0.0,train,../data/images/balanced_scaffold_seed99_Caco2/228.png
229.0,Cn1cncc1CN1CC(N(CC2CCN(C(=O)OCc3ccccc3)CC2)S(=O)(=O)c2ccccn2)Cc2cc(C#N)ccc21,0.0,train,../data/images/balanced_scaffold_seed99_Caco2/229.png
230.0,O=C(NCCNCC(O)COc1ccc(CCOCCOCC2CC2)cc1)N1CCC(O)CC1,0.0,train,../data/images/balanced_scaffold_seed99_Caco2/230.png
231.0,Cc1cc(C)c2c(N)c(C(N)=O)sc2n1,1.0,train,../data/images/balanced_scaffold_seed99_Caco2/231.png
232.0,NC(=O)c1sc2ncccc2c1N,1.0,train,../data/images/balanced_scaffold_seed99_Caco2/232.png
233.0,CS(=O)(=O)N(CC1CCCO1)c1c(Cl)c(Cl)cc2[nH]c(=O)c(=O)[nH]c12,0.0,train,../data/images/balanced_scaffold_seed99_Caco2/233.png
234.0,NS(=O)(=O)c1cc(-c2nc3ccccc3s2)cs1,1.0,train,../data/images/balanced_scaffold_seed99_Caco2/234.png
235.0,Fc1cccc2c1O[C@H]1CNC[C@H]1O2,1.0,train,../data/images/balanced_scaffold_seed99_Caco2/235.png
236.0,CC(C)(c1cc(N2CCOCC2)nc(-c2cccc3[nH]ccc23)n1)S(C)(=O)=O,1.0,train,../data/images/balanced_scaffold_seed99_Caco2/236.png
237.0,CC1=NC(c2ccc(F)cc2)(c2cccc(-c3cccnc3)c2)N=C1N,1.0,train,../data/images/balanced_scaffold_seed99_Caco2/237.png
238.0,CC#Cc1cncc(-c2cccc(C3(c4cc(C)c(OC)c(C)c4)N=C(C)C(N)=N3)c2)c1,1.0,train,../data/images/balanced_scaffold_seed99_Caco2/238.png
239.0,COc1ccc(C2(c3cccc(-c4cccnc4)c3)N=C(C)C(N)=N2)cc1,1.0,train,../data/images/balanced_scaffold_seed99_Caco2/239.png
240.0,CN(C)CCC(Oc1ccc(NC(=O)Nc2ccc3c(ccn3C)c2)cc1)c1ccccc1,0.0,train,../data/images/balanced_scaffold_seed99_Caco2/240.png
241.0,Cn1c(-c2ccccn2)c(C2CCCCC2)c2ccc(C(=O)NC3(C(=O)Nc4ccc(/C=C/C(=O)O)cc4)CCOCC3)cc21,0.0,train,../data/images/balanced_scaffold_seed99_Caco2/241.png
242.0,O=C(Nc1cccc(Br)c1)c1nscc1NCc1ccnc2ccccc12,0.0,train,../data/images/balanced_scaffold_seed99_Caco2/242.png
243.0,CN(Cc1ccc(F)cc1)C(=O)[C@@]1(c2ccc(Cl)c(Cl)c2)C[C@H]1CN1CCN(C(=O)CN2CCCC2)CC1,0.0,train,../data/images/balanced_scaffold_seed99_Caco2/243.png
244.0,c1ccc(Cn2nnnc2C(c2ccc(Cn3cncn3)cc2)N2CCCN(C3CCC3)CC2)cc1,0.0,train,../data/images/balanced_scaffold_seed99_Caco2/244.png
245.0,Nc1cccc(CN2C(=O)N(Cc3cccc(N)c3)[C@H](Cc3ccccc3)[C@H](O)[C@@H](O)[C@H]2Cc2ccccc2)c1,1.0,train,../data/images/balanced_scaffold_seed99_Caco2/245.png
246.0,O=C1c2ncc3c(c(COCC4CCOCC4)cn3Cc3ccc(F)cc3)c2CCN1O,0.0,train,../data/images/balanced_scaffold_seed99_Caco2/246.png
247.0,NC(=O)c1cc(C(=O)N2CCc3cc(N4CCCCC4=O)ccc32)n(-c2ccc3onc(N)c3c2)n1,0.0,train,../data/images/balanced_scaffold_seed99_Caco2/247.png
248.0,CC1(C)CC(OC(=O)c2ccc(Oc3cccc(-c4ccnnc4)c3C#N)c(Cl)c2)CC(C)(C)N1,1.0,train,../data/images/balanced_scaffold_seed99_Caco2/248.png
249.0,CCCS(=O)(=O)Nc1ccc(F)c(-c2cc3cnc(NCC4CC4)nc3n(C)c2=O)c1F,1.0,train,../data/images/balanced_scaffold_seed99_Caco2/249.png
250.0,Nc1ncnc2c1C(=O)N(c1ccc([C@H]3CC[C@H](CC(=O)O)CC3)cc1)CCO2,0.0,train,../data/images/balanced_scaffold_seed99_Caco2/250.png
251.0,CC(C)N(C)[C@@H]1CC[C@H](NC(=O)Cc2nc3cccc(C(F)(F)F)c3[nH]2)[C@H](CS(=O)(=O)c2ccc(C#N)cc2)C1,1.0,train,../data/images/balanced_scaffold_seed99_Caco2/251.png
252.0,CS(=O)(=O)Nc1ccc2c(c1)S(=O)(=O)N=C(C1=C(O)[C@H]3[C@@H]4CC[C@@H](C4)[C@H]3N(Cc3ccc(F)cc3)C1=O)N2,1.0,train,../data/images/balanced_scaffold_seed99_Caco2/252.png
253.0,Cc1cc(CN2C(=O)C(C3=NS(=O)(=O)c4cc(NS(C)(=O)=O)ccc4N3)=C(O)[C@@H]3[C@H]4CC[C@H](C4)[C@@H]32)ccc1F,0.0,train,../data/images/balanced_scaffold_seed99_Caco2/253.png
254.0,CS(=O)(=O)Nc1ccc2c(c1)S(=O)(=O)N=C(C1=C(O)[C@H]3[C@H]4CC[C@H](C4)[C@H]3N(Cc3ccc(F)cc3)C1=O)N2,0.0,train,../data/images/balanced_scaffold_seed99_Caco2/254.png
255.0,CS(=O)(=O)Nc1ccc2c(c1)S(=O)(=O)N=C(C1=C(O)C3C4CCC(C4)C3N(Cc3ccc(F)cc3)C1=O)N2,0.0,train,../data/images/balanced_scaffold_seed99_Caco2/255.png
256.0,CS(=O)(=O)Nc1ccc2c(c1)S(=O)(=O)N=C(C1=C(O)[C@@H]3[C@H]4CC[C@H](C4)[C@@H]3N(Cc3ccc(F)cc3)C1=O)N2,0.0,train,../data/images/balanced_scaffold_seed99_Caco2/256.png
257.0,CS(=O)(=O)Nc1ccc2c(c1)S(=O)(=O)N=C(C1=C(O)[C@@H]3[C@H]4CC[C@H](C4)[C@@H]3N(Cc3ccc(F)c(F)c3)C1=O)N2,0.0,train,../data/images/balanced_scaffold_seed99_Caco2/257.png
258.0,O=C(CCC1=CCN(Cc2ccc(F)cc2)C1=O)NO,0.0,train,../data/images/balanced_scaffold_seed99_Caco2/258.png
259.0,CC(=O)Nc1sc2c(c1-c1nc3ccccc3s1)CNC2,0.0,train,../data/images/balanced_scaffold_seed99_Caco2/259.png
260.0,NC(=S)NC[C@H]1CN(c2ccc(C3CCS(=O)(=O)CC3)c(F)c2)C(=O)O1,0.0,train,../data/images/balanced_scaffold_seed99_Caco2/260.png
261.0,Oc1cccc(-c2ccc3c(-c4ccccc4)c(O)ccc3c2)c1,1.0,train,../data/images/balanced_scaffold_seed99_Caco2/261.png
262.0,CS(=O)(=O)Nc1cccc(-c2c(O)ccc3cc(-c4cccc(O)c4)ccc23)c1,1.0,train,../data/images/balanced_scaffold_seed99_Caco2/262.png
263.0,Nc1cccc(-c2c(O)ccc3cc(-c4cccc(O)c4)ccc23)c1,1.0,train,../data/images/balanced_scaffold_seed99_Caco2/263.png
264.0,COc1ccccc1COCCCOc1ccc(N2C(=O)CNC[C@@H]2COCc2cccnc2)cc1,1.0,train,../data/images/balanced_scaffold_seed99_Caco2/264.png
265.0,Cn1ncc(C(=O)N2[C@@H]3CC[C@H]2C[C@@H](Nc2n[nH]c4ccc(F)cc24)C3)c1Cl,1.0,train,../data/images/balanced_scaffold_seed99_Caco2/265.png
266.0,Cc1cc(Cc2ccc(C(=O)N[C@@H]3CCOC[C@@H]3C(=O)NO)cc2)c2ccccc2n1,0.0,train,../data/images/balanced_scaffold_seed99_Caco2/266.png
267.0,COc1cccc(CNc2ccc(S(=O)(=O)Nc3nc4ccccc4s3)cc2)c1O,0.0,train,../data/images/balanced_scaffold_seed99_Caco2/267.png
268.0,O=C(O)c1cc(Oc2ccccc2)ccc1NS(=O)(=O)c1ccc(Br)cc1F,0.0,train,../data/images/balanced_scaffold_seed99_Caco2/268.png
269.0,Cc1ccc(S(=O)(=O)Nc2ccc(Oc3ccccc3C(F)(F)F)cc2C(=O)O)cc1,0.0,train,../data/images/balanced_scaffold_seed99_Caco2/269.png
270.0,Cc1ccc(S(=O)(=O)Nc2ccc(Oc3ccccc3)cc2C(=O)O)cc1,0.0,train,../data/images/balanced_scaffold_seed99_Caco2/270.png
271.0,C/C(=C\c1cc(F)c(OCCCF)cc1F)C(=O)N[C@H]1[C@@H](O)[C@@H]2OCO[C@@H]2[C@H](O)[C@H]1OCc1ccccc1,1.0,train,../data/images/balanced_scaffold_seed99_Caco2/271.png
272.0,CCCCOc1ncc(C(C)=O)cc1-c1nc(O)c2nn(Cc3nccn3C)c(CC)c2n1,0.0,train,../data/images/balanced_scaffold_seed99_Caco2/272.png
273.0,CO[C@@H]1C=CO[C@@]2(C)Oc3c(C)c(O)c4c(c3C2=O)C(=O)/C(=C\NN2CCN(C)CC2)C(=C4O)NC(=O)C(C)=CC=C[C@@H](C)[C@H](O)[C@H](C)[C@H](O)[C@@H](C)[C@@H](OC(C)=O)[C@@H]1C,0.0,train,../data/images/balanced_scaffold_seed99_Caco2/273.png
274.0,O=c1c(-c2ccc(O)cc2)coc2c(C3O[C@H](CO)[C@@H](O)[C@H](O)[C@H]3O)c(O)ccc12,0.0,train,../data/images/balanced_scaffold_seed99_Caco2/274.png
275.0,Cc1ccc(NS(=O)(=O)c2ccc3c(c2)CCC(=O)N3)cc1C,1.0,train,../data/images/balanced_scaffold_seed99_Caco2/275.png
276.0,O=C1CCc2cc(S(=O)(=O)Nc3ccc(F)c(Cl)c3)c(F)cc2N1,1.0,train,../data/images/balanced_scaffold_seed99_Caco2/276.png
277.0,Cc1ccc(NS(=O)(=O)c2cc3c(cc2F)NC(=O)CC3)cc1Cl,0.0,train,../data/images/balanced_scaffold_seed99_Caco2/277.png
278.0,Cc1ccc(NS(=O)(=O)c2cc3c(cc2N[C@@H](C)CO)NC(=O)CC3)cc1Cl,0.0,train,../data/images/balanced_scaffold_seed99_Caco2/278.png
279.0,C[C@@H](CO)Nc1cc2c(cc1S(=O)(=O)Nc1ccc(F)c(Cl)c1)CCC(=O)N2,0.0,train,../data/images/balanced_scaffold_seed99_Caco2/279.png
280.0,NC[C@@H](NC(=O)C[C@H]1CNC(=O)c2cc(-c3ccnc(F)c3)cn21)c1ccccc1,0.0,train,../data/images/balanced_scaffold_seed99_Caco2/280.png
281.0,CN1CCCC1c1cccnc1,1.0,train,../data/images/balanced_scaffold_seed99_Caco2/281.png
282.0,CCOC(=O)N(Cc1ccccc1-c1ccccc1)[C@H]1CCNC1,1.0,train,../data/images/balanced_scaffold_seed99_Caco2/282.png
283.0,Oc1ccc(-c2ccc(-c3cccc(O)c3)s2)cc1,1.0,train,../data/images/balanced_scaffold_seed99_Caco2/283.png
284.0,CC(C)S[C@H](NC(=O)[C@@H](C[C@H](O)[C@@H]1COCc2cccc(c2)C(c2ccccc2)NC(=O)c2cc(cc(N(C)S(C)(=O)=O)c2)C(=O)N1)C(C)C)C(=O)NCc1ccccc1,0.0,train,../data/images/balanced_scaffold_seed99_Caco2/284.png
285.0,Cn1c(-c2ccccn2)c(C2CCCCC2)c2ccc(C(=O)NC(C)(C)C(=O)Nc3ccc(-c4nc(C(=O)O)cs4)cc3)cc21,0.0,train,../data/images/balanced_scaffold_seed99_Caco2/285.png
286.0,CN(C)CCN1CCN(C(=O)c2cc(C(C)(C)C)sc2NC(=O)Nc2cccc(Cl)c2Cl)CCC1=O,0.0,train,../data/images/balanced_scaffold_seed99_Caco2/286.png
287.0,CN1CCC(NC(=O)c2ccc(Oc3ccc(C#C[C@]4(O)CN5CCC4CC5)cc3)cc2)CC1,0.0,train,../data/images/balanced_scaffold_seed99_Caco2/287.png
288.0,CCCC(=O)c1cc(C#N)c(N2CCC(C(=O)NS(=O)(=O)C3(c4ccccc4)CC3)CC2)nc1C,0.0,train,../data/images/balanced_scaffold_seed99_Caco2/288.png
289.0,CCCC(=O)c1cc(C#N)c(N2CCC(C(=O)NS(=O)(=O)C3(c4ccccc4)CC3)CC2)nc1SC,0.0,train,../data/images/balanced_scaffold_seed99_Caco2/289.png
290.0,COc1cccc(-c2cccc(C3(C)N=C(C)C(N)=N3)c2)c1,1.0,train,../data/images/balanced_scaffold_seed99_Caco2/290.png
291.0,Cc1ccc(C(=O)N(CC(=O)Nc2ncc(-c3ccc(N)cc3)s2)Cc2ccccc2)cn1,1.0,train,../data/images/balanced_scaffold_seed99_Caco2/291.png
292.0,N#Cc1cccc(-c2cccc(-c3nn[nH]n3)c2)c1,0.0,train,../data/images/balanced_scaffold_seed99_Caco2/292.png
293.0,Cc1ccc(-c2cccc(-c3nn[nH]n3)c2)cc1,0.0,train,../data/images/balanced_scaffold_seed99_Caco2/293.png
294.0,O=C(Nc1cnc(-c2ccncc2)c(-c2cccnc2)n1)C1CC1,1.0,train,../data/images/balanced_scaffold_seed99_Caco2/294.png
295.0,O=C(Nc1cnc(-c2ccncc2F)c(-c2cccnc2)n1)C1CC1,1.0,train,../data/images/balanced_scaffold_seed99_Caco2/295.png
296.0,COc1cc(Cl)ccc1C[C@@H](C)C(=O)N1CCN(c2ccc(Cl)cc2[C@@H](NC(=O)[C@@H](C)N)C(C)C)CC1,0.0,train,../data/images/balanced_scaffold_seed99_Caco2/296.png
297.0,Cc1ccc(N2CCN(C(=O)[C@H](C)Cc3ccc(Cl)cc3)CC2)c([C@@H](N)C(C)C)c1,0.0,train,../data/images/balanced_scaffold_seed99_Caco2/297.png
298.0,Cc1ccc(N2CCN(C(=O)[C@H](C)Cc3ccc(Cl)cc3)CC2)c([C@@H](NC(=O)CCN)C(C)C)c1,0.0,train,../data/images/balanced_scaffold_seed99_Caco2/298.png
299.0,CNCCN[C@H](c1cc(C)ccc1N1CCN(C(=O)[C@H](C)Cc2ccc(Cl)cc2F)CC1)C(C)C,0.0,train,../data/images/balanced_scaffold_seed99_Caco2/299.png
300.0,CNCCN[C@H](c1cccc(F)c1N1CCN(C(=O)[C@H](C)Cc2ccc(Cl)cc2)CC1)C(C)C,0.0,train,../data/images/balanced_scaffold_seed99_Caco2/300.png
301.0,CC(C)[C@H](NC(=O)CCN(C)C)c1cc(Cl)ccc1N1CCN(C(=O)[C@H](C)Cc2ccc(Cl)cc2)CC1,1.0,train,../data/images/balanced_scaffold_seed99_Caco2/301.png
302.0,CNCC(=O)N[C@H](c1cccc(F)c1N1CCN(C(=O)[C@H](C)Cc2ccc(Cl)cc2Cl)CC1)C(C)C,0.0,train,../data/images/balanced_scaffold_seed99_Caco2/302.png
303.0,COc1cc(Cl)ccc1C[C@@H](C)C(=O)N1CCN(c2ccc(Cl)cc2[C@@H](NC(=O)C(C)N)C(C)C)CC1,0.0,train,../data/images/balanced_scaffold_seed99_Caco2/303.png
304.0,CNCC(=O)N[C@H](c1cccc(F)c1N1CCN(C(=O)[C@H](C)Cc2ccc(Cl)cc2OC)CC1)C(C)C,0.0,train,../data/images/balanced_scaffold_seed99_Caco2/304.png
305.0,CC(C)[C@H](NC(=O)CCN(C)C)c1cccc(F)c1N1CCN(C(=O)[C@H](C)Cc2ccc(Cl)cc2)CC1,1.0,train,../data/images/balanced_scaffold_seed99_Caco2/305.png
306.0,CNCC(=O)N[C@H](c1cc(C)ccc1N1CCN(C(=O)[C@H](C)Cc2ccc(Cl)cc2F)CC1)C(C)C,0.0,train,../data/images/balanced_scaffold_seed99_Caco2/306.png
307.0,CNCC(=O)N[C@H](c1cccc(F)c1N1CCN(C(=O)[C@H](C)Cc2ccc(Cl)cc2)CC1)C(C)C,0.0,train,../data/images/balanced_scaffold_seed99_Caco2/307.png
308.0,CCN(C(=O)N1CCOCC1)c1ccc(C(O)(C(F)(F)F)C(F)(F)F)cc1,1.0,train,../data/images/balanced_scaffold_seed99_Caco2/308.png
309.0,COC(=O)CCCCN(C(=O)N1CCOCC1)c1ccc(C(O)(C(F)(F)F)C(F)(F)F)cc1,1.0,train,../data/images/balanced_scaffold_seed99_Caco2/309.png
310.0,O=C(O)CCCCN(C(=O)N1CCOCC1)c1ccc(C(O)(C(F)(F)F)C(F)(F)F)cc1,0.0,train,../data/images/balanced_scaffold_seed99_Caco2/310.png
311.0,CC(C)CCn1nc(CC2CC2)c(O)c(C2=NS(=O)(=O)c3cc(NS(C)(=O)=O)ccc3N2)c1=O,0.0,train,../data/images/balanced_scaffold_seed99_Caco2/311.png
312.0,CCCCCn1cc(C(=O)NC23CC4CC(CC(C4)C2)C3)c(=O)cc1C(C)(C)C,1.0,train,../data/images/balanced_scaffold_seed99_Caco2/312.png
313.0,Cn1c(-c2cncnc2)c(C2CCCCC2)c2ccc(C(=O)NC(C)(C)C(=O)Nc3ccc(/C=C/C(=O)O)cc3)cc21,0.0,train,../data/images/balanced_scaffold_seed99_Caco2/313.png
314.0,Cc1cc(C(=O)N2CCN(c3ccc(C(=O)NCCC4CC4)nn3)CC2)c(C(F)(F)F)o1,1.0,train,../data/images/balanced_scaffold_seed99_Caco2/314.png
315.0,NC(=O)c1cc(C(=O)N2CCc3cc(-n4ccccc4=O)ccc32)n(-c2ccc3onc(N)c3c2)n1,0.0,train,../data/images/balanced_scaffold_seed99_Caco2/315.png
316.0,CCOC(=O)c1cc(C#N)c(N2CC(NC(=O)NS(=O)(=O)c3ccc(Cl)s3)C2)nc1C,0.0,train,../data/images/balanced_scaffold_seed99_Caco2/316.png
317.0,Oc1c2c(nn1-c1nc3ccccc3[nH]1)CCc1ccccc1-2,0.0,train,../data/images/balanced_scaffold_seed99_Caco2/317.png
318.0,CC[C@H]1C[C@@H](n2c(=O)nc(-c3cnn(C)c3)c3oc4ccc(-c5cncn5C)cc4c32)CCO1,0.0,train,../data/images/balanced_scaffold_seed99_Caco2/318.png
319.0,CC(C)c1nc(CN(C)C(=O)N[C@H](C(=O)N[C@@H](Cc2ccccc2)C[C@H](O)[C@H](Cc2ccccc2)NC(=O)OCc2cncs2)C(C)C)cs1,0.0,train,../data/images/balanced_scaffold_seed99_Caco2/319.png
320.0,CSc1nc2cc(C(=O)N3CCC(C)CC3)ccc2[nH]1,1.0,train,../data/images/balanced_scaffold_seed99_Caco2/320.png
321.0,CSc1nc2cc(C(=O)N3CCC(C)CC3)c(Cl)cc2[nH]1,1.0,train,../data/images/balanced_scaffold_seed99_Caco2/321.png
322.0,CSc1nc2cc(C(=O)N3CCCCC3)c(Cl)cc2[nH]1,1.0,train,../data/images/balanced_scaffold_seed99_Caco2/322.png
323.0,CSc1nc2cc(C(=O)N3CCCCC3)ccc2[nH]1,1.0,train,../data/images/balanced_scaffold_seed99_Caco2/323.png
324.0,COC(=O)c1ccccc1-c1c2ccc(=N)cc-2oc2cc(N)ccc12,0.0,train,../data/images/balanced_scaffold_seed99_Caco2/324.png
325.0,O=C(Cc1cccc2ccccc12)Nc1cn([C@H]2C[C@@H](NC(=O)c3ccccn3)C2)cn1,1.0,train,../data/images/balanced_scaffold_seed99_Caco2/325.png
326.0,Cc1cccc(C(=O)N[C@H]2C[C@@H](n3cnc(NC(=O)Cc4cccc5ccccc45)c3)C2)n1,1.0,train,../data/images/balanced_scaffold_seed99_Caco2/326.png
327.0,C[N+](C)(C)Cc1ccccc1-c1ccc(NC(=O)c2cc(C(F)(F)F)nn2-c2ccc3onc(N)c3c2)c(F)c1,0.0,train,../data/images/balanced_scaffold_seed99_Caco2/327.png
328.0,CN(C)Cc1ccccc1-c1ccc(NC(=O)c2cc(C(F)(F)F)nn2-c2ccc3onc(N)c3c2)c(F)c1,0.0,train,../data/images/balanced_scaffold_seed99_Caco2/328.png
329.0,CNCc1ccccc1-c1ccc(NC(=O)c2cc(C(F)(F)F)nn2-c2ccc3onc(N)c3c2)c(F)c1,0.0,train,../data/images/balanced_scaffold_seed99_Caco2/329.png
330.0,Nc1noc2ccc(-n3nc(C(F)(F)F)c4c3C(=O)N(c3ccc(-c5ccccc5CN5CCC(O)CC5)cc3)CC4)cc12,0.0,train,../data/images/balanced_scaffold_seed99_Caco2/330.png
331.0,NC(N)=NC(=O)c1nc(Cl)c(N)nc1N,0.0,train,../data/images/balanced_scaffold_seed99_Caco2/331.png
332.0,Cc1nnc(NS(=O)(=O)c2ccc(N)cc2)s1,0.0,train,../data/images/balanced_scaffold_seed99_Caco2/332.png
333.0,Cc1cc(C#N)nc(C)c1C(=O)N1CCC(C)(N2CCC(N3C(=O)N(CC4CCOCC4)C[C@H]3c3ccccc3)CC2)CC1,0.0,train,../data/images/balanced_scaffold_seed99_Caco2/333.png
334.0,NC(=O)[C@@H]1CCCN1C(=O)[C@H](Cc1cnc[nH]1)NC(=O)[C@@H]1CCC(=O)N1,0.0,train,../data/images/balanced_scaffold_seed99_Caco2/334.png
335.0,Cc1nc(NC(=O)N2CCC[C@H]2C(N)=O)sc1-c1ccnc(C(C)(C)C(F)(F)F)c1,0.0,train,../data/images/balanced_scaffold_seed99_Caco2/335.png
336.0,O=C(Nc1nc2ccccc2[nH]1)c1ccc(N2CCN(C(=O)c3ccccc3C(F)(F)F)CC2)nn1,1.0,train,../data/images/balanced_scaffold_seed99_Caco2/336.png
337.0,CC(C)n1c(=O)c(C(=O)N[C@H]2C[C@H]3CC[C@@H](C2)N3CCCCCCCN2CCOCC2)cc2ccccc21,1.0,train,../data/images/balanced_scaffold_seed99_Caco2/337.png
338.0,Cc1ccc(F)cc1C(C)(C)CC(O)(Cc1cc2ncncc2[nH]1)C(F)(F)F,1.0,train,../data/images/balanced_scaffold_seed99_Caco2/338.png
339.0,O=C(COc1ccc(C23CC4CC(CC(C4)C2)C3)cc1)Nc1cc(C(=O)NCCCn2ccnc2)ccn1,1.0,train,../data/images/balanced_scaffold_seed99_Caco2/339.png
340.0,Cc1ccnc2nc(Cc3nc4ccc(C(=N)N)cc4[nH]3)[nH]c12,0.0,train,../data/images/balanced_scaffold_seed99_Caco2/340.png
341.0,Nc1nonc1/C(=N/O)NCc1ccccc1,1.0,train,../data/images/balanced_scaffold_seed99_Caco2/341.png
342.0,CCOC(=O)c1cc(C#N)c(N2CC3CN(C(=O)NS(=O)(=O)c4ccccc4)CC3C2)nc1C,0.0,train,../data/images/balanced_scaffold_seed99_Caco2/342.png
343.0,COc1c(C)cnc(Cn2cnc3c(Cl)nc(N)nc32)c1C,1.0,train,../data/images/balanced_scaffold_seed99_Caco2/343.png
344.0,Cn1cncc1CN1CC(N(Cc2cccc(-n3cccc3)c2)S(=O)(=O)c2ccccn2)Cc2cc(C#N)ccc21,0.0,train,../data/images/balanced_scaffold_seed99_Caco2/344.png
345.0,Cc1ccc2c(NC3CC3)noc2c1-c1ccc2c(c1)NC(=O)C21CCOCC1,1.0,train,../data/images/balanced_scaffold_seed99_Caco2/345.png
346.0,Cn1cnc(S(=O)(=O)N(CCN(Cc2cncn2C)c2ccc(C#N)cc2)CC2CCN(C(=O)OC(C)(C)C)CC2)c1,0.0,train,../data/images/balanced_scaffold_seed99_Caco2/346.png
347.0,CSc1ccccc1CNc1ncc([N+](=O)[O-])c(NCC2CCC(CN)CC2)n1,0.0,train,../data/images/balanced_scaffold_seed99_Caco2/347.png
348.0,NCC1CCC(CNc2nc(NCc3ccccc3Cl)ncc2[N+](=O)[O-])CC1,0.0,train,../data/images/balanced_scaffold_seed99_Caco2/348.png
349.0,CN(C)CC1CCC(CNc2nc(NCc3ccccc3Cl)ncc2[N+](=O)[O-])CC1,1.0,train,../data/images/balanced_scaffold_seed99_Caco2/349.png
350.0,C=C(CC[C@@H](C(=O)O)[C@H]1[C@H](O)C[C@@]2(C)C3=CCC4C(C)(C)C(=O)CC[C@]4(C)C3=CC[C@]12C)C(C)C,1.0,train,../data/images/balanced_scaffold_seed99_Caco2/350.png
351.0,C=C(CC[C@@H](C(=O)O)[C@H]1[C@H](O)C[C@@]2(C)C3=C[C@@H](O)C4C(C)(C)C(=O)CC[C@]4(C)C3=CC[C@]12C)C(C)C,0.0,train,../data/images/balanced_scaffold_seed99_Caco2/351.png
352.0,O=C(Nc1ccccc1)c1cccc(Oc2ccc3c(c2)c(=O)ncn3Cc2c(F)cc(F)cc2F)c1C(F)(F)F,0.0,train,../data/images/balanced_scaffold_seed99_Caco2/352.png
353.0,CCCS(=O)(=O)Nc1ccc(F)c(C(=O)Nc2cnc3[nH]ncc3c2)c1F,0.0,train,../data/images/balanced_scaffold_seed99_Caco2/353.png
354.0,CO[C@H]1CC[C@H](N2CC(=O)Nc3ncc(-c4ccc(-c5nc[nH]n5)nc4C)nc32)CC1,1.0,train,../data/images/balanced_scaffold_seed99_Caco2/354.png
355.0,CN(Cc1ccccc1)Cc1c2c(=O)n(-c3ccccc3Cl)[nH]c2cc(=O)n1Cc1ccn(C)n1,0.0,train,../data/images/balanced_scaffold_seed99_Caco2/355.png
356.0,C[C@@H]1O[C@@H](c2ccc(Cl)cc2)OC[C@H]1NC(=O)Cc1ccccc1,1.0,train,../data/images/balanced_scaffold_seed99_Caco2/356.png
357.0,C[C@@H]1O[C@@H](c2ccc([N+](=O)[O-])cc2)OC[C@H]1NC(=O)Cc1ccccc1,1.0,train,../data/images/balanced_scaffold_seed99_Caco2/357.png
358.0,C[C@@H]1O[C@H](c2ccc([N+](=O)[O-])cc2)OC[C@H]1NC(=O)Cc1ccccc1,1.0,train,../data/images/balanced_scaffold_seed99_Caco2/358.png
359.0,C[C@@H]1O[C@H](c2ccc(Cl)cc2)OC[C@H]1NC(=O)Cc1ccccc1,1.0,train,../data/images/balanced_scaffold_seed99_Caco2/359.png
360.0,CC1(C)CC(=O)c2c(C(F)(F)F)nn(-c3ccc(C(N)=O)c(N[C@H]4CC[C@H](O)CC4)c3)c2C1,0.0,train,../data/images/balanced_scaffold_seed99_Caco2/360.png
361.0,COc1ccc2c(O[C@@H]3C[C@H]4C(=O)N[C@]5(C(=O)NS(=O)(=O)C6CC6)C[C@H]5/C=C\CCCCC[C@H](NC(=O)c5cnn(C)n5)C(=O)N4C3)cc(OC(C)C)nc2c1C,0.0,train,../data/images/balanced_scaffold_seed99_Caco2/361.png
362.0,COc1ccc2c(O[C@@H]3C[C@H]4C(=O)N[C@]5(C(=O)NS(=O)(=O)C6(C)CC6)C[C@H]5/C=C\CCCCC[C@H](NC(=O)c5cnn(C)n5)C(=O)N4C3)cc(OC(C)C)nc2c1C,1.0,train,../data/images/balanced_scaffold_seed99_Caco2/362.png
363.0,N=C(N)NCCC[C@H](NC(=O)c1ccc(C(c2ccccc2)c2ccccc2)o1)C(=O)O,0.0,train,../data/images/balanced_scaffold_seed99_Caco2/363.png
364.0,Cc1cc(SCc2cc(=O)[nH][nH]2)c(Cl)cc1Cl,0.0,train,../data/images/balanced_scaffold_seed99_Caco2/364.png
365.0,CN(C)CCCN1c2ccccc2Sc2ccc(Cl)cc21,1.0,train,../data/images/balanced_scaffold_seed99_Caco2/365.png
366.0,CC(CN1c2ccccc2Sc2ccccc21)N(C)C,1.0,train,../data/images/balanced_scaffold_seed99_Caco2/366.png
367.0,O=C(c1ccc(O)cc1OC[C@@H](O)CN1CCC2(CC1)Cc1cc(Cl)ccc1O2)N1CCOCC1,0.0,train,../data/images/balanced_scaffold_seed99_Caco2/367.png
368.0,Cc1nc(NC(=O)N2CCC[C@H]2C(N)=O)sc1-c1ccc(S(C)(=O)=O)c(F)c1,0.0,train,../data/images/balanced_scaffold_seed99_Caco2/368.png
369.0,CN1CC[C@@H](NC(=O)Nc2ccc(C#N)cc2)C[C@@H]1c1nc2ccccc2[nH]1,0.0,train,../data/images/balanced_scaffold_seed99_Caco2/369.png
370.0,COc1cccc(-c2cccc(C3(C)CCSC(N)=N3)c2)c1,1.0,train,../data/images/balanced_scaffold_seed99_Caco2/370.png
371.0,Cc1cc(COc2ccc(C(=O)N[C@@H]3CC4(C[C@@H]3C(=O)NO)OCCO4)cc2)c2ccccc2n1,0.0,train,../data/images/balanced_scaffold_seed99_Caco2/371.png
372.0,C=C[C@@H]1C[C@]1(NC(=O)[C@@H]1C[C@@](OC)(c2ccc(-c3ccc(C)cn3)cc2)CN1C(=O)[C@@H](NC(=O)OC1CCCC1)C(C)(C)C)C(=O)NS(=O)(=O)C1CC1,0.0,train,../data/images/balanced_scaffold_seed99_Caco2/372.png
373.0,C=C[C@@H]1C[C@]1(NC(=O)[C@@H]1C[C@@](OC)(c2ccc(-c3ccccn3)cc2)CN1C(=O)[C@@H](NC(=O)OC1CCCC1)C(C)(C)C)C(=O)NS(=O)(=O)C1CC1,0.0,train,../data/images/balanced_scaffold_seed99_Caco2/373.png
374.0,COc1ccc(-c2oc3c(CC=C(C)C)c(O[C@@H]4O[C@H](CO)[C@@H](O)[C@H](O)[C@H]4O)cc(O)c3c(=O)c2O[C@H]2O[C@H](C)[C@@H](O)[C@H](O)[C@@H]2O)cc1,0.0,train,../data/images/balanced_scaffold_seed99_Caco2/374.png
375.0,O=C(COc1ccccc1)Nc1ccc2ncn(Cc3ccc(Cl)c(Cl)c3)c(=O)c2c1,0.0,train,../data/images/balanced_scaffold_seed99_Caco2/375.png
376.0,N#Cc1ccc2c(c1)CCc1nn(-c3ccccn3)c(O)c1-2,0.0,train,../data/images/balanced_scaffold_seed99_Caco2/376.png
377.0,Oc1c2c(nn1-c1ccccn1)CCc1ccccc1-2,1.0,train,../data/images/balanced_scaffold_seed99_Caco2/377.png
378.0,Oc1c2c(nn1-c1ccccn1)CCc1cc(Br)ccc1-2,0.0,train,../data/images/balanced_scaffold_seed99_Caco2/378.png
379.0,CCCCOC(=O)c1ccccc1-c1ccc(CN2CCC(COC(=O)c3c4n(c5ccccc35)CCCO4)CC2)cc1,1.0,train,../data/images/balanced_scaffold_seed99_Caco2/379.png
380.0,CC(C)(C)C(=O)OCOC(=O)c1ccccc1-c1ccc(CN2CCC(COC(=O)c3c4n(c5ccccc35)CCCO4)CC2)cc1,1.0,train,../data/images/balanced_scaffold_seed99_Caco2/380.png
381.0,COC(=O)c1ccccc1-c1ccc(CN2CCC(COC(=O)c3c4n(c5ccccc35)CCCO4)CC2)cc1,1.0,train,../data/images/balanced_scaffold_seed99_Caco2/381.png
382.0,O=C(O)c1ccccc1-c1ccc(CN2CCC(COC(=O)c3c4n(c5ccccc35)CCCO4)CC2)cc1,0.0,train,../data/images/balanced_scaffold_seed99_Caco2/382.png
383.0,CC(=O)OCOC(=O)c1ccccc1-c1ccc(CN2CCC(COC(=O)c3c4n(c5ccccc35)CCCO4)CC2)cc1,0.0,train,../data/images/balanced_scaffold_seed99_Caco2/383.png
384.0,CNC(=O)c1cc(Oc2ccc3nc(Nc4cccc(C(C)(C)C)c4)cnc3c2)ccn1,0.0,train,../data/images/balanced_scaffold_seed99_Caco2/384.png
385.0,CC(C)(C)OC(=O)NC[C@H]1CC[C@H](CNC(=O)c2cc(N3CCC(CCN4CC(O)C4)CC3)nc3ccccc23)CC1,0.0,train,../data/images/balanced_scaffold_seed99_Caco2/385.png
386.0,Cc1cc(Nc2ncnc3cnc(N4CCOCC4)cc23)ccc1Oc1ccc(C(=O)NCC(C)(C)C)cc1,1.0,train,../data/images/balanced_scaffold_seed99_Caco2/386.png
387.0,O=c1ncn(Cc2c(F)cc(F)cc2F)c2ccc(Oc3ccc(-c4ccc5[nH]ccc5c4)cc3)cc12,0.0,train,../data/images/balanced_scaffold_seed99_Caco2/387.png
388.0,C[C@H](CS(C)(=O)=O)Nc1n[nH]c2nc(Oc3ccc(F)cc3F)ncc12,0.0,train,../data/images/balanced_scaffold_seed99_Caco2/388.png
389.0,Cc1[nH]n(-c2nc3ccccc3s2)c(=O)c1-c1ccccc1,0.0,train,../data/images/balanced_scaffold_seed99_Caco2/389.png
390.0,Cc1[nH]n(-c2nc3ccc(F)cc3s2)c(=O)c1-c1ccccc1,1.0,train,../data/images/balanced_scaffold_seed99_Caco2/390.png
391.0,CNc1ccc(-c2nc(=O)n(CCC3CCCCO3)c3c2oc2ncc(-c4cnn(C)c4)cc23)cn1,0.0,train,../data/images/balanced_scaffold_seed99_Caco2/391.png
392.0,C[N+](C)(CCCCNC(=O)Cc1ccc(OCc2ccccc2)cc1)CCNC(=O)c1nc(Cl)c(N)nc1N,0.0,train,../data/images/balanced_scaffold_seed99_Caco2/392.png
393.0,CC(C)CN(C[C@@H](O)[C@H](Cc1ccccc1)NC(=O)O[C@H]1CCOC1)S(=O)(=O)c1ccc(N)cc1,1.0,train,../data/images/balanced_scaffold_seed99_Caco2/393.png
394.0,CCCCC1N(CC2CCCCC2)C(=O)OC12CCN(C1(C)CCN(C(=O)c3c(C)cccc3C)CC1)CC2,1.0,train,../data/images/balanced_scaffold_seed99_Caco2/394.png
395.0,NC(=O)c1cccc(-n2nc(C(F)(F)F)c3c2C(=O)N(c2ccc(-c4ccccc4CN4CC[C@@H](O)C4)cc2)CC3)c1,0.0,train,../data/images/balanced_scaffold_seed99_Caco2/395.png
396.0,NS(=O)(=O)c1ccccc1-n1nc(C(F)(F)F)c2c1C(=O)N(c1ccc(-c3ccccc3CN3CC[C@@H](O)C3)cc1)CC2,0.0,train,../data/images/balanced_scaffold_seed99_Caco2/396.png
397.0,COc1ccc(-n2nc(C(N)=O)c3c2C(=O)N(c2ccc(-c4ccccc4CN4CC[C@@H](O)C4)cc2)CC3)cc1,0.0,train,../data/images/balanced_scaffold_seed99_Caco2/397.png
398.0,COc1ccc(-n2nc(C(N)=O)c3c2C(=O)N(c2ccc(-c4ccccc4CN4CCCC4)cc2)CC3)cc1,0.0,train,../data/images/balanced_scaffold_seed99_Caco2/398.png
399.0,CCN(C)c1nc2ccc(C(=O)N(CC(C)C)C[C@@H](O)[C@H](Cc3ccccc3)NC(=O)OCc3cncs3)cc2o1,1.0,train,../data/images/balanced_scaffold_seed99_Caco2/399.png
400.0,COc1cc(C)c(S(=O)(=O)N(C)CCOCC(=O)N2CCN(C3CC4CCC(C3)N4C)CC2)c(C)c1,0.0,train,../data/images/balanced_scaffold_seed99_Caco2/400.png
401.0,Cc1cc(COc2ccc(C(=O)N[C@@H]3COC[C@@H]3C(=O)NO)cc2)c2ccccc2n1,0.0,train,../data/images/balanced_scaffold_seed99_Caco2/401.png
402.0,CCn1cc([C@]2(c3cccc(NC(=O)c4ccc(Cl)cn4)c3)N=C(N)c3c(F)cccc32)cc(C)c1=O,1.0,train,../data/images/balanced_scaffold_seed99_Caco2/402.png
403.0,CNC(=O)c1cc(Oc2ccc3nc(Nc4ccc(-c5cccnc5)cc4)ncc3c2)ccn1,0.0,train,../data/images/balanced_scaffold_seed99_Caco2/403.png
404.0,COc1ccc(CC2c3cc(OC)c(OC)cc3CCN2C)cc1OC,1.0,train,../data/images/balanced_scaffold_seed99_Caco2/404.png
405.0,CN(C)CCNS(=O)(=O)c1ccc(Nc2ncc3c(n2)-c2ccsc2CC3)cc1,0.0,train,../data/images/balanced_scaffold_seed99_Caco2/405.png
406.0,NS(=O)(=O)c1ccc(Nc2ncc3c(n2)-c2ccsc2CC3)cc1,1.0,train,../data/images/balanced_scaffold_seed99_Caco2/406.png
407.0,Cc1ncnc(C)c1C(=O)N1CCC(C)(N2CCC(N3C(=O)N(CC4CCN(S(C)(=O)=O)CC4)C[C@H]3c3ccccc3)CC2)CC1,0.0,train,../data/images/balanced_scaffold_seed99_Caco2/407.png
408.0,CNC(=O)N1CCC(CN2C[C@@H](c3ccccc3)N(C3CCN(C4(C)CCN(C(=O)c5c(C)ncnc5C)CC4)CC3)C2=O)CC1,0.0,train,../data/images/balanced_scaffold_seed99_Caco2/408.png
409.0,COC(=O)N1CCC(CN2C[C@@H](c3ccccc3)N(C3CCN(C4(C)CCN(C(=O)c5c(C)ncnc5C)CC4)CC3)C2=O)CC1,0.0,train,../data/images/balanced_scaffold_seed99_Caco2/409.png
410.0,O=C1N(Cc2ccc(Cl)cc2)c2ccccc2C1(O)c1ccccc1,1.0,train,../data/images/balanced_scaffold_seed99_Caco2/410.png
411.0,COc1ccc2c(O[C@@H]3C[C@H]4C(=O)N[C@]5(C(=O)NS(=O)(=O)C6CC6)C[C@H]5/C=C\CCCCN(C)C(=O)[C@@H]4C3)cc(-n3ccc(C(C)C)n3)nc2c1C,1.0,train,../data/images/balanced_scaffold_seed99_Caco2/411.png
412.0,CC(C)C[C@H](CO)Nc1nc([S+]([O-])Cc2ccccc2)nc2[nH]c(=O)sc12,0.0,train,../data/images/balanced_scaffold_seed99_Caco2/412.png
413.0,CNC(=O)CN1CCC(Oc2cc3c(Nc4cccc(Cl)c4F)ncnc3cc2OC)CC1,1.0,train,../data/images/balanced_scaffold_seed99_Caco2/413.png
414.0,Cc1cc(C#N)nc(C)c1C(=O)N1C[C@H]2CN(CCC3(c4ccccc4)CN(C(=O)C4CC(F)(F)C4)C3)C[C@H]2C1,0.0,train,../data/images/balanced_scaffold_seed99_Caco2/414.png
415.0,Cc1cc(C(F)(F)F)nc(C)c1C(=O)N1C[C@H]2CN(CCC3(c4ccccc4)CN(C(=O)C4CC(F)(F)C4)C3)C[C@H]2C1,0.0,train,../data/images/balanced_scaffold_seed99_Caco2/415.png
416.0,COc1cccc(CCN2CCC=C(CCC(=O)NO)C2=O)c1,1.0,train,../data/images/balanced_scaffold_seed99_Caco2/416.png
417.0,O=C(CCC1=CCCN(CCc2ccccc2Cl)C1=O)NO,1.0,train,../data/images/balanced_scaffold_seed99_Caco2/417.png
418.0,O=C(CCC1=CCCN(CCc2ccc(C(F)(F)F)cc2)C1=O)NO,1.0,train,../data/images/balanced_scaffold_seed99_Caco2/418.png
419.0,CC(C)(C)c1ccc(CCN2CCC=C(CCC(=O)NO)C2=O)cc1,1.0,train,../data/images/balanced_scaffold_seed99_Caco2/419.png
420.0,Cc1cccc(CCN2CCC=C(CCC(=O)NO)C2=O)c1,1.0,train,../data/images/balanced_scaffold_seed99_Caco2/420.png
421.0,Cc1ccc(CCN2CCC=C(CCC(=O)NO)C2=O)cc1,1.0,train,../data/images/balanced_scaffold_seed99_Caco2/421.png
422.0,O=C(CCC1=CCCN(CCc2ccc([N+](=O)[O-])cc2)C1=O)NO,1.0,train,../data/images/balanced_scaffold_seed99_Caco2/422.png
423.0,O=C(CCC1=CCCN(CCc2cccc(Br)c2)C1=O)NO,1.0,train,../data/images/balanced_scaffold_seed99_Caco2/423.png
424.0,O=C(CCC1=CCCN(CCc2ccc(Cl)cc2)C1=O)NO,1.0,train,../data/images/balanced_scaffold_seed99_Caco2/424.png
425.0,O=C(CCC1=CCCN(CCc2ccc(Br)cc2)C1=O)NO,1.0,train,../data/images/balanced_scaffold_seed99_Caco2/425.png
426.0,O=C(CCC1=CCCN(CCc2cccc(C(F)(F)F)c2)C1=O)NO,1.0,train,../data/images/balanced_scaffold_seed99_Caco2/426.png
427.0,O=C(CCC1=CCCN(CCc2ccccc2F)C1=O)NO,1.0,train,../data/images/balanced_scaffold_seed99_Caco2/427.png
428.0,CS(=O)(=O)CCCOc1cccc2c1ccn2-c1ccnc(N[C@H]2CC[C@H](C(=O)N3CCC(O)CC3)CC2)n1,1.0,train,../data/images/balanced_scaffold_seed99_Caco2/428.png
429.0,CC[C@@]1(O)C(=O)OCc2c1cc1n(c2=O)Cc2cc3c(CN(C)C)c(O)ccc3nc2-1,0.0,train,../data/images/balanced_scaffold_seed99_Caco2/429.png
430.0,CC[C@@]1(O)C(=O)OCc2c1cc1n(c2=O)Cc2cc3cc(O)ccc3nc2-1,0.0,train,../data/images/balanced_scaffold_seed99_Caco2/430.png
431.0,CC[C@@]1(O)C(=O)OCc2c1cc1n(c2=O)Cc2cc3ccccc3nc2-1,0.0,train,../data/images/balanced_scaffold_seed99_Caco2/431.png
432.0,CCc1c2c(nc3ccc(O)cc13)-c1cc3c(c(=O)n1C2)COC(=O)C3(O)CC,0.0,train,../data/images/balanced_scaffold_seed99_Caco2/432.png
433.0,CC[C@@]1(O)C(=O)OCc2c1cc1n(c2=O)Cc2cc3c(CNC(C)=O)c(O)ccc3nc2-1,0.0,train,../data/images/balanced_scaffold_seed99_Caco2/433.png
434.0,O=C1CCCCN1C1CCN(c2nc3ccccc3n2Cc2ccc(F)cc2)CC1,1.0,train,../data/images/balanced_scaffold_seed99_Caco2/434.png
435.0,COc1ccc(NC(=O)c2ccc(Cn3ccnn3)c3ccccc23)c(C(=O)NCC2CCCCC2)n1,0.0,train,../data/images/balanced_scaffold_seed99_Caco2/435.png
436.0,Cc1cc(=O)c2c(O)cc(O[C@@H]3O[C@H](COC(=O)C4=CC[C@H](C(C)(C)O)CC4)[C@@H](O)[C@H](O)[C@H]3O)cc2o1,0.0,train,../data/images/balanced_scaffold_seed99_Caco2/436.png
437.0,CCCCn1nc(-c2nc3ccccc3s2)nc2c(=O)n(C)c(=O)nc1-2,1.0,train,../data/images/balanced_scaffold_seed99_Caco2/437.png
438.0,O=C(c1ccc(F)cc1OC[C@@H](O)CN1CCC2(CC1)Cc1cc(F)ccc1O2)N1CC[C@H](O)C1,1.0,train,../data/images/balanced_scaffold_seed99_Caco2/438.png
439.0,CN(C)[C@@H]1CCN(C(=O)c2ccc(O)cc2OC[C@@H](O)CN2CCC3(CC2)Cc2cc(Cl)ccc2O3)C1,0.0,train,../data/images/balanced_scaffold_seed99_Caco2/439.png
440.0,O=C(c1cc(Cl)c(O)cc1OC[C@@H](O)CN1CCC2(CC1)Cc1cc(Cl)ccc1O2)N1CC[C@H](O)C1,0.0,train,../data/images/balanced_scaffold_seed99_Caco2/440.png
441.0,O=C(c1ccc(F)cc1OC[C@@H](O)CN1CCC2(CC1)Cc1ccccc1O2)N1CC[C@H](O)C1,0.0,train,../data/images/balanced_scaffold_seed99_Caco2/441.png
442.0,Cc1ccc(C(=O)N2CC[C@H](O)C2)c(OC[C@@H](O)CN2CCC3(CC2)Cc2cc(F)ccc2O3)c1,0.0,train,../data/images/balanced_scaffold_seed99_Caco2/442.png
443.0,CO[C@H]1CCN(C(=O)c2ccc(O)cc2OC[C@@H](O)CN2CCC3(CC2)Cc2cc(Cl)ccc2O3)C1,0.0,train,../data/images/balanced_scaffold_seed99_Caco2/443.png
444.0,O=C(c1ccc(O)cc1OC[C@@H](O)CN1CCC2(CC1)Cc1cc(Cl)ccc1O2)N1CCCC1,1.0,train,../data/images/balanced_scaffold_seed99_Caco2/444.png
445.0,CC(=O)N[C@H]1CCN(C(=O)c2ccc(O)cc2OC[C@@H](O)CN2CCC3(CC2)Cc2cc(Cl)ccc2O3)C1,0.0,train,../data/images/balanced_scaffold_seed99_Caco2/445.png
446.0,O=C(c1ccc(O)cc1OC[C@@H](O)CN1CCC2(CC1)Cc1cc(Cl)ccc1O2)N1CC[C@H](O)C1,0.0,train,../data/images/balanced_scaffold_seed99_Caco2/446.png
447.0,Cc1ccc(C(=O)N2CC[C@H](O)C2)c(OC[C@@H](O)CN2CCC3(CC2)Cc2cc(Cl)ccc2O3)c1,0.0,train,../data/images/balanced_scaffold_seed99_Caco2/447.png
448.0,O=C(c1ccc(F)cc1OC[C@@H](O)CN1CCC2(CC1)Cc1cc(Cl)ccc1O2)N1CC[C@H](O)C1,1.0,train,../data/images/balanced_scaffold_seed99_Caco2/448.png
449.0,O=C(c1ccc(O)cc1OC[C@@H](O)CN1CCC2(CC1)Cc1cc(Cl)ccc1O2)N1CC[C@@H](O)C1,0.0,train,../data/images/balanced_scaffold_seed99_Caco2/449.png
450.0,CC(C)CCn1nc(-c2cccs2)c(O)c(C2=NS(=O)(=O)c3cc(N(C)S(C)(=O)=O)ccc3N2)c1=O,0.0,train,../data/images/balanced_scaffold_seed99_Caco2/450.png
451.0,CC(C)(C)CCn1nc(-c2cccs2)c(O)c(C2=NS(=O)(=O)c3cc(NS(C)(=O)=O)ccc3N2)c1=O,0.0,train,../data/images/balanced_scaffold_seed99_Caco2/451.png
452.0,CN(c1ccc2c(c1)S(=O)(=O)N=C(c1c(O)c(-c3cccs3)nn(CCC(C)(C)C)c1=O)N2)S(C)(=O)=O,0.0,train,../data/images/balanced_scaffold_seed99_Caco2/452.png
453.0,Cc1cc(C(F)(F)F)nc(C)c1C(=O)N1C[C@H]2CN(CCC3(c4ccccc4)CN(C(=O)C4CCC(F)(F)CC4)C3)C[C@H]2C1,0.0,train,../data/images/balanced_scaffold_seed99_Caco2/453.png
454.0,Cc1cc(C#N)nc(C)c1C(=O)N1C[C@H]2CN(CCC3(c4ccccc4)CN(C(=O)C4CCC(F)(F)CC4)C3)C[C@H]2C1,0.0,train,../data/images/balanced_scaffold_seed99_Caco2/454.png
455.0,Cc1c(F)cc(C(=O)NC2CC2)cc1-c1ccn2c(C(C)(C)C)nnc2c1,1.0,train,../data/images/balanced_scaffold_seed99_Caco2/455.png
456.0,Cc1c(F)cc(C(=O)NC2CC2)cc1-c1c(F)cn2c(C(C)(C)C)nnc2c1F,1.0,train,../data/images/balanced_scaffold_seed99_Caco2/456.png
457.0,Cc1ccc(C(=O)NC2CC2)cc1-c1ccn2c(C(C)(C)C)nnc2c1,1.0,train,../data/images/balanced_scaffold_seed99_Caco2/457.png
458.0,Cc1noc(C)c1-c1ccc(-c2nc(C)c([C@H](OC(C)(C)C)C(=O)O)c(-c3ccc(Cl)cc3)c2C)cc1,1.0,train,../data/images/balanced_scaffold_seed99_Caco2/458.png
459.0,NS(=O)(=O)N1CCN(CCCNC(=O)[C@@H](Cc2ccccc2)NC(=O)C2(NC(=O)c3cc4ccccc4s3)CCCC2)CC1,0.0,train,../data/images/balanced_scaffold_seed99_Caco2/459.png
460.0,C[C@@H]1CN(CCCNC(=O)[C@@H](Cc2ccccc2)NC(=O)C2(NC(=O)c3cc4ccccc4s3)CCCC2)C[C@H](C)N1,0.0,train,../data/images/balanced_scaffold_seed99_Caco2/460.png
461.0,CC1CN(CCCNC(=O)[C@@H](Cc2ccccc2)NC(=O)C2(NC(=O)c3cc4ccccc4s3)CCCC2)CC(C)N1,0.0,train,../data/images/balanced_scaffold_seed99_Caco2/461.png
462.0,O=[N+]([O-])c1cnc(NCc2ccccc2Cl)nc1NCC1CCNCC1,1.0,train,../data/images/balanced_scaffold_seed99_Caco2/462.png
463.0,Cc1c(C(=O)O)sc2ccc(NC(=O)C3(NC(=O)c4ccc5c(C6CCCCC6)c(-c6ccccn6)n(C)c5c4)CCN(C)CC3)cc12,0.0,train,../data/images/balanced_scaffold_seed99_Caco2/463.png
464.0,COc1cc(Nc2nc(N[C@H]3CCCC[C@H]3N)n3cc(-c4ccccc4)nc3c2C(N)=O)cc(OC)c1,0.0,train,../data/images/balanced_scaffold_seed99_Caco2/464.png
465.0,CN[C@@H](Cc1ccccc1)C(=O)N[C@@H](C)C(=O)N[C@@H](C)C(=O)N[C@@H](C)C(=O)N[C@@H](C)C(=O)N(C)[C@@H](Cc1ccccc1)C(N)=O,0.0,train,../data/images/balanced_scaffold_seed99_Caco2/465.png
466.0,CN[C@@H](Cc1ccccc1)C(=O)N(C)CC(=O)NCC(=O)NCC(=O)NCC(=O)N(C)[C@@H](Cc1ccccc1)C(N)=O,0.0,train,../data/images/balanced_scaffold_seed99_Caco2/466.png
467.0,C[C@H](NC(=O)[C@H](C)NC(=O)[C@H](Cc1ccccc1)NCCC(=O)O)C(=O)N[C@@H](C)C(=O)N[C@@H](C)C(=O)N(CCN)[C@@H](Cc1ccccc1)C(N)=O,0.0,train,../data/images/balanced_scaffold_seed99_Caco2/467.png
468.0,COC(=O)[C@@H](Cc1ccc(O)cc1)NC(=O)CNC(=O)[C@H](CO)NC(=O)CNC(=O)[C@H](CC(C)C)NC(=O)[C@@H](N)Cc1ccc(O)cc1,0.0,train,../data/images/balanced_scaffold_seed99_Caco2/468.png
469.0,CN[C@@H](Cc1ccccc1)C(=O)N[C@@H](C)C(=O)N[C@@H](C)C(=O)NCC(=O)NCC(=O)N(C)[C@@H](Cc1ccccc1)C(N)=O,0.0,train,../data/images/balanced_scaffold_seed99_Caco2/469.png
470.0,CN[C@@H](Cc1ccccc1)C(=O)N(C)CC(=O)N(C)CC(=O)NCC(=O)NCC(=O)N(C)[C@@H](Cc1ccccc1)C(N)=O,0.0,train,../data/images/balanced_scaffold_seed99_Caco2/470.png
471.0,CN[C@@H](Cc1ccccc1)C(=O)NCC(=O)NCC(=O)NCC(=O)NCC(=O)N(C)[C@@H](Cc1ccccc1)C(N)=O,0.0,train,../data/images/balanced_scaffold_seed99_Caco2/471.png
472.0,CNC(=O)c1cc(Oc2ccc3nc(Nc4ccc(Oc5ccccc5)cc4)ncc3c2)ccn1,0.0,train,../data/images/balanced_scaffold_seed99_Caco2/472.png
473.0,C[C@]12C[C@H](O)[C@H]3[C@@H](CCC4=CC(=O)CC[C@@]43C)[C@@H]1CC[C@@H]2C(=O)CO,1.0,train,../data/images/balanced_scaffold_seed99_Caco2/473.png
474.0,C[C@]12CC[C@H]3[C@@H](CCC4=CC(=O)CC[C@@]43C)[C@@H]1CC[C@@H]2O,1.0,train,../data/images/balanced_scaffold_seed99_Caco2/474.png
475.0,CN(C)CCC(c1ccc(Br)cc1)c1ccccn1,1.0,train,../data/images/balanced_scaffold_seed99_Caco2/475.png
476.0,Cc1nc(-n2ccc(OCc3ccccc3)cc2=O)sc1C(=O)NCc1ccccc1,0.0,train,../data/images/balanced_scaffold_seed99_Caco2/476.png
477.0,CO[C@H]1CC[C@H](CN2C[C@@H](c3ccccc3)N(C3CCN(C4(C)CCN(C(=O)c5c(C)ncnc5C)CC4)CC3)C2=O)CC1,0.0,train,../data/images/balanced_scaffold_seed99_Caco2/477.png
478.0,CCO[C@H]1CC[C@H](CN2C[C@@H](c3ccccc3)N(C3CCN(C4(C)CCN(C(=O)c5c(C)ncnc5C)CC4)CC3)C2=O)CC1,0.0,train,../data/images/balanced_scaffold_seed99_Caco2/478.png
479.0,Cc1ncnc(C)c1C(=O)N1CCC(C)(N2CCC(N3C(=O)N(C[C@H]4CC[C@H](O)CC4)C[C@H]3c3ccccc3)CC2)CC1,0.0,train,../data/images/balanced_scaffold_seed99_Caco2/479.png
480.0,COc1cccc(-c2cccc(C3(C)N=C(N)CS3)c2)c1,1.0,train,../data/images/balanced_scaffold_seed99_Caco2/480.png
481.0,Nc1ncc(-c2ccc(S(=O)(=O)N3CCOCC3)cc2)nc1C(=O)Nc1cccnc1,1.0,train,../data/images/balanced_scaffold_seed99_Caco2/481.png
482.0,CNC(=O)[C@@H](NC(=O)[C@@](O)(CCCN(Cc1ccc(C#Cc2cccnc2)cc1)NC(=O)[C@@H](NC(=O)OC)C(C)(C)C)Cc1ccccc1)C(C)(C)C,0.0,train,../data/images/balanced_scaffold_seed99_Caco2/482.png
483.0,CC(C)c1c(C(=O)Nc2ccccc2)c(-c2ccccc2)c(-c2ccc(F)cc2)n1CC[C@H](O)C[C@H](O)CC(=O)O,0.0,train,../data/images/balanced_scaffold_seed99_Caco2/483.png
484.0,COc1ccccc1-n1c(-c2ccccc2)cn2c3c(=O)[nH]c(=O)n(C)c3nc12,1.0,train,../data/images/balanced_scaffold_seed99_Caco2/484.png
485.0,COc1ccccc1-n1c(-c2cc(O)ccc2C)cn2c3c(=O)[nH]c(=O)n(C)c3nc12,1.0,train,../data/images/balanced_scaffold_seed99_Caco2/485.png
486.0,NC(C(=O)N[C@H]1C(=O)N2C(C(=O)O)=C(CSc3nc[nH]n3)CS[C@@H]12)c1ccc(O)cc1,0.0,train,../data/images/balanced_scaffold_seed99_Caco2/486.png
487.0,CC(C)n1nc(C(=O)N[C@H]2C[C@H]3CC[C@@H](C2)N3CC(O)CN2CCN(S(C)(=O)=O)CC2)c2ccccc21,1.0,train,../data/images/balanced_scaffold_seed99_Caco2/487.png
488.0,CC(C)n1nc(C(=O)N[C@H]2C[C@H]3CC[C@@H](C2)N3C[C@H](O)CN2CCN(S(C)(=O)=O)CC2)c2ccccc21,1.0,train,../data/images/balanced_scaffold_seed99_Caco2/488.png
489.0,CC(C)n1nc(C(=O)N[C@H]2C[C@H]3CC[C@@H](C2)N3C[C@@H](O)CN2CCN(S(C)(=O)=O)CC2)c2ccccc21,1.0,train,../data/images/balanced_scaffold_seed99_Caco2/489.png
490.0,O=C1c2c(O)cc(O)cc2OC(c2ccc(O)c(O)c2)C1O,0.0,train,../data/images/balanced_scaffold_seed99_Caco2/490.png
491.0,O=C1C[C@@H](c2ccc(O)cc2)Oc2cc(O)cc(O)c21,1.0,train,../data/images/balanced_scaffold_seed99_Caco2/491.png
492.0,COc1ccc([C@@H]2CC(=O)c3c(O)cc(O)cc3O2)cc1O,1.0,train,../data/images/balanced_scaffold_seed99_Caco2/492.png
493.0,CC(C)=CCc1c(O)cc(O)c2c1OC(c1ccc(O)cc1)CC2=O,1.0,train,../data/images/balanced_scaffold_seed99_Caco2/493.png
494.0,NC(=O)[C@@H]1[C@H](c2ccccc2)CCN1C(=O)[C@@H](N)Cc1ccccc1,1.0,train,../data/images/balanced_scaffold_seed99_Caco2/494.png
495.0,NC(=O)[C@H]1[C@@H](c2ccccc2)CCN1C(=O)[C@@H](N)Cc1ccccc1,1.0,train,../data/images/balanced_scaffold_seed99_Caco2/495.png
496.0,CCOC(=O)[C@H]1CC[C@@H](N2CC(NC(=O)CNc3nn(C(N)=O)c4ccc(C(F)(F)F)cc34)C2)CC1,0.0,train,../data/images/balanced_scaffold_seed99_Caco2/496.png
497.0,CCCNC[C@@H]1C[C@@]1(C(=O)N(C)Cc1ccc(F)cc1)c1ccc(Cl)c(Cl)c1,0.0,train,../data/images/balanced_scaffold_seed99_Caco2/497.png
498.0,CC(C)NC[C@@H]1C[C@@]1(C(=O)N(C)Cc1ccc(F)cc1)c1ccc(Cl)c(Cl)c1,1.0,train,../data/images/balanced_scaffold_seed99_Caco2/498.png
499.0,Cc1ccnc2[nH]c(Cc3nc4ccc(/C(N)=N\O)cc4[nH]3)nc12,0.0,train,../data/images/balanced_scaffold_seed99_Caco2/499.png
500.0,CC(C)c1nc2ccccc2n1Cc1ccc(C(=O)N[C@@H]2CCC[C@@H]2C(=O)NO)cc1,0.0,train,../data/images/balanced_scaffold_seed99_Caco2/500.png
501.0,CC(C)C(NC(=O)[C@H](Cc1ccccc1)NC(=O)C1CCCN1C(=O)[C@H](N)Cc1ccc(O)cc1)C(=O)N[C@H](CCC(=O)O)C(=O)O,0.0,train,../data/images/balanced_scaffold_seed99_Caco2/501.png
502.0,CN1C(=O)NC(=O)[C@]12Cc1ccc(NC(=O)Cn3c(=O)n(C4CCS(=O)(=O)C4)c4ccccc43)cc1C2,0.0,train,../data/images/balanced_scaffold_seed99_Caco2/502.png
503.0,CCN(C(=O)Cc1ccc(S(C)(=O)=O)cc1)C1CCN(CC[C@@H](c2cc(F)cc(F)c2)C2CCN(S(C)(=O)=O)CC2)CC1,0.0,train,../data/images/balanced_scaffold_seed99_Caco2/503.png
504.0,COc1cc2c(cc1OC)[C@]13CCN4CC5=CCO[C@@H]6CC(=O)N2[C@@H]1[C@@H]6[C@@H]5C[C@@H]43,1.0,train,../data/images/balanced_scaffold_seed99_Caco2/504.png
505.0,O=C1C[C@H]2OCC=C3CN4C[C@H](O)C56c7ccccc7N1[C@@H]5[C@H]2[C@H]3CC46,1.0,train,../data/images/balanced_scaffold_seed99_Caco2/505.png
506.0,O=C1C[C@@H]2OCC=C3CN4CC[C@]56c7ccccc7N1[C@H]5[C@H]2[C@H]3C[C@H]46,1.0,train,../data/images/balanced_scaffold_seed99_Caco2/506.png
507.0,COc1ccc2c(c1)[C@]13CCN4CC5=CCO[C@@H]6CC(=O)N2[C@@H]1[C@@H]6[C@@H]5C[C@@H]43,1.0,train,../data/images/balanced_scaffold_seed99_Caco2/507.png
508.0,COc1ccc2c(O[C@@H]3C[C@H]4C(=O)N[C@]5(C(=O)NS(=O)(=O)C6CC6)C[C@H]5/C=C\CCCCN(C)C(=O)[C@@H]4C3)cc(-c3nc(C(C)C)cs3)nc2c1Cl,0.0,train,../data/images/balanced_scaffold_seed99_Caco2/508.png
509.0,COc1ccc2c(O[C@@H]3C[C@H]4C(=O)N[C@]5(C(=O)NS(=O)(=O)C6CC6)C[C@H]5/C=C\CCCCN(C)C(=O)[C@@H]4C3)cc(-c3nc(C(C)C)cs3)nc2c1,1.0,train,../data/images/balanced_scaffold_seed99_Caco2/509.png
510.0,COc1ccc2c(O[C@@H]3C[C@H]4C(=O)N[C@]5(C(=O)NS(=O)(=O)C6CC6)C[C@H]5/C=C\CCCCN(C)C(=O)[C@@H]4C3)cc(-c3nccs3)nc2c1,0.0,train,../data/images/balanced_scaffold_seed99_Caco2/510.png
511.0,COc1ccc2c(O[C@@H]3C[C@H]4C(=O)N[C@]5(C(=O)NS(=O)(=O)C6CC6)C[C@H]5/C=C\CCCCN(C)C(=O)[C@@H]4C3)cc(-c3nc(C(C)C)cs3)nc2c1C,1.0,train,../data/images/balanced_scaffold_seed99_Caco2/511.png
512.0,O=C(O)c1ccc(Oc2cc(NC(=O)N3CCC(O)(c4ccc(F)cc4)CC3)cc(Oc3ccc(F)cc3)c2)cc1,0.0,train,../data/images/balanced_scaffold_seed99_Caco2/512.png
513.0,O=C(NC1(C(=O)N[C@H](Cc2ccccc2)C(=O)NCCC2CCN(C3CCOCC3)CC2)CCCC1)c1cc2ccccc2s1,0.0,train,../data/images/balanced_scaffold_seed99_Caco2/513.png
514.0,CC(C)NCC(COc1ccc(CCOCC2CC2)cc1)OC(=O)C1CC1,1.0,train,../data/images/balanced_scaffold_seed99_Caco2/514.png
515.0,O=C1N(Cc2ccc3c(c2)OCO3)c2ccccc2C1(O)c1ccc2c(c1)OCO2,0.0,train,../data/images/balanced_scaffold_seed99_Caco2/515.png
516.0,CC/C(=C(/c1ccccc1)c1ccc(OCCN(C)C)cc1)c1ccccc1,1.0,train,../data/images/balanced_scaffold_seed99_Caco2/516.png
517.0,CC(C)CCn1nc(N2CCOCC2)c(O)c(C2=NS(=O)(=O)c3cc(NS(C)(=O)=O)ccc3N2)c1=O,0.0,train,../data/images/balanced_scaffold_seed99_Caco2/517.png
518.0,O=C(N[C@@H](Cc1ccc(F)c(Br)c1)C(=O)O)c1ccc(Cl)cc1NS(=O)(=O)c1cccc2nccnc12,0.0,train,../data/images/balanced_scaffold_seed99_Caco2/518.png
519.0,O=C(N[C@@H](Cc1ccc(Cl)c(Br)c1)C(=O)O)c1ccc(Br)cc1NS(=O)(=O)c1cccc2nccnc12,0.0,train,../data/images/balanced_scaffold_seed99_Caco2/519.png
520.0,O=C(N[C@@H](Cc1ccc(F)c(Br)c1)C(=O)O)c1cc(Cl)c(Cl)cc1NS(=O)(=O)c1cccc2nccnc12,0.0,train,../data/images/balanced_scaffold_seed99_Caco2/520.png
521.0,O=C(N[C@@H](Cc1ccc(F)c(Br)c1)C(=O)O)c1ccc(Br)cc1NS(=O)(=O)c1cccc2nccnc12,0.0,train,../data/images/balanced_scaffold_seed99_Caco2/521.png
522.0,C#C[C@@]1(O)CC[C@@H]2[C@H]3CCC4=Cc5oncc5C[C@@]4(C)[C@@H]3CC[C@]21C,1.0,train,../data/images/balanced_scaffold_seed99_Caco2/522.png
523.0,O=C(O)C1=C/C(=N\Nc2ccc(S(=O)(=O)Nc3ccccn3)cc2)C=CC1=O,0.0,train,../data/images/balanced_scaffold_seed99_Caco2/523.png
524.0,C=CCN1CC[C@]23c4c5ccc(O)c4O[C@H]2C(=O)CC[C@@]3(O)[C@H]1C5,1.0,train,../data/images/balanced_scaffold_seed99_Caco2/524.png
525.0,CCCCCCCCCCC(N)C(=O)N[C@@H](Cc1ccc(O)cc1)C(=O)N1CCC[C@@H]1C(=O)N[C@@H](Cc1c[nH]c2ccccc12)C(=O)N[C@@H](Cc1ccccc1)C(N)=O,0.0,train,../data/images/balanced_scaffold_seed99_Caco2/525.png
526.0,Cc1cc(O)cc(C)c1C[C@H](N)C(=O)N1CCC[C@@H]1C(=O)N[C@@H](Cc1c[nH]c2ccccc12)C(=O)N[C@@H](Cc1ccccc1)C(N)=O,0.0,train,../data/images/balanced_scaffold_seed99_Caco2/526.png
527.0,CCCCCCC(NC(=O)[C@H](Cc1ccccc1)NC(=O)[C@H](Cc1c[nH]c2ccccc12)NC(=O)[C@H]1CCCN1C(=O)[C@@H](N)Cc1ccc(O)cc1)C(N)=O,0.0,train,../data/images/balanced_scaffold_seed99_Caco2/527.png
528.0,NC(=O)[C@H](Cc1ccccc1)NC(=O)[C@H](Cc1c[nH]c2ccccc12)NC(=O)[C@@H]1CCCN1C(=O)[C@@H](N)Cc1ccc(O)cc1,0.0,train,../data/images/balanced_scaffold_seed99_Caco2/528.png
529.0,NC(=O)[C@H](Cc1ccccc1)NC(=O)[C@H](Cc1c[nH]c2ccccc12)NC(=O)[C@H]1CCCN1C(=O)[C@@H](N)Cc1ccc(O)cc1,0.0,train,../data/images/balanced_scaffold_seed99_Caco2/529.png
530.0,CSCC[C@H](NC(=O)[C@H](CC(C)C)NC(=O)CNC(=O)[C@H](Cc1ccccc1)NC(=O)[C@H](Cc1c[nH]c2ccccc12)NC(=O)[C@@H]1CCCN1C(=O)[C@@H](N)Cc1ccc(O)cc1)C(N)=O,0.0,train,../data/images/balanced_scaffold_seed99_Caco2/530.png
531.0,CCCCCCC(N)C(=O)N[C@@H](Cc1c(C)cc(O)cc1C)C(=O)N1CCC[C@@H]1C(=O)N[C@@H](Cc1c[nH]c2ccccc12)C(=O)N[C@@H](Cc1ccccc1)C(N)=O,0.0,train,../data/images/balanced_scaffold_seed99_Caco2/531.png
532.0,CCCCCCCCCCC(NC(=O)[C@H](Cc1ccccc1)NC(=O)[C@H](Cc1c[nH]c2ccccc12)NC(=O)[C@H]1CCCN1C(=O)[C@@H](N)Cc1ccc(O)cc1)C(N)=O,0.0,train,../data/images/balanced_scaffold_seed99_Caco2/532.png
533.0,CCCCCCC(N)C(=O)N[C@@H](Cc1ccc(O)cc1)C(=O)N1CCC[C@@H]1C(=O)N[C@@H](Cc1c[nH]c2ccccc12)C(=O)N[C@@H](Cc1ccccc1)C(N)=O,0.0,train,../data/images/balanced_scaffold_seed99_Caco2/533.png
534.0,CCCc1cc(=O)[nH]c(=S)[nH]1,1.0,train,../data/images/balanced_scaffold_seed99_Caco2/534.png
535.0,CN(Cc1ccccc1)C(=O)[C@@H](NC(=O)c1cc2cc(NC(=O)c3ccccc3-c3ccc(C(F)(F)F)cc3)ccc2n1C)c1ccccc1,0.0,train,../data/images/balanced_scaffold_seed99_Caco2/535.png
536.0,O=C(NC1(C(=O)N[C@H](Cc2ccccc2)C(=O)NCCC2CCN(CC3CCOCC3)CC2)CCCC1)c1cc2ccccc2s1,0.0,train,../data/images/balanced_scaffold_seed99_Caco2/536.png
537.0,Cc1c(C(=O)O)sc2ccc(NC(=O)[C@]3(NC(=O)c4ccc5c(C6CCCCC6)c(-c6ccccn6)n(C)c5c4)CCCNC3)cc12,0.0,train,../data/images/balanced_scaffold_seed99_Caco2/537.png
538.0,C=CC[C@]1(O)CC[C@H]2[C@@H]3CCC4=CC(=O)CCC4=C3[C@@H](c3ccc(P(=O)(c4ccccc4)c4ccccc4)cc3)C[C@@]21C,0.0,train,../data/images/balanced_scaffold_seed99_Caco2/538.png
539.0,C[C@@H]1CCCN1CCCOc1ccc(C2=NNC(=O)CC2)cc1,1.0,train,../data/images/balanced_scaffold_seed99_Caco2/539.png
540.0,C[C@@H]1CCCN1CCCOc1ccc(C2=NNC(=O)C(C)(C)C2)cc1,1.0,train,../data/images/balanced_scaffold_seed99_Caco2/540.png
541.0,CN(C)CCC1CCN(c2cc(C(=O)NC[C@H]3CC[C@H](CNC(=O)OC(C)(C)C)CC3)c3ccccc3n2)CC1,1.0,train,../data/images/balanced_scaffold_seed99_Caco2/541.png
542.0,CC(C)(C)OC(=O)NC[C@H]1CC[C@H](CNC(=O)c2cc(N3CCC(CCN)CC3)nc3ccccc23)CC1,0.0,train,../data/images/balanced_scaffold_seed99_Caco2/542.png
543.0,CC1NC(=O)C(CC(=O)O)NC(=O)CNC(=O)CNC(=O)C(C)NC(=O)C(Cc2c[nH]c3ccccc23)NC1=O,0.0,train,../data/images/balanced_scaffold_seed99_Caco2/543.png
544.0,CC(C)(C)OC(=O)N[C@@H]1CCCCC/C=C\[C@@H]2C[C@@]2(C(=O)NS(=O)(=O)C2CC2)NC(=O)[C@@H]2C[C@@H](OC(=O)N3Cc4cccc(F)c4C3)CN2C1=O,0.0,train,../data/images/balanced_scaffold_seed99_Caco2/544.png
545.0,CC(C)(C)OC(=O)N[C@H]1CCCCC/C=C\[C@@H]2C[C@@]2(C(=O)NS(=O)(=O)C2CC2)NC(=O)[C@@H]2C[C@@H](OC(=O)N3Cc4ccccc4C3)CN2C1=O,0.0,train,../data/images/balanced_scaffold_seed99_Caco2/545.png
546.0,CC(CO)NC(=O)C1C=C2c3cccc4[nH]cc(c34)CC2N(C)C1,0.0,train,../data/images/balanced_scaffold_seed99_Caco2/546.png
547.0,CCCS(=O)(=O)Nc1ccc(F)c(C(=O)Nc2cnc3[nH]c(-c4ccccc4)cc3c2)c1F,0.0,train,../data/images/balanced_scaffold_seed99_Caco2/547.png
548.0,O=C(N[C@@H](Cc1ccc(F)c(Br)c1)C(=O)O)c1ccc(Cl)cc1NS(=O)(=O)c1cccc2nsnc12,0.0,train,../data/images/balanced_scaffold_seed99_Caco2/548.png
549.0,O=C(N[C@@H](Cc1ccc(F)c(Br)c1)C(=O)O)c1ccc(Br)cc1NS(=O)(=O)c1cccc2nsnc12,0.0,train,../data/images/balanced_scaffold_seed99_Caco2/549.png
550.0,O=C(N[C@@H](Cc1ccc(Cl)c(Br)c1)C(=O)O)c1ccc(Br)cc1NS(=O)(=O)c1cccc2nsnc12,0.0,train,../data/images/balanced_scaffold_seed99_Caco2/550.png
551.0,O=C(N[C@@H](Cc1ccc(F)c(Br)c1)C(=O)O)c1cc(Cl)c(Cl)cc1NS(=O)(=O)c1cccc2nsnc12,0.0,train,../data/images/balanced_scaffold_seed99_Caco2/551.png
552.0,CCCSc1ncccc1C(=O)NC1CCCCC1,1.0,train,../data/images/balanced_scaffold_seed99_Caco2/552.png
553.0,CCC[C@]1(CC(=O)O)OCCc2c1[nH]c1c(C)ccc(C#N)c21,1.0,train,../data/images/balanced_scaffold_seed99_Caco2/553.png
554.0,CCC[C@]1(C(=O)O)OCCc2c1[nH]c1c(C)ccc(C#N)c21,0.0,train,../data/images/balanced_scaffold_seed99_Caco2/554.png
555.0,O=C(NC1CCN(C(=O)CCc2cccnc2)CC1)C(c1ccc(Cl)cc1)C1CCCCC1,1.0,train,../data/images/balanced_scaffold_seed99_Caco2/555.png
556.0,O=C(NC1CCN(C(=O)CCc2ccc(F)nc2)CC1)C(c1ccccc1)C1CCCCC1,1.0,train,../data/images/balanced_scaffold_seed99_Caco2/556.png
557.0,O=C(NC1CCN(C(=O)CCc2cccnc2)CC1)C(c1ccccc1)C1CCC(F)(F)CC1,1.0,train,../data/images/balanced_scaffold_seed99_Caco2/557.png
558.0,O=C(O)c1ccc2c(C3CCCCC3)c(-c3cccs3)n(CC(=O)N3CCC(N4CCCC4)CC3)c2c1,0.0,train,../data/images/balanced_scaffold_seed99_Caco2/558.png
559.0,Cc1ccccc1CN(CCN(Cc1cncn1C)c1ccc(-c2ccccc2)cc1)S(=O)(=O)c1cn(C)cn1,0.0,train,../data/images/balanced_scaffold_seed99_Caco2/559.png
560.0,O=C(Nc1cnc(-c2ccncc2)c(-c2ccncc2)n1)C1CC1,1.0,train,../data/images/balanced_scaffold_seed99_Caco2/560.png
561.0,O=C(Nc1cnc(-c2ccncc2F)c(-c2ccncc2)n1)C1CC1,1.0,train,../data/images/balanced_scaffold_seed99_Caco2/561.png
562.0,O=C(NC1(C(=O)N[C@H](Cc2ccccc2)C(=O)NCCC(=O)N2CCN(CC3CCOCC3)CC2)CCCC1)c1cc2ccccc2s1,0.0,train,../data/images/balanced_scaffold_seed99_Caco2/562.png
563.0,CSc1ccc2ncn(/C=C/C(=O)O)c(=O)c2c1,1.0,train,../data/images/balanced_scaffold_seed99_Caco2/563.png
564.0,O=C([N-]S(=O)(=O)NC[C@H]1O[C@@H](n2cnc3c(NC4CC4)nc(-c4ccccc4)nc32)[C@H](O)[C@@H]1O)c1ccccc1O,0.0,train,../data/images/balanced_scaffold_seed99_Caco2/564.png
565.0,Cc1cn([C@H]2C=C[C@@H](CO)O2)c(=O)[nH]c1=O,0.0,train,../data/images/balanced_scaffold_seed99_Caco2/565.png
566.0,Nc1noc2ccc(-n3nc(C(F)(F)F)cc3C(=O)Cc3ccc(-c4ccccc4S(N)(=O)=O)cc3F)cc12,1.0,train,../data/images/balanced_scaffold_seed99_Caco2/566.png
567.0,O=C(CCC1=CCN(CCCc2ccc3ccccc3c2)C1=O)NO,1.0,train,../data/images/balanced_scaffold_seed99_Caco2/567.png
568.0,Cc1ccccc1N1C(=O)c2cc(S(N)(=O)=O)c(Cl)cc2N[C@H]1C,0.0,train,../data/images/balanced_scaffold_seed99_Caco2/568.png
569.0,CCCCOc1ncc(S(=O)(=O)N2CCN(CC)CC2)cc1-c1nc2c(CC)n(C3CN(C)C3)nc2c(=O)[nH]1,0.0,train,../data/images/balanced_scaffold_seed99_Caco2/569.png
570.0,COc1ccc(-c2nc(Nc3cccc(NC(=O)NC4CCNC4)c3)nc3[nH]cnc23)cc1,0.0,train,../data/images/balanced_scaffold_seed99_Caco2/570.png
571.0,O=C(CCc1ccc(O)cc1)c1ccc(O)cc1O,1.0,train,../data/images/balanced_scaffold_seed99_Caco2/571.png
572.0,CCS(=O)(=O)n1c2c(c3cc(C(=O)N4CCC(C)CC4)ccc31)CN(C1CCOCC1)CC2,1.0,train,../data/images/balanced_scaffold_seed99_Caco2/572.png
573.0,Cn1c(-c2ccccn2)c(C2CCCCC2)c2ccc(C(=O)NC3(C(=O)Nc4ccc(/C=C/C(=O)O)cc4)CCC3)cc21,1.0,train,../data/images/balanced_scaffold_seed99_Caco2/573.png
574.0,Cn1c(-c2ccccn2)c(C2CCCCC2)c2ccc(C(=O)NC3(C(=O)Nc4ccc(C(=O)O)cc4)CCC3)cc21,1.0,train,../data/images/balanced_scaffold_seed99_Caco2/574.png
575.0,O=C(O)CC(c1cccnc1)n1ccc2c(CCc3ccc4c(n3)NCCC4)cccc21,0.0,train,../data/images/balanced_scaffold_seed99_Caco2/575.png
576.0,CN(C)CCCN1c2ccccc2CCc2ccccc21,1.0,train,../data/images/balanced_scaffold_seed99_Caco2/576.png
577.0,CNCCCN1c2ccccc2CCc2ccccc21,1.0,train,../data/images/balanced_scaffold_seed99_Caco2/577.png
578.0,O=C(O)CN1C(=O)[C@@]2(CC(=O)N(Cc3ccccc3F)C2=O)c2cc(Cl)ccc21,0.0,train,../data/images/balanced_scaffold_seed99_Caco2/578.png
579.0,COc1cccc(CN2C(=O)C[C@]3(C2=O)C(=O)N(CC(=O)O)c2ccc(Cl)cc23)c1,0.0,train,../data/images/balanced_scaffold_seed99_Caco2/579.png
580.0,O=C(O)CN1C(=O)[C@@]2(CC(=O)N(Cc3cc(Cl)ccc3F)C2=O)c2cc(Cl)ccc21,1.0,train,../data/images/balanced_scaffold_seed99_Caco2/580.png
581.0,O=C(O)CN1C(=O)C2(CC(=O)N(Cc3ccccc3)C2=O)c2cc(Cl)ccc21,0.0,train,../data/images/balanced_scaffold_seed99_Caco2/581.png
582.0,O=C1c2ncc3c(c(CN4CCCCC4)cn3Cc3ccc(F)cc3)c2CCN1O,0.0,train,../data/images/balanced_scaffold_seed99_Caco2/582.png
583.0,CN1CCN(C[C@@H](NC(=O)C[C@H]2CNC(=O)c3cc(-c4cccc(F)c4)cn32)C2CCCCC2)CC1,0.0,train,../data/images/balanced_scaffold_seed99_Caco2/583.png
584.0,CN1CCN(C[C@@H](NC(=O)C[C@H]2CNC(=O)c3cc(-c4cccc(Cl)c4)cn32)C2CCCCC2)CC1,1.0,train,../data/images/balanced_scaffold_seed99_Caco2/584.png
585.0,Cc1ncnc(C)c1C(=O)N1C[C@H]2CN(CCC3(c4cccc(F)c4)CCN(C(=O)C(C)(C)C)CC3)C[C@H]2C1,0.0,train,../data/images/balanced_scaffold_seed99_Caco2/585.png
586.0,O=C(OCC1CCN(Cc2ccc(-c3ccccc3-c3nnn[nH]3)cc2)CC1)c1c2n(c3ccccc13)CCCO2,0.0,train,../data/images/balanced_scaffold_seed99_Caco2/586.png
587.0,Cn1cnc(S(=O)(=O)N(CCN(Cc2cncn2C)c2ccc(C#N)cc2)CC2CCN(c3ncccn3)CC2)c1,0.0,train,../data/images/balanced_scaffold_seed99_Caco2/587.png
588.0,CCCCN1C(=O)C(CC(C)C)NC(=O)C12CCN(Cc1ccc(Oc3ccccc3)cc1)CC2,0.0,train,../data/images/balanced_scaffold_seed99_Caco2/588.png
589.0,CN1C(=O)NC(=O)[C@]12Cc1ccc(NC(=O)Cn3c(=O)n(-c4cncnc4)c4ccccc43)cc1C2,0.0,train,../data/images/balanced_scaffold_seed99_Caco2/589.png
590.0,CC(C)NCC(O)COc1ccc(CCOCC2CC2)cc1,1.0,train,../data/images/balanced_scaffold_seed99_Caco2/590.png
591.0,CC(=O)c1sc(NC(=O)N[C@@H]2CN(C(C)=O)CC[C@H]2CN2CCC[C@@H](Cc3ccc(F)cc3)C2)nc1C,0.0,train,../data/images/balanced_scaffold_seed99_Caco2/591.png
592.0,COc1cc(N2CCN(C)CC2)ccc1-c1nc2c(N[C@H]3[C@@H](C(N)=O)[C@@H]4C=C[C@H]3C4)c(Cl)cnc2[nH]1,0.0,train,../data/images/balanced_scaffold_seed99_Caco2/592.png
593.0,Cc1cc(C#N)nc(C)c1C(=O)N1CCC(C)(N2CCC(N3C(=O)N(C[C@H]4CC[C@H](O)CC4)C[C@H]3c3ccccc3)CC2)CC1,0.0,train,../data/images/balanced_scaffold_seed99_Caco2/593.png
594.0,CN(C[C@@H]1CCCN1C(=O)C[C@H](N)Cc1cc(F)c(F)cc1F)C(=O)C(C)(C)C,1.0,train,../data/images/balanced_scaffold_seed99_Caco2/594.png
595.0,CN(C[C@@H]1CCCN1C(=O)C[C@H](N)Cc1cc(F)c(F)cc1F)S(=O)(=O)C(F)(F)F,1.0,train,../data/images/balanced_scaffold_seed99_Caco2/595.png
596.0,CC(C)(C)C(=O)NC[C@@H]1CCCN1C(=O)C[C@H](N)Cc1cc(F)c(F)cc1F,0.0,train,../data/images/balanced_scaffold_seed99_Caco2/596.png
597.0,CC(C)(F)C(=O)NC[C@@H]1CCCN1C(=O)C[C@H](N)Cc1cc(F)c(F)cc1F,0.0,train,../data/images/balanced_scaffold_seed99_Caco2/597.png
598.0,N[C@@H](CC(=O)N1CCC[C@H]1CNS(=O)(=O)C(F)(F)F)Cc1cc(F)c(F)cc1F,1.0,train,../data/images/balanced_scaffold_seed99_Caco2/598.png
599.0,CS(=O)(=O)NC[C@@H]1CCCN1C(=O)C[C@H](N)Cc1cc(F)c(F)cc1F,0.0,train,../data/images/balanced_scaffold_seed99_Caco2/599.png
600.0,CC(C)CCn1nc(CC2CCCC2)c(O)c(C2=NS(=O)(=O)c3cc(NS(C)(=O)=O)ccc3N2)c1=O,0.0,train,../data/images/balanced_scaffold_seed99_Caco2/600.png
601.0,Cn1c2c(c3cc(S(=O)(=O)n4ccc5ccccc54)ccc31)C1CCC(C2)N1,1.0,train,../data/images/balanced_scaffold_seed99_Caco2/601.png
602.0,O=C1c2ncc3c(c(S(=O)(=O)N4CCCC4)cn3Cc3ccc(F)cc3)c2CCN1O,0.0,train,../data/images/balanced_scaffold_seed99_Caco2/602.png
603.0,COc1cc(C)c(S(=O)(=O)N(C)CCOCC(=O)N2CCN(C3CCN(C)CC3)CC2)c(C)c1,0.0,train,../data/images/balanced_scaffold_seed99_Caco2/603.png
604.0,CCN1CCC(N2CCN(C(=O)COCCN(C)S(=O)(=O)c3c(C)cc(OC)cc3C)CC2)CC1,0.0,train,../data/images/balanced_scaffold_seed99_Caco2/604.png
605.0,Cn1nc(-c2ccncc2)cc1NC(=O)[C@H](Cc1ccccc1)NCC(=O)O,0.0,train,../data/images/balanced_scaffold_seed99_Caco2/605.png
606.0,CC(=O)N[C@@H](CCN1[C@@H]2CC[C@H]1C[C@@H](n1c(C)nc3c1CN(C(=O)OC(C)C)CC3)C2)c1ccccc1,0.0,train,../data/images/balanced_scaffold_seed99_Caco2/606.png
607.0,CC(=O)N[C@@H](CCN1[C@@H]2CC[C@H]1C[C@@H](n1c(C)nc3c1CN(C(=O)C(C)C)CC3)C2)c1ccccc1,0.0,train,../data/images/balanced_scaffold_seed99_Caco2/607.png
608.0,COC(=O)N1CCc2nc(C)n([C@H]3C[C@H]4CC[C@@H](C3)N4CC[C@H](NC(C)=O)c3ccccc3)c2C1,0.0,train,../data/images/balanced_scaffold_seed99_Caco2/608.png
609.0,CC(=O)N[C@@H](CCN1[C@@H]2CC[C@H]1C[C@@H](n1c(C)nc3c1CN(C(C)=O)CC3)C2)c1ccccc1,0.0,train,../data/images/balanced_scaffold_seed99_Caco2/609.png
610.0,COC(=O)N[C@@H](CCN1[C@@H]2CC[C@H]1C[C@@H](n1c(C)nc3c1CN(C(C)=O)CC3)C2)c1cccc(F)c1,0.0,train,../data/images/balanced_scaffold_seed99_Caco2/610.png
611.0,CC(=O)N[C@@H](CCN1[C@@H]2CC[C@H]1C[C@@H](n1c(C)nc3c1CN(C)CC3)C2)c1ccccc1,0.0,train,../data/images/balanced_scaffold_seed99_Caco2/611.png
612.0,COC(=O)N1CCc2nc(C)n([C@H]3C[C@H]4CC[C@@H](C3)N4CC[C@H](NC(C)=O)c3cccc(F)c3)c2C1,0.0,train,../data/images/balanced_scaffold_seed99_Caco2/612.png
613.0,CCC(=O)N1CCc2nc(C)n([C@H]3C[C@H]4CC[C@@H](C3)N4CC[C@H](NC(C)=O)c3ccccc3)c2C1,0.0,train,../data/images/balanced_scaffold_seed99_Caco2/613.png
614.0,COC(=O)N[C@@H](CCN1[C@@H]2CC[C@H]1C[C@@H](n1c(C)nc3c1CN(C(=O)OC)CC3)C2)c1cccc(F)c1,1.0,train,../data/images/balanced_scaffold_seed99_Caco2/614.png
615.0,COC(=O)N[C@@H](CCN1[C@@H]2CC[C@H]1C[C@@H](n1c(C)nc3c1CN(C(C)=O)CC3)C2)c1ccccc1,0.0,train,../data/images/balanced_scaffold_seed99_Caco2/615.png
616.0,O=C1c2ncc3c(c(COCc4ccccn4)cn3Cc3ccc(F)cc3)c2CCN1O,1.0,train,../data/images/balanced_scaffold_seed99_Caco2/616.png
617.0,COc1cc2nc(N3CCN(C(=O)C4CCCO4)CC3)nc(N)c2cc1OC,1.0,train,../data/images/balanced_scaffold_seed99_Caco2/617.png
618.0,CC(C)(NC(=O)c1cc2ccccc2s1)C(=O)N[C@H](Cc1ccccc1)C(=O)NCCCN1CCOCC1,0.0,train,../data/images/balanced_scaffold_seed99_Caco2/618.png
619.0,Cc1c(Cc2cc(Cl)cc(Cl)c2)c(C(C)C)nn1CCO,1.0,train,../data/images/balanced_scaffold_seed99_Caco2/619.png
620.0,Cn1cc(-c2cnc3oc4c(-c5ccncc5)nc(=O)n(CCC5CCCO5)c4c3c2)cn1,1.0,train,../data/images/balanced_scaffold_seed99_Caco2/620.png
621.0,COc1cc(-c2nc(=O)n(CCC3CCCO3)c3c2oc2ncc(-c4cnn(C)c4)cc23)ccn1,1.0,train,../data/images/balanced_scaffold_seed99_Caco2/621.png
622.0,CNc1cc(-c2nc(=O)n(CCC3CCCO3)c3c2oc2ncc(-c4cnn(C)c4)cc23)ccn1,1.0,train,../data/images/balanced_scaffold_seed99_Caco2/622.png
623.0,N=C(N)SCc1c(F)ccc2c1oc1c(CSC(=N)N)c(F)ccc12,0.0,train,../data/images/balanced_scaffold_seed99_Caco2/623.png
624.0,N=C(N)SCc1c(Br)ccc2c1oc1c(CSC(=N)N)c(Br)ccc12,0.0,train,../data/images/balanced_scaffold_seed99_Caco2/624.png
625.0,N=C(N)SCc1c(Cl)ccc2c1oc1c(CSC(=N)N)c(Cl)ccc12,0.0,train,../data/images/balanced_scaffold_seed99_Caco2/625.png
626.0,N=C(N)SCc1cccc2c1oc1c(CSC(=N)N)cccc12,0.0,train,../data/images/balanced_scaffold_seed99_Caco2/626.png
627.0,CC[C@H](C)[C@@H]1NC(=O)[C@@H]2CCCN2C(=O)[C@H](Cc2ccccc2)N(C)C(=O)[C@H](C)NC(=O)c2csc(n2)[C@H]([C@@H](C)CC)NC(=O)[C@@H]2CCCN2C1=O,0.0,train,../data/images/balanced_scaffold_seed99_Caco2/627.png
628.0,CC[C@H](C)[C@@H]1NC(=O)[C@@H]2CCCN2C(=O)[C@H]([C@@H](C)CC)N(C)C(=O)[C@@H]2CCCN2C(=O)[C@H](Cc2ccccc2)NC(=O)[C@H](C)NC(=O)c2csc1n2,0.0,train,../data/images/balanced_scaffold_seed99_Caco2/628.png
629.0,CC[C@H](C)[C@@H]1NC(=O)[C@@H]2CCCN2C(=O)[C@H](Cc2ccccc2)NC(=O)[C@H](C)NC(=O)c2csc(n2)[C@H](CC(C)C)NC(=O)[C@@H]2CCCN2C1=O,0.0,train,../data/images/balanced_scaffold_seed99_Caco2/629.png
630.0,CC[C@H](C)[C@@H]1NC(=O)[C@@H]2CCCN2C(=O)[C@H](Cc2ccccc2)N(C)C(=O)[C@H](CC(C)C)NC(=O)c2csc(n2)[C@H]([C@@H](C)CC)NC(=O)[C@@H]2CCCN2C1=O,1.0,train,../data/images/balanced_scaffold_seed99_Caco2/630.png
631.0,CC[C@H](C)[C@@H]1NC(=O)[C@@H]2CCCN2C(=O)[C@H](Cc2ccccc2)N(C)C(=O)[C@H](C(C)(C)C)NC(=O)c2csc(n2)[C@H]([C@@H](C)CC)NC(=O)[C@@H]2CCCN2C1=O,1.0,train,../data/images/balanced_scaffold_seed99_Caco2/631.png
632.0,CC[C@H](C)[C@@H]1NC(=O)[C@@H]2CCCN2C(=O)[C@H](C(C)C)NC(=O)[C@@H]2CCCN2C(=O)[C@H](Cc2ccccc2)NC(=O)[C@H](C)NC(=O)c2csc1n2,0.0,train,../data/images/balanced_scaffold_seed99_Caco2/632.png
633.0,CC[C@H](C)[C@@H]1NC(=O)[C@@H]2CCCN2C(=O)[C@H](CC(C)C)NC(=O)[C@@H]2CCCN2C(=O)[C@H](Cc2ccccc2)NC(=O)[C@H](C)NC(=O)c2csc1n2,0.0,train,../data/images/balanced_scaffold_seed99_Caco2/633.png
634.0,CC[C@H](C)[C@@H]1NC(=O)[C@@H]2CCCN2C(=O)[C@H](Cc2ccccc2)NC(=O)[C@H](C)NC(=O)c2csc(n2)[C@H]([C@@H](C)CC)NC(=O)[C@@H]2CCCN2C1=O,0.0,train,../data/images/balanced_scaffold_seed99_Caco2/634.png
635.0,CC[C@H](C)[C@@H]1NC(=O)c2csc(n2)[C@H]([C@@H](C)CC)NC(=O)[C@@H]2CCCN2C(=O)[C@H]([C@@H](C)CC)NC(=O)[C@@H]2CCCN2C(=O)[C@H](Cc2ccccc2)NC1=O,1.0,train,../data/images/balanced_scaffold_seed99_Caco2/635.png
636.0,CC[C@H](C)[C@@H]1NC(=O)[C@@H]2CCCN2C(=O)[C@H](Cc2ccccc2)NC(=O)[C@H](C)NC(=O)c2csc(n2)[C@H](C(C)C)NC(=O)[C@@H]2CCCN2C1=O,0.0,train,../data/images/balanced_scaffold_seed99_Caco2/636.png
637.0,CC[C@H](C)[C@@H]1NC(=O)c2csc(n2)[C@H]([C@@H](C)CC)NC(=O)[C@@H]2CCCN2C(=O)[C@H]([C@@H](C)CC)NC(=O)[C@@H]2CCCN2C(=O)[C@H](Cc2ccccc2)N(C)C1=O,1.0,train,../data/images/balanced_scaffold_seed99_Caco2/637.png
638.0,CC[C@H](C)[C@@H]1NC(=O)[C@@H]2CCCN2C(=O)[C@H]([C@@H](C)O)NC(=O)[C@@H]2CCCN2C(=O)[C@H](Cc2ccccc2)NC(=O)[C@H](C)NC(=O)c2csc1n2,0.0,train,../data/images/balanced_scaffold_seed99_Caco2/638.png
639.0,CC[C@H](C)[C@@H]1NC(=O)[C@@H]2CCCN2C(=O)[C@H](Cc2ccccc2)NC(=O)[C@H](CC(C)C)NC(=O)c2csc(n2)[C@H]([C@@H](C)CC)NC(=O)[C@@H]2CCCN2C1=O,1.0,train,../data/images/balanced_scaffold_seed99_Caco2/639.png
640.0,CC(C)[C@@H]1NC(=O)c2csc(n2)[C@H](C(C)C)NC(=O)[C@@H]2CCCN2C(=O)[C@H](C(C)C)NC(=O)[C@@H]2CCCN2C(=O)[C@H](Cc2ccccc2)NC1=O,0.0,train,../data/images/balanced_scaffold_seed99_Caco2/640.png
641.0,CC[C@H](C)[C@@H]1NC(=O)[C@@H]2CCCN2C(=O)[C@H](Cc2ccccc2)NC(=O)[C@H](C(C)(C)C)NC(=O)c2csc(n2)[C@H]([C@@H](C)CC)NC(=O)[C@@H]2CCCN2C1=O,1.0,train,../data/images/balanced_scaffold_seed99_Caco2/641.png
642.0,CC[C@H](C)[C@@H]1NC(=O)[C@@H]2CCCN2C(=O)[C@H](Cc2ccccc2)NC(=O)[C@H](C)N(C)C(=O)c2csc(n2)[C@H]([C@@H](C)CC)NC(=O)[C@@H]2CCCN2C1=O,0.0,train,../data/images/balanced_scaffold_seed99_Caco2/642.png
643.0,CC[C@H](C)[C@@H]1NC(=O)[C@@H]2CCCN2C(=O)[C@H](C(C)C)NC(=O)[C@@H]2CCCN2C(=O)[C@H](Cc2ccccc2)N(C)C(=O)[C@H](C)NC(=O)c2csc1n2,0.0,train,../data/images/balanced_scaffold_seed99_Caco2/643.png
644.0,Cn1c(COc2ccc(F)cc2)c2c(=O)n(-c3ccccc3Cl)[nH]c2cc1=O,1.0,train,../data/images/balanced_scaffold_seed99_Caco2/644.png
645.0,Cc1ncnc(C)c1C(=O)N1C[C@H]2CN(CCC(c3ccccc3)C3CN(S(=O)(=O)C4CCCC4)C3)C[C@H]2C1,0.0,train,../data/images/balanced_scaffold_seed99_Caco2/645.png
646.0,C=CCn1c2c(c3cc(C(=O)N4CCC(C)CC4)ccc31)CN(CC1CC1)CC2,0.0,train,../data/images/balanced_scaffold_seed99_Caco2/646.png
647.0,c1ccc(OC2CN(c3c4c(nc5ccnn35)CCNCC4)C2)nc1,1.0,train,../data/images/balanced_scaffold_seed99_Caco2/647.png
648.0,Cn1c(Br)c(Br)c2c(=O)n(Cc3ccccc3C#N)c(N3CCC[C@@H](N)C3)nc21,1.0,train,../data/images/balanced_scaffold_seed99_Caco2/648.png
649.0,Cc1cc2c(=O)n(Cc3ccccc3C#N)c(N3CCC[C@@H](N)C3)nc2[nH]1,1.0,train,../data/images/balanced_scaffold_seed99_Caco2/649.png
650.0,N#Cc1ccccc1Cn1c(N2CCC[C@@H](N)C2)nc2[nH]c(Br)cc2c1=O,1.0,train,../data/images/balanced_scaffold_seed99_Caco2/650.png
651.0,N#Cc1ccccc1Cn1c(N2CCC[C@@H](N)C2)nc2[nH]ccc2c1=O,1.0,train,../data/images/balanced_scaffold_seed99_Caco2/651.png
652.0,Cn1ccc2c(=O)n(Cc3ccccc3C#N)c(N3CCC[C@@H](N)C3)nc21,1.0,train,../data/images/balanced_scaffold_seed99_Caco2/652.png
653.0,CCN1C(=O)C(c2ccc(O)c(-c3cnn(C)c3)c2)C(=O)N(c2ccccc2)c2cc(C(F)(F)F)ccc21,0.0,train,../data/images/balanced_scaffold_seed99_Caco2/653.png
654.0,CCN1C(=O)C(c2cc(-c3cnn(C)c3)ccc2O)C(=O)N(c2ccccc2)c2cc(C(F)(F)F)ccc21,0.0,train,../data/images/balanced_scaffold_seed99_Caco2/654.png
655.0,CCN1C(=O)C(c2cc(-c3cnn(C)c3)c(O)cc2O)C(=O)N(c2ccccc2)c2cc(C(F)(F)F)ccc21,0.0,train,../data/images/balanced_scaffold_seed99_Caco2/655.png
656.0,CCN1C(=O)C(c2cc(-c3cn[nH]c3)c(O)cc2O)C(=O)N(c2ccccc2)c2cc(C(F)(F)F)ccc21,0.0,train,../data/images/balanced_scaffold_seed99_Caco2/656.png
657.0,CCCn1cc(-c2cc(C3C(=O)N(CC)c4ccc(C(F)(F)F)cc4N(c4ccccc4)C3=O)cc(OC)c2O)cn1,1.0,train,../data/images/balanced_scaffold_seed99_Caco2/657.png
658.0,Cc1cc(C#N)nc(C)c1C(=O)N1C[C@H]2CN(CCC(c3ccccc3)C3CCN(S(C)(=O)=O)CC3)C[C@H]2C1,0.0,train,../data/images/balanced_scaffold_seed99_Caco2/658.png
659.0,CC(=O)N1CCN(CCN2CCC(CNC(=O)c3cccc4[nH]c(C(C)C)nc34)CC2)CC1,0.0,train,../data/images/balanced_scaffold_seed99_Caco2/659.png
660.0,CC(C)c1nc2c(C(=O)NCC3CCN(CCN4CCN(S(C)(=O)=O)CC4)CC3)cccc2[nH]1,0.0,train,../data/images/balanced_scaffold_seed99_Caco2/660.png
661.0,COC(=O)N1CCN(CCN2CCC(CNC(=O)c3cccc4[nH]c(C(C)C)nc34)CC2)CC1,1.0,train,../data/images/balanced_scaffold_seed99_Caco2/661.png
662.0,CC(C)(O)C(=O)N1CCN(c2ccc(C(F)(F)F)c(C3=C(c4c[nH]c5ccccc45)C(=O)NC3=O)c2)CC1,0.0,train,../data/images/balanced_scaffold_seed99_Caco2/662.png
663.0,CNc1cncc(-c2c[nH]c(=O)c(NC(=O)c3ccc(N4CCC[C@H]4CN4CCCC4)cc3)c2)n1,1.0,train,../data/images/balanced_scaffold_seed99_Caco2/663.png
664.0,O=c1[nH]c2ccccc2n1C1CCN(CCCC(c2ccc(F)cc2)c2ccc(F)cc2)CC1,0.0,train,../data/images/balanced_scaffold_seed99_Caco2/664.png
665.0,CS(=O)(=O)Nc1ccc2c(c1)S(=O)(=O)N=C(C1=C(O)[C@H]3CCC[C@H]3N(Cc3ccc(F)c(F)c3)C1=O)N2,0.0,train,../data/images/balanced_scaffold_seed99_Caco2/665.png
666.0,CS(=O)(=O)Nc1ccc2c(c1)S(=O)(=O)N=C(C1=C(O)[C@H]3CCC[C@H]3N(Cc3ccc(F)cc3)C1=O)N2,0.0,train,../data/images/balanced_scaffold_seed99_Caco2/666.png
667.0,COCCn1cc(C(=O)c2cccc3ccccc23)c2cccnc21,1.0,train,../data/images/balanced_scaffold_seed99_Caco2/667.png
668.0,Cc1c(C(Cc2ccc(F)c(F)c2)P(=O)(OC(C)C)OC(C)C)sc2ccccc12,0.0,train,../data/images/balanced_scaffold_seed99_Caco2/668.png
669.0,CCOP(=O)(OCC)C(Cc1ccc(F)c(F)c1)c1sc2ccccc2c1C,0.0,train,../data/images/balanced_scaffold_seed99_Caco2/669.png
670.0,COc1ccc(-c2c(C3CCCC3)c3ccc(C(=O)NC4(C(=O)Nc5ccc(/C=C/C(=O)O)cc5)CCC4)cc3n2C)cn1,0.0,train,../data/images/balanced_scaffold_seed99_Caco2/670.png
671.0,CC(C)Oc1ccc(C(=O)NC2(C(=O)N[C@H](Cc3ccccc3)C(=O)NCC3CCN(CC4CCOCC4)CC3)CCCC2)cc1,0.0,train,../data/images/balanced_scaffold_seed99_Caco2/671.png
672.0,CCSc1ccc(C(=O)NC2(C(=O)N[C@H](Cc3ccccc3)C(=O)NCC3CCN(CC4CCOCC4)CC3)CCCC2)cc1,0.0,train,../data/images/balanced_scaffold_seed99_Caco2/672.png
673.0,CCCCc1ccc(C(=O)NC2(C(=O)N[C@@H](Cc3ccccc3)C(=O)NCC3CCN(CC4CCOCC4)CC3)CCCC2)cc1,1.0,train,../data/images/balanced_scaffold_seed99_Caco2/673.png
674.0,CCOc1cccc(C(=O)NC2(C(=O)N[C@H](Cc3ccccc3)C(=O)NCC3CCN(CC4CCOCC4)CC3)CCCC2)c1,0.0,train,../data/images/balanced_scaffold_seed99_Caco2/674.png
675.0,CCCCc1ccc(C(=O)NC2(C(=O)N[C@H](Cc3ccccc3)C(=O)NCC3CCN(CC4CCOCC4)CC3)CCCC2)cc1,1.0,train,../data/images/balanced_scaffold_seed99_Caco2/675.png
676.0,CSc1ccc(C(=O)NC2(C(=O)N[C@H](Cc3ccccc3)C(=O)NCC3CCN(CC4CCOCC4)CC3)CCCC2)cc1,0.0,train,../data/images/balanced_scaffold_seed99_Caco2/676.png
677.0,CCCCOc1cccc(C(=O)NC2(C(=O)N[C@H](Cc3ccccc3)C(=O)NCC3CCN(CC4CCOCC4)CC3)CCCC2)c1,0.0,train,../data/images/balanced_scaffold_seed99_Caco2/677.png
678.0,CCOc1ccc(C(=O)NC2(C(=O)N[C@H](Cc3ccccc3)C(=O)NCC3CCN(CC4CCOCC4)CC3)CCCC2)cc1,0.0,train,../data/images/balanced_scaffold_seed99_Caco2/678.png
679.0,COc1ccc2c(O[C@H]3CCN4C(=O)N(C)CCCC/C=C/[C@@H]5C[C@@]5(C(=O)NS(=O)(=O)C5(C)CC5)NC(=O)[C@@H]4C3)cc(-c3nc(C(F)(F)F)cs3)nc2c1C,0.0,train,../data/images/balanced_scaffold_seed99_Caco2/679.png
680.0,Cc1nc(-c2nc[nH]n2)ccc1-c1cnc2c(n1)N(CCC1CCOCC1)C(=O)CN2,0.0,train,../data/images/balanced_scaffold_seed99_Caco2/680.png
681.0,Cc1ncc(C[n+]2csc(CCO)c2C)c(N)n1,1.0,train,../data/images/balanced_scaffold_seed99_Caco2/681.png
682.0,O=C(O)C[C@@H](NC(=O)[C@H]1CCCN(C(=O)CCC2CCNCC2)C1)c1cccnc1,0.0,train,../data/images/balanced_scaffold_seed99_Caco2/682.png
683.0,Cc1ncnc(C)c1C(=O)N1C[C@H]2CN(CCC(c3cccc(F)c3)C3CCN(S(C)(=O)=O)CC3)C[C@H]2C1,0.0,train,../data/images/balanced_scaffold_seed99_Caco2/683.png
684.0,Cc1ncnc(C)c1C(=O)N1C[C@H]2CN(CCC(c3ccccc3)C3CCN(S(C)(=O)=O)CC3)C[C@H]2C1,0.0,train,../data/images/balanced_scaffold_seed99_Caco2/684.png
685.0,O=C(CNC(=O)c1ccc(N2CCN(C(=O)c3ccccc3C(F)(F)F)CC2)nn1)c1ccccc1,1.0,train,../data/images/balanced_scaffold_seed99_Caco2/685.png
686.0,CCCS(=O)(=O)Nc1ccc(F)c(C(=O)Nc2cnc3[nH]ccc3c2)c1F,0.0,train,../data/images/balanced_scaffold_seed99_Caco2/686.png
687.0,O=C(O)c1ccc(-c2ccc(Cl)cc2COc2ccc(-c3nc4cc(C(=O)O)ccc4n3C3CCCCC3)cc2)cc1,1.0,train,../data/images/balanced_scaffold_seed99_Caco2/687.png
688.0,COc1ccc([C@@H]2Sc3ccccc3N(CCN(C)C)C(=O)[C@@H]2OC(C)=O)cc1,1.0,train,../data/images/balanced_scaffold_seed99_Caco2/688.png
689.0,CNC(=O)c1cc(Oc2ccc3nc(Nc4ccc(OC(F)(F)F)cc4)ncc3c2)ccn1,0.0,train,../data/images/balanced_scaffold_seed99_Caco2/689.png
690.0,CNC(=O)c1cc(Oc2ccc3nc(Nc4ccc(C(F)(F)F)cc4)ncc3c2)ccn1,0.0,train,../data/images/balanced_scaffold_seed99_Caco2/690.png
691.0,CNC(=O)c1cc(Oc2ccc3nc(Nc4ccc(OC)cc4)ncc3c2)ccn1,0.0,train,../data/images/balanced_scaffold_seed99_Caco2/691.png
692.0,CNC(=O)c1cc(Oc2ccc3nc(Nc4cccc(C(C)C)c4)ncc3c2)ccn1,0.0,train,../data/images/balanced_scaffold_seed99_Caco2/692.png
693.0,CCc1ccccc1Nc1ncc2cc(Oc3ccnc(C(=O)NC)c3)ccc2n1,0.0,train,../data/images/balanced_scaffold_seed99_Caco2/693.png
694.0,CNC(=O)c1cc(Oc2ccc3nc(Nc4ccc(F)cc4)ncc3c2)ccn1,0.0,train,../data/images/balanced_scaffold_seed99_Caco2/694.png
695.0,CNC(=O)c1cc(Oc2ccc3nc(Nc4cccc(OC(F)(F)F)c4)ncc3c2)ccn1,0.0,train,../data/images/balanced_scaffold_seed99_Caco2/695.png
696.0,CNC(=O)c1cc(Oc2ccc3nc(Nc4ccc(Br)cc4)ncc3c2)ccn1,0.0,train,../data/images/balanced_scaffold_seed99_Caco2/696.png
697.0,CNC(=O)c1cc(Oc2ccc3nc(Nc4ccccc4Br)ncc3c2)ccn1,0.0,train,../data/images/balanced_scaffold_seed99_Caco2/697.png
698.0,CNC(=O)c1cc(Oc2ccc3nc(Nc4cccc(Br)c4)ncc3c2)ccn1,0.0,train,../data/images/balanced_scaffold_seed99_Caco2/698.png
699.0,O=C(NCCO)c1cc(Oc2ccc3nc(Nc4ccc(Br)cc4)ncc3c2)ccn1,0.0,train,../data/images/balanced_scaffold_seed99_Caco2/699.png
700.0,CNC(=O)c1cc(Oc2ccc3nc(Nc4cccc(C(F)(F)F)c4)ncc3c2)ccn1,0.0,train,../data/images/balanced_scaffold_seed99_Caco2/700.png
701.0,CNC(=O)c1cc(Oc2ccc3nc(Nc4ccc(C(C)C)cc4)ncc3c2)ccn1,0.0,train,../data/images/balanced_scaffold_seed99_Caco2/701.png
702.0,CNC(=O)c1cc(Oc2ccc3nc(Nc4cccc(C(C)(C)C)c4)ncc3c2)ccn1,0.0,train,../data/images/balanced_scaffold_seed99_Caco2/702.png
703.0,CNC(=O)c1cc(Oc2ccc3nc(Nc4ccccc4)ncc3c2)ccn1,0.0,train,../data/images/balanced_scaffold_seed99_Caco2/703.png
704.0,CNC(=O)c1cc(Oc2ccc3nc(Nc4cccc(Cl)c4)ncc3c2)ccn1,0.0,train,../data/images/balanced_scaffold_seed99_Caco2/704.png
705.0,O=C(NC1(C(=O)N[C@H](Cc2ccccc2)C(=O)NCCCN2CCOCC2)CCCC1)c1sc2ccccc2c1Cl,1.0,train,../data/images/balanced_scaffold_seed99_Caco2/705.png
706.0,CN(C(=O)c1cc2ccccc2s1)C1(C(=O)N[C@H](Cc2ccccc2)C(=O)NCCCN2CCOCC2)CCCC1,1.0,train,../data/images/balanced_scaffold_seed99_Caco2/706.png
707.0,O=C(NC1(C(=O)N[C@@H](Cc2ccccc2)C(=O)NCCCN2CCOCC2)CCCC1)c1cc2ccccc2s1,1.0,train,../data/images/balanced_scaffold_seed99_Caco2/707.png
708.0,O=C(NC1(C(=O)N[C@H](Cc2ccccc2)C(=O)NCCCN2CCOCC2)CCCC1)c1cc2ccccc2s1,1.0,train,../data/images/balanced_scaffold_seed99_Caco2/708.png
709.0,O=C(NC1(C(=O)N[C@H](Cc2ccccc2)C(=O)NCCCN2CCOCC2)CCCC1)c1cc2cc(Cl)ccc2s1,0.0,train,../data/images/balanced_scaffold_seed99_Caco2/709.png
710.0,NS(=O)(=O)N1CCN(C2CN(CC[C@]3(c4ccc(Cl)c(Cl)c4)CCC(=O)N(CC4CC4)C3)C2)CC1,0.0,train,../data/images/balanced_scaffold_seed99_Caco2/710.png
711.0,Nc1noc2ccc(-n3nc(C(F)(F)F)c4c3C(=O)N(c3ccc(-c5ccccc5CN5CC[C@@H](O)C5)cc3F)CC4)cc12,1.0,train,../data/images/balanced_scaffold_seed99_Caco2/711.png
712.0,Cc1nn(-c2ccc3onc(N)c3c2)c2c1CCN(c1ccc(-c3ccccc3CN3CC[C@@H](O)C3)cc1)C2=O,0.0,train,../data/images/balanced_scaffold_seed99_Caco2/712.png
713.0,Nc1noc2ccc(-n3nc(C(F)(F)F)c4c3C(=O)N(c3ccc(-c5ccccc5CN5CC[C@@H](O)C5)cc3)CC4)cc12,0.0,train,../data/images/balanced_scaffold_seed99_Caco2/713.png
714.0,C[C@H](NC(=O)c1c[nH]c2ncc(C3CC3)nc12)C(C)(C)O,1.0,train,../data/images/balanced_scaffold_seed99_Caco2/714.png
715.0,C[C@H](NC(=O)c1c[nH]c2ncc(C3CC3)nc12)C(C)(C)C#N,1.0,train,../data/images/balanced_scaffold_seed99_Caco2/715.png
716.0,COC[C@H]1CCCN1c1cc(NC(C)=O)nc(-n2nc(C)cc2C)n1,1.0,train,../data/images/balanced_scaffold_seed99_Caco2/716.png
717.0,CC(C)C[C@H](CO)Nc1nc(S[C@@H](C)c2ccccc2)nc2[nH]c(=O)sc12,1.0,train,../data/images/balanced_scaffold_seed99_Caco2/717.png
718.0,C[C@H](Cc1cccc(CC(=O)NC2Cc3ccccc3C2)c1)NC[C@H](O)c1ccc(O)c(CO)c1,0.0,train,../data/images/balanced_scaffold_seed99_Caco2/718.png
719.0,c1c2c(cc3c1OCO3)-c1cc3ccc4c(c3c[n+]1CC2)OCO4,1.0,train,../data/images/balanced_scaffold_seed99_Caco2/719.png
720.0,CNC(=O)C(c1ccc2nc(N)n(C3CCCC3)c2c1)c1ccccc1F,0.0,train,../data/images/balanced_scaffold_seed99_Caco2/720.png
721.0,CCn1c(=O)c2c(nc(/C=C/c3ccc(OC)c(OC)c3)n2C)n(CC)c1=O,1.0,train,../data/images/balanced_scaffold_seed99_Caco2/721.png
722.0,CCCS(=O)(=O)N1CCC(CNC(=O)C2CC2)(C(=O)N2CCOCC2)CC1,1.0,train,../data/images/balanced_scaffold_seed99_Caco2/722.png
723.0,Cc1ccnc2c1NC(=O)c1cccnc1N2C1CC1,1.0,train,../data/images/balanced_scaffold_seed99_Caco2/723.png
724.0,c1nc(NCC2CCOC2)c2cc(-c3ccc4c(c3)OCO4)ccc2n1,1.0,train,../data/images/balanced_scaffold_seed99_Caco2/724.png
725.0,COC(=O)N[C@H](C(=O)NN(CCC[C@](O)(Cc1ccccc1)C(=O)N[C@H]1c2ccccc2C[C@H]1O)Cc1ccc(Br)cc1)C(C)(C)C,1.0,train,../data/images/balanced_scaffold_seed99_Caco2/725.png
726.0,COC(=O)N[C@H](C(=O)NN(CCC[C@@](O)(Cc1ccccc1)C(=O)N[C@H]1c2ccccc2C[C@H]1O)Cc1ccc(Br)cc1)C(C)(C)C,1.0,train,../data/images/balanced_scaffold_seed99_Caco2/726.png
727.0,COC(=O)N[C@H](C(=O)NN(CCC[C@@](O)(Cc1ccccc1)C(=O)N[C@H]1c2ccccc2C[C@H]1O)Cc1ccccc1)C(C)(C)C,1.0,train,../data/images/balanced_scaffold_seed99_Caco2/727.png
728.0,Cc1c(C(=O)c2cccc3ccccc23)c2cccc3c2n1[C@H](CN1CCOCC1)CO3,1.0,train,../data/images/balanced_scaffold_seed99_Caco2/728.png
729.0,CCO[C@H]1CC[C@H](CN2C[C@H](c3ccccn3)N(C3CCN(C4(C)CCN(C(=O)c5c(C)cc(C#N)nc5C)CC4)CC3)C2=O)CC1,0.0,train,../data/images/balanced_scaffold_seed99_Caco2/729.png
730.0,COc1cnn(C)c(=O)c1-c1ccc(C[C@H](NC(=O)c2c(Cl)cccc2Cl)c2nnn[nH]2)cc1,0.0,train,../data/images/balanced_scaffold_seed99_Caco2/730.png
731.0,CC[C@@H]1C[C@]1(NC(=O)[C@@H]1C[C@@H](Oc2cc(-c3csc(NC(C)C)n3)nc3c(Cl)c(OCCN4CC[C@@H](OC)C4)ccc23)CN1C(=O)[C@@H](NC(=O)OC1C[C@@H]2C[C@@H]2C1)C(C)(C)C)C(=O)O,0.0,train,../data/images/balanced_scaffold_seed99_Caco2/731.png
732.0,Cc1[nH]n(-c2ccccn2)c(=O)c1C(=O)Nc1ccc2c(c1)OCO2,1.0,train,../data/images/balanced_scaffold_seed99_Caco2/732.png
733.0,CC(C)(C)CCN1C(=O)C(C2=NS(=O)(=O)c3cc(NS(C)(=O)=O)ccc3N2)=C(O)C2CCCCN21,0.0,train,../data/images/balanced_scaffold_seed99_Caco2/733.png
734.0,O=C(c1ccccc1)c1ccc2n1CCC2C(=O)O,0.0,train,../data/images/balanced_scaffold_seed99_Caco2/734.png
735.0,Cc1nc(-n2ccc(OCCC3CC3)cc2=O)sc1C(=O)NCc1ccccc1,0.0,train,../data/images/balanced_scaffold_seed99_Caco2/735.png
736.0,Cc1c(F)c(N2CCNC(C)C2)cc2c1C(=O)C(C(=O)O)CN2C1CC1,1.0,train,../data/images/balanced_scaffold_seed99_Caco2/736.png
737.0,O=C(N1CCCCC1)N1CC(O[C@@H](c2ccc(Cl)cc2)c2cccnc2Cl)C1,1.0,train,../data/images/balanced_scaffold_seed99_Caco2/737.png
738.0,O=C(O)CN1C(=O)[C@@]2(CC(=O)N(Cc3cc(Cl)ccc3F)C2)c2cc(Cl)ccc21,0.0,train,../data/images/balanced_scaffold_seed99_Caco2/738.png
739.0,O=C(O)CN1C(=O)[C@]2(CC(=O)N(Cc3cc(Cl)ccc3F)C2)c2cc(Cl)ccc21,0.0,train,../data/images/balanced_scaffold_seed99_Caco2/739.png
740.0,CC[C@H]1C[C@H](n2c(=O)nc(-c3ccc(NC)nc3)c3oc4ncc(-c5cnn(C)c5)cc4c32)CCO1,0.0,train,../data/images/balanced_scaffold_seed99_Caco2/740.png
741.0,CC[C@H]1C[C@@H](n2c(=O)nc(-c3ccc(NC)nc3)c3oc4ncc(-c5cnn(C)c5)cc4c32)CCO1,1.0,train,../data/images/balanced_scaffold_seed99_Caco2/741.png
742.0,Cc1ccc(/C(=C/CN2CCCC2)c2cccc(/C=C/C(=O)O)n2)cc1,0.0,train,../data/images/balanced_scaffold_seed99_Caco2/742.png
743.0,COc1cccc(-c2cccc(C3(c4ccncc4)N=C(C)C(N)=N3)c2)c1,1.0,train,../data/images/balanced_scaffold_seed99_Caco2/743.png
744.0,O=C(NC1(C(=O)N[C@H](Cc2ccccc2)C(=O)NCC2CCN(CC3CCOCC3)CC2)CCCC1)c1cc2ccc(C(F)(F)F)cc2s1,0.0,train,../data/images/balanced_scaffold_seed99_Caco2/744.png
745.0,O=C(NC1(C(=O)N[C@H](Cc2ccccc2)C(=O)NCC2CCN(CC3CCOCC3)CC2)CCCC1)c1cc2ccccc2s1,0.0,train,../data/images/balanced_scaffold_seed99_Caco2/745.png
746.0,Cc1ccc2cc(C(=O)NC3(C(=O)N[C@H](Cc4ccccc4)C(=O)NCC4CCN(CC5CCOCC5)CC4)CCCC3)sc2c1,0.0,train,../data/images/balanced_scaffold_seed99_Caco2/746.png
747.0,COc1ccc2cc(C(=O)NC3(C(=O)N[C@H](Cc4ccccc4)C(=O)NCC4CCN(CC5CCOCC5)CC4)CCCC3)sc2c1,0.0,train,../data/images/balanced_scaffold_seed99_Caco2/747.png
748.0,O=C(NC1(C(=O)N[C@H](Cc2ccccc2)C(=O)NCC2CCN(CC3CCOCC3)CC2)CCCC1)c1cc2ccc(F)cc2s1,0.0,train,../data/images/balanced_scaffold_seed99_Caco2/748.png
749.0,O=C(NC1(C(=O)N[C@H](Cc2ccccc2)C(=O)NCC2CCN(CC3CCOCC3)CC2)CCCC1)c1cc2ccc(Br)cc2s1,0.0,train,../data/images/balanced_scaffold_seed99_Caco2/749.png
750.0,CCN(CC)c1ccc2cc(C(=O)NC3(C(=O)N[C@H](Cc4ccccc4)C(=O)NCC4CCN(CC5CCOCC5)CC4)CCCC3)sc2c1,1.0,train,../data/images/balanced_scaffold_seed99_Caco2/750.png
751.0,Cc1ccc(C(=O)NC2CC2)cc1-c1cc2cnn(-c3c(F)cccc3F)c2n(C)c1=O,1.0,train,../data/images/balanced_scaffold_seed99_Caco2/751.png
752.0,Cn1c(=O)c(-c2cc(C(=O)NC3CC3)ccc2Cl)cc2cnn(-c3c(F)cccc3F)c21,1.0,train,../data/images/balanced_scaffold_seed99_Caco2/752.png
753.0,Cc1ccc(C(=O)NC2CC2)cc1-c1cc2cnn(-c3ccc(F)cc3F)c2n(C)c1=O,1.0,train,../data/images/balanced_scaffold_seed99_Caco2/753.png
754.0,Fc1ccc(Oc2ncnc3[nH]ccc23)cc1,1.0,train,../data/images/balanced_scaffold_seed99_Caco2/754.png
755.0,N[C@@H](C(=O)NC1C(=O)N2C(C(=O)O)=C(Cl)CCC12)c1ccccc1,0.0,train,../data/images/balanced_scaffold_seed99_Caco2/755.png
756.0,CC(=O)Nc1sc2c(c1-c1nc3ccccc3s1)CCN(C(C)C)C2,0.0,train,../data/images/balanced_scaffold_seed99_Caco2/756.png
757.0,O=C(c1ccc(OCCN2CCCCC2)cc1)c1c(-c2ccc(O)cc2)sc2cc(O)ccc12,0.0,train,../data/images/balanced_scaffold_seed99_Caco2/757.png
758.0,COc1cccc(OC)c1C(=O)/C=C/c1ccco1,1.0,train,../data/images/balanced_scaffold_seed99_Caco2/758.png
759.0,CC1(C)SC(C(=O)O)C(C(=O)O)S1,1.0,train,../data/images/balanced_scaffold_seed99_Caco2/759.png
760.0,CC[C@H](C)[C@H](NC(=O)C1SC(C)(C)SC1C(=O)O)C(=O)O,1.0,train,../data/images/balanced_scaffold_seed99_Caco2/760.png
761.0,CC1(C)SC(C(=O)O)C(C(=O)N[C@@H](CC(N)=O)C(=O)O)S1,1.0,train,../data/images/balanced_scaffold_seed99_Caco2/761.png
762.0,CSCC[C@H](NC(=O)C1SC(C)(C)SC1C(=O)O)C(=O)O,1.0,train,../data/images/balanced_scaffold_seed99_Caco2/762.png
763.0,Cc1cc(C)nc(N2C[C@H]3CN(C(=O)c4c(F)cccc4-n4nccn4)C[C@H]3C2)n1,1.0,train,../data/images/balanced_scaffold_seed99_Caco2/763.png
764.0,Cc1cc(C)nc(N2C[C@H]3CN(C(=O)c4cccc(F)c4-n4nccn4)C[C@H]3C2)n1,1.0,train,../data/images/balanced_scaffold_seed99_Caco2/764.png
765.0,Cc1cc(C)nc(N2C[C@H]3CN(C(=O)c4ccc(F)cc4-n4nccn4)C[C@H]3C2)n1,1.0,train,../data/images/balanced_scaffold_seed99_Caco2/765.png
766.0,COc1ccc(Cn2nnc(-c3cccc(C(=O)NCc4ccc(C(=O)O)cc4)c3)n2)cc1,0.0,train,../data/images/balanced_scaffold_seed99_Caco2/766.png
767.0,COc1cccc(Cn2nnc(-c3cccc(C(=O)NCc4ccc(C(=O)O)cc4)c3)n2)c1,0.0,train,../data/images/balanced_scaffold_seed99_Caco2/767.png
768.0,COC(=O)N[C@H](C(=O)NN(CC[C@@](O)(Cc1ccccc1)C(=O)N[C@H]1c2ccccc2C[C@H]1O)Cc1ccc(-c2ccccn2)cc1)C(C)(C)C,0.0,train,../data/images/balanced_scaffold_seed99_Caco2/768.png
769.0,CC(C)C[C@H](CO)Nc1nc(OCc2ccccc2)nc2[nH]c(=O)sc12,1.0,train,../data/images/balanced_scaffold_seed99_Caco2/769.png
770.0,C=C[C@@H]1C[C@]1(NC(=O)[C@@H]1C[C@@](OC)(c2ccc(-c3cscn3)cc2)CN1C(=O)[C@@H](NC(=O)OC1CCCC1)C(C)(C)C)C(=O)NS(=O)(=O)C1CC1,0.0,train,../data/images/balanced_scaffold_seed99_Caco2/770.png
771.0,CC#CCn1c(N2CCCNCC2)c(C#N)c2ncn(Cc3nc(C)c4ccccc4n3)c(=O)c21,0.0,train,../data/images/balanced_scaffold_seed99_Caco2/771.png
772.0,CC#CCn1c(N2CCCNCC2)c(C#N)c2ncn(Cc3ncc4ccccc4n3)c(=O)c21,0.0,train,../data/images/balanced_scaffold_seed99_Caco2/772.png
773.0,Cn1c(-c2csc(-c3cccnc3)n2)c(C2CCCCC2)c2ccc(C(=O)NC(C)(C)C(=O)Nc3ccc(/C=C/C(=O)O)cc3)cc21,0.0,train,../data/images/balanced_scaffold_seed99_Caco2/773.png
774.0,CC[C@]1(O)C[C@@H]2CN(CCc3c([nH]c4ccccc34)[C@@](C(=O)OC)(c3cc4c(cc3OC)N(C)[C@H]3[C@@](O)(C(=O)OC)[C@H](OC(C)=O)[C@]5(CC)C=CCN6CC[C@]43[C@@H]65)C2)C1,0.0,train,../data/images/balanced_scaffold_seed99_Caco2/774.png
775.0,O=C(O)[C@@H]1CCCN1S(=O)(=O)c1cc(Cl)c(Cl)c(Cl)c1O,0.0,train,../data/images/balanced_scaffold_seed99_Caco2/775.png
776.0,CCCCCN1C(=O)C(N)(c2ccc3c(c2)OCO3)c2ccccc21,1.0,train,../data/images/balanced_scaffold_seed99_Caco2/776.png
777.0,CCCCCN1C(=O)C(O)(c2ccc3c(c2)OCO3)c2ccccc21,1.0,train,../data/images/balanced_scaffold_seed99_Caco2/777.png
778.0,CCCCCN1C(=O)C(C)(c2ccc3c(c2)OCO3)c2ccccc21,0.0,train,../data/images/balanced_scaffold_seed99_Caco2/778.png
779.0,CCC(C)CCN1C(=O)C(O)(c2ccc3c(c2)OCO3)c2ccccc21,1.0,train,../data/images/balanced_scaffold_seed99_Caco2/779.png
780.0,Cc1c(CN(CCc2ccc([N+](=O)[O-])cc2)C2CCN(C(=O)c3ccccn3)CC2)c(=O)n(-c2ccc(F)cc2)n1C,0.0,train,../data/images/balanced_scaffold_seed99_Caco2/780.png
781.0,O=C(NC1(C(=O)N[C@H](Cc2ccccc2)C(=O)NCCCN2CCOCC2)CCCC1)c1ccc(-c2ccccc2)cc1,1.0,train,../data/images/balanced_scaffold_seed99_Caco2/781.png
782.0,COc1ccc(-n2nc(Cn3cnnn3)c3c2C(=O)N(c2ccc(-c4ccccc4CN4CC[C@@H](O)C4)cc2)CC3)cc1,0.0,train,../data/images/balanced_scaffold_seed99_Caco2/782.png
783.0,COC1=CC(=O)C[C@@H](C)[C@]12Oc1c(Cl)c(OC)cc(OC)c1C2=O,1.0,train,../data/images/balanced_scaffold_seed99_Caco2/783.png
784.0,O=c1cc(CNc2cc(Cl)cc(Cl)c2)[nH][nH]1,1.0,train,../data/images/balanced_scaffold_seed99_Caco2/784.png
785.0,CN(Cc1cc(=O)[nH][nH]1)c1cc(Cl)cc(Cl)c1,0.0,train,../data/images/balanced_scaffold_seed99_Caco2/785.png
786.0,Cn1c(-c2ccc(Cl)cn2)c(C2CCCC2)c2ccc(C(=O)NC(C)(C)C(=O)Nc3ccc(/C=C/C(=O)O)cc3)cc21,0.0,train,../data/images/balanced_scaffold_seed99_Caco2/786.png
787.0,Cn1c(-c2ccccn2)c(C2CCCC2)c2ccc(C(=O)NC(C)(C)C(=O)Nc3ccc(/C=C/C(=O)O)cc3)cc21,0.0,train,../data/images/balanced_scaffold_seed99_Caco2/787.png
788.0,CNC(=O)c1ccc(C(c2nnnn2Cc2ccccc2)N2CCCN(C3CCC3)CC2)cc1,0.0,train,../data/images/balanced_scaffold_seed99_Caco2/788.png
789.0,CS(=O)(=O)c1ccc(C(c2nnnn2Cc2ccccc2)N2CCCN(C3CCC3)CC2)cc1,0.0,train,../data/images/balanced_scaffold_seed99_Caco2/789.png
790.0,CN(C(=O)c1c(F)cccc1Cl)c1ncc(-c2cc(C(N)=O)ccc2Cl)cc1OCC(F)(F)F,0.0,train,../data/images/balanced_scaffold_seed99_Caco2/790.png
791.0,CC(C)C[C@H](NC(=S)Nc1ccccc1)C(=O)N[C@H]1CCOC1O,1.0,train,../data/images/balanced_scaffold_seed99_Caco2/791.png
792.0,O=C(c1ccc(CN2CCOCC2)cc1)N1CCN(C2CCC2)CC1,1.0,train,../data/images/balanced_scaffold_seed99_Caco2/792.png
793.0,NC(=O)n1nc(NCC(=O)NC2CN([C@H]3CC[C@@H](c4ccc5c(c4)OCO5)CC3)C2)c2cc(C(F)(F)F)ccc21,0.0,train,../data/images/balanced_scaffold_seed99_Caco2/793.png
794.0,COC(=O)N[C@H](C(=O)NN(CC[C@@]1(Cc2ccccc2)C(=O)N([C@H]2c3ccccc3C[C@H]2O)C[C@@H]1O)Cc1ccc(-c2cccnc2)cc1)C(C)(C)C,0.0,train,../data/images/balanced_scaffold_seed99_Caco2/794.png
795.0,COC(=O)N[C@H](C(=O)NN(CC[C@@]1(Cc2ccccc2)C(=O)N([C@H]2c3ccccc3C[C@H]2O)C[C@H]1O)Cc1ccc(-c2cccnc2)cc1)C(C)(C)C,0.0,train,../data/images/balanced_scaffold_seed99_Caco2/795.png
796.0,CN1C(=O)CN(CCC(=O)O)C(=O)c2cc(C#Cc3ccc(C(=N)N)cc3)ccc21,0.0,train,../data/images/balanced_scaffold_seed99_Caco2/796.png
797.0,Cc1cn(Cc2ccc(Cl)cc2Cl)c2c(/C=C/C(=O)NS(=O)(=O)c3cc(Cl)c(Cl)s3)cc(F)cc12,1.0,train,../data/images/balanced_scaffold_seed99_Caco2/797.png
798.0,CCOC(=O)c1cnc(N2CC(C(=O)NS(=O)(=O)c3ccc(Cl)s3)C2)c(Cl)c1,0.0,train,../data/images/balanced_scaffold_seed99_Caco2/798.png
799.0,CCOC(=O)c1cc(C#N)c(N2CC(C(=O)NS(=O)(=O)c3ccc(Cl)s3)C2)nc1C,0.0,train,../data/images/balanced_scaffold_seed99_Caco2/799.png
800.0,Cc1nn(-c2ccnc(Nc3ccc4c(c3)c(Cl)c(C)n4C)n2)cc1CN1CC[C@@H](O)C1,0.0,train,../data/images/balanced_scaffold_seed99_Caco2/800.png
801.0,CC(C)(F)c1nc2ccccc2n1Cc1ccc(C(=O)N[C@@H]2C[C@@]3(CCCO3)C[C@@H]2C(=O)NO)cc1,0.0,train,../data/images/balanced_scaffold_seed99_Caco2/801.png
802.0,CC(C)(C)c1nc2ccccc2n1Cc1ccc(C(=O)N[C@@H]2C[C@@]3(CCCO3)C[C@@H]2C(=O)NO)cc1,0.0,train,../data/images/balanced_scaffold_seed99_Caco2/802.png
803.0,CC(C)c1nc2ccccc2n1Cc1ccc(C(=O)N[C@@H]2C[C@@]3(CCCO3)C[C@@H]2C(=O)NO)cc1,0.0,train,../data/images/balanced_scaffold_seed99_Caco2/803.png
804.0,CN1CC[C@]23c4c5ccc(O)c4O[C@H]2[C@@H](O)C=C[C@H]3[C@H]1C5,1.0,train,../data/images/balanced_scaffold_seed99_Caco2/804.png
805.0,COc1ccc2c3c1O[C@@H]1[C@H](O)C=C[C@@H]4[C@H](C2)N(C)CC[C@]341,1.0,train,../data/images/balanced_scaffold_seed99_Caco2/805.png
806.0,NC(=O)[C@H]1CCCN1C(=O)[C@@H](Cc1c[nH]cn1)NC(=O)[C@H]1CCC(=O)N1,0.0,train,../data/images/balanced_scaffold_seed99_Caco2/806.png
807.0,CCCCn1c(-c2ccccc2C)cn2c3c(=O)[nH]c(=O)n(C)c3nc12,1.0,train,../data/images/balanced_scaffold_seed99_Caco2/807.png
808.0,CCCCn1c(-c2ccccc2)cn2c3c(=O)[nH]c(=O)n(C)c3nc12,1.0,train,../data/images/balanced_scaffold_seed99_Caco2/808.png
809.0,O=C(NC1CCCS(=O)(=O)C1)c1ccc(Oc2ccc(C#C[C@]3(O)CN4CCC3CC4)cc2)cc1,0.0,train,../data/images/balanced_scaffold_seed99_Caco2/809.png
810.0,CC1(C)CNc2cc(NC(=O)c3cccnc3NCc3ccncc3)ccc21,0.0,train,../data/images/balanced_scaffold_seed99_Caco2/810.png
811.0,COCCCn1c(=O)nc(-c2ccc(N3CCN(C)CC3)nc2)c2oc3ccc(-c4cnn(C)c4)cc3c21,0.0,train,../data/images/balanced_scaffold_seed99_Caco2/811.png
812.0,CS(=O)(=O)Nc1ccc2c(c1)S(=O)(=O)N=C(C1=C(O)[C@@H]3[C@@H]([C@H]4CC[C@@H]3O4)N(Cc3ccc(F)cc3)C1=O)N2,0.0,train,../data/images/balanced_scaffold_seed99_Caco2/812.png
813.0,CN(C)C(=O)C(C)(C)COc1nnc(-c2ccc(NC(=O)c3ccc4ccccc4c3)cc2)n1C,1.0,train,../data/images/balanced_scaffold_seed99_Caco2/813.png
814.0,Cn1c(OCC(C)(C)C(=O)O)nnc1-c1ccc(NC(=O)c2ccc3ccccc3c2)cc1,0.0,train,../data/images/balanced_scaffold_seed99_Caco2/814.png
815.0,Cn1c(CCC(=O)O)nnc1-c1ccc(NC(=O)c2ccc3ccccc3c2)cc1,0.0,train,../data/images/balanced_scaffold_seed99_Caco2/815.png
816.0,CN(C)CCNC(=O)C(C)(C)COc1nnc(-c2ccc(NC(=O)c3ccc4ccccc4c3)cc2)n1C,0.0,train,../data/images/balanced_scaffold_seed99_Caco2/816.png
817.0,Cn1c(OCC(C)(C)C(N)=O)nnc1-c1ccc(NC(=O)c2ccc3ccccc3c2)cc1,0.0,train,../data/images/balanced_scaffold_seed99_Caco2/817.png
818.0,CC(C)NC(=O)C(C)(C)COc1nnc(-c2ccc(NC(=O)c3ccc4ccccc4c3)cc2)n1C,1.0,train,../data/images/balanced_scaffold_seed99_Caco2/818.png
819.0,COc1ccc(-n2nc(Cn3ccnn3)c3c2C(=O)N(c2ccc(-c4ccccc4CN4CC[C@@H](O)C4)cc2)CC3)cc1,0.0,train,../data/images/balanced_scaffold_seed99_Caco2/819.png
820.0,COc1ccc(C2(c3cccc(-c4cncnc4)c3)N=C(N)c3nc(C)sc32)cc1,1.0,train,../data/images/balanced_scaffold_seed99_Caco2/820.png
821.0,O=C(NC1(C(=O)N[C@H](Cc2ccccc2)C(=O)NC2CCN(CC3CCOCC3)CC2)CCCC1)c1cc2ccccc2s1,1.0,train,../data/images/balanced_scaffold_seed99_Caco2/821.png
822.0,O=C(Nc1ccc(O)cc1OC[C@@H](O)CN1CCC2(CC1)Cc1cc(Cl)ccc1O2)NC1CC1,0.0,train,../data/images/balanced_scaffold_seed99_Caco2/822.png
823.0,O=C(Nc1ccc(O)cc1OC[C@@H](O)CN1CCC2(CC1)Cc1cc(F)ccc1O2)NC1CC1,0.0,train,../data/images/balanced_scaffold_seed99_Caco2/823.png
824.0,Cc1c(Cc2ccc(=O)n(Cc3ccc(F)cc3F)n2)c2cc(F)ccc2n1CC(=O)O,0.0,train,../data/images/balanced_scaffold_seed99_Caco2/824.png
825.0,Cc1c(Cc2ccc(=O)n(Cc3ccccc3)n2)c2cc(F)ccc2n1CC(=O)O,0.0,train,../data/images/balanced_scaffold_seed99_Caco2/825.png
826.0,O=C(CCCN1CC[Si](O)(c2ccc(Cl)cc2)CC1)c1ccc(F)cc1,1.0,train,../data/images/balanced_scaffold_seed99_Caco2/826.png
827.0,COc1cc(C)c(S(=O)(=O)N(C)CCOCC(=O)N(C)Cc2ccc(C3=NCCN3)cc2)c(C)c1,0.0,train,../data/images/balanced_scaffold_seed99_Caco2/827.png
828.0,Cn1cncc1CN1CC(N(CCn2cccc2)S(=O)(=O)c2ccccn2)Cc2cc(C#N)ccc21,1.0,train,../data/images/balanced_scaffold_seed99_Caco2/828.png
829.0,C=CC[C@]1(O)CC[C@H]2[C@@H]3CCC4=CC(=O)CCC4=C3[C@@H](c3ccc(P(=O)(OCC)OCC)cc3)C[C@@]21C,1.0,train,../data/images/balanced_scaffold_seed99_Caco2/829.png
830.0,CC[C@@H]1C[C@]1(NC(=O)[C@@H]1C[C@@H](Oc2cc(-c3csc(NC(C)C)n3)nc3c(Cl)c(OCCN4CCOCC4(C)C)ccc23)CN1C(=O)[C@@H](NC(=O)OC1C[C@@H]2C[C@@H]2C1)C(C)(C)C)C(=O)O,0.0,train,../data/images/balanced_scaffold_seed99_Caco2/830.png
831.0,CC[C@@H]1C[C@]1(NC(=O)[C@@H]1C[C@@H](Oc2cc(-c3csc(NC(C)C)n3)nc3c(Cl)c(OCCN4CCOCC4)ccc23)CN1C(=O)[C@@H](NC(=O)OC1C[C@@H]2C[C@@H]2C1)C(C)(C)C)C(=O)O,0.0,train,../data/images/balanced_scaffold_seed99_Caco2/831.png
832.0,CN(C)Cc1cnccc1-c1ccc(-c2ccc3c(C(N)=O)nn(-c4ccc5onc(N)c5c4)c3c2F)c(F)c1,0.0,train,../data/images/balanced_scaffold_seed99_Caco2/832.png
833.0,N#Cc1cccc(CN(c2ccc3[nH]ccc3c2)C2CCNCC2)c1,1.0,train,../data/images/balanced_scaffold_seed99_Caco2/833.png
834.0,c1ccc(CN(c2ccc3[nH]ccc3c2)C2CCNCC2)cc1,0.0,train,../data/images/balanced_scaffold_seed99_Caco2/834.png
835.0,NS(=O)(=O)c1cccc(CN(c2ccc3[nH]ccc3c2)C2CCNCC2)c1,0.0,train,../data/images/balanced_scaffold_seed99_Caco2/835.png
836.0,Cn1ccc2cc(N(Cc3ccccc3)C3CCNCC3)ccc21,0.0,train,../data/images/balanced_scaffold_seed99_Caco2/836.png
837.0,O=C(NC1(C(=O)N[C@H](Cc2ccccc2)C(=O)NCCCN2CCOCC2)CCCC1)c1ccc2ccccc2c1,0.0,train,../data/images/balanced_scaffold_seed99_Caco2/837.png
838.0,CN1C(=O)NC(=O)[C@]12Cc1ccc(NC(=O)Cn3c(=O)n(C4CCOC4)c4ccccc43)cc1C2,0.0,train,../data/images/balanced_scaffold_seed99_Caco2/838.png
839.0,CC(OC(=O)NCC1(CC(=O)O)CCCCC1)OC(=O)C(C)C,1.0,train,../data/images/balanced_scaffold_seed99_Caco2/839.png
840.0,NC[C@H]1CC[C@H](C(=O)O)CC1,0.0,train,../data/images/balanced_scaffold_seed99_Caco2/840.png
841.0,CN(C(=O)c1cc2ccccc2s1)C1(C(=O)N[C@H](Cc2ccccc2)C(=O)NCCCN2CCOCC2)CCCCC1,1.0,train,../data/images/balanced_scaffold_seed99_Caco2/841.png
842.0,CC1(C)CC(c2ccc(OC3CCN(C4CCC4)CC3)cc2)=NNC1=O,1.0,train,../data/images/balanced_scaffold_seed99_Caco2/842.png
843.0,CC1(C)NC(=O)c2cc(S(=O)(=O)Nc3ccc(C(F)(F)F)cc3)cnc2NC1=O,1.0,train,../data/images/balanced_scaffold_seed99_Caco2/843.png
844.0,COC(=O)O[C@H]1C(=O)[C@]2(C)[C@@H](OC)C[C@H]3OC[C@@]3(OC(C)=O)[C@H]2[C@H](OC(=O)c2ccccc2)[C@]2(O)C[C@H](OC(=O)[C@H](O)[C@@H](NC(=O)OC(C)(C)C)c3ccccc3)C(C)=C1C2(C)C,1.0,train,../data/images/balanced_scaffold_seed99_Caco2/844.png
845.0,CO[C@H]1C(=O)[C@]2(C)[C@@H](OC)C[C@H]3OC[C@@]3(OC(C)=O)[C@H]2[C@H](OC(=O)c2ccccc2)[C@]2(O)C[C@H](OC(=O)[C@H](O)[C@@H](NC(=O)OC(C)(C)C)c3ccccc3)C(C)=C1C2(C)C,0.0,train,../data/images/balanced_scaffold_seed99_Caco2/845.png
846.0,CO[C@H]1C[C@H]2OC[C@@]2(OC(C)=O)[C@H]2[C@H](OC(=O)c3ccccc3)[C@]3(O)C[C@H](OC(=O)[C@H](O)[C@@H](NC(=O)OC(C)(C)C)c4ccccc4)C(C)=C([C@@H](OC(=O)N(C)C)C(=O)[C@]12C)C3(C)C,1.0,train,../data/images/balanced_scaffold_seed99_Caco2/846.png
847.0,CO[C@H]1C(=O)[C@]2(C)CC[C@H]3OC[C@@]3(OC(C)=O)[C@H]2[C@H](OC(=O)c2ccccc2)[C@]2(O)C[C@H](OC(=O)[C@H](O)[C@@H](NC(=O)OC(C)(C)C)c3ccccc3)C(C)=C1C2(C)C,0.0,train,../data/images/balanced_scaffold_seed99_Caco2/847.png
848.0,CO[C@H]1C(=O)[C@]2(C)[C@@H](OC(=O)N(C)C)C[C@H]3OC[C@@]3(OC(C)=O)[C@H]2[C@H](OC(=O)c2ccccc2)[C@]2(O)C[C@H](OC(=O)[C@H](O)[C@@H](NC(=O)OC(C)(C)C)c3ccccc3)C(C)=C1C2(C)C,1.0,train,../data/images/balanced_scaffold_seed99_Caco2/848.png
849.0,COC(=O)O[C@H]1C[C@H]2OC[C@@]2(OC(C)=O)[C@H]2[C@H](OC(=O)c3ccccc3)[C@]3(O)C[C@H](OC(=O)[C@H](O)[C@@H](NC(=O)OC(C)(C)C)c4ccccc4)C(C)=C([C@@H](OC)C(=O)[C@]12C)C3(C)C,1.0,train,../data/images/balanced_scaffold_seed99_Caco2/849.png
850.0,N=C(N)SCc1ccccc1Oc1ccccc1CSC(=N)N,0.0,train,../data/images/balanced_scaffold_seed99_Caco2/850.png
851.0,N=C(N)SCc1cc(F)ccc1Oc1cc(F)ccc1CSC(=N)N,0.0,train,../data/images/balanced_scaffold_seed99_Caco2/851.png
852.0,N=C(N)SCc1cc(F)ccc1Oc1ccc(F)cc1CSC(=N)N,0.0,train,../data/images/balanced_scaffold_seed99_Caco2/852.png
853.0,CC(C(=O)O)c1cccc(Oc2ccccc2)c1,1.0,train,../data/images/balanced_scaffold_seed99_Caco2/853.png
854.0,N=C(N)SCc1cc(F)ccc1Oc1cc(Cl)ccc1CSC(=N)N,0.0,train,../data/images/balanced_scaffold_seed99_Caco2/854.png
855.0,Cn1c(COCc2ccccc2Cl)c2c(=O)n(-c3ccccc3Cl)[nH]c2cc1=O,1.0,train,../data/images/balanced_scaffold_seed99_Caco2/855.png
856.0,COc1ccc(-c2ccc(OCCN3CCC[C@H]3C(=O)O)c(Sc3cccc(F)c3)c2)cc1,1.0,train,../data/images/balanced_scaffold_seed99_Caco2/856.png
857.0,O=C(O)[C@@H]1CCCN1CCOc1ccc(-c2ccccc2)cc1Sc1cccc(F)c1,1.0,train,../data/images/balanced_scaffold_seed99_Caco2/857.png
858.0,Cn1c(-c2ccncc2)c(C2CCCC2)c2ccc(C(=O)NC3(C(=O)Nc4ccc(/C=C/C(=O)O)cc4)CCC3)cc21,0.0,train,../data/images/balanced_scaffold_seed99_Caco2/858.png
859.0,COc1ccc2c(c1)[nH]c1c(C)nccc12,0.0,train,../data/images/balanced_scaffold_seed99_Caco2/859.png
860.0,Cc1nccc2c1[nH]c1cc(O)ccc12,0.0,train,../data/images/balanced_scaffold_seed99_Caco2/860.png
861.0,Cc1nccc2c1[nH]c1ccccc12,0.0,train,../data/images/balanced_scaffold_seed99_Caco2/861.png
862.0,O=C(O)c1c(O)c(C2(c3ccc(Cl)cc3)CC2)nc2c(C(F)(F)F)cccc12,0.0,train,../data/images/balanced_scaffold_seed99_Caco2/862.png
863.0,Cc1cc(COc2ccc(C(=O)N[C@@H]3C[C@@]4(CCCO4)C[C@@H]3C(=O)NO)cc2)c2ccccc2n1,0.0,train,../data/images/balanced_scaffold_seed99_Caco2/863.png
864.0,Cc1cc(COc2ccc(C(=O)N[C@@H]3C[C@]4(CCCO4)C[C@@H]3C(=O)NO)cc2)c2ccccc2n1,0.0,train,../data/images/balanced_scaffold_seed99_Caco2/864.png
865.0,C/N=C(\NC#N)NCCSCc1csc(N=C(N)N)n1,0.0,train,../data/images/balanced_scaffold_seed99_Caco2/865.png
866.0,NC(N)=Nc1nc(CSCC/C(N)=N\S(N)(=O)=O)cs1,0.0,train,../data/images/balanced_scaffold_seed99_Caco2/866.png
867.0,Cc1ccc(C(=O)NCCO)cc1-n1cnc(OCc2ccc(F)cc2F)c(Cl)c1=O,0.0,train,../data/images/balanced_scaffold_seed99_Caco2/867.png
868.0,Cc1cc(Cc2ccc(C(=O)N[C@@H]3CCC[C@@H]3C(=O)NO)cc2)c2ccccc2n1,0.0,train,../data/images/balanced_scaffold_seed99_Caco2/868.png
869.0,N=c1nc(N2CCCCC2)cc(N)n1O,1.0,train,../data/images/balanced_scaffold_seed99_Caco2/869.png
870.0,O=C(N[C@H](Cc1cc(=O)[nH]c2ccccc12)C(=O)O)c1ccc(Cl)cc1,0.0,train,../data/images/balanced_scaffold_seed99_Caco2/870.png
871.0,Nc1ncnc2c1ncn2[C@@H]1O[C@H](CNS(=O)(=O)NC(=O)c2ccccc2O)[C@@H](O)[C@H]1O,0.0,train,../data/images/balanced_scaffold_seed99_Caco2/871.png
872.0,COc1ccc(-c2nc(O[C@@H]3C[C@H]4C(=O)N[C@]5(C(=O)NS(=O)(=O)C6CC6)C[C@H]5/C=C\CCCCN(C)C(=O)N4C3)c3ccc(OC)c(C)c3n2)cc1,1.0,train,../data/images/balanced_scaffold_seed99_Caco2/872.png
873.0,COc1ccc2c(O[C@@H]3C[C@H]4C(=O)N[C@]5(C(=O)NS(=O)(=O)C6CC6)C[C@H]5/C=C\CCCCN(C)C(=O)N4C3)nc(-c3ccccc3)nc2c1C,1.0,train,../data/images/balanced_scaffold_seed99_Caco2/873.png
874.0,COc1ccc2c(O[C@@H]3C[C@H]4C(=O)N[C@]5(C(=O)NS(=O)(=O)C6CC6)C[C@H]5/C=C\CCCCN(C)C(=O)N4C3)nc(-c3ccc(F)cc3)nc2c1C,1.0,train,../data/images/balanced_scaffold_seed99_Caco2/874.png
875.0,COc1ccc(-n2nc(C(F)(F)F)c3c2C(=O)N(c2ccc(C4(CN(C)C)CC4)cc2)CC3)cc1,1.0,train,../data/images/balanced_scaffold_seed99_Caco2/875.png
876.0,COc1cc(C)c(S(=O)(=O)N(C)CCOCC(=O)N2CCN(C3CCN(C4CC4)CC3)CC2)c(C)c1,1.0,train,../data/images/balanced_scaffold_seed99_Caco2/876.png
877.0,O=C(Nc1ccc(O[C@H]2CC[C@@H](C(=O)O)CC2)cc1F)c1nnc(Nc2cc(F)c(F)cc2F)o1,1.0,train,../data/images/balanced_scaffold_seed99_Caco2/877.png
878.0,COc1cc(CN2CCOCC2)ccc1-c1nc2c(N[C@H]3[C@@H](C(N)=O)[C@@H]4C=C[C@H]3C4)c(Cl)cnc2[nH]1,1.0,train,../data/images/balanced_scaffold_seed99_Caco2/878.png
879.0,COC(=O)N[C@H](C(=O)NN(CC[C@@](O)(Cc1ccccc1)C(=O)N[C@H]1c2ccccc2C[C@H]1O)Cc1ccc(Br)cc1)C(C)(C)C,1.0,train,../data/images/balanced_scaffold_seed99_Caco2/879.png
880.0,CS(=O)(=O)Nc1ccc(CCN(CCOc2ccc(NS(C)(=O)=O)cc2)c2ccc([N+](=O)[O-])c3nonc23)cc1,0.0,train,../data/images/balanced_scaffold_seed99_Caco2/880.png
881.0,N#Cc1ccnc(OC[C@@H]2CCCN2C(=O)C[C@H](N)Cc2cc(F)c(F)cc2F)c1,1.0,train,../data/images/balanced_scaffold_seed99_Caco2/881.png
882.0,N#Cc1ccc(OC[C@@H]2CCCN2C(=O)C[C@H](N)Cc2cc(F)c(F)cc2F)nc1,1.0,train,../data/images/balanced_scaffold_seed99_Caco2/882.png
883.0,CCOc1ncc(S(=O)(=O)N2CCN(CC)CC2)cc1-c1nc2c(CC)n(CCN3CCOCC3)nc2c(=O)[nH]1,0.0,train,../data/images/balanced_scaffold_seed99_Caco2/883.png
884.0,CCc1c2nc(-c3cc(S(=O)(=O)N4CCN(CC)CC4)cnc3OCCOC)[nH]c(=O)c2nn1CCN1CCOCC1,0.0,train,../data/images/balanced_scaffold_seed99_Caco2/884.png
885.0,O=c1cc(COc2cc(Cl)cc(Cl)c2)[nH][nH]1,1.0,train,../data/images/balanced_scaffold_seed99_Caco2/885.png
886.0,O=c1cc(COc2ccc(Cl)cc2)[nH][nH]1,1.0,train,../data/images/balanced_scaffold_seed99_Caco2/886.png
887.0,CN(C)C(=O)CCN1CCN(C[C@@H]2C[C@@]2(C(=O)N(C)Cc2ccc(F)cc2)c2ccc(Cl)c(Cl)c2)CC1,1.0,train,../data/images/balanced_scaffold_seed99_Caco2/887.png
888.0,CN(Cc1ccc(F)cc1)C(=O)[C@@]1(c2ccc(Cl)c(Cl)c2)C[C@H]1CN1CCN(S(=O)(=O)N(C)C)CC1,1.0,train,../data/images/balanced_scaffold_seed99_Caco2/888.png
889.0,COc1cccc(-c2c(C(=O)N3CCCCC3CO)cc3ccccn23)c1,1.0,train,../data/images/balanced_scaffold_seed99_Caco2/889.png
890.0,CC(=O)NCc1ccc2c(c1)C(N1CCN(C)CC1)Cc1ccccc1S2,1.0,train,../data/images/balanced_scaffold_seed99_Caco2/890.png
891.0,CC(C)C(=O)NCc1ccc2c(c1)C(N1CCN(C)CC1)Cc1ccccc1S2,1.0,train,../data/images/balanced_scaffold_seed99_Caco2/891.png
892.0,N#Cc1ccccc1Cn1c(N2CCC[C@@H](N)C2)nc2c(Br)c[nH]c2c1=O,1.0,train,../data/images/balanced_scaffold_seed99_Caco2/892.png
893.0,N#Cc1ccccc1Cn1c(N2CCC[C@@H](N)C2)nc2cc[nH]c2c1=O,1.0,train,../data/images/balanced_scaffold_seed99_Caco2/893.png
894.0,CC(C)(C)NC(=O)[C@@H]1CC2CCCCC2CN1CC(OC(=O)CCCCC1SCC2NC(=O)NC21)[C@H](Cc1ccccc1)NC(=O)[C@H](CC(N)=O)NC(=O)c1ccc2ccccc2n1,0.0,train,../data/images/balanced_scaffold_seed99_Caco2/894.png
895.0,NNc1nncc2ccccc12,1.0,train,../data/images/balanced_scaffold_seed99_Caco2/895.png
896.0,Nc1noc2ccc(-n3nc(C(F)(F)F)cc3C(=O)Cc3ccc(-n4ccccc4=O)cc3F)cc12,0.0,train,../data/images/balanced_scaffold_seed99_Caco2/896.png
897.0,C#Cc1ccc(NC(=O)c2cnn3c(C)cc(C)nc23)cc1,0.0,train,../data/images/balanced_scaffold_seed99_Caco2/897.png
898.0,CN(C)Cc1nccn1-c1ccc(CC(=O)c2cc(C(F)(F)F)nn2-c2ccc3onc(N)c3c2)cc1,1.0,train,../data/images/balanced_scaffold_seed99_Caco2/898.png
899.0,CN(C)CCC=C1c2ccccc2CCc2ccccc21,1.0,train,../data/images/balanced_scaffold_seed99_Caco2/899.png
900.0,COc1cccc(-c2cccc(C3(C)COCC(N)=N3)c2)c1,1.0,train,../data/images/balanced_scaffold_seed99_Caco2/900.png
901.0,COCC[C@H](CC1(C(=O)N[C@@H]2C[C@H]2c2ccc(OC)cc2)CCCC1)C(=O)O,0.0,train,../data/images/balanced_scaffold_seed99_Caco2/901.png
902.0,O=C(O[C@H]1Cc2c(O)cc(O)cc2O[C@H]1c1ccc(O)c(O)c1)c1cc(O)c(O)c(O)c1,0.0,train,../data/images/balanced_scaffold_seed99_Caco2/902.png
903.0,O=C(O[C@@H]1Cc2c(O)cc(O)cc2O[C@@H]1c1cc(O)c(O)c(O)c1)c1cc(O)c(O)c(O)c1,0.0,train,../data/images/balanced_scaffold_seed99_Caco2/903.png
904.0,CC(C)c1nc2c(C(=O)NCC3CCN(CC(O)CN(C)S(C)(=O)=O)CC3)cccc2[nH]1,0.0,train,../data/images/balanced_scaffold_seed99_Caco2/904.png
905.0,CC(=O)N(C)CC(O)CN1CCC(CNC(=O)c2cccc3[nH]c(C(C)C)nc23)CC1,0.0,train,../data/images/balanced_scaffold_seed99_Caco2/905.png
906.0,COC(=O)N(C)CC(O)CN1CCC(CNC(=O)c2cccc3[nH]c(C(C)C)nc23)CC1,0.0,train,../data/images/balanced_scaffold_seed99_Caco2/906.png
907.0,N#Cc1c(-c2cccs2)no[n+]1[O-],0.0,train,../data/images/balanced_scaffold_seed99_Caco2/907.png
908.0,COc1cccc(C(=O)Cn2c(=O)c3c(c(C#N)c(N4CCC[C@H](N)C4)n3Cc3ccccc3)n(C)c2=O)c1,0.0,train,../data/images/balanced_scaffold_seed99_Caco2/908.png
909.0,Cn1cncc1CN1CC(N(CC2CCN(C(=O)c3ccco3)CC2)S(=O)(=O)c2ccccn2)Cc2cc(C#N)ccc21,0.0,train,../data/images/balanced_scaffold_seed99_Caco2/909.png
910.0,O=C1c2ncc3c(c(CN4CCC(F)(F)C4)cn3Cc3ccc(F)cc3)c2CCN1O,0.0,train,../data/images/balanced_scaffold_seed99_Caco2/910.png
911.0,C[S+]([O-])Cc1ccc(C(=O)Nc2nccnc2C(=O)NCC2CCC2)c2ccccc12,1.0,train,../data/images/balanced_scaffold_seed99_Caco2/911.png
912.0,C=C[C@@H]1C[C@]1(NC(=O)[C@@H]1C[C@@H](n2cc(-c3ccccc3)nn2)CN1C(=O)[C@@H](NC(=O)OC1CCCC1)C(C)(C)C)C(=O)NS(=O)(=O)C1CC1,0.0,train,../data/images/balanced_scaffold_seed99_Caco2/912.png
913.0,CCCC1(C(=O)c2ccc(N)c(Cl)c2)CCCN1,1.0,train,../data/images/balanced_scaffold_seed99_Caco2/913.png
914.0,CCCC1(C(=O)c2ccc(Cl)c(Cl)c2)CCCN1,1.0,train,../data/images/balanced_scaffold_seed99_Caco2/914.png
915.0,CC(C)OCC1(C(=O)c2ccc(N)c(Cl)c2)CCCN1,1.0,train,../data/images/balanced_scaffold_seed99_Caco2/915.png
916.0,CC(C)(C)NC(=O)N[C@H](C(=O)N1C[C@H]2[C@@H]([C@H]1C(=O)NC(CC1CCC1)C(=O)C(N)=O)C2(C)C)C(C)(C)C,0.0,train,../data/images/balanced_scaffold_seed99_Caco2/916.png
917.0,CC(F)(F)CNC(=O)N1Cc2nc(N)nc(-c3c(Cl)cc(Cl)cc3OCCn3cccn3)c2C1,0.0,train,../data/images/balanced_scaffold_seed99_Caco2/917.png
918.0,Nc1nc2c(c(-c3c(Cl)cc(Cl)cc3OCCn3cccn3)n1)CN(C(=O)NCC(F)F)C2,0.0,train,../data/images/balanced_scaffold_seed99_Caco2/918.png
919.0,Nc1nc2c(c(-c3c(Cl)cc(Cl)cc3OCCn3cccn3)n1)CN(C(=O)NCC(F)(F)F)C2,0.0,train,../data/images/balanced_scaffold_seed99_Caco2/919.png
920.0,CC(C)=CCn1c(N2CCCNCC2)c(C#N)c2c1c(=O)n(Cc1nccc3ccccc13)c(=O)n2C,0.0,train,../data/images/balanced_scaffold_seed99_Caco2/920.png
921.0,CC#CCn1c(N2CCCNCC2)c(C#N)c2c1c(=O)n(Cc1nccc3ccccc13)c(=O)n2C,0.0,train,../data/images/balanced_scaffold_seed99_Caco2/921.png
922.0,O=C(CC1CNC(=O)c2cc(-c3cccc(F)c3)cn21)NCC1CCCCC1,1.0,train,../data/images/balanced_scaffold_seed99_Caco2/922.png
923.0,O=C(CC1CNC(=O)c2cc(-c3ccccc3F)cn21)NCC1CCCCC1,1.0,train,../data/images/balanced_scaffold_seed99_Caco2/923.png
924.0,O=C(CC1CNC(=O)c2cc(-c3ccc(F)c(F)c3)cn21)NCC1CCCCC1,1.0,train,../data/images/balanced_scaffold_seed99_Caco2/924.png
925.0,CCn1cc(C(=O)O)c(=O)c2cc(F)c(N3CCNCC3)nc21,0.0,train,../data/images/balanced_scaffold_seed99_Caco2/925.png
926.0,Cc1cc(COc2ccc(C(=O)N[C@@H]3CCOC[C@@H]3C(=O)NO)cc2)c2ccccc2n1,0.0,train,../data/images/balanced_scaffold_seed99_Caco2/926.png
927.0,Cc1cc(COc2ccc(C(=O)NC3(CC(=O)NO)CCOCC3)cc2)c2ccccc2n1,0.0,train,../data/images/balanced_scaffold_seed99_Caco2/927.png
928.0,O=C(/C=C/c1ccc(O)c(O)c1)OC(Cc1ccc(O)c(O)c1)C(=O)O,0.0,train,../data/images/balanced_scaffold_seed99_Caco2/928.png
929.0,O=C(O)Cc1c(/C=C/C(=O)OC(Cc2ccc(O)c(O)c2)C(=O)O)ccc(O)c1O,0.0,train,../data/images/balanced_scaffold_seed99_Caco2/929.png
930.0,CC(C)C[C@H](NC(=O)c1cc2ccccc2cn1)C(=O)OCc1ccccc1,1.0,train,../data/images/balanced_scaffold_seed99_Caco2/930.png
931.0,C[C@H](O)[C@H](NC(=O)c1cc2ccccc2cn1)C(=O)OCc1ccccc1,1.0,train,../data/images/balanced_scaffold_seed99_Caco2/931.png
932.0,Nc1nc(=O)c2c([nH]1)NCC(CNc1ccc(C(=O)NC(CCC(=O)O)C(=O)O)cc1)N2C=O,0.0,train,../data/images/balanced_scaffold_seed99_Caco2/932.png
933.0,C/C=C/C/C=C/CCC(=O)[C@@H]1O[C@@H]1C(N)=O,0.0,train,../data/images/balanced_scaffold_seed99_Caco2/933.png
934.0,c1ccc(-c2cccnc2)cc1,1.0,train,../data/images/balanced_scaffold_seed99_Caco2/934.png
935.0,C=CCNC(=O)[C@@H](NC(=O)[C@@](O)(CCCN(Cc1ccc(Br)cc1)NC(=O)[C@@H](NC(=O)OC)C(C)(C)C)Cc1ccc(C=C)cc1)C(C)(C)C,1.0,train,../data/images/balanced_scaffold_seed99_Caco2/935.png
936.0,C=CCNC(=O)[C@@H](NC(=O)[C@@](O)(CCCN(Cc1ccc(Br)cc1)NC(=O)[C@@H](NC(=O)OC)C(C)(C)C)Cc1ccc(CC=C)cc1)C(C)(C)C,1.0,train,../data/images/balanced_scaffold_seed99_Caco2/936.png
937.0,C=CCNC(=O)[C@@H](NC(=O)[C@@](O)(CCCN(Cc1ccc(Br)cc1)NC(=O)[C@@H](NC(=O)OC)C(C)(C)C)Cc1ccc(CC=C)cc1)C(C)C,1.0,train,../data/images/balanced_scaffold_seed99_Caco2/937.png
938.0,CNC(=O)[C@@H](NC(=O)[C@@](O)(CCCN(Cc1ccc(Br)cc1)NC(=O)[C@@H](NC(=O)OC)C(C)(C)C)Cc1ccccc1)C(C)(C)C,0.0,train,../data/images/balanced_scaffold_seed99_Caco2/938.png
939.0,Cc1c(CCO[C@@H]2O[C@H](CO)[C@@H](O)[C@H](O)[C@H]2O)c(C)c2c(c1O[C@@H]1O[C@H](CO)[C@@H](O)[C@H](O)[C@H]1O)CC(C)(C)C2=O,0.0,train,../data/images/balanced_scaffold_seed99_Caco2/939.png
940.0,CN(Cc1ccc(F)cc1)C(=O)[C@@]1(c2ccc(Cl)c(Cl)c2)C[C@H]1CN1CCN(C(=O)CN2CCCCC2)CC1,0.0,train,../data/images/balanced_scaffold_seed99_Caco2/940.png
941.0,Cc1c(-c2ccccn2)cccc1S(=O)(=O)N[C@@H](CCCc1ccc(N)cn1)C(=O)N1CCC(=C(F)F)CC1,1.0,train,../data/images/balanced_scaffold_seed99_Caco2/941.png
942.0,O=C(CO)N1CCN(c2ccc(N3C[C@H](CNC(=S)C4CC4)OC3=O)cc2F)CC1,1.0,train,../data/images/balanced_scaffold_seed99_Caco2/942.png
943.0,O=c1[nH]c2ccccc2n1CCCN1CCC(n2c(=O)[nH]c3cc(Cl)ccc32)CC1,0.0,train,../data/images/balanced_scaffold_seed99_Caco2/943.png
944.0,CN1C(=O)NC(=O)[C@]12Cc1ccc(NC(=O)Cn3c(=O)n(-c4ccccn4)c4ccccc43)cc1C2,1.0,train,../data/images/balanced_scaffold_seed99_Caco2/944.png
945.0,COc1ncccc1[C@@H](C)c1c(CCN(C)C)sc2ccccc12,1.0,train,../data/images/balanced_scaffold_seed99_Caco2/945.png
946.0,C[C@H](c1cccnc1F)c1c(CCN(C)C)sc2ccccc12,1.0,train,../data/images/balanced_scaffold_seed99_Caco2/946.png
947.0,CNC(=O)[C@@H](NC(=O)[C@H](OCc1ccccc1)[C@H](O)[C@@H](O)[C@@H](OCc1ccccc1)C(=O)N[C@H]1c2ccccc2C[C@H]1O)C(C)C,0.0,train,../data/images/balanced_scaffold_seed99_Caco2/947.png
948.0,CC(C)[C@H](NC(=O)[C@H](OCc1ccccc1)[C@H](O)[C@@H](O)[C@@H](OCc1ccccc1)C(=O)N[C@H]1c2ccccc2C[C@H]1O)C(=O)NCC(F)(F)F,0.0,train,../data/images/balanced_scaffold_seed99_Caco2/948.png
949.0,CC(C)[C@H](NC(=O)[C@H](OCc1ccccc1)[C@H](O)[C@@H](O)[C@@H](OCc1ccccc1)C(=O)N[C@H]1c2ccccc2C[C@H]1O)C(=O)NCCF,0.0,train,../data/images/balanced_scaffold_seed99_Caco2/949.png
950.0,CC(C)C[C@@H]1NC(=O)[C@H](Cc2ccc(O)cc2)N(C)C(=O)[C@H]2CCCN2C(=O)[C@H](CC(C)C)NC(=O)[C@H](CCCCN)N(C)C(=O)[C@@H](CC(C)C)N(C)C1=O,0.0,train,../data/images/balanced_scaffold_seed99_Caco2/950.png
951.0,CC(C)C[C@@H]1NC(=O)[C@H](Cc2ccc(O)cc2)N(C)C(=O)[C@H]2CCCN2C(=O)[C@H](CC(C)C)NC(=O)[C@H](CC(C)C)N(C)C(=O)[C@@H](CC(C)C)N(C)C1=O,0.0,train,../data/images/balanced_scaffold_seed99_Caco2/951.png
952.0,CC(C)C[C@@H]1NC(=O)[C@H](Cc2ccc(O)cc2)N(C)C(=O)[C@H]2CCCN2C(=O)[C@H](CC(C)C)NC(=O)[C@H](CO)N(C)C(=O)[C@@H](CC(C)C)N(C)C1=O,0.0,train,../data/images/balanced_scaffold_seed99_Caco2/952.png
953.0,CC(C)C[C@@H]1NC(=O)[C@H](Cc2ccc(O)cc2)N(C)C(=O)[C@H]2CCCN2C(=O)[C@H](CC(C)C)NC(=O)[C@H](CC(=O)O)N(C)C(=O)[C@@H](CC(C)C)N(C)C1=O,0.0,train,../data/images/balanced_scaffold_seed99_Caco2/953.png
954.0,Cc1ccc(-c2cc(C(F)(F)F)nn2-c2ccc(S(=O)(=O)NC(=O)CCc3cccc(N=Nc4ccc(O)c(C(=O)O)c4)c3)cc2)cc1,0.0,train,../data/images/balanced_scaffold_seed99_Caco2/954.png
955.0,COc1ccccc1C(=O)/C=C/c1ccccc1C(F)(F)F,1.0,train,../data/images/balanced_scaffold_seed99_Caco2/955.png
956.0,O=C(/C=C/c1ccc(O)cc1)c1ccc(O)cc1O,1.0,train,../data/images/balanced_scaffold_seed99_Caco2/956.png
957.0,COc1cc(C(=O)/C=C/c2ccc(F)cc2)cc(OC)c1OC,1.0,train,../data/images/balanced_scaffold_seed99_Caco2/957.png
958.0,COC(=O)N[C@H](C(=O)NN(CCC[C@@]1(O)Cc2ccc(cc2)C/C=C\CNC(=O)[C@H](C(C)C)NC1=O)Cc1ccc(Br)cc1)C(C)(C)C,1.0,train,../data/images/balanced_scaffold_seed99_Caco2/958.png
959.0,COC(=O)N[C@H](C(=O)NN(CCC[C@@]1(O)Cc2ccc(cc2)C/C=C\CNC(=O)[C@H](C(C)(C)C)NC1=O)Cc1ccc(Br)cc1)C(C)(C)C,1.0,train,../data/images/balanced_scaffold_seed99_Caco2/959.png
960.0,O=C(Nc1ccc2ncn(Cc3ccc(F)c(Cl)c3)c(=O)c2c1)OCc1ccccc1,0.0,train,../data/images/balanced_scaffold_seed99_Caco2/960.png
961.0,O=C(Nc1ccc2ncn(Cc3ccc(Cl)c(Cl)c3)c(=O)c2c1)OCc1ccccc1,0.0,train,../data/images/balanced_scaffold_seed99_Caco2/961.png
962.0,COc1cccc(OC)c1CNC(=O)c1cc2cc(C[C@@H](C)NC[C@H](O)c3ccc(O)c(CO)c3)ccc2[nH]1,0.0,train,../data/images/balanced_scaffold_seed99_Caco2/962.png
963.0,O=C1Cn2c(-c3ccoc3)c(C3CCCCC3)c3ccc(cc32)C(=O)NS(=O)(=O)C/C=C/CCN1,0.0,train,../data/images/balanced_scaffold_seed99_Caco2/963.png
964.0,COc1ccc2onc(N3CCN(CCCCNC(=O)c4ccc(-n5ccnc5)cc4)CC3)c2c1,0.0,train,../data/images/balanced_scaffold_seed99_Caco2/964.png
965.0,CCCCCn1cc(C(=O)NC23CC4CC(CC(C4)C2)C3)c(=O)c(-c2ccncc2)c1C,1.0,train,../data/images/balanced_scaffold_seed99_Caco2/965.png
966.0,C1=CCOCc2cc(ccc2OCCN2CCCC2)Nc2nccc(n2)-c2cccc(c2)COC1,1.0,train,../data/images/balanced_scaffold_seed99_Caco2/966.png
967.0,N#Cc1ccc(Cn2cncc2CN2CCN(C(=O)C3CCCCC3)CCC2c2ccccc2)cc1,1.0,train,../data/images/balanced_scaffold_seed99_Caco2/967.png
968.0,COc1cc(C)c(S(=O)(=O)N(C)CCOCC(=O)N2CCC(CN3CCN(C)CC3)CC2)c(C)c1,0.0,train,../data/images/balanced_scaffold_seed99_Caco2/968.png
969.0,CC1COc2c(N3CCN(C)CC3)c(F)cc3c(=O)c(C(=O)O)cn1c23,1.0,train,../data/images/balanced_scaffold_seed99_Caco2/969.png
970.0,O=C(O)COc1ccc(Br)cc1C(=O)c1cnn(-c2ccccc2)c1,1.0,train,../data/images/balanced_scaffold_seed99_Caco2/970.png
971.0,CN(Cc1ccccc1)C(=O)[C@@]1(c2ccc(Cl)c(Cl)c2)C[C@H]1CN1CCC(NC(N)=O)(c2ccccc2)CC1,0.0,train,../data/images/balanced_scaffold_seed99_Caco2/971.png
972.0,CC(=O)NC1(c2ccccc2)CCN(C[C@@H]2C[C@@]2(C(=O)N(C)Cc2ccccc2)c2ccc(Cl)c(Cl)c2)CC1,0.0,train,../data/images/balanced_scaffold_seed99_Caco2/972.png
973.0,CN(Cc1ccccc1)C(=O)[C@@]1(c2ccc(Cl)c(Cl)c2)C[C@H]1CN1CCC(c2ccccc2)(N(C)C(=O)C(N)=O)CC1,0.0,train,../data/images/balanced_scaffold_seed99_Caco2/973.png
974.0,CN(Cc1ccccc1)C(=O)[C@@]1(c2ccc(Cl)c(Cl)c2)C[C@H]1CN1CCC(NS(C)(=O)=O)(c2ccccc2)CC1,0.0,train,../data/images/balanced_scaffold_seed99_Caco2/974.png
975.0,CC(=O)N(C)C1(c2ccccc2)CCN(C[C@@H]2C[C@@]2(C(=O)N(C)Cc2ccccc2)c2ccc(Cl)c(Cl)c2)CC1,0.0,train,../data/images/balanced_scaffold_seed99_Caco2/975.png
976.0,CNC(=O)NC1(c2ccccc2)CCN(C[C@@H]2C[C@@]2(C(=O)N(C)Cc2ccccc2)c2ccc(Cl)c(Cl)c2)CC1,0.0,train,../data/images/balanced_scaffold_seed99_Caco2/976.png
977.0,COC(=O)NC1(c2ccccc2)CCN(C[C@@H]2C[C@@]2(C(=O)N(C)Cc2ccccc2)c2ccc(Cl)c(Cl)c2)CC1,0.0,train,../data/images/balanced_scaffold_seed99_Caco2/977.png
978.0,O=C(O)c1c(-c2nc3ccccc3c(=O)[nH]2)[nH]c2ccccc12,0.0,train,../data/images/balanced_scaffold_seed99_Caco2/978.png
979.0,Cn1c(NCCCN2CCC(Oc3ccc(Cl)c(Cl)c3)CC2)cc(=O)n(C)c1=O,1.0,train,../data/images/balanced_scaffold_seed99_Caco2/979.png
980.0,CCCCCn1c(=O)nc(-c2ccc(NC)nc2)c2oc3ccc(-c4cnn(C)c4)cc3c21,1.0,train,../data/images/balanced_scaffold_seed99_Caco2/980.png
981.0,CNc1ccc(-c2nc(=O)n(CCCOC)c3c2oc2ccc(-c4cnn(C)c4)cc23)cn1,0.0,train,../data/images/balanced_scaffold_seed99_Caco2/981.png
982.0,Cn1c(-c2ccccn2)c(C2CCCCC2)c2ccc(C(=O)NC(C)(C)C(=O)Nc3ccc(-c4ccc(C(=O)O)o4)cc3)cc21,0.0,train,../data/images/balanced_scaffold_seed99_Caco2/982.png
983.0,CCC(=S)NC[C@H]1CN(c2ccc(N3CCN(C=O)CC3)c(F)c2)C(=O)O1,1.0,train,../data/images/balanced_scaffold_seed99_Caco2/983.png
984.0,CC(=S)NC[C@H]1CN(c2ccc(N3CCN(C(=O)CO)CC3)c(F)c2)C(=O)O1,1.0,train,../data/images/balanced_scaffold_seed99_Caco2/984.png
985.0,CC(=O)NC[C@H]1CN(c2ccc(N3CCN(C(=O)CO)CC3)c(F)c2)C(=O)O1,0.0,train,../data/images/balanced_scaffold_seed99_Caco2/985.png
986.0,NC(=S)NC[C@H]1CN(c2ccc(N3CCN(C(=O)CO)CC3)c(F)c2)C(=O)O1,0.0,train,../data/images/balanced_scaffold_seed99_Caco2/986.png
987.0,CCC(=S)NC[C@H]1CN(c2ccc(N3CCN(C(=O)CO)CC3)c(F)c2)C(=O)O1,1.0,train,../data/images/balanced_scaffold_seed99_Caco2/987.png
988.0,COc1ccc2ccc(=O)oc2c1CC=C(C)C,1.0,train,../data/images/balanced_scaffold_seed99_Caco2/988.png
989.0,C/C=C(/C)C(=O)O[C@@H]([C@@H](O)c1cc2ccc(=O)oc2cc1OC)C(C)(C)O,1.0,train,../data/images/balanced_scaffold_seed99_Caco2/989.png
990.0,O=c1ccc2ccc(O)cc2o1,1.0,train,../data/images/balanced_scaffold_seed99_Caco2/990.png
991.0,C/C=C(/C)C(=O)O[C@H](c1cc2ccc(=O)oc2cc1OC)[C@H](O)C(C)(C)O,1.0,train,../data/images/balanced_scaffold_seed99_Caco2/991.png
992.0,O=c1ccc2ccccc2o1,1.0,train,../data/images/balanced_scaffold_seed99_Caco2/992.png
993.0,CN(CC(=O)NC1CC1)C(=O)c1ccc2c(c1)c1c(n2C)CC[C@@H](C2CCOCC2)C1,1.0,train,../data/images/balanced_scaffold_seed99_Caco2/993.png
994.0,CCN(CC(=O)NC1CC1)C(=O)c1ccc2c(c1)c1c(n2C)CC[C@@H](C2CCOCC2)C1,1.0,train,../data/images/balanced_scaffold_seed99_Caco2/994.png
995.0,CC(C)N(c1ccc(Oc2ccccc2C(F)(F)F)cc1C(=O)O)C(=O)[C@H]1CC[C@H](C)CC1,1.0,train,../data/images/balanced_scaffold_seed99_Caco2/995.png
996.0,CCOC(=O)c1cc(C#N)c(N2CCN(C(=O)NS(=O)(=O)c3ccc(Cl)s3)CC2)nc1C(F)(F)F,0.0,train,../data/images/balanced_scaffold_seed99_Caco2/996.png
997.0,CCOC(=O)c1cc(C#N)c(N2CCN(C(=O)NS(=O)(=O)c3ccc(Cl)s3)CC2)nc1C,0.0,train,../data/images/balanced_scaffold_seed99_Caco2/997.png
998.0,CCOC(=O)c1cc(C#N)c(N2CCN(C(=O)NS(=O)(=O)c3ccc(Cl)s3)C(CCC(=O)O)C2)nc1C(F)(F)F,0.0,train,../data/images/balanced_scaffold_seed99_Caco2/998.png
999.0,CC(C)CCOC(=O)c1cnc(N2CCN(C(=O)NS(=O)(=O)c3ccc(Cl)s3)CC2)c(Cl)c1,0.0,train,../data/images/balanced_scaffold_seed99_Caco2/999.png
1000.0,CCCCOC(=O)c1cnc(N2CCN(C(=O)NS(=O)(=O)c3ccc(Cl)s3)CC2)c(Cl)c1,0.0,train,../data/images/balanced_scaffold_seed99_Caco2/1000.png
1001.0,CCOC(=O)c1cnc(N2CCN(C(=O)NS(=O)(=O)c3ccc(Cl)s3)CC2)c(Cl)c1,0.0,train,../data/images/balanced_scaffold_seed99_Caco2/1001.png
1002.0,CCOC(=O)c1cc(C#N)c(N2CCN(C(=O)NS(=O)(=O)c3ccc(Cl)s3)CC2C)nc1C,0.0,train,../data/images/balanced_scaffold_seed99_Caco2/1002.png
1003.0,CCCC(=O)c1cnc(N2CCN(C(=O)NS(=O)(=O)c3ccc(Cl)s3)CC2)c(Cl)c1,0.0,train,../data/images/balanced_scaffold_seed99_Caco2/1003.png
1004.0,NC(=S)NC[C@H]1CN(c2ccc(N3CCOCC3)c(F)c2)C(=O)O1,1.0,train,../data/images/balanced_scaffold_seed99_Caco2/1004.png
1005.0,CC(=O)NC[C@H]1CN(c2ccc(N3CCOCC3)c(F)c2)C(=O)O1,1.0,train,../data/images/balanced_scaffold_seed99_Caco2/1005.png
1006.0,CCOC(=O)CCN1CC(=O)N(CC)c2ccc(OCc3ccc(C(=N)N)cc3)cc2C1=O,0.0,train,../data/images/balanced_scaffold_seed99_Caco2/1006.png
1007.0,CCOC(=O)CCN1CC(=O)N(C)c2ccc(OCc3ccc(C(=N)N)cc3)cc2C1=O,0.0,train,../data/images/balanced_scaffold_seed99_Caco2/1007.png
1008.0,CCN1C(=O)CN(CCC(=O)O)C(=O)c2cc(OCc3ccc(C(=N)N)cc3)ccc21,0.0,train,../data/images/balanced_scaffold_seed99_Caco2/1008.png
1009.0,O=C(NC1(C(=O)N[C@@H](CCCN2CCN(CC3CCOCC3)CC2)Cc2ccccc2)CCCC1)c1ccc(-c2ccccc2)cc1,1.0,train,../data/images/balanced_scaffold_seed99_Caco2/1009.png
1010.0,Cc1ccc(-c2ccc(C(=O)NC3(C(=O)N[C@@H](CCCN4CCN(CC5CCOCC5)CC4)Cc4ccccc4)CCCC3)cc2)cc1,0.0,train,../data/images/balanced_scaffold_seed99_Caco2/1010.png
1011.0,CCOC(=O)NC(=N)c1ccc2nc(Cc3nc4ccccc4[nH]3)[nH]c2c1,0.0,train,../data/images/balanced_scaffold_seed99_Caco2/1011.png
1012.0,N=C(N)c1ccc2nc(Cc3nc4ccccc4[nH]3)[nH]c2c1,0.0,train,../data/images/balanced_scaffold_seed99_Caco2/1012.png
1013.0,Cn1c(-c2ccccn2)c(C2CCCC2)c2ccc(C(=O)NC3(C(=O)Nc4ccc(/C=C/C(=O)O)cc4)CCC3)cc21,1.0,train,../data/images/balanced_scaffold_seed99_Caco2/1013.png
1014.0,Cn1c(-c2cccc(N)n2)c(C2CCCC2)c2ccc(C(=O)NC3(C(=O)Nc4ccc(/C=C/C(=O)O)cc4)CCC3)cc21,0.0,train,../data/images/balanced_scaffold_seed99_Caco2/1014.png
1015.0,Cc1ccc(-c2c(C3CCCC3)c3ccc(C(=O)NC4(C(=O)Nc5ccc(/C=C/C(=O)O)cc5)CCC4)cc3n2C)nc1,0.0,train,../data/images/balanced_scaffold_seed99_Caco2/1015.png
1016.0,CCCc1nn(C)c2c(O)nc(-c3cc(C(=O)CN4CCOCC4)ccc3OCC)nc12,1.0,train,../data/images/balanced_scaffold_seed99_Caco2/1016.png
1017.0,CC12CCC3c4ccc(OS(=O)(=O)[O-])cc4CCC3C1CCC2=O,0.0,train,../data/images/balanced_scaffold_seed99_Caco2/1017.png
1018.0,Cc1ccc(F)cc1C(C)(C)C[C@@](O)(Cc1cc2cnccc2[nH]1)C(C)(C)C,1.0,train,../data/images/balanced_scaffold_seed99_Caco2/1018.png
1019.0,O=C(NO)c1ccc(-c2ccc(CNCc3ccccc3)cn2)s1,1.0,train,../data/images/balanced_scaffold_seed99_Caco2/1019.png
1020.0,Cc1ncnc(C)c1C(=O)N1C[C@H]2CN(CC[C@H](NC(=O)C3CCCC3)c3ccccc3)C[C@H]2C1,0.0,train,../data/images/balanced_scaffold_seed99_Caco2/1020.png
1021.0,CCCc1nn(C)c2c(O)nc(-c3cc(C(C)=O)ccc3OCC)nc12,1.0,train,../data/images/balanced_scaffold_seed99_Caco2/1021.png
1022.0,CN1CCN(C(=O)c2ccc(-c3cnc(N)c(C(=O)Nc4cccnc4)n3)cc2)CC1,0.0,train,../data/images/balanced_scaffold_seed99_Caco2/1022.png
1023.0,Cc1c(CC(=O)O)c(-c2ccccc2)nn1Cc1ccccc1S(=O)(=O)c1ccccc1,1.0,train,../data/images/balanced_scaffold_seed99_Caco2/1023.png
1024.0,N[C@@H](CC(=O)N1CCC[C@H]1c1noc(C2(C(F)(F)F)CC2)n1)Cc1cc(F)c(F)cc1F,1.0,train,../data/images/balanced_scaffold_seed99_Caco2/1024.png
1025.0,c1ccc(CC2(c3ccc4[nH]ccc4c3)CCNC2)nc1,1.0,train,../data/images/balanced_scaffold_seed99_Caco2/1025.png
1026.0,O=C(O)COc1ccc(C(=O)CNC(=O)c2cc3c(s2)CCNC3)cc1OCC(=O)O,0.0,train,../data/images/balanced_scaffold_seed99_Caco2/1026.png
1027.0,CCCCOC(=O)COc1ccc(C(=O)CNC(=O)c2cc3c(s2)CCNC3)cc1OCC(=O)OCCCC,0.0,train,../data/images/balanced_scaffold_seed99_Caco2/1027.png
1028.0,CC(C)n1c(=O)c(C(=O)N[C@H]2C[C@H]3CC[C@@H](C2)N3CCCCCCCN2CCC[C@@H]2C(N)=O)cc2ccccc21,1.0,train,../data/images/balanced_scaffold_seed99_Caco2/1028.png
1029.0,COc1ccc(CCC2(C3CCCC3)CC(O)=C(Sc3nc4nc(C)cc(C)n4n3)C(=O)O2)cc1Cl,0.0,train,../data/images/balanced_scaffold_seed99_Caco2/1029.png
1030.0,CCCCCn1cc(C(=O)c2cccc3ccccc23)c2ccncc21,1.0,train,../data/images/balanced_scaffold_seed99_Caco2/1030.png
1031.0,NC[C@]1(c2cccc(Cl)c2)CC[C@H](N2CCn3c(nnc3C(F)(F)F)C2=O)CC1,0.0,train,../data/images/balanced_scaffold_seed99_Caco2/1031.png
1032.0,C=C[C@@H]1C[C@]1(NC(=O)[C@@H]1C[C@@H](c2nc(-c3ccccc3)cs2)CN1C(=O)[C@@H](NC(=O)OC1CCCC1)C(C)(C)C)C(=O)NS(=O)(=O)C1CC1,0.0,train,../data/images/balanced_scaffold_seed99_Caco2/1032.png
1033.0,CCCCCN1C(=O)C2(CCc3cc4c(cc32)OCO4)c2ccccc21,0.0,train,../data/images/balanced_scaffold_seed99_Caco2/1033.png
1034.0,CC(C)c1cccc(CNC[C@@H](O)[C@@H]2COC/C=C/CCCNC(=O)c3cc(cc(N(C)S(C)(=O)=O)c3)C(=O)N2)c1,0.0,train,../data/images/balanced_scaffold_seed99_Caco2/1034.png
1035.0,N#CCNC(=O)c1ccc(-c2ccnc(Nc3ccc(N4CCOCC4)cc3)n2)cc1,1.0,train,../data/images/balanced_scaffold_seed99_Caco2/1035.png
1036.0,Cc1noc(C)c1CCC1CCN(S(=O)(=O)C[C@](C)(C[C@H](C)c2ncc(F)cn2)N(O)C=O)CC1,0.0,train,../data/images/balanced_scaffold_seed99_Caco2/1036.png
1037.0,COc1ccc(F)c(-c2cccc(C3(c4ccncc4)N=C(N)N4CC(F)(F)CN=C43)c2)c1,1.0,train,../data/images/balanced_scaffold_seed99_Caco2/1037.png
1038.0,COc1cccc(-c2cccc(C3(c4ccncc4)N=C(N)N4CCCN=C43)c2)c1F,0.0,train,../data/images/balanced_scaffold_seed99_Caco2/1038.png
1039.0,COc1cccc(-c2cccc([C@]3(c4ccncc4)N=C(N)N4CC(F)(F)CN=C43)c2)c1F,0.0,train,../data/images/balanced_scaffold_seed99_Caco2/1039.png
1040.0,COc1cccc(-c2cccc([C@@]3(c4ccncc4)N=C(N)N4CC(F)(F)CN=C43)c2)c1F,0.0,train,../data/images/balanced_scaffold_seed99_Caco2/1040.png
1041.0,COc1cccc(-c2cccc(C3(c4ccncc4)N=C(N)N4CC(F)(F)CN=C43)c2)c1F,0.0,train,../data/images/balanced_scaffold_seed99_Caco2/1041.png
1042.0,CC1(C)S[C@]2(C)[C@H](NC(=O)[C@H](N)c3ccccc3)C(=O)N2[C@H]1C(=O)O,0.0,train,../data/images/balanced_scaffold_seed99_Caco2/1042.png
1043.0,CC(C)(C)C(=O)OCOC(=O)[C@@H]1N2C(=O)[C@@H](NC(=O)[C@H](N)c3ccccc3)[C@H]2SC1(C)C,1.0,train,../data/images/balanced_scaffold_seed99_Caco2/1043.png
1044.0,CC1(C)S[C@H]2[C@@H](NC(=O)Cc3ccccc3)C(=O)N2[C@@H]1C(=O)O,0.0,train,../data/images/balanced_scaffold_seed99_Caco2/1044.png
1045.0,C=Cc1cc(C(NC(=O)OC(C)(C)C)C(=O)Nc2ccc(C(=O)NS(=O)(=O)c3ccc(C(F)(F)F)cc3)cc2)ccc1Oc1cc(OC)nc(-c2ccccc2)n1,0.0,train,../data/images/balanced_scaffold_seed99_Caco2/1045.png
1046.0,CC(=O)N[C@@H](Cc1ccccc1)[C@H](O)CN[C@H]1CC(C)(C)Oc2ccc(CC(C)(C)C)cc21,1.0,train,../data/images/balanced_scaffold_seed99_Caco2/1046.png
1047.0,N#Cc1ccc2ccc(=O)n(CCN3CCC(NCc4cc5c(cn4)OCCO5)CC3)c2c1,0.0,train,../data/images/balanced_scaffold_seed99_Caco2/1047.png
1048.0,CC(=O)O[C@@H]1[C@H](OC(C)=O)[C@@H](COS(=O)(=O)[N-]C(=O)c2ccccc2O)O[C@H]1n1cnc2c(N)ncnc21,0.0,train,../data/images/balanced_scaffold_seed99_Caco2/1048.png
1049.0,COC(=O)c1cn(C2CC2)c2cc(N3CCNCC3)c(F)cc2c1=O,1.0,train,../data/images/balanced_scaffold_seed99_Caco2/1049.png
1050.0,CC1CN(c2cc3c(cc2F)c(=O)c(C(=O)O)cn3C2CC2)CCN1C,1.0,train,../data/images/balanced_scaffold_seed99_Caco2/1050.png
1051.0,C[C@@H]1CN(c2c(F)c(N)c3c(=O)c(C(=O)O)cn(C4CC4)c3c2F)C[C@H](C)N1,1.0,train,../data/images/balanced_scaffold_seed99_Caco2/1051.png
1052.0,CC1CN(c2cc3c(cc2F)c(=O)c(C(=O)O)cn3C2CC2)CCN1,0.0,train,../data/images/balanced_scaffold_seed99_Caco2/1052.png
1053.0,CCCOC(=O)c1cn(C2CC2)c2cc(N3CCNCC3)c(F)cc2c1=O,1.0,train,../data/images/balanced_scaffold_seed99_Caco2/1053.png
1054.0,CCCN1CCN(c2cc3c(cc2F)c(=O)c(C(=O)O)cn3C2CC2)CC1C,1.0,train,../data/images/balanced_scaffold_seed99_Caco2/1054.png
1055.0,O=C(O)c1cn(C2CC2)c2cc(N3CCNCC3)c(F)cc2c1=O,0.0,train,../data/images/balanced_scaffold_seed99_Caco2/1055.png
1056.0,CCCCCCOC(=O)c1cn(C2CC2)c2cc(N3CCNCC3)c(F)cc2c1=O,0.0,train,../data/images/balanced_scaffold_seed99_Caco2/1056.png
1057.0,CCCCOC(=O)c1cn(C2CC2)c2cc(N3CCNCC3)c(F)cc2c1=O,1.0,train,../data/images/balanced_scaffold_seed99_Caco2/1057.png
1058.0,CCCCN1CCN(c2cc3c(cc2F)c(=O)c(C(=O)O)cn3C2CC2)CC1C,1.0,train,../data/images/balanced_scaffold_seed99_Caco2/1058.png
1059.0,CCOC(=O)c1cn(C2CC2)c2cc(N3CCNCC3)c(F)cc2c1=O,0.0,train,../data/images/balanced_scaffold_seed99_Caco2/1059.png
1060.0,CC(C)OC(=O)c1cn(C2CC2)c2cc(N3CCNCC3)c(F)cc2c1=O,1.0,train,../data/images/balanced_scaffold_seed99_Caco2/1060.png
1061.0,CCN1CCN(c2cc3c(cc2F)c(=O)c(C(=O)O)cn3C2CC2)CC1C,1.0,train,../data/images/balanced_scaffold_seed99_Caco2/1061.png
1062.0,CN1CCN(C(=O)CCNC(=O)[C@@H](Cc2ccccc2)NC(=O)C2(NC(=O)c3cc4ccccc4s3)CCCC2)CC1,0.0,train,../data/images/balanced_scaffold_seed99_Caco2/1062.png
1063.0,CCCOc1ncc(C(C)=O)cc1-c1nc(O)c2nn(C3CN(C(C)C)C3)c(CC)c2n1,1.0,train,../data/images/balanced_scaffold_seed99_Caco2/1063.png
1064.0,CCCCOc1ncc(C(C)=O)cc1-c1nc(O)c2nn(C3CN(CC)C3)c(CC)c2n1,1.0,train,../data/images/balanced_scaffold_seed99_Caco2/1064.png
1065.0,O=C1C[C@@H](c2ccc(C[C@H](NS(=O)(=O)c3ccccc3)c3nc4ccccc4[nH]3)cc2F)S(=O)(=O)[N-]1,0.0,train,../data/images/balanced_scaffold_seed99_Caco2/1065.png
1066.0,Cc1cc(C[C@H](NS(=O)(=O)c2ccccc2)c2nc3ccccc3[nH]2)ccc1[C@@H]1CC(=O)[N-]S1(=O)=O,0.0,train,../data/images/balanced_scaffold_seed99_Caco2/1066.png
1067.0,N#Cc1cc(Cl)cc(-c2cc(-c3ccc(F)cn3)ncn2)c1,1.0,train,../data/images/balanced_scaffold_seed99_Caco2/1067.png
1068.0,CC1=NC(c2cccc(-c3cccnc3)c2)(C2CCCCC2)N=C1N,1.0,train,../data/images/balanced_scaffold_seed99_Caco2/1068.png
1069.0,Cc1nc(-c2nc[nH]n2)ccc1-c1cnc2c(n1)N(CCC1CCOCC1)CC(=O)N2,1.0,train,../data/images/balanced_scaffold_seed99_Caco2/1069.png
1070.0,CNC(=O)c1cc(Oc2ccc3oc(Nc4ccc(Oc5ccccc5)cc4)nc3c2)ccn1,1.0,train,../data/images/balanced_scaffold_seed99_Caco2/1070.png
1071.0,Nc1ncnc2c1C(=O)N(c1ccc(-c3ccc(CN4CC[C@H](O)C4=O)cc3Cl)cc1)CCO2,0.0,train,../data/images/balanced_scaffold_seed99_Caco2/1071.png
1072.0,CO[C@@]1(NC(=O)CSCC#N)C(=O)N2C(C(=O)O)=C(CSc3nnnn3C)CS[C@H]21,0.0,train,../data/images/balanced_scaffold_seed99_Caco2/1072.png
1073.0,Nc1nc(-c2ccc(OCC3CCOC3)c(C(F)(F)F)c2)c(Cl)c(=O)[nH]1,1.0,train,../data/images/balanced_scaffold_seed99_Caco2/1073.png
1074.0,N#Cc1c(-c2ccc(OCC3CCOC3)c(OC(F)(F)F)c2)nc(N)[nH]c1=O,1.0,train,../data/images/balanced_scaffold_seed99_Caco2/1074.png
1075.0,N#Cc1cc(-c2nc(N)[nH]c(=O)c2Cl)ccc1OCC1CCOC1,1.0,train,../data/images/balanced_scaffold_seed99_Caco2/1075.png
1076.0,Cc1cc(-c2nc(N)[nH]c(=O)c2Cl)cc(C#N)c1OCC1CCOC1,1.0,train,../data/images/balanced_scaffold_seed99_Caco2/1076.png
1077.0,Nc1nc(-c2ccc(OCC3CCOC3)c(OC(F)(F)F)c2)c(Cl)c(=O)[nH]1,1.0,train,../data/images/balanced_scaffold_seed99_Caco2/1077.png
1078.0,CCc1cc(-c2ccc(C(F)(F)F)o2)n(-c2ccc3c(c2)nc(-c2cc(C(=O)N4CCCC4)ccc2O)n3Cc2cc(C)c(=O)n(C)c2)n1,0.0,train,../data/images/balanced_scaffold_seed99_Caco2/1078.png
1079.0,CCc1cc(-c2ccc(C(F)(F)F)o2)n(-c2ccc3c(c2)nc(-c2cc(C(=O)N4CCCC4)ccc2O)n3Cc2c[nH]c(=O)c(C)c2)n1,0.0,train,../data/images/balanced_scaffold_seed99_Caco2/1079.png
1080.0,CCc1cc(-c2ccc(C(F)(F)F)o2)n(-c2ccc3c(c2)nc(-c2cc(C(=O)N4CCCC4)ccc2O)n3Cc2ccc(=O)[nH]c2)n1,0.0,train,../data/images/balanced_scaffold_seed99_Caco2/1080.png
1081.0,CNc1ccc(-c2nc(=O)n(CCC3CCOCC3)c3c2oc2ncc(-c4cnn(C)c4)cc23)cn1,0.0,train,../data/images/balanced_scaffold_seed99_Caco2/1081.png
1082.0,Cn1cccc1C(=O)N1CCc2cc(C(=O)NO)ccc2C1,1.0,train,../data/images/balanced_scaffold_seed99_Caco2/1082.png
1083.0,O=C(NC1(C(=O)N[C@H](Cc2ccccc2)C(=O)NCC2CCN(C3CCOCC3)CC2)CCCC1)c1cc2ccccc2s1,0.0,train,../data/images/balanced_scaffold_seed99_Caco2/1083.png
1084.0,Cc1cc(O)c2c(=O)c3c(O)cc(O)c4c5c(O)cc(O)c6c(=O)c7c(O)cc(C)c8c1c2c(c34)c(c78)c65,0.0,train,../data/images/balanced_scaffold_seed99_Caco2/1084.png
1085.0,COc1ccc(NC(=O)c2c(C)[nH]n(-c3ccccn3)c2=O)cc1F,0.0,train,../data/images/balanced_scaffold_seed99_Caco2/1085.png
1086.0,Cc1[nH]n(-c2ccccn2)c(=O)c1C(=O)Nc1ccccc1C(F)(F)F,0.0,train,../data/images/balanced_scaffold_seed99_Caco2/1086.png
1087.0,Cc1[nH]n(-c2ccccn2)c(=O)c1C(=O)Nc1ccc([N+](=O)[O-])cc1,0.0,train,../data/images/balanced_scaffold_seed99_Caco2/1087.png
1088.0,Cc1[nH]n(-c2ccccn2)c(=O)c1C(=O)Nc1ccc(C(F)(F)F)cc1,0.0,train,../data/images/balanced_scaffold_seed99_Caco2/1088.png
1089.0,Cc1ccc(NC(=O)c2c(C)[nH]n(-c3ccccn3)c2=O)cc1,0.0,train,../data/images/balanced_scaffold_seed99_Caco2/1089.png
1090.0,Cc1[nH]n(-c2ccccn2)c(=O)c1C(=O)Nc1ccccc1,1.0,train,../data/images/balanced_scaffold_seed99_Caco2/1090.png
1091.0,Cc1[nH]n(-c2ccccn2)c(=O)c1C(=O)Nc1cccc(C(F)(F)F)c1,0.0,train,../data/images/balanced_scaffold_seed99_Caco2/1091.png
1092.0,Cc1cccc(NC(=O)c2c(C)[nH]n(-c3ccccn3)c2=O)c1,1.0,train,../data/images/balanced_scaffold_seed99_Caco2/1092.png
1093.0,COc1cccc(NC(=O)c2c(C)[nH]n(-c3ccccn3)c2=O)c1,1.0,train,../data/images/balanced_scaffold_seed99_Caco2/1093.png
1094.0,Cc1[nH]n(-c2ccccn2)c(=O)c1C(=O)Nc1ccccc1[N+](=O)[O-],1.0,train,../data/images/balanced_scaffold_seed99_Caco2/1094.png
1095.0,O=C(O)CCC/C=C\C[C@@H]1[C@@H](CC[C@@H](O)CCc2ccccc2)[C@H](O)C[C@@H]1O,0.0,train,../data/images/balanced_scaffold_seed99_Caco2/1095.png
1096.0,Cn1cncc1CN1CC(N(CC2CCN(C(=O)C3CCCC3)CC2)S(=O)(=O)c2ccccn2)Cc2cc(C#N)ccc21,0.0,train,../data/images/balanced_scaffold_seed99_Caco2/1096.png
1097.0,CCCOCCn1c(=O)c(N[C@H]2CC[C@H](O)CC2)nc2cnc(-c3ccc(OC)nc3)cc21,1.0,train,../data/images/balanced_scaffold_seed99_Caco2/1097.png
1098.0,Cn1c(=O)c(Oc2ccc(F)cc2F)cc2cnc(NC(CCO)CCO)nc21,0.0,train,../data/images/balanced_scaffold_seed99_Caco2/1098.png
1099.0,C[C@H](CS(C)(=O)=O)Nc1ncc2cc(Oc3ccc(F)cc3F)c(=O)n(C)c2n1,1.0,train,../data/images/balanced_scaffold_seed99_Caco2/1099.png
1100.0,CCC1(OC)CC(n2c(=O)nc(-c3ccc(NC)nc3)c3oc4ncc(-c5cnn(C)c5)cc4c32)C1,1.0,train,../data/images/balanced_scaffold_seed99_Caco2/1100.png
1101.0,CC(C)n1c(=O)c(C(=O)N[C@H]2C[C@H]3CC[C@@H](C2)N3CCCN2CCOCC2)cc2ccccc21,1.0,train,../data/images/balanced_scaffold_seed99_Caco2/1101.png
1102.0,O=C(Nc1cc(-c2ccnc(Nc3ccccc3)c2)ccn1)C1CCOC1,1.0,train,../data/images/balanced_scaffold_seed99_Caco2/1102.png
1103.0,CN1CCN(Cc2ccc(C(c3nnnn3Cc3ccccc3)N3CCCN(C4CCC4)CC3)cc2)CC1,0.0,train,../data/images/balanced_scaffold_seed99_Caco2/1103.png
1104.0,CCCCN1C(=O)N(Cc2ccc3[nH]nc(N)c3c2)[C@H](Cc2ccccc2)[C@H](O)[C@@H](O)[C@H]1Cc1ccccc1,0.0,train,../data/images/balanced_scaffold_seed99_Caco2/1104.png
1105.0,Cc1cc(C2(c3cccc(-c4cncnc4)c3)N=C(N)c3c(F)cccc32)cn(C)c1=O,0.0,train,../data/images/balanced_scaffold_seed99_Caco2/1105.png
1106.0,CCn1cc(C2(c3cccc(-c4cncnc4)c3)N=C(N)c3c(F)cccc32)cc(C)c1=O,0.0,train,../data/images/balanced_scaffold_seed99_Caco2/1106.png
1107.0,c1ccc(C2(N3CCCCC3)CCCCC2)cc1,1.0,train,../data/images/balanced_scaffold_seed99_Caco2/1107.png
1108.0,COc1ccc([C@@]23Oc4cc(Cl)cc(OC)c4[C@]2(O)[C@H](O)[C@H](C(=O)N(C)C)[C@H]3c2ccccc2)cc1,1.0,train,../data/images/balanced_scaffold_seed99_Caco2/1108.png
1109.0,COc1cc(OC)c2c(c1)O[C@@]1(c3ccc(C#N)cc3)[C@H](c3ccccc3)[C@@H](C(=O)N(C)C)[C@@H](O)[C@@]21O,0.0,train,../data/images/balanced_scaffold_seed99_Caco2/1109.png
1110.0,COC(=O)[C@H]1[C@@H](O)[C@@]2(O)c3c(OC)cc(OC)cc3O[C@@]2(c2ccc(C#N)cc2)[C@@H]1c1ccccc1,0.0,train,../data/images/balanced_scaffold_seed99_Caco2/1110.png
1111.0,COC(=O)[C@H]1[C@@H](O)[C@@]2(O)c3c(OC)cc(Cl)cc3O[C@@]2(c2ccc(OC)cc2)[C@@H]1c1ccccc1,0.0,train,../data/images/balanced_scaffold_seed99_Caco2/1111.png
1112.0,COc1ccc([C@@]23Oc4cc(C#N)cc(OC)c4[C@]2(O)[C@H](O)[C@H](C(=O)N(C)C)[C@H]3c2ccccc2)cc1,0.0,train,../data/images/balanced_scaffold_seed99_Caco2/1112.png
1113.0,COC(=O)[C@H]1[C@@H](O)[C@@]2(O)c3c(OC)cc(C#N)cc3O[C@@]2(c2ccc(OC)cc2)[C@@H]1c1ccccc1,0.0,train,../data/images/balanced_scaffold_seed99_Caco2/1113.png
1114.0,CC(C)(C)NC(=O)Nc1nc(Cl)c(-c2ccc(-c3cccnc3)cc2)n(CC(=O)Nc2ccccc2C(=O)NS(=O)(=O)c2ccc(C(F)(F)F)cc2)c1=O,0.0,train,../data/images/balanced_scaffold_seed99_Caco2/1114.png
1115.0,CC1(C)Oc2ncnc(N)c2N=C1c1ccc([C@H]2CC[C@H](CC(=O)O)CC2)cc1,1.0,train,../data/images/balanced_scaffold_seed99_Caco2/1115.png
1116.0,O=C1c2ccccc2-n2c1nc1c(c2=O)CCCC1,1.0,train,../data/images/balanced_scaffold_seed99_Caco2/1116.png
1117.0,CCN(C(=O)c1ccc(C#N)cc1)c1ccc(C(O)(C(F)(F)F)C(F)(F)F)cc1,1.0,train,../data/images/balanced_scaffold_seed99_Caco2/1117.png
1118.0,Cc1cnc(NCCc2cccc3ccccc23)c(=O)n1CC(=O)NCCONC(=N)N,0.0,train,../data/images/balanced_scaffold_seed99_Caco2/1118.png
1119.0,Cc1nc(NC(=O)C(C)CC(F)(F)F)sc1-c1ccc(N)nc1,1.0,train,../data/images/balanced_scaffold_seed99_Caco2/1119.png
1120.0,Cc1nc(NC(=O)[C@H](C)CC(F)(F)F)sc1-c1ccc(N)nc1,1.0,train,../data/images/balanced_scaffold_seed99_Caco2/1120.png
1121.0,Cc1nc(NC(=O)C(C)(C)CC(F)(F)F)sc1-c1ccc(N)nc1,1.0,train,../data/images/balanced_scaffold_seed99_Caco2/1121.png
1122.0,Cc1nc(NC(=O)[C@@H](C)CC(F)(F)F)sc1-c1ccc(N)nc1,1.0,train,../data/images/balanced_scaffold_seed99_Caco2/1122.png
1123.0,CS(=O)(=O)C1(c2cc(N3CCOCC3)nc(-c3cccc4[nH]ccc34)n2)CCOCC1,1.0,train,../data/images/balanced_scaffold_seed99_Caco2/1123.png
1124.0,Cc1cnc(NCCc2ccc(F)cc2)c(=O)n1CC(=O)NCCONC(=N)N,0.0,train,../data/images/balanced_scaffold_seed99_Caco2/1124.png
1125.0,N=C(N)NOCCNC(=O)Cn1c(Cl)cnc(NCC(F)(F)c2ccccc2)c1=O,0.0,train,../data/images/balanced_scaffold_seed99_Caco2/1125.png
1126.0,Cc1cnc(NCCc2ccc(C(F)(F)F)cc2)c(=O)n1CC(=O)NCCONC(=N)N,0.0,train,../data/images/balanced_scaffold_seed99_Caco2/1126.png
1127.0,N#Cc1cnc(NCC(F)(F)c2ccccc2)c(=O)n1CC(=O)NCCONC(=N)N,0.0,train,../data/images/balanced_scaffold_seed99_Caco2/1127.png
1128.0,Cc1cnc(NCCc2ccc(F)c(F)c2)c(=O)n1CC(=O)NCCONC(=N)N,0.0,train,../data/images/balanced_scaffold_seed99_Caco2/1128.png
1129.0,COc1ccc(CCNc2ncc(C)n(CC(=O)NCCONC(=N)N)c2=O)cc1OC,0.0,train,../data/images/balanced_scaffold_seed99_Caco2/1129.png
1130.0,Cc1ccc(CCNc2ncc(C)n(CC(=O)N(C)CCONC(=N)N)c2=O)cc1,0.0,train,../data/images/balanced_scaffold_seed99_Caco2/1130.png
1131.0,COc1ccc(CCNc2ncc(C)n(CC(=O)NCCONC(=N)N)c2=O)cc1,0.0,train,../data/images/balanced_scaffold_seed99_Caco2/1131.png
1132.0,CCc1ccc(CCNc2ncc(C)n(CC(=O)NCCONC(=N)N)c2=O)cc1,0.0,train,../data/images/balanced_scaffold_seed99_Caco2/1132.png
1133.0,Cc1cnc(NCCc2ccc(F)cc2F)c(=O)n1CC(=O)NCCONC(=N)N,0.0,train,../data/images/balanced_scaffold_seed99_Caco2/1133.png
1134.0,Cc1cnc(NCC(F)(F)c2ccccc2)c(=O)n1CC(=O)NCCONC(=N)N,0.0,train,../data/images/balanced_scaffold_seed99_Caco2/1134.png
1135.0,N=C(N)SCc1cccc2c1sc1c(CSC(=N)N)cccc12,0.0,train,../data/images/balanced_scaffold_seed99_Caco2/1135.png
1136.0,N=C(N)SCc1c(Br)ccc2c1sc1c(CSC(=N)N)c(Br)ccc12,0.0,train,../data/images/balanced_scaffold_seed99_Caco2/1136.png
1137.0,N=C(N)SCc1cccc2c1sc1c(CSC(=N)N)c(Br)ccc12,0.0,train,../data/images/balanced_scaffold_seed99_Caco2/1137.png
1138.0,N=C(N)SCc1cc(F)cc2c1sc1c(CSC(=N)N)cc(Cl)cc12,0.0,train,../data/images/balanced_scaffold_seed99_Caco2/1138.png
1139.0,CO[C@H]1C(=O)[C@]2(C)[C@@H](OC(=O)N(C)C)C[C@H]3OC[C@@]3(OC(C)=O)[C@H]2[C@H](OC(=O)c2ccccc2)[C@]23OC(=O)O[C@H]2[C@H](OC(=O)[C@H](O)[C@@H](NC(=O)OC(C)(C)C)c2ccccc2)C(C)=C1C3(C)C,0.0,train,../data/images/balanced_scaffold_seed99_Caco2/1139.png
1140.0,COC(=O)O[C@H]1C[C@H]2OC[C@@]2(OC(C)=O)[C@H]2[C@H](OC(=O)c3ccccc3)[C@]34OC(=O)O[C@H]3[C@H](OC(=O)[C@H](O)[C@@H](NC(=O)OC(C)(C)C)c3ccccc3)C(C)=C([C@@H](OC)C(=O)[C@]12C)C4(C)C,0.0,train,../data/images/balanced_scaffold_seed99_Caco2/1140.png
1141.0,CO[C@H]1C[C@H]2OC[C@@]2(OC(C)=O)[C@H]2[C@H](OC(=O)c3ccccc3)[C@]34OC(=O)O[C@H]3[C@H](OC(=O)[C@H](O)[C@@H](NC(=O)OC(C)(C)C)c3ccccc3)C(C)=C([C@@H](OC(=O)N(C)C)C(=O)[C@]12C)C4(C)C,1.0,train,../data/images/balanced_scaffold_seed99_Caco2/1141.png
1142.0,CO[C@H]1C(=O)[C@@]2(C)[C@H]([C@H](OC(=O)c3ccccc3)[C@]34OC(=O)O[C@H]3[C@H](OC(=O)[C@H](O)[C@@H](NC(=O)OC(C)(C)C)c3ccccc3)C(C)=C1C4(C)C)[C@]1(OC(C)=O)CO[C@@H]1C[C@@H]2O,1.0,train,../data/images/balanced_scaffold_seed99_Caco2/1142.png
1143.0,COC(=O)O[C@H]1C(=O)[C@]2(C)[C@@H](OC)C[C@H]3OC[C@@]3(OC(C)=O)[C@H]2[C@H](OC(=O)c2ccccc2)[C@]23OC(=O)O[C@H]2[C@H](OC(=O)[C@H](O)[C@@H](NC(=O)OC(C)(C)C)c2ccccc2)C(C)=C1C3(C)C,0.0,train,../data/images/balanced_scaffold_seed99_Caco2/1143.png
1144.0,CO[C@H]1C(=O)[C@]2(C)[C@@H](OC)C[C@H]3OC[C@@]3(OC(C)=O)[C@H]2[C@H](OC(=O)c2ccccc2)[C@]23OC(=O)O[C@H]2[C@H](OC(=O)[C@H](O)[C@@H](NC(=O)OC(C)(C)C)c2ccccc2)C(C)=C1C3(C)C,1.0,train,../data/images/balanced_scaffold_seed99_Caco2/1144.png
1145.0,CO[C@H]1C(=O)[C@]2(C)CC[C@H]3OC[C@@]3(OC(C)=O)[C@H]2[C@H](OC(=O)c2ccccc2)[C@]23OC(=O)O[C@H]2[C@H](OC(=O)[C@H](O)[C@@H](NC(=O)OC(C)(C)C)c2ccccc2)C(C)=C1C3(C)C,1.0,train,../data/images/balanced_scaffold_seed99_Caco2/1145.png
1146.0,CN1CCC(N(C)C(=O)Cn2c(-c3ccoc3)c(C3CCCCC3)c3ccc(C(=O)O)cc32)CC1,0.0,train,../data/images/balanced_scaffold_seed99_Caco2/1146.png
1147.0,COC(=O)N[C@H](C(=O)NN(Cc1ccc(Br)cc1)C[C@@](O)(Cc1ccccc1)C(=O)N[C@H]1c2ccccc2C[C@H]1O)C(C)(C)C,1.0,train,../data/images/balanced_scaffold_seed99_Caco2/1147.png
1148.0,COC(=O)N[C@H](C(=O)NN(Cc1ccccc1)C[C@@](O)(Cc1ccccc1)C(=O)N[C@H]1c2ccccc2C[C@H]1O)C(C)(C)C,1.0,train,../data/images/balanced_scaffold_seed99_Caco2/1148.png
1149.0,Cn1cncc1CN1CC(N(Cc2ccc(S(C)(=O)=O)cc2)S(=O)(=O)c2ccccn2)Cc2cc(C#N)ccc21,0.0,train,../data/images/balanced_scaffold_seed99_Caco2/1149.png
1150.0,NCCCCC(OP(=O)(O)CCCCc1ccccc1)C(=O)N1CCCC1C(=O)O,0.0,train,../data/images/balanced_scaffold_seed99_Caco2/1150.png
1151.0,CC(C)=CCn1c(N2CCC[C@H](N)C2)c(C#N)c2ncn(C)c(=O)c21,0.0,train,../data/images/balanced_scaffold_seed99_Caco2/1151.png
1152.0,CC(C)c1cccc(Nc2nc3cc(Oc4ccnc(C(=O)NCCN5CCOCC5)c4)ccc3o2)c1,1.0,train,../data/images/balanced_scaffold_seed99_Caco2/1152.png
1153.0,COc1cc2ncnc(Nc3cccc(Cl)c3F)c2cc1CN1CCC[C@H]1C(N)=O,1.0,train,../data/images/balanced_scaffold_seed99_Caco2/1153.png
1154.0,O=C(/C=C/c1ccc(O)c2c1C(C(=O)O)C(c1ccc(O)c(O)c1)O2)OC(Cc1ccc(O)c(O)c1)C(=O)O,0.0,train,../data/images/balanced_scaffold_seed99_Caco2/1154.png
1155.0,O=C(CO)Nc1cnc2ncn(Cc3ccc(Cl)c(Cl)c3)c(=O)c2c1,1.0,train,../data/images/balanced_scaffold_seed99_Caco2/1155.png
1156.0,Cc1ccc2c(=O)c3cccc(CC(=O)O)c3oc2c1C,0.0,train,../data/images/balanced_scaffold_seed99_Caco2/1156.png
1157.0,O=C(NCc1ccc(F)c(C(F)(F)F)c1)C1c2ccccc2C(=O)N1CCc1ncc(F)cn1,1.0,train,../data/images/balanced_scaffold_seed99_Caco2/1157.png
1158.0,O=C(NCc1cccc(OC(F)(F)F)c1)C1c2ccccc2C(=O)N1CCc1ncc(F)cn1,1.0,train,../data/images/balanced_scaffold_seed99_Caco2/1158.png
1159.0,CS(=O)(=O)NC[C@H]1CC[C@H](Nc2nc3c(s2)CCSc2ccccc2-3)CC1,1.0,train,../data/images/balanced_scaffold_seed99_Caco2/1159.png
1160.0,O=C(/C=C/c1ccc(O)c2c1C(C(=O)OC(Cc1ccc(O)c(O)c1)C(=O)O)C(c1ccc(O)c(O)c1)O2)OC(Cc1ccc(O)c(O)c1)C(=O)O,0.0,train,../data/images/balanced_scaffold_seed99_Caco2/1160.png
1161.0,CC[C@]1(O)C(=O)OCc2c1cc1n(c2=O)-c2cc3ccccc3nc2C1,1.0,train,../data/images/balanced_scaffold_seed99_Caco2/1161.png
1162.0,O=c1c2c(CN3CCCC3)n(CCc3ccccn3)c(=O)cc2[nH]n1-c1ccc(F)cc1Cl,0.0,train,../data/images/balanced_scaffold_seed99_Caco2/1162.png
1163.0,C[C@H](NP(=O)(OC[C@H]1O[C@@](C#N)(c2ccc3c(N)ncnn23)[C@](C)(O)[C@@H]1O)Oc1ccccc1)C(=O)OC1CCCC1,0.0,train,../data/images/balanced_scaffold_seed99_Caco2/1163.png
1164.0,O=C(NCCCCC1CC1)c1ccc(N2CCN(C(=O)c3ccccc3C(F)(F)F)CC2)nn1,1.0,train,../data/images/balanced_scaffold_seed99_Caco2/1164.png
1165.0,COc1ccc(CCC[N+](C)(C)CCNC(=O)c2nc(Cl)c(N)nc2N)cc1,0.0,train,../data/images/balanced_scaffold_seed99_Caco2/1165.png
1166.0,NS(=O)(=O)c1ccc(-n2cc([C@@H]3[C@@H](C/C=C\CCCC(=O)O)[C@@H](O)C[C@H]3O)nn2)cc1,0.0,train,../data/images/balanced_scaffold_seed99_Caco2/1166.png
1167.0,COC(=O)CCC/C=C\C[C@@H]1[C@@H](c2cn(-c3ccc(S(N)(=O)=O)cc3)nn2)[C@H](O)C[C@@H]1O,0.0,train,../data/images/balanced_scaffold_seed99_Caco2/1167.png
1168.0,Cn1c(NCCCN2CCC(CN3c4ccccc4Sc4ccc(C(=O)O)cc43)CC2)cc(=O)n(C)c1=O,0.0,train,../data/images/balanced_scaffold_seed99_Caco2/1168.png
1169.0,CN(CCCN1CCC(CN2c3ccccc3Sc3ccc(C(=O)O)cc32)CC1)c1cc(=O)n(C)c(=O)n1C,0.0,train,../data/images/balanced_scaffold_seed99_Caco2/1169.png
1170.0,COc1ccc2c(c1)[C@@]13CCCC[C@@H]1[C@@H](C2)N(C)CC3,1.0,train,../data/images/balanced_scaffold_seed99_Caco2/1170.png
1171.0,CC(C)n1c(=O)c(C(=O)N[C@H]2C[C@H]3CC[C@@H](C2)N3CCCN2CCC(CNS(C)(=O)=O)CC2)cc2ccccc21,0.0,train,../data/images/balanced_scaffold_seed99_Caco2/1171.png
1172.0,CC(C)n1c(=O)c(C(=O)N[C@H]2C[C@H]3CC[C@@H](C2)N3CCCN2CCCCC2)cc2ccccc21,1.0,train,../data/images/balanced_scaffold_seed99_Caco2/1172.png
1173.0,CCCOc1ccc2c(c1)[C@@H](c1ccc(OC)cc1OCC(=O)O)[C@H](C(=O)O)[C@H]2c1ccc2c(c1)OCO2,0.0,train,../data/images/balanced_scaffold_seed99_Caco2/1173.png
1174.0,CCCOc1ccc2c(c1)[C@@H](c1ccc(OC)cc1OCCO)[C@H](C(=O)O)[C@H]2c1ccc2c(c1)OCO2,1.0,train,../data/images/balanced_scaffold_seed99_Caco2/1174.png
1175.0,NC(=O)c1nc(-c2ccc(C(F)(F)F)cc2)oc1N,1.0,train,../data/images/balanced_scaffold_seed99_Caco2/1175.png
1176.0,NC(=O)c1nc(-c2ccccc2)oc1N,0.0,train,../data/images/balanced_scaffold_seed99_Caco2/1176.png
1177.0,O=C(O)CN(C(=O)CCc1ccccc1)c1ccc(C(O)(C(F)(F)F)C(F)(F)F)cc1,0.0,train,../data/images/balanced_scaffold_seed99_Caco2/1177.png
1178.0,CC(=O)N[C@@H](CCN1[C@@H]2CC[C@H]1C[C@@H](n1c(C)nc3c1CCN(C(=O)C(C)C)C3)C2)c1cccc(F)c1,0.0,train,../data/images/balanced_scaffold_seed99_Caco2/1178.png
1179.0,CC(=O)N[C@@H](CCN1[C@@H]2CC[C@H]1C[C@@H](n1c(C)nc3c1CCN(C(C)=O)C3)C2)c1cccc(F)c1,0.0,train,../data/images/balanced_scaffold_seed99_Caco2/1179.png
1180.0,CCCC(=O)N1CCc2c(nc(C)n2[C@H]2C[C@H]3CC[C@@H](C2)N3CC[C@H](NC(C)=O)c2cccc(F)c2)C1,0.0,train,../data/images/balanced_scaffold_seed99_Caco2/1180.png
1181.0,COC(=O)N1CCc2c(nc(C)n2[C@H]2C[C@H]3CC[C@@H](C2)N3CC[C@H](NC(C)=O)c2cccc(F)c2)C1,0.0,train,../data/images/balanced_scaffold_seed99_Caco2/1181.png
1182.0,CC(=O)N[C@@H](CCN1[C@@H]2CC[C@H]1C[C@@H](n1c(C)nc3c1CCN(C(=O)C(C)(C)C)C3)C2)c1cccc(F)c1,0.0,train,../data/images/balanced_scaffold_seed99_Caco2/1182.png
1183.0,CCC(=O)N1CCc2c(nc(C)n2[C@H]2C[C@H]3CC[C@@H](C2)N3CC[C@H](NC(C)=O)c2cccc(F)c2)C1,0.0,train,../data/images/balanced_scaffold_seed99_Caco2/1183.png
1184.0,Cc1onc(C(=O)N2[C@@H]3CC[C@H]2C[C@@H](Nc2cc(=O)n(C)c4nccnc24)C3)c1C,1.0,train,../data/images/balanced_scaffold_seed99_Caco2/1184.png
1185.0,CN(C)CC1CCCCC1(O)c1cccc(O)c1,1.0,train,../data/images/balanced_scaffold_seed99_Caco2/1185.png
1186.0,CCCCCCC(C)(C)c1ccc([C@@H]2C[C@H](O)CC[C@H]2CCCO)c(O)c1,0.0,train,../data/images/balanced_scaffold_seed99_Caco2/1186.png
1187.0,COc1cccc(C2(O)CCCCC2CN(C)C)c1,1.0,train,../data/images/balanced_scaffold_seed99_Caco2/1187.png
1188.0,CCCS(=O)(=O)N1CCC(CNC(=O)c2ccccc2)(C(=O)N2CCOCC2)CC1,1.0,train,../data/images/balanced_scaffold_seed99_Caco2/1188.png
1189.0,CCCS(=O)(=O)N1CCC(CNC(=O)c2c(F)ccc(Cl)c2F)(C(=O)N2CCOCC2)CC1,1.0,train,../data/images/balanced_scaffold_seed99_Caco2/1189.png
1190.0,CCCS(=O)(=O)N1CCC(CNC(=O)c2c(F)cccc2F)(C(=O)N2CCOCC2)CC1,1.0,train,../data/images/balanced_scaffold_seed99_Caco2/1190.png
1191.0,CCCS(=O)(=O)N1CCC(CNC(=O)c2ccccc2OC(F)(F)F)(C(=O)N2CCOCC2)CC1,1.0,train,../data/images/balanced_scaffold_seed99_Caco2/1191.png
1192.0,CCCS(=O)(=O)N1CCC(CNC(=O)c2c(F)cccc2Cl)(C(=O)N2CCOCC2)CC1,1.0,train,../data/images/balanced_scaffold_seed99_Caco2/1192.png
1193.0,CCCS(=O)(=O)N1CCC(CNC(=O)c2ccc(Cl)cc2Cl)(C(=O)N2CCOCC2)CC1,1.0,train,../data/images/balanced_scaffold_seed99_Caco2/1193.png
1194.0,CCCS(=O)(=O)N1CCC(CNC(=O)c2ccc(C(F)(F)F)cc2F)(C(=O)N2CCOCC2)CC1,1.0,train,../data/images/balanced_scaffold_seed99_Caco2/1194.png
1195.0,CCCS(=O)(=O)N1CCC(CNC(=O)c2ccccc2Cl)(C(=O)N2CCOCC2)CC1,1.0,train,../data/images/balanced_scaffold_seed99_Caco2/1195.png
1196.0,CCCS(=O)(=O)N1CCC(CNC(=O)c2cc(F)c(Cl)cc2Cl)(C(=O)N2CCOCC2)CC1,1.0,train,../data/images/balanced_scaffold_seed99_Caco2/1196.png
1197.0,CCCS(=O)(=O)N1CCC(CNC(=O)c2ccc(F)cc2Cl)(C(=O)N2CCOCC2)CC1,1.0,train,../data/images/balanced_scaffold_seed99_Caco2/1197.png
1198.0,CCCS(=O)(=O)N1CCC(CNC(=O)c2ccc(F)cc2C(F)(F)F)(C(=O)N2CCOCC2)CC1,1.0,train,../data/images/balanced_scaffold_seed99_Caco2/1198.png
1199.0,O=C(N[C@@H]1CC[C@@]2(O)[C@H]3Cc4ccc(O)c5c4[C@@]2(CCN3CC2CC2)[C@H]1O5)c1ccncc1,0.0,train,../data/images/balanced_scaffold_seed99_Caco2/1199.png
1200.0,NC(Cc1ccccc1)C(=O)NC(Cc1ccc(O)cc1)C(=O)OC[C@@H]1O[C@H](n2cc(F)c(=O)[nH]c2=O)C[C@H]1O,0.0,train,../data/images/balanced_scaffold_seed99_Caco2/1200.png
1201.0,Nc1cc(C(F)(F)F)c(-c2cc(Nc3cnc4ccccc4c3)nc(N3CCOCC3)n2)cn1,0.0,train,../data/images/balanced_scaffold_seed99_Caco2/1201.png
1202.0,C[C@H](Nc1nc(C(=O)N2CCCC2)c2sccc2n1)c1cccnc1,1.0,train,../data/images/balanced_scaffold_seed99_Caco2/1202.png
1203.0,C=C[C@@H]1C[C@]1(NC(=O)[C@@H]1C[C@@H](c2csc(-c3cc(OC)ccc3OC)n2)CN1C(=O)[C@@H](NC(=O)OC1CCCC1)C(C)(C)C)C(=O)NS(=O)(=O)C1(C)CC1,1.0,train,../data/images/balanced_scaffold_seed99_Caco2/1203.png
1204.0,C=C[C@@H]1C[C@]1(NC(=O)[C@@H]1C[C@@H](c2csc(-c3cc(OC)ccc3OC)n2)CN1C(=O)[C@@H](NC(=O)OC1CCCC1)C(C)(C)C)C(=O)NS(=O)(=O)C1CC1,0.0,train,../data/images/balanced_scaffold_seed99_Caco2/1204.png
1205.0,C=C[C@@H]1C[C@]1(NC(=O)[C@@H]1C[C@@H](c2csc(-c3ccccc3)n2)CN1C(=O)[C@@H](NC(=O)OC1CCCC1)C(C)(C)C)C(=O)NS(=O)(=O)C1CC1,0.0,train,../data/images/balanced_scaffold_seed99_Caco2/1205.png
1206.0,O=C1N(CCC2CC2)c2ccccc2C1(O)c1ccc2c(c1)OCO2,1.0,train,../data/images/balanced_scaffold_seed99_Caco2/1206.png
1207.0,COc1ccc2onc(N3CCN(CCCCNC(=O)c4cc(-c5ccco5)[nH]n4)CC3)c2c1,0.0,train,../data/images/balanced_scaffold_seed99_Caco2/1207.png
1208.0,NS(=O)(=O)c1nnc(NC(=O)CNC[C@@H]2[C@@H](C/C=C\CCCC(=O)O)[C@@H](O)C[C@H]2O)s1,0.0,train,../data/images/balanced_scaffold_seed99_Caco2/1208.png
1209.0,CC(C)OC(=O)CCC/C=C\C[C@@H]1[C@@H](CNCC(=O)Nc2nnc(S(N)(=O)=O)s2)[C@H](O)C[C@@H]1O,0.0,train,../data/images/balanced_scaffold_seed99_Caco2/1209.png
1210.0,CC(C)N1CCN(C(=O)c2ccc(CN3CCOCC3)cc2)CC1,1.0,train,../data/images/balanced_scaffold_seed99_Caco2/1210.png
1211.0,CCNC(=O)C1CCCN1C(=O)C(CCCN=C(N)N)NC(=O)C(CC(C)C)NC(=O)C(CC(C)C)NC(=O)C(Cc1ccc(O)cc1)NC(=O)C(CO)NC(=O)C(Cc1c[nH]c2ccccc12)NC(=O)C(Cc1cnc[nH]1)NC(=O)C1CCC(=O)N1,0.0,train,../data/images/balanced_scaffold_seed99_Caco2/1211.png
1212.0,CCNC(=O)[C@@H]1CCCN1C(=O)[C@H](CCCN=C(N)N)NC(=O)[C@H](CC(C)C)NC(=O)[C@@H](COC(C)(C)C)NC(=O)[C@H](Cc1ccc(O)cc1)NC(=O)[C@H](CO)NC(=O)[C@H](Cc1c[nH]c2ccccc12)NC(=O)[C@H](Cc1cnc[nH]1)NC(=O)[C@@H]1CCC(=O)N1,0.0,train,../data/images/balanced_scaffold_seed99_Caco2/1212.png
1213.0,O=C(NOCC1CC1)c1ccc(F)c(F)c1Nc1ccc(I)cc1Cl,1.0,train,../data/images/balanced_scaffold_seed99_Caco2/1213.png
1214.0,C[C@]12CC[C@@H]3c4ccc(O)cc4CC[C@H]3[C@@H]1CC[C@@H]2O,1.0,train,../data/images/balanced_scaffold_seed99_Caco2/1214.png
1215.0,COCCCn1c(=O)nc(-c2ccc(N3CCNCC3)cc2)c2oc3ccc(Cl)cc3c21,0.0,train,../data/images/balanced_scaffold_seed99_Caco2/1215.png
1216.0,COCCCn1c(=O)nc(-c2ccc(N3CCN(C(C)C)CC3)cc2)c2oc3ccc(Cl)cc3c21,0.0,train,../data/images/balanced_scaffold_seed99_Caco2/1216.png
1217.0,COCCCn1c(=O)nc(-c2ccc(N3CCN(CCOC)CC3)cc2)c2oc3ccc(Cl)cc3c21,1.0,train,../data/images/balanced_scaffold_seed99_Caco2/1217.png
1218.0,O=C1CC(=O)CC(c2cc(C(F)(F)F)cc(C(F)(F)F)c2)C1,0.0,train,../data/images/balanced_scaffold_seed99_Caco2/1218.png
1219.0,Cc1noc(-c2ccccc2)c1CN1CC2(CC1=O)C(=O)N(CC(=O)O)c1ccc(Cl)cc12,0.0,train,../data/images/balanced_scaffold_seed99_Caco2/1219.png
1220.0,CN1CCc2c(cccc2C(=O)NCC2(N3CCN(c4ccccc4)CC3)CCCCC2)C1,0.0,train,../data/images/balanced_scaffold_seed99_Caco2/1220.png
1221.0,CN1CCN(S(=O)(=O)c2ccc(-c3cnc(N)c(C(=O)Nc4cccnc4)n3)c(F)c2)CC1,1.0,train,../data/images/balanced_scaffold_seed99_Caco2/1221.png
1222.0,CN1CCN(S(=O)(=O)c2ccc(-c3cnc(N)c(C(=O)Nc4cccnc4)n3)cc2F)CC1,1.0,train,../data/images/balanced_scaffold_seed99_Caco2/1222.png
1223.0,CN1CCN(S(=O)(=O)c2ccc(-c3cncc(C(=O)Nc4cccnc4)n3)cc2)CC1,1.0,train,../data/images/balanced_scaffold_seed99_Caco2/1223.png
1224.0,Cc1cc(S(=O)(=O)N2CCN(C)CC2)ccc1-c1cnc(N)c(C(=O)Nc2cccnc2)n1,1.0,train,../data/images/balanced_scaffold_seed99_Caco2/1224.png
1225.0,CN1CCN(S(=O)(=O)c2ccc(-c3cnc(N)c(C(=O)Nc4cccnc4)n3)c(C(F)(F)F)c2)CC1,1.0,train,../data/images/balanced_scaffold_seed99_Caco2/1225.png
1226.0,Cc1cc(S(=O)(=O)N2CCN(C)CC2)c(C)cc1-c1cnc(N)c(C(=O)Nc2cccnc2)n1,1.0,train,../data/images/balanced_scaffold_seed99_Caco2/1226.png
1227.0,CN1CCN(S(=O)(=O)c2ccc(-c3cnc(N)c(C(=O)Nc4cccnc4)n3)cc2)CC1,1.0,train,../data/images/balanced_scaffold_seed99_Caco2/1227.png
1228.0,CC(=O)CC(c1ccccc1)c1c(O)c2ccccc2oc1=O,1.0,train,../data/images/balanced_scaffold_seed99_Caco2/1228.png
1229.0,CC(C)C[C@H](c1c(O)c(C=O)c(O)c(C=O)c1O)[C@@]1(C)CC[C@@H]2[C@@H]1[C@H]1[C@@H](CC[C@@]2(C)O)C1(C)C,0.0,train,../data/images/balanced_scaffold_seed99_Caco2/1229.png
1230.0,CC(C)C[C@@H](c1c(O)c(C=O)c(O)c(C=O)c1O)[C@@]1(C)CC[C@@H]2[C@@H]1[C@H]1[C@@H](CC[C@@]2(C)O)C1(C)C,0.0,train,../data/images/balanced_scaffold_seed99_Caco2/1230.png
1231.0,CO[C@H]1CC[C@H](N2C(=O)CNc3ncc(-c4ccc(-c5nc[nH]n5)nc4C)nc32)CC1,1.0,train,../data/images/balanced_scaffold_seed99_Caco2/1231.png
1232.0,Cc1nc(-c2nc[nH]n2)ccc1-c1cnc2c(n1)N([C@H]1CC[C@@H](O)CC1)C(=O)CN2,0.0,train,../data/images/balanced_scaffold_seed99_Caco2/1232.png
1233.0,COc1c(NC(=O)c2ccc(C)c(N3C=C(C(=O)NCC(C)(C)CN(C)C)NN3)c2)cc(C(C)(C)C)cc1NS(C)(=O)=O,1.0,train,../data/images/balanced_scaffold_seed99_Caco2/1233.png
1234.0,COc1c(NC(=O)c2ccc(C)c(N3C=C(C(=O)NCC(C)(C)O)NN3)c2)cc(C(C)(C)C)cc1NS(C)(=O)=O,0.0,train,../data/images/balanced_scaffold_seed99_Caco2/1234.png
1235.0,CC(C)(C)CCn1c(=O)c(C2=CS(=O)(=O)c3cc(NS(C)(=O)=O)ccc3N2)c(O)c2cccn21,0.0,train,../data/images/balanced_scaffold_seed99_Caco2/1235.png
1236.0,CC(C)CCn1c(=O)c(C2=CS(=O)(=O)c3cc(NS(C)(=O)=O)ccc3N2)c(O)c2cccn21,0.0,train,../data/images/balanced_scaffold_seed99_Caco2/1236.png
1237.0,CC(C)CCn1c(=O)c(C2=CS(=O)(=O)c3cc(N(C)S(C)(=O)=O)ccc3N2)c(O)c2cccn21,0.0,train,../data/images/balanced_scaffold_seed99_Caco2/1237.png
1238.0,CCCN1CCO[C@H](c2cccc(O)c2)C1,1.0,train,../data/images/balanced_scaffold_seed99_Caco2/1238.png
1239.0,N#C[C@@H]1CCCN1C(=O)[C@@H](N)Cc1ccc(-c2ccc(F)cc2F)cc1,0.0,train,../data/images/balanced_scaffold_seed99_Caco2/1239.png
1240.0,N#C[C@@H]1CCCN1C(=O)[C@@H](N)Cc1ccc(-c2ccccc2)cc1,0.0,train,../data/images/balanced_scaffold_seed99_Caco2/1240.png
1241.0,N#C[C@@H]1CCCN1C(=O)[C@@H](N)Cc1ccc(-c2ccc(F)cc2)cc1,0.0,train,../data/images/balanced_scaffold_seed99_Caco2/1241.png
1242.0,C=C(CC[C@@H](C(=O)O)[C@H]1[C@H](O)C[C@@]2(C)C3=CC[C@H]4C(C)(C)[C@H](O)CC[C@]4(C)C3=CC[C@]12C)C(C)C,1.0,train,../data/images/balanced_scaffold_seed99_Caco2/1242.png
1243.0,O=C(NC1CC1)c1ccc(F)cc1OC[C@@H](O)CN1CCC2(CC1)Cc1cc(Cl)ccc1O2,1.0,train,../data/images/balanced_scaffold_seed99_Caco2/1243.png
1244.0,O=C(NC1CC1)c1ccc(O)cc1OC[C@@H](O)CN1CCC2(CC1)Cc1cc(Cl)ccc1O2,1.0,train,../data/images/balanced_scaffold_seed99_Caco2/1244.png
1245.0,COc1ccc(C(=O)NC2CC2)c(OC[C@@H](O)CN2CCC3(CC2)Cc2cc(Cl)ccc2O3)c1,1.0,train,../data/images/balanced_scaffold_seed99_Caco2/1245.png
1246.0,O=C(NC1CC1)c1ccccc1OC[C@@H](O)CN1CCC2(CC1)Cc1cc(Cl)ccc1O2,1.0,train,../data/images/balanced_scaffold_seed99_Caco2/1246.png
1247.0,O=C(NCCc1ccccc1)c1ccc(N2CCN(C(=O)c3ccccc3C(F)(F)F)CC2)nn1,1.0,train,../data/images/balanced_scaffold_seed99_Caco2/1247.png
1248.0,O=C(NC[C@H](O)c1ccccc1)c1ccc(N2CCN(C(=O)c3ccccc3C(F)(F)F)CC2)nn1,1.0,train,../data/images/balanced_scaffold_seed99_Caco2/1248.png
1249.0,O=C(NC[C@@H](O)c1ccccc1)c1ccc(N2CCN(C(=O)c3ccccc3C(F)(F)F)CC2)nn1,1.0,train,../data/images/balanced_scaffold_seed99_Caco2/1249.png
1250.0,CC[C@H]1C[C@@H](n2c(=O)nc(-c3cnn(C)c3)c3oc4cc(C#N)c(-c5cnn(C)c5)nc4c32)CCO1,1.0,train,../data/images/balanced_scaffold_seed99_Caco2/1250.png
1251.0,CC[C@H]1C[C@@H](n2c(=O)nc(-c3cnn(C)c3)c3oc4ccc(-c5cnn(C)c5)nc4c32)CCO1,1.0,train,../data/images/balanced_scaffold_seed99_Caco2/1251.png
1252.0,Cc1nc2ccncc2n1C1C[C@H]2CC[C@@H](C1)N2CCC(NC(=O)C1CC[S+]([O-])CC1)c1cccc(F)c1,0.0,train,../data/images/balanced_scaffold_seed99_Caco2/1252.png
1253.0,O=C(O)/C=C/c1ccc(NC(=O)C2(NC(=O)c3ccc4c(c3)nc(-c3ccccn3)n4C3CCCCC3)CCCC2)cc1,1.0,train,../data/images/balanced_scaffold_seed99_Caco2/1253.png
1254.0,O=C(NO)c1cnc(N2C[C@H]3CN(Cc4ccc5ccccc5c4)C[C@H]3C2)nc1,1.0,train,../data/images/balanced_scaffold_seed99_Caco2/1254.png
1255.0,c1cnc(-c2oc3cnccc3c2Nc2ccc3c(c2)Cc2c[nH]nc2-3)nc1,1.0,train,../data/images/balanced_scaffold_seed99_Caco2/1255.png
1256.0,CN1CCC(NC(=O)c2ccc3c(C4CCCCC4)c(-c4ccccn4)n(C)c3c2)(C(=O)Nc2ccc(/C=C/C(=O)O)cc2)CC1,0.0,train,../data/images/balanced_scaffold_seed99_Caco2/1256.png
1257.0,C=C[C@@H]1C[C@]1(NC(=O)[C@@H]1C[C@@](OC)(c2ccc(-c3cnn(C)c3)cc2)CN1C(=O)[C@@H](NC(=O)OC1CCCC1)C(C)(C)C)C(=O)NS(=O)(=O)C1CC1,0.0,train,../data/images/balanced_scaffold_seed99_Caco2/1257.png
1258.0,Cc1cc(COc2ccc(C(=O)N[C@@H]3CN(S(C)(=O)=O)C[C@@H]3C(=O)NO)cc2)c2ccccc2n1,0.0,train,../data/images/balanced_scaffold_seed99_Caco2/1258.png
1259.0,CC(=O)N1C[C@H](C(=O)NO)[C@H](NC(=O)c2ccc(OCc3cc(C)nc4ccccc34)cc2)C1,0.0,train,../data/images/balanced_scaffold_seed99_Caco2/1259.png
1260.0,COC(=O)N1C[C@H](C(=O)NO)[C@H](NC(=O)c2ccc(OCc3cc(C)nc4ccccc34)cc2)C1,0.0,train,../data/images/balanced_scaffold_seed99_Caco2/1260.png
1261.0,Cc1cc(COc2ccc(C(=O)N[C@@H]3CN(C(=O)OC(C)C)C[C@@H]3C(=O)NO)cc2)c2ccccc2n1,0.0,train,../data/images/balanced_scaffold_seed99_Caco2/1261.png
1262.0,Cc1cc(COc2ccc(C(=O)N[C@@H]3CN(C)C[C@@H]3C(=O)NO)cc2)c2ccccc2n1,0.0,train,../data/images/balanced_scaffold_seed99_Caco2/1262.png
1263.0,C=C(C)CN1C[C@H](C(=O)NO)[C@H](NC(=O)c2ccc(OCc3cc(C)nc4ccccc34)cc2)C1,1.0,train,../data/images/balanced_scaffold_seed99_Caco2/1263.png
1264.0,Cc1cc(COc2ccc(C(=O)N[C@@H]3CN(C(=O)C(C)(C)C)C[C@@H]3C(=O)NO)cc2)c2ccccc2n1,0.0,train,../data/images/balanced_scaffold_seed99_Caco2/1264.png
1265.0,C#CCN1C[C@H](C(=O)NO)[C@H](NC(=O)c2ccc(OCc3cc(C)nc4ccccc34)cc2)C1,0.0,train,../data/images/balanced_scaffold_seed99_Caco2/1265.png
1266.0,Cc1cc(COc2ccc(C(=O)N[C@@H]3CN(C(=O)C(C)C)C[C@@H]3C(=O)NO)cc2)c2ccccc2n1,0.0,train,../data/images/balanced_scaffold_seed99_Caco2/1266.png
1267.0,C=CCN1C[C@H](C(=O)NO)[C@H](NC(=O)c2ccc(OCc3cc(C)nc4ccccc34)cc2)C1,0.0,train,../data/images/balanced_scaffold_seed99_Caco2/1267.png
1268.0,Cc1cc(COc2ccc(C(=O)N[C@@H]3CN(CC(C)C)C[C@@H]3C(=O)NO)cc2)c2ccccc2n1,0.0,train,../data/images/balanced_scaffold_seed99_Caco2/1268.png
1269.0,Cc1cc(COc2ccc(C(=O)N[C@@H]3CN(C(C)C)C[C@@H]3C(=O)NO)cc2)c2ccccc2n1,0.0,train,../data/images/balanced_scaffold_seed99_Caco2/1269.png
1270.0,COc1ccc(Cc2nccc3cc(OC)c(OC)cc23)cc1OC,1.0,train,../data/images/balanced_scaffold_seed99_Caco2/1270.png
1271.0,Cc1cc(COc2ccc(C(=O)N[C@@H]3CCCC[C@@H]3C(=O)NO)cc2)c2ccccc2n1,0.0,train,../data/images/balanced_scaffold_seed99_Caco2/1271.png
1272.0,Cc1cc(COc2ccc(C(=O)NC3(CC(=O)NO)CCCCC3)cc2)c2ccccc2n1,0.0,train,../data/images/balanced_scaffold_seed99_Caco2/1272.png
1273.0,C[C@@H]1COCCN1c1cc(C2(S(C)(=O)=O)CC2)nc(-c2cccc3[nH]ccc23)n1,1.0,train,../data/images/balanced_scaffold_seed99_Caco2/1273.png
1274.0,CS(=O)(=O)C1(c2cc(N3CCOCC3)nc(-c3cccc4[nH]ccc34)n2)CC1,1.0,train,../data/images/balanced_scaffold_seed99_Caco2/1274.png
1275.0,CCNCC(=O)Nc1ccc(-c2nc(=O)n(CCOC)c3c2oc2ccc(-c4ccc5c(c4)CCN(C)C5)cc23)cc1,0.0,train,../data/images/balanced_scaffold_seed99_Caco2/1275.png
1276.0,CC(C)(C)NC[C@H](O)COc1nsnc1N1CCOCC1,1.0,train,../data/images/balanced_scaffold_seed99_Caco2/1276.png
1277.0,Oc1ccc(-c2cnc(-c3cccc(O)c3)o2)cc1,0.0,train,../data/images/balanced_scaffold_seed99_Caco2/1277.png
1278.0,N#Cc1ccc(CCNC(=O)[C@@H]2CCCN(c3cc(N4CCC(C(=O)O)CC4)nc(C(F)(F)F)n3)C2)cc1,0.0,train,../data/images/balanced_scaffold_seed99_Caco2/1278.png
1279.0,CC1(C(=O)O)CCN(c2cc(N3CCC[C@@H](C(=O)NCCc4ccc(C#N)cc4)C3)nc(C(F)(F)F)n2)CC1,0.0,train,../data/images/balanced_scaffold_seed99_Caco2/1279.png
1280.0,O=C(Nc1cnc(-c2ccncc2)c(-c2ccccn2)n1)C1CC1,1.0,train,../data/images/balanced_scaffold_seed99_Caco2/1280.png
1281.0,COc1cc(C(=O)N2CC[C@](CCN3CCC(C(N)=O)(c4ccccc4)CC3)(c3ccc(Cl)c(Cl)c3)C2)cc(OC)c1OC,0.0,train,../data/images/balanced_scaffold_seed99_Caco2/1281.png
1282.0,O=C(c1ccc(CN2CCOCC2)cc1)N1CCN(C2CC2)CC1,1.0,train,../data/images/balanced_scaffold_seed99_Caco2/1282.png
1283.0,CCCCN1C(=O)[C@H](CC2CCCCC2)NC(=O)C12CCN(CCc1cccc(Oc3ccc(C(=O)O)cc3)c1)CC2,1.0,train,../data/images/balanced_scaffold_seed99_Caco2/1283.png
1284.0,Cn1cncc1CN1CC(N(CC2CCN(C(=O)c3cccs3)CC2)S(=O)(=O)c2ccccn2)Cc2cc(C#N)ccc21,0.0,train,../data/images/balanced_scaffold_seed99_Caco2/1284.png
1285.0,Oc1cccc(-c2ccc3cc(O)ccc3c2)c1,1.0,train,../data/images/balanced_scaffold_seed99_Caco2/1285.png
1286.0,CCCCn1c(-c2cc(-c3cccc4[nH]ncc34)ccc2C)cn2c3c(=O)[nH]c(=O)n(C)c3nc12,1.0,train,../data/images/balanced_scaffold_seed99_Caco2/1286.png
1287.0,COC(=O)C(C)NP(=O)(OC[C@@H]1C=C[C@H](n2cc(C)c(=O)[nH]c2=O)O1)Oc1ccc(Br)cc1,0.0,train,../data/images/balanced_scaffold_seed99_Caco2/1287.png
1288.0,COC(=O)C(C)NP(=O)(OC[C@@H]1C=C[C@H](n2cc(C)c(=O)[nH]c2=O)O1)Oc1ccccc1,0.0,train,../data/images/balanced_scaffold_seed99_Caco2/1288.png
1289.0,COC(=O)C(C)NP(=O)(OC[C@@H]1C=C[C@H](n2cc(C)c(=O)[nH]c2=O)O1)Oc1ccc(OC)cc1,0.0,train,../data/images/balanced_scaffold_seed99_Caco2/1289.png
1290.0,COC(=O)C(C)NP(=O)(OC[C@@H]1C=C[C@H](n2cc(C)c(=O)[nH]c2=O)O1)Oc1ccc(C)cc1,0.0,train,../data/images/balanced_scaffold_seed99_Caco2/1290.png
1291.0,COC(=O)C(C)NP(=O)(OC[C@@H]1C=C[C@H](n2cc(C)c(=O)[nH]c2=O)O1)Oc1ccc(Cl)cc1,0.0,train,../data/images/balanced_scaffold_seed99_Caco2/1291.png
1292.0,CCN1CCN(C(=O)Cn2c(-c3ccoc3)c(C3CCCCC3)c3ccc(C(=O)O)cc32)CC1,0.0,train,../data/images/balanced_scaffold_seed99_Caco2/1292.png
1293.0,CN1CCN(C(=O)Cn2c(-c3ccoc3)c(C3CCCCC3)c3ccc(C(=O)O)cc32)CC1,0.0,train,../data/images/balanced_scaffold_seed99_Caco2/1293.png
1294.0,CC(C)N1CCN(C(=O)Cn2c(-c3ccoc3)c(C3CCCCC3)c3ccc(C(=O)O)cc32)CC1,0.0,train,../data/images/balanced_scaffold_seed99_Caco2/1294.png
1295.0,COc1cc(Nc2nc(N[C@H]3CCCC[C@H]3N)n3cnnc3c2C(N)=O)cc(OC)c1,0.0,train,../data/images/balanced_scaffold_seed99_Caco2/1295.png
1296.0,CC1(c2cccc(-c3cccnc3)c2)N=C(N)c2ccccc2O1,1.0,train,../data/images/balanced_scaffold_seed99_Caco2/1296.png
1297.0,CC1(c2cccc(-c3cccnc3)c2)N=C(N)c2c(F)cccc2O1,1.0,train,../data/images/balanced_scaffold_seed99_Caco2/1297.png
1298.0,CC(C)=CCn1c(N2CCC[C@H](N)C2)c(C#N)c2c1c(=O)n(Cc1nccc3ccccc13)c(=O)n2C,0.0,train,../data/images/balanced_scaffold_seed99_Caco2/1298.png
1299.0,O=C(NCc1ccccc1)c1ccc(N2CCN(C(=O)c3ccccc3C(F)(F)F)CC2)nn1,1.0,train,../data/images/balanced_scaffold_seed99_Caco2/1299.png
1300.0,CCO[C@@H]1Cc2cc(C(F)(F)F)ccc2[C@H]1N1CCN(C2(C)CCN(C(=O)c3c(C)ncnc3C)CC2)C[C@@H]1C,1.0,train,../data/images/balanced_scaffold_seed99_Caco2/1300.png
1301.0,O=C(OCc1ccccc1)c1ccccc1-c1ccc(CN2CCC(COC(=O)c3c4n(c5ccccc35)CCCO4)CC2)cc1,0.0,train,../data/images/balanced_scaffold_seed99_Caco2/1301.png
1302.0,Cc1oc(=O)oc1COC(=O)c1ccccc1-c1ccc(CN2CCC(COC(=O)c3c4n(c5ccccc35)CCCO4)CC2)cc1,1.0,train,../data/images/balanced_scaffold_seed99_Caco2/1302.png
1303.0,COc1ncnc(Cn2cc(C(=O)NCC3CC3)c3ncccc32)c1C,1.0,train,../data/images/balanced_scaffold_seed99_Caco2/1303.png
1304.0,Cc1nc(N)sc1-c1ccnc(Nc2ccc(N3CCOCC3)cc2)n1,1.0,train,../data/images/balanced_scaffold_seed99_Caco2/1304.png
1305.0,CC(C)(C)c1ccc2oc(N3CCCN(C(=O)C4CCOCC4)CC3)nc2c1,1.0,train,../data/images/balanced_scaffold_seed99_Caco2/1305.png
1306.0,O=C(NCCO)c1ccc(O)cc1OC[C@@H](O)CN1CCC2(CC1)Cc1cc(Cl)ccc1O2,0.0,train,../data/images/balanced_scaffold_seed99_Caco2/1306.png
1307.0,CNC(=O)c1ccc(O)cc1OC[C@@H](O)CN1CCC2(CC1)Cc1cc(F)ccc1O2,1.0,train,../data/images/balanced_scaffold_seed99_Caco2/1307.png
1308.0,CC(=O)Nc1ccc(O)cc1OC[C@@H](N)CN1CCC2(CC1)Cc1cc(Cl)ccc1O2,0.0,train,../data/images/balanced_scaffold_seed99_Caco2/1308.png
1309.0,CC(=O)Nc1ccc(F)cc1OC[C@@H](O)CN1CCC2(CC1)Cc1cc(Cl)ccc1O2,1.0,train,../data/images/balanced_scaffold_seed99_Caco2/1309.png
1310.0,CNC(=O)Nc1ccc(O)cc1OC[C@@H](O)CN1CCC2(CC1)Cc1cc(F)ccc1O2,0.0,train,../data/images/balanced_scaffold_seed99_Caco2/1310.png
1311.0,CC(=O)Nc1ccc(O)cc1OC[C@@H](O)CN1CCC2(CC1)Cc1cc(F)ccc1O2,0.0,train,../data/images/balanced_scaffold_seed99_Caco2/1311.png
1312.0,CNC(=O)Nc1ccc(O)cc1OC[C@@H](O)CN1CCC2(CC1)Cc1cc(Cl)ccc1O2,1.0,train,../data/images/balanced_scaffold_seed99_Caco2/1312.png
1313.0,CC(=O)Nc1ccccc1OC[C@@H](O)CN1CCC2(CC1)Cc1cc(F)ccc1O2,1.0,train,../data/images/balanced_scaffold_seed99_Caco2/1313.png
1314.0,CC(=O)Nc1ccc(O)cc1OC[C@@H](N)CN1CCC2(CC1)Cc1ccccc1O2,0.0,train,../data/images/balanced_scaffold_seed99_Caco2/1314.png
1315.0,CNC(=O)c1ccc(O)cc1OC[C@@H](O)CN1CCC2(CC1)Cc1cc(Cl)ccc1O2,1.0,train,../data/images/balanced_scaffold_seed99_Caco2/1315.png
1316.0,NC(=O)Nc1ccc(F)cc1OC[C@@H](O)CN1CCC2(CC1)Cc1cc(Cl)ccc1O2,1.0,train,../data/images/balanced_scaffold_seed99_Caco2/1316.png
1317.0,CC(=O)Nc1ccc(O)cc1OC[C@@H](N)CN1CCC2(CC1)Cc1cc(F)ccc1O2,0.0,train,../data/images/balanced_scaffold_seed99_Caco2/1317.png
1318.0,NC(=O)Nc1ccc(O)cc1OC[C@@H](O)CN1CCC2(CC1)Cc1cc(Cl)ccc1O2,0.0,train,../data/images/balanced_scaffold_seed99_Caco2/1318.png
1319.0,CC(=O)Nc1ccc(O)cc1OC[C@@H](O)CN1CCC2(CC1)Cc1cc(Cl)ccc1O2,1.0,train,../data/images/balanced_scaffold_seed99_Caco2/1319.png
1320.0,CC(=O)Nc1ccc(F)cc1OC[C@@H](O)CN1CCC2(CC1)Cc1cc(F)ccc1O2,1.0,train,../data/images/balanced_scaffold_seed99_Caco2/1320.png
1321.0,NC(=O)Nc1ccccc1OC[C@@H](O)CN1CCC2(CC1)Cc1cc(Cl)ccc1O2,1.0,train,../data/images/balanced_scaffold_seed99_Caco2/1321.png
1322.0,CC(=O)Nc1ccccc1OC[C@@H](O)CN1CCC2(CC1)Cc1cc(Cl)ccc1O2,1.0,train,../data/images/balanced_scaffold_seed99_Caco2/1322.png
1323.0,COc1ccc(NC(C)=O)c(OC[C@@H](O)CN2CCC3(CC2)Cc2cc(Cl)ccc2O3)c1,1.0,train,../data/images/balanced_scaffold_seed99_Caco2/1323.png
1324.0,CS(=O)(=O)Nc1ccc2c(c1)S(=O)(=O)NC(C1=C(O)[C@@H]3CCC[C@@H]3N(Cc3ccc(F)cc3)C1=O)=N2,0.0,train,../data/images/balanced_scaffold_seed99_Caco2/1324.png
1325.0,CCN1CCN(S(=O)(=O)c2cnc(OCCOC)c(-c3nc4c5n(nc4c(=O)[nH]3)CCCC5C)c2)CC1,1.0,train,../data/images/balanced_scaffold_seed99_Caco2/1325.png
1326.0,CN1C(=O)NC(=O)[C@]12Cc1ccc(NC(=O)Cn3c(=O)n(-c4cnccn4)c4ccccc43)cc1C2,1.0,train,../data/images/balanced_scaffold_seed99_Caco2/1326.png
1327.0,O=c1ccn(CCO)c(Cc2ccccc2O)c1O,0.0,train,../data/images/balanced_scaffold_seed99_Caco2/1327.png
1328.0,O=C(Nc1ccccc1OC[C@@H](O)CN1CCC2(CC1)Cc1cc(Cl)ccc1O2)N1CCCC1,0.0,train,../data/images/balanced_scaffold_seed99_Caco2/1328.png
1329.0,O=C(CCCN1CCC(O)(c2ccc(Cl)cc2)CC1)c1ccc(F)cc1,1.0,train,../data/images/balanced_scaffold_seed99_Caco2/1329.png
1330.0,COc1ccc(NC(=O)c2ccc(Cn3ccnn3)c3ccccc23)c(C(=O)NCC2CCC2)n1,0.0,train,../data/images/balanced_scaffold_seed99_Caco2/1330.png
1331.0,COCCCn1c(=O)nc(-c2ccc(N3CCN(C4CC4)CC3)cc2)c2oc3ccc(Cl)cc3c21,1.0,train,../data/images/balanced_scaffold_seed99_Caco2/1331.png
1332.0,Cc1ccc(-c2ncc(Cl)cc2-c2ccc(S(C)(=O)=O)cc2)cn1,1.0,train,../data/images/balanced_scaffold_seed99_Caco2/1332.png
1333.0,CN(C)CCNC(=O)c1oc2cnccc2c1Nc1ccc2c(c1)CC/C2=N\O,1.0,train,../data/images/balanced_scaffold_seed99_Caco2/1333.png
1334.0,COc1ccccc1Oc1cccc(CN2CCC(NC(=O)C3(c4ccccc4)CCNCC3)CC2)c1,1.0,train,../data/images/balanced_scaffold_seed99_Caco2/1334.png
1335.0,CCN1CCC(C(=O)NC2(C(=O)O)CCN(Cc3cccc(Oc4ccccc4Cl)c3)CC2)(c2ccccc2)CC1,1.0,train,../data/images/balanced_scaffold_seed99_Caco2/1335.png
1336.0,COC(=O)N(C)c1cc2c(NCc3ccc(OC)c(Cl)c3)ncnc2c(CCO)c1OC,1.0,train,../data/images/balanced_scaffold_seed99_Caco2/1336.png
1337.0,CCC(=O)Nc1cc2c(NCc3ccc(OC)c(Cl)c3)ncnc2c(CCO)c1OC,1.0,train,../data/images/balanced_scaffold_seed99_Caco2/1337.png
1338.0,CCC(=O)N(C)c1cc2c(NCc3ccc(OC)c(Cl)c3)ncnc2c(CCO)c1OC,1.0,train,../data/images/balanced_scaffold_seed99_Caco2/1338.png
1339.0,COc1ccc(CNc2ncnc3c(CCO)c(OC)c(NC(C)=O)cc23)cc1Cl,1.0,train,../data/images/balanced_scaffold_seed99_Caco2/1339.png
1340.0,CN(C(=O)COc1ccccc1)c1ccc(C(O)(C(F)(F)F)C(F)(F)F)cc1,1.0,train,../data/images/balanced_scaffold_seed99_Caco2/1340.png
1341.0,CNc1oc(-c2cccc3ccccc23)nc1C#N,0.0,train,../data/images/balanced_scaffold_seed99_Caco2/1341.png
1342.0,Cn1c(-c2cnccn2)c(C2CCCC2)c2ccc(C(=O)NC3(C(=O)Nc4ccc(/C=C/C(=O)O)cc4)CCC3)cc21,1.0,train,../data/images/balanced_scaffold_seed99_Caco2/1342.png
1343.0,C[C@H](NC(=O)C(=O)Nc1ccccc1C(C)(C)C)C1=N[C@H]2CC(=O)O[C@@]2(COc2c(F)c(F)cc(F)c2F)O1,0.0,train,../data/images/balanced_scaffold_seed99_Caco2/1343.png
1344.0,CN(Cc1c2c(=O)n(-c3ccccc3Cl)[nH]c2cc(=O)n1Cc1ccncc1)c1ccccc1,0.0,train,../data/images/balanced_scaffold_seed99_Caco2/1344.png
1345.0,Cc1cc(COc2ccc(C(=O)N[C@@H]3CN(C(C)(C)C)CC[C@@H]3C(=O)NO)cc2)c2ccccc2n1,0.0,train,../data/images/balanced_scaffold_seed99_Caco2/1345.png
1346.0,Cc1cc(COc2ccc(C(=O)N[C@@H]3CNCC[C@@H]3C(=O)NO)cc2)c2ccccc2n1,0.0,train,../data/images/balanced_scaffold_seed99_Caco2/1346.png
1347.0,Cc1cc(COc2ccc(C(=O)N[C@@H]3CN(CCN(C)C)CC[C@@H]3C(=O)NO)cc2)c2ccccc2n1,0.0,train,../data/images/balanced_scaffold_seed99_Caco2/1347.png
1348.0,O=C(NCCN1CCOCC1)c1cc(Oc2ccc3sc(Nc4ccc(Br)cc4)nc3c2)ccn1,1.0,train,../data/images/balanced_scaffold_seed99_Caco2/1348.png
1349.0,O=C(CCC1=CCN(CCCc2ccccc2)C1=O)NO,1.0,train,../data/images/balanced_scaffold_seed99_Caco2/1349.png
1350.0,C[C@@H]1O[C@@H](O[C@H]2C[C@@H](O)[C@@]3(CO)[C@H]4[C@H](O)C[C@]5(C)[C@@H](C6=CC(=O)OC6)CC[C@]5(O)[C@@H]4CC[C@]3(O)C2)[C@H](O)[C@H](O)[C@H]1O,0.0,train,../data/images/balanced_scaffold_seed99_Caco2/1350.png
1351.0,CC[C@H](C)[C@H](NC(=O)[C@H](CO)NC(=O)[C@H](CC(N)=O)NC(=O)[C@H](CC(C)C)NC(=O)[C@H](Cc1ccc(O)cc1)NC(=O)[C@H](CCCCN)NC(=O)[C@H](CCCCN)NC(=O)[C@@H](NC(=O)[C@H](C)NC(=O)[C@H](CCSC)NC(=O)[C@H](CCC(N)=O)NC(=O)[C@H](CCCCN)NC(=O)[C@H](CCCN=C(N)N)NC(=O)[C@H](CC(C)C)NC(=O)[C@H](CCCN=C(N)N)NC(=O)[C@@H](NC(=O)[C@H](Cc1ccc(O)cc1)NC(=O)[C@H](CC(N)=O)NC(=O)[C@H](CC(=O)O)NC(=O)[C@@H](NC(=O)[C@H](Cc1ccccc1)NC(=O)[C@@H](NC(=O)[C@H](C)NC(=O)[C@H](CC(=O)O)NC(=O)[C@H](CO)NC(=O)[C@@H](N)Cc1c[nH]cn1)C(C)C)[C@@H](C)O)[C@@H](C)O)C(C)C)C(=O)N[C@@H](CC(C)C)C(=O)N[C@@H](CC(N)=O)C(=O)O,0.0,train,../data/images/balanced_scaffold_seed99_Caco2/1351.png
1352.0,Cc1ccc(-c2nn(Cc3ccccc3)c(=O)c(C3=CS(=O)(=O)c4ccccc4N3)c2O)s1,0.0,train,../data/images/balanced_scaffold_seed99_Caco2/1352.png
1353.0,CSc1nc2ccccc2n1Cc1ccc(C(=O)N[C@@H]2CNC[C@@H]2C(=O)NO)cc1,0.0,train,../data/images/balanced_scaffold_seed99_Caco2/1353.png
1354.0,CC(C)c1nc2ccccc2n1Cc1ccc(C(=O)N[C@@H]2CNC[C@@H]2C(=O)NO)cc1,0.0,train,../data/images/balanced_scaffold_seed99_Caco2/1354.png
1355.0,C#CCN1C[C@H](C(=O)NO)[C@H](NC(=O)c2ccc(Cn3c(C(C)C)nc4ccccc43)cc2)C1,0.0,train,../data/images/balanced_scaffold_seed99_Caco2/1355.png
1356.0,Cc1nc2ccccc2n1Cc1ccc(C(=O)N[C@@H]2CN(C(=O)OC(C)(C)C)C[C@@H]2C(=O)NO)cc1,0.0,train,../data/images/balanced_scaffold_seed99_Caco2/1356.png
1357.0,CC(C)c1nc2ccccc2n1Cc1ccc(C(=O)N[C@@H]2CN(C(=O)OC(C)(C)C)C[C@@H]2C(=O)NO)cc1,0.0,train,../data/images/balanced_scaffold_seed99_Caco2/1357.png
1358.0,Cc1nc2ccccc2n1Cc1ccc(C(=O)N[C@@H]2CNC[C@@H]2C(=O)NO)cc1,0.0,train,../data/images/balanced_scaffold_seed99_Caco2/1358.png
1359.0,C#CCN1C[C@H](C(=O)NO)[C@H](NC(=O)c2ccc(Cn3c(C(C)(C)C)nc4ccccc43)cc2)C1,0.0,train,../data/images/balanced_scaffold_seed99_Caco2/1359.png
1360.0,CSc1nc2ccccc2n1Cc1ccc(C(=O)N[C@@H]2CN(C(=O)OC(C)(C)C)C[C@@H]2C(=O)NO)cc1,0.0,train,../data/images/balanced_scaffold_seed99_Caco2/1360.png
1361.0,COc1ccccc1CC(c1ccccc1)N1CCNCC1,1.0,train,../data/images/balanced_scaffold_seed99_Caco2/1361.png
1362.0,CCOc1ccccc1C[C@H](c1ccccc1)N1CCNCC1,1.0,train,../data/images/balanced_scaffold_seed99_Caco2/1362.png
1363.0,Cc1nnc(-c2ccc(C)c(-c3ccc4c(c3)NC(=O)C43CCN(S(C)(=O)=O)CC3)c2)[nH]1,0.0,train,../data/images/balanced_scaffold_seed99_Caco2/1363.png
1364.0,O=C1COc2ccc(CN[C@H]3CCN(CCn4c(=O)ccc5ncc(F)cc54)C[C@H]3F)nc2N1,1.0,train,../data/images/balanced_scaffold_seed99_Caco2/1364.png
1365.0,O=C1COc2ccc(CN[C@@H]3CCN(CCn4c(=O)ccc5ncc(F)cc54)C[C@@H]3F)nc2N1,0.0,train,../data/images/balanced_scaffold_seed99_Caco2/1365.png
1366.0,COc1cnc2ccc(=O)n(CCN3CC[C@H](NCc4ccc5c(n4)NC(=O)CO5)[C@H](F)C3)c2c1,0.0,train,../data/images/balanced_scaffold_seed99_Caco2/1366.png
1367.0,COc1cnc2ccc(=O)n(CCN3CC[C@@H](NCc4ccc5c(n4)NC(=O)CO5)[C@@H](F)C3)c2c1,0.0,train,../data/images/balanced_scaffold_seed99_Caco2/1367.png
1368.0,Cn1c2nc(=O)[nH]c(=O)c-2cc2ccccc21,1.0,train,../data/images/balanced_scaffold_seed99_Caco2/1368.png
1369.0,Cc1cc(Cc2cccc(C(=O)N[C@@H]3COC[C@@H]3C(=O)NO)c2)c2ccccc2n1,0.0,train,../data/images/balanced_scaffold_seed99_Caco2/1369.png
1370.0,CC(=O)N1C[C@@H](Oc2cccc(F)c2)C[C@@H]1C(=O)N1CCCN(C2CCC2)CC1,1.0,train,../data/images/balanced_scaffold_seed99_Caco2/1370.png
1371.0,CC(=O)NC[C@H]1CN(c2ccc(N3CCS(=O)CC3)c(F)c2)C(=O)O1,0.0,train,../data/images/balanced_scaffold_seed99_Caco2/1371.png
1372.0,CC(=S)NC[C@H]1CN(c2ccc(N3CCS(=O)CC3)c(F)c2)C(=O)O1,0.0,train,../data/images/balanced_scaffold_seed99_Caco2/1372.png
1373.0,O=C([O-])c1ccc(-c2ccc(Cl)c(O[C@H]3O[C@H](CO)[C@@H](O)[C@H](O)[C@@H]3O)c2)cc1,0.0,train,../data/images/balanced_scaffold_seed99_Caco2/1373.png
1374.0,COC(=O)c1ccc(-c2ccc(Cl)c(O[C@H]3O[C@H](CO)[C@@H](O)[C@H](O)[C@@H]3O)c2)cc1,0.0,train,../data/images/balanced_scaffold_seed99_Caco2/1374.png
1375.0,COC(=O)c1ccc(-c2cccc(O[C@H]3O[C@H](CO)[C@@H](O)[C@H](O)[C@@H]3O)c2)cc1,0.0,train,../data/images/balanced_scaffold_seed99_Caco2/1375.png
1376.0,CN1/C(=C(\O)Nc2ccccn2)C(=O)c2sccc2S1(=O)=O,1.0,train,../data/images/balanced_scaffold_seed99_Caco2/1376.png
1377.0,Cn1cnc(S(=O)(=O)N(CCN(Cc2cncn2C)c2ccc(C#N)cc2)Cc2ccccn2)c1,0.0,train,../data/images/balanced_scaffold_seed99_Caco2/1377.png
1378.0,Cc1cc(COc2ccc(C(=O)NC3(CC(=O)NO)CCN(C(C)(C)C)CC3)cc2)c2ccccc2n1,0.0,train,../data/images/balanced_scaffold_seed99_Caco2/1378.png
1379.0,CCN1CCC(CC(=O)NO)(NC(=O)c2ccc(OCc3cc(C)nc4ccccc34)cc2)CC1,0.0,train,../data/images/balanced_scaffold_seed99_Caco2/1379.png
1380.0,Cc1cc(COc2ccc(C(=O)NC3(CC(=O)NO)CCN(C(=O)CC(C)(C)C)CC3)cc2)c2ccccc2n1,0.0,train,../data/images/balanced_scaffold_seed99_Caco2/1380.png
1381.0,CCS(=O)(=O)CCN1CCC(CC(=O)NO)(NC(=O)c2ccc(OCc3cc(C)nc4ccccc34)cc2)CC1,0.0,train,../data/images/balanced_scaffold_seed99_Caco2/1381.png
1382.0,Cc1cc(COc2ccc(C(=O)NC3(CC(=O)NO)CCNCC3)cc2)c2ccccc2n1,0.0,train,../data/images/balanced_scaffold_seed99_Caco2/1382.png
1383.0,Cc1cc(COc2ccc(C(=O)NC3(CC(=O)NO)CCN(CCF)CC3)cc2)c2ccccc2n1,0.0,train,../data/images/balanced_scaffold_seed99_Caco2/1383.png
1384.0,Cc1cc(COc2ccc(C(=O)N[C@@H]3CCNC[C@@H]3C(=O)NO)cc2)c2ccccc2n1,0.0,train,../data/images/balanced_scaffold_seed99_Caco2/1384.png
1385.0,Cc1cc(COc2ccc(C(=O)NC3(CC(=O)NO)CCN(C(=O)OC(C)(C)C)CC3)cc2)c2ccccc2n1,1.0,train,../data/images/balanced_scaffold_seed99_Caco2/1385.png
1386.0,CCC(=O)N1CCC(CC(=O)NO)(NC(=O)c2ccc(OCc3cc(C)nc4ccccc34)cc2)CC1,0.0,train,../data/images/balanced_scaffold_seed99_Caco2/1386.png
1387.0,C#CC(C)(C)N1CCC(CC(=O)NO)(NC(=O)c2ccc(OCc3cc(C)nc4ccccc34)cc2)CC1,0.0,train,../data/images/balanced_scaffold_seed99_Caco2/1387.png
1388.0,Cc1cc(COc2ccc(C(=O)NC3(CC(=O)NO)CCN(C)CC3)cc2)c2ccccc2n1,0.0,train,../data/images/balanced_scaffold_seed99_Caco2/1388.png
1389.0,Cc1cc(COc2ccc(C(=O)NC3(CC(=O)NO)CCN(C(=O)C(C)(C)C)CC3)cc2)c2ccccc2n1,0.0,train,../data/images/balanced_scaffold_seed99_Caco2/1389.png
1390.0,Cc1cc(COc2ccc(C(=O)NC3(CC(=O)NO)CCN(C(=O)CC(C)C)CC3)cc2)c2ccccc2n1,0.0,train,../data/images/balanced_scaffold_seed99_Caco2/1390.png
1391.0,CCCN1CCC(CC(=O)NO)(NC(=O)c2ccc(OCc3cc(C)nc4ccccc34)cc2)CC1,0.0,train,../data/images/balanced_scaffold_seed99_Caco2/1391.png
1392.0,CC(=O)N1CCC(CC(=O)NO)(NC(=O)c2ccc(OCc3cc(C)nc4ccccc34)cc2)CC1,0.0,train,../data/images/balanced_scaffold_seed99_Caco2/1392.png
1393.0,Cc1cc(COc2ccc(C(=O)NC3(CC(=O)NO)CCN(C(=O)C(C)C)CC3)cc2)c2ccccc2n1,0.0,train,../data/images/balanced_scaffold_seed99_Caco2/1393.png
1394.0,Cc1cc(COc2ccc(C(=O)NC3(CC(=O)NO)CCN(CC(C)(C)C)CC3)cc2)c2ccccc2n1,0.0,train,../data/images/balanced_scaffold_seed99_Caco2/1394.png
1395.0,Cc1cc(COc2ccc(C(=O)NC3(CC(=O)NO)CCN(CCS(C)(=O)=O)CC3)cc2)c2ccccc2n1,0.0,train,../data/images/balanced_scaffold_seed99_Caco2/1395.png
1396.0,Cc1c(CN(CCc2ccccn2)C2CCN(C(=O)c3c(F)cccc3F)CC2)c(=O)n(-c2ccc(F)cc2)n1C,0.0,train,../data/images/balanced_scaffold_seed99_Caco2/1396.png
1397.0,NC(=O)n1c(O)c(C(=O)c2cccs2)c2cc(Cl)ccc21,1.0,train,../data/images/balanced_scaffold_seed99_Caco2/1397.png
1398.0,CC[C@H]1C[C@@H](n2c(=O)nc(-c3cnn(C)c3)c3oc4cnc(-c5cnn(C)c5)cc4c32)CCO1,1.0,train,../data/images/balanced_scaffold_seed99_Caco2/1398.png
1399.0,CO[C@H]1C(=O)[C@]2(C)[C@@H](OC)C[C@H]3OC[C@@]3(OC(C)=O)[C@H]2[C@H](OC(=O)c2ccccc2)[C@]23OC(=O)O[C@H]2[C@H](OC(=O)[C@H](O)[C@@H](NC(=O)c2ccccc2)c2ccccc2)C(C)=C1C3(C)C,0.0,train,../data/images/balanced_scaffold_seed99_Caco2/1399.png
1400.0,CN(C)Cc1ccccc1-c1ccc(-c2ccc3c(C(N)=O)nn(-c4ccc5onc(N)c5c4)c3c2F)c(F)c1,0.0,train,../data/images/balanced_scaffold_seed99_Caco2/1400.png
1401.0,COc1c(/C=C/c2ccc(NS(C)(=O)=O)cc2)cc(-c2ccc[nH]c2=O)cc1C1(C)COC1,0.0,train,../data/images/balanced_scaffold_seed99_Caco2/1401.png
1402.0,CCOC(=O)CNC(=O)/C=C/c1oc2ccc(Cl)c(Oc3ccncc3C(=O)N3CCN(C4CC4)c4ccccc43)c2c1C,0.0,train,../data/images/balanced_scaffold_seed99_Caco2/1402.png
1403.0,CCOC(=O)c1cc(C#N)c(N2CCC(NC(=O)NS(=O)(=O)c3ccc(Cl)cc3)CC2)nc1C,1.0,train,../data/images/balanced_scaffold_seed99_Caco2/1403.png
1404.0,CN1CCN(Cc2ccccc2-c2ccc(NC(=O)c3cc(C(F)(F)F)nn3-c3ccc4onc(N)c4c3)c(F)c2)CC1,0.0,train,../data/images/balanced_scaffold_seed99_Caco2/1404.png
1405.0,CC1(C)NC(=O)Cn2c1nc(-c1ccc(F)cc1)c2Nc1ccc(F)c(Cl)c1,0.0,train,../data/images/balanced_scaffold_seed99_Caco2/1405.png
1406.0,Cc1ccc(Nc2c(-c3ccc(F)cc3)nc3n2CC(=O)NC3)cc1,1.0,train,../data/images/balanced_scaffold_seed99_Caco2/1406.png
1407.0,CNC(=C[N+](=O)[O-])NCCSCc1ccc(CN(C)C)o1,0.0,train,../data/images/balanced_scaffold_seed99_Caco2/1407.png
1408.0,C=Cc1cc(C(NC(=O)OC(C)(C)C)C(=O)Nc2ccccc2C(=O)NS(=O)(=O)c2ccc(C(F)(F)F)cc2)ccc1Oc1cc(OC)nc(-c2ccccc2)n1,0.0,train,../data/images/balanced_scaffold_seed99_Caco2/1408.png
1409.0,CC/C=C(\C(=O)N[C@H]1C(=O)N2C(C(=O)O)=C(COC(N)=O)CS[C@@H]12)c1csc(N)n1,0.0,train,../data/images/balanced_scaffold_seed99_Caco2/1409.png
1410.0,CC/C=C(\C(=O)N[C@H]1C(=O)N2C(C(=O)OCOC(=O)C(C)(C)C)=C(COC(N)=O)CS[C@@H]12)c1csc(N)n1,0.0,train,../data/images/balanced_scaffold_seed99_Caco2/1410.png
1411.0,Nc1nc(/C(=C\CC(=O)O)C(=O)NC2C(=O)N3C(C(=O)O)=CCSC23)cs1,0.0,train,../data/images/balanced_scaffold_seed99_Caco2/1411.png
1412.0,c1cnc2ccc(Cn3nnc4ncc(-c5cnn(C6CCNCC6)c5)nc43)cc2c1,0.0,train,../data/images/balanced_scaffold_seed99_Caco2/1412.png
1413.0,Cc1[nH]n(-c2nc3ccccc3[nH]2)c(=O)c1-c1ccccc1,1.0,train,../data/images/balanced_scaffold_seed99_Caco2/1413.png
1414.0,CCN1C(=O)c2ccccc2[S+]([O-])c2ccc(C(=O)NCc3ccc(OC)cc3)cc21,1.0,train,../data/images/balanced_scaffold_seed99_Caco2/1414.png
1415.0,C=CCCCS(=O)(=O)NC(=O)c1ccccc1NC(=O)[C@@H](NC(=O)OC(C)(C)C)c1ccc(Oc2cc(OC)nc(-c3ccccc3)n2)c(C=C)c1,0.0,train,../data/images/balanced_scaffold_seed99_Caco2/1415.png
1416.0,CCc1cnc(-c2ccc(C)cc2NC(=O)O[C@@H]2C[C@H]3C(=O)N[C@]4(C(=O)NS(=O)(=O)C5CC5)C[C@H]4/C=C\CCCCN(C)C(=O)[C@@H]3C2)s1,1.0,train,../data/images/balanced_scaffold_seed99_Caco2/1416.png
1417.0,COC(=O)N1CCC(CN2CCC(CNC(=O)c3cccc4[nH]c(C(C)C)nc34)CC2)CC1,1.0,train,../data/images/balanced_scaffold_seed99_Caco2/1417.png
1418.0,CC(=O)N1CCC(CN2CCC(CNC(=O)c3cccc4[nH]c(C(C)C)nc34)CC2)CC1,0.0,train,../data/images/balanced_scaffold_seed99_Caco2/1418.png
1419.0,CC(C)c1nc2c(C(=O)NCC3CCN(CC4CCN(S(C)(=O)=O)CC4)CC3)cccc2[nH]1,0.0,train,../data/images/balanced_scaffold_seed99_Caco2/1419.png
1420.0,CN1CCC(c2cn(-c3ccc(F)cc3)c3ccc(-c4cncnc4)cc23)CC1,1.0,train,../data/images/balanced_scaffold_seed99_Caco2/1420.png
1421.0,Nc1noc2ccc(-n3nc(C(F)(F)F)cc3C(=O)Nc3ccc(-c4ccccc4C[n+]4ccccc4)cc3F)cc12,0.0,train,../data/images/balanced_scaffold_seed99_Caco2/1421.png
1422.0,Cc1ncnc(C)c1C(=O)N1CCC(C)(N2CCC(N3C(=O)N(C4CCOCC4)C[C@H]3c3ccccc3)CC2)CC1,0.0,train,../data/images/balanced_scaffold_seed99_Caco2/1422.png
1423.0,CSc1nn(-c2ccccc2)c2cc(NC(=O)C3CCNCC3)ccc12,0.0,train,../data/images/balanced_scaffold_seed99_Caco2/1423.png
1424.0,CN(c1ccc(Cl)cc1)S(=O)(=O)c1cccc(NC(=O)c2ccc(C#N)cc2)c1,1.0,train,../data/images/balanced_scaffold_seed99_Caco2/1424.png
1425.0,CC(C)C[C@H](NC(=O)[C@H](Cc1ccc(OP(=O)(O)O)cc1)NC(=O)c1ccc(C#N)cc1)C(=O)Nc1ccc(C(=O)NCc2ccccc2)c(-c2ccc(C(N)=O)cc2)c1,0.0,train,../data/images/balanced_scaffold_seed99_Caco2/1425.png
1426.0,CC(C)C[C@H](NC(=O)[C@H](Cc1ccc(O)cc1)NC(=O)c1ccc(C#N)cc1)C(=O)Nc1ccc(C(=O)NCc2ccccc2)c(-c2ccc(C(N)=O)cc2)c1,0.0,train,../data/images/balanced_scaffold_seed99_Caco2/1426.png
1427.0,CCOC(=O)c1cnc(N2CCC(C(=O)NS(=O)(=O)c3ccc(Cl)s3)CC2)c(Cl)c1,1.0,train,../data/images/balanced_scaffold_seed99_Caco2/1427.png
1428.0,CCOC(=O)c1cc(C#N)c(N2CCC(C(=O)NS(=O)(=O)c3ccc(Cl)s3)CC2)nc1C,0.0,train,../data/images/balanced_scaffold_seed99_Caco2/1428.png
1429.0,C[C@H]1[C@@H](OC(=O)CCC(=O)O)O[C@@H]2OC3(C)CC[C@H]4[C@H](C)CC[C@@H]1[C@@]24OO3,0.0,train,../data/images/balanced_scaffold_seed99_Caco2/1429.png
1430.0,Cc1nnc2n1-c1ccc(Cl)cc1C(c1ccccc1)=NC2,1.0,train,../data/images/balanced_scaffold_seed99_Caco2/1430.png
1431.0,C=CC1C[C@]1(NC(=O)[C@@H]1C[C@@H](Oc2cc(-c3csc(NC(C)C)n3)nc3cc(OC)ccc23)CN1C(=O)[C@@H](NC(=O)OC1CCCC1)C(C)(C)C)P(=O)(O)O,0.0,train,../data/images/balanced_scaffold_seed99_Caco2/1431.png
1432.0,C=C[C@@H]1C[C@]1(NC(=O)[C@@H]1C[C@@H](Oc2cc(-c3csc(NC(C)C)n3)nc3c(Br)c(OC)ccc23)CN1C(=O)[C@@H](NC(=O)OC1CCCC1)C(C)(C)C)C(=O)O,0.0,train,../data/images/balanced_scaffold_seed99_Caco2/1432.png
1433.0,C=C[C@@H]1C[C@]1(NC(=O)[C@@H]1C[C@@H](Oc2cc(-c3csc(NC(=O)C(C)C)n3)nc3c(Br)c(OC)ccc23)CN1C(=O)[C@@H](NC(=O)OC1CCCC1)C(C)(C)C)C(=O)O,1.0,train,../data/images/balanced_scaffold_seed99_Caco2/1433.png
1434.0,Cc1ccnc(C)c1C(=O)N1C[C@H]2CN(CC[C@H](NC(=O)C3CCCC3)c3ccccc3)C[C@H]2C1,0.0,train,../data/images/balanced_scaffold_seed99_Caco2/1434.png
1435.0,Cc1cc(C#N)nc(C)c1C(=O)N1C[C@H]2CN(CC[C@H](NC(=O)C3CCCC3)c3ccccc3)C[C@H]2C1,0.0,train,../data/images/balanced_scaffold_seed99_Caco2/1435.png
1436.0,CC[C@H]1C[C@@H](n2c(=O)nc(-c3cnn(C)c3)c3oc4cnc(-c5cn(C)cn5)cc4c32)CCO1,0.0,train,../data/images/balanced_scaffold_seed99_Caco2/1436.png
1437.0,CC1Cc2cc(S(=O)(=O)c3ccc4c(c3)OCCO4)ccc2N1S(C)(=O)=O,1.0,train,../data/images/balanced_scaffold_seed99_Caco2/1437.png
1438.0,CS(=O)(=O)N1CCc2cc(S(=O)(=O)c3ccc4c(c3)OCCO4)ccc21,1.0,train,../data/images/balanced_scaffold_seed99_Caco2/1438.png
1439.0,CN1CCN(C[C@@H](NC(=O)C[C@H]2CNC(=O)c3cc(-c4ccnc(F)c4)cn32)C2CCCCC2)CC1,0.0,train,../data/images/balanced_scaffold_seed99_Caco2/1439.png
1440.0,CN1C(=O)CN(CCC(=O)O)C(=O)c2cc(NCc3ccc(C(=N)N)cc3)ccc21,0.0,train,../data/images/balanced_scaffold_seed99_Caco2/1440.png
1441.0,CCOC(=O)CCN1CC(=O)N(C)c2ccc(NCc3ccc(C(=N)N)cc3)cc2C1=O,0.0,train,../data/images/balanced_scaffold_seed99_Caco2/1441.png
1442.0,O=C(CCC1=CCCN(CCCc2ccccc2)C1=O)NO,1.0,train,../data/images/balanced_scaffold_seed99_Caco2/1442.png
1443.0,CC(C)(C)c1ccc(CCCN2CCC=C(CCC(=O)NO)C2=O)cc1,1.0,train,../data/images/balanced_scaffold_seed99_Caco2/1443.png
1444.0,CC1(C)C=Cc2c(ccc3c2OC[C@@H](c2ccc(O)cc2O)C3)O1,1.0,train,../data/images/balanced_scaffold_seed99_Caco2/1444.png
1445.0,Nc1ncnc2c1C(=O)N(c1ccc(-c3ccc(Cn4cccnc4=O)cc3Cl)cc1)CCO2,0.0,train,../data/images/balanced_scaffold_seed99_Caco2/1445.png
1446.0,CN(c1ccc2c(c1)S(=O)(=O)N=C(c1c(O)c3cccn3n(Cc3ccc(F)cc3)c1=O)N2)S(C)(=O)=O,0.0,train,../data/images/balanced_scaffold_seed99_Caco2/1446.png
1447.0,c1ccc(Cn2nnnc2C(c2ccc(-n3cncn3)cc2)N2CCCN(C3CCC3)CC2)cc1,1.0,train,../data/images/balanced_scaffold_seed99_Caco2/1447.png
1448.0,COc1ccc(-c2cc(=O)c3c(OC)cc(OC)cc3o2)cc1,1.0,train,../data/images/balanced_scaffold_seed99_Caco2/1448.png
1449.0,COc1ccc(-c2oc3cc(O)cc(O)c3c(=O)c2O)cc1,0.0,train,../data/images/balanced_scaffold_seed99_Caco2/1449.png
1450.0,O=c1cc(-c2ccccc2)oc2cc(O)c(O)c(O)c12,0.0,train,../data/images/balanced_scaffold_seed99_Caco2/1450.png
1451.0,COc1ccc2c(=O)cc(-c3ccccc3)oc2c1,1.0,train,../data/images/balanced_scaffold_seed99_Caco2/1451.png
1452.0,O=c1cc(-c2ccccc2)oc2ccccc12,1.0,train,../data/images/balanced_scaffold_seed99_Caco2/1452.png
1453.0,COc1c(O)cc(O)c2c(=O)cc(-c3ccccc3)oc12,1.0,train,../data/images/balanced_scaffold_seed99_Caco2/1453.png
1454.0,COc1ccc(-c2cc(=O)c3ccc(OC)cc3o2)cc1,1.0,train,../data/images/balanced_scaffold_seed99_Caco2/1454.png
1455.0,O=c1cc(-c2ccc(O)cc2)oc2cc(O)ccc12,0.0,train,../data/images/balanced_scaffold_seed99_Caco2/1455.png
1456.0,O=c1cc(-c2ccc(O)cc2)oc2cc(O)cc(O)c12,1.0,train,../data/images/balanced_scaffold_seed99_Caco2/1456.png
1457.0,O=c1cc(-c2ccccc2)oc2cc(O)ccc12,0.0,train,../data/images/balanced_scaffold_seed99_Caco2/1457.png
1458.0,O=c1c(O)c(-c2ccc(O)cc2O)oc2cc(O)cc(O)c12,0.0,train,../data/images/balanced_scaffold_seed99_Caco2/1458.png
1459.0,COc1cc(OC)c2c(=O)cc(-c3ccccc3)oc2c1,1.0,train,../data/images/balanced_scaffold_seed99_Caco2/1459.png
1460.0,COc1ccc(-c2cc(=O)c3c(O)cc(O)cc3o2)cc1O,1.0,train,../data/images/balanced_scaffold_seed99_Caco2/1460.png
1461.0,COc1ccc(-c2cc(=O)c3c(O)cc(O)cc3o2)cc1,1.0,train,../data/images/balanced_scaffold_seed99_Caco2/1461.png
1462.0,COc1ccc(-c2oc3cc(O)cc(O)c3c(=O)c2O)cc1O,1.0,train,../data/images/balanced_scaffold_seed99_Caco2/1462.png
1463.0,COc1ccc(-c2cc(=O)c3c(OC)c(OC)c(OC)c(OC)c3o2)cc1,1.0,train,../data/images/balanced_scaffold_seed99_Caco2/1463.png
1464.0,O=c1c(O)c(-c2ccccc2)oc2cc(O)cc(O)c12,0.0,train,../data/images/balanced_scaffold_seed99_Caco2/1464.png
1465.0,O=c1cc(-c2ccccc2)oc2cc(O)cc(O)c12,1.0,train,../data/images/balanced_scaffold_seed99_Caco2/1465.png
1466.0,CN(c1ccc2c(c1)S(=O)(=O)N=C(C1=C(O)C3CCCN3N(CCC(C)(C)C)C1=O)N2)S(C)(=O)=O,0.0,train,../data/images/balanced_scaffold_seed99_Caco2/1466.png
1467.0,CC(C)CCN1C(=O)C(C2=NS(=O)(=O)c3cc(NS(C)(=O)=O)ccc3N2)=C(O)C2CCCN21,0.0,train,../data/images/balanced_scaffold_seed99_Caco2/1467.png
1468.0,CC(C)(C)CCN1C(=O)C(C2=NS(=O)(=O)c3cc(NS(C)(=O)=O)ccc3N2)=C(O)C2(C)CCCN12,0.0,train,../data/images/balanced_scaffold_seed99_Caco2/1468.png
1469.0,CC(C)(C)CCN1C(=O)C(C2=NS(=O)(=O)c3cc(NS(C)(=O)=O)ccc3N2)=C(O)C2CCCN21,0.0,train,../data/images/balanced_scaffold_seed99_Caco2/1469.png
1470.0,COCC[C@H](CC1(C(=O)NCCCc2ccc(Cl)cc2)CCCC1)C(=O)O,1.0,train,../data/images/balanced_scaffold_seed99_Caco2/1470.png
1471.0,COCC[C@H](CC1(C(=O)NCCCc2ccc(F)cc2)CCCC1)C(=O)O,1.0,train,../data/images/balanced_scaffold_seed99_Caco2/1471.png
1472.0,O=C(Nc1ccc(Cl)cc1)c1ccc(N2CCN(C(=O)c3ccccc3C(F)(F)F)CC2)nn1,1.0,train,../data/images/balanced_scaffold_seed99_Caco2/1472.png
1473.0,O=C(Nc1ccccc1)c1ccc(N2CCN(C(=O)c3ccccc3C(F)(F)F)CC2)nn1,1.0,train,../data/images/balanced_scaffold_seed99_Caco2/1473.png
1474.0,Cc1cc(COc2ccc(C(=O)NC3(CC(=O)NO)CCN(C4=NCCS4)CC3)cc2)c2ccccc2n1,0.0,train,../data/images/balanced_scaffold_seed99_Caco2/1474.png
1475.0,C1=C(c2cccnc2)CCc2ccccc21,1.0,train,../data/images/balanced_scaffold_seed99_Caco2/1475.png
1476.0,CCC1=C(c2cccnc2)CCc2ccccc21,1.0,train,../data/images/balanced_scaffold_seed99_Caco2/1476.png
1477.0,CC1=C(c2cccnc2)CCc2ccccc21,0.0,train,../data/images/balanced_scaffold_seed99_Caco2/1477.png
1478.0,COc1ccc2c(c1)CCC(c1cccnc1)=C2,1.0,train,../data/images/balanced_scaffold_seed99_Caco2/1478.png
1479.0,CC1CC(c2cccnc2)=Cc2ccccc21,1.0,train,../data/images/balanced_scaffold_seed99_Caco2/1479.png
1480.0,CC1Cc2ccccc2C=C1c1cccnc1,1.0,train,../data/images/balanced_scaffold_seed99_Caco2/1480.png
1481.0,O=S(=O)(Nc1ccccn1)c1ccc(/N=N/c2ccc(O)cc2)cc1,1.0,train,../data/images/balanced_scaffold_seed99_Caco2/1481.png
1482.0,NC(=O)Cc1cc(/N=N/c2ccc(S(=O)(=O)Nc3ccccn3)cc2)ccc1O,0.0,train,../data/images/balanced_scaffold_seed99_Caco2/1482.png
1483.0,O=C(O)Cc1cc(/N=N/c2ccc(S(=O)(=O)Nc3ccccn3)cc2)ccc1O,0.0,train,../data/images/balanced_scaffold_seed99_Caco2/1483.png
1484.0,CC1(c2cccc(-c3cncnc3)c2)N=C(N)c2ccccc2S1,1.0,train,../data/images/balanced_scaffold_seed99_Caco2/1484.png
1485.0,CCOC(=O)N1CCN(CCCN2[C@@H]3CC[C@H]2C[C@@H](NC(=O)c2cc4ccccc4n(C(C)C)c2=O)C3)CC1,1.0,train,../data/images/balanced_scaffold_seed99_Caco2/1485.png
1486.0,CC(C)n1c(=O)c(C(=O)N[C@H]2C[C@H]3CC[C@@H](C2)N3CC(O)CN2CCN(S(C)(=O)=O)CC2)cc2ccccc21,1.0,train,../data/images/balanced_scaffold_seed99_Caco2/1486.png
1487.0,CC(C)n1c(=O)c(C(=O)N[C@H]2C[C@H]3CC[C@@H](C2)N3C[C@@H](O)CN2CCN(S(C)(=O)=O)CC2)cc2ccccc21,1.0,train,../data/images/balanced_scaffold_seed99_Caco2/1487.png
1488.0,CC(C)n1c(=O)c(C(=O)N[C@H]2C[C@H]3CC[C@@H](C2)N3C[C@H](O)CN2CCN(S(C)(=O)=O)CC2)cc2ccccc21,1.0,train,../data/images/balanced_scaffold_seed99_Caco2/1488.png
1489.0,CC(C)n1c(=O)c(C(=O)N[C@H]2C[C@H]3CC[C@@H](C2)N3CCCN2CCN(S(C)(=O)=O)CC2)cc2ccccc21,1.0,train,../data/images/balanced_scaffold_seed99_Caco2/1489.png
1490.0,COc1ccc(-n2nc(C(N)=O)c3c2C(=O)N(C2CCN(c4ccccc4S(C)(=O)=O)CC2)CC3)cc1,0.0,train,../data/images/balanced_scaffold_seed99_Caco2/1490.png
1491.0,N=C(N)NCCC[C@@H]1NC(=O)[C@@H](Cc2ccccc2)NC(=O)[C@H](Cc2ccccc2)NC(=O)CCCCC(=O)NCCCN(CC(N)=O)C(=O)[C@H](Cc2c[nH]c3ccccc23)NC1=O,1.0,train,../data/images/balanced_scaffold_seed99_Caco2/1491.png
1492.0,O=C1CCCN1CCn1cc(-c2cnc3nnn(Cc4ccc5ncccc5c4)c3n2)cn1,1.0,train,../data/images/balanced_scaffold_seed99_Caco2/1492.png
1493.0,O=C(O)/C=C/c1ccc(NC(=O)C2(NC(=O)c3ccc4c(c3)nc(-c3ccoc3)n4C3CCCCC3)CCCC2)cc1,0.0,train,../data/images/balanced_scaffold_seed99_Caco2/1493.png
1494.0,CCc1cccc2c1NC1C2=CCOC1(CC)CC(=O)O,1.0,train,../data/images/balanced_scaffold_seed99_Caco2/1494.png
1495.0,CC(=O)Nc1cccc(/C(C)=N\NC(=O)c2ccc(CN(Cc3ccccc3)S(=O)(=O)c3ccc(Cl)cc3)cc2)c1,0.0,train,../data/images/balanced_scaffold_seed99_Caco2/1495.png
1496.0,CC[C@@]1(O)C(=O)OCc2c1cc1n(c2=O)Cc2cc3c(CN4CCCC4=O)c(O)ccc3nc2-1,0.0,train,../data/images/balanced_scaffold_seed99_Caco2/1496.png
1497.0,CC1c2cccc(O)c2C(=O)C2=C(O)C3(O)C(=O)C(C(N)=O)=C(O)C(N(C)C)C3C(O)C21,0.0,train,../data/images/balanced_scaffold_seed99_Caco2/1497.png
1498.0,CN(C)[C@@H]1C(O)=C(C(N)=O)C(=O)[C@@]2(O)C(O)=C3C(=O)c4c(O)cccc4[C@@](C)(O)C3CC12,1.0,train,../data/images/balanced_scaffold_seed99_Caco2/1498.png
1499.0,COc1ccc2ccc(=O)n(CCN3CCC(NCc4ccc5c(n4)NC(=O)CO5)CC3)c2n1,0.0,train,../data/images/balanced_scaffold_seed99_Caco2/1499.png
1500.0,CN(c1ccc(Cl)cc1)S(=O)(=O)c1cc(C(=O)Nc2ccc(C#N)cc2F)ccn1,1.0,train,../data/images/balanced_scaffold_seed99_Caco2/1500.png
1501.0,Cc1c(O)c2c(c(C)c1CCO[C@@H]1O[C@H](CO)[C@@H](O)[C@H](O)[C@H]1O)C(=O)C(C)(C)C2,0.0,train,../data/images/balanced_scaffold_seed99_Caco2/1501.png
1502.0,N#Cc1ccccc1Cn1c(N2CCC[C@@H](N)C2)nc2c(-c3ccncc3)c[nH]c2c1=O,1.0,train,../data/images/balanced_scaffold_seed99_Caco2/1502.png
1503.0,O=C(O)c1cc(NC(=S)NCCO)ccc1-c1c2ccc(=O)cc-2oc2cc(O)ccc12,0.0,train,../data/images/balanced_scaffold_seed99_Caco2/1503.png
1504.0,NC[C@]1(c2cccc(Cl)c2)CC[C@H](N2CCc3c(nc(C(F)(F)F)nc3C3CC3)C2=O)CC1,1.0,train,../data/images/balanced_scaffold_seed99_Caco2/1504.png
1505.0,Nc1ccc2ccc(CCNCCc3cccc(Cl)c3)cc2n1,1.0,train,../data/images/balanced_scaffold_seed99_Caco2/1505.png
1506.0,Nc1ccc2ccc(CCNCCc3cccc(F)c3)cc2n1,1.0,train,../data/images/balanced_scaffold_seed99_Caco2/1506.png
1507.0,Fc1ccc(Oc2nccc3[nH]ccc23)cc1,1.0,train,../data/images/balanced_scaffold_seed99_Caco2/1507.png
1508.0,Fc1ccc(Oc2nccc3[nH]ccc23)c(F)c1,1.0,train,../data/images/balanced_scaffold_seed99_Caco2/1508.png
1509.0,O=C(NC1(C(=O)N[C@H](Cc2ccccc2)C(=O)NCCC(=O)N2CCC(N3CCOCC3)CC2)CCCC1)c1cc2ccccc2s1,0.0,train,../data/images/balanced_scaffold_seed99_Caco2/1509.png
1510.0,CN(c1ccc(Cl)cc1)S(=O)(=O)c1cccc(C(=O)Nc2ccc(S(C)=O)cc2)c1,1.0,train,../data/images/balanced_scaffold_seed99_Caco2/1510.png
1511.0,CN(c1ccc(Cl)cc1)S(=O)(=O)c1cccc(C(=O)Nc2ccc(C#N)cc2)c1,1.0,train,../data/images/balanced_scaffold_seed99_Caco2/1511.png
1512.0,CC(=O)c1ccc(N(C)S(=O)(=O)c2cccc(C(=O)Nc3ccc(C#N)cc3)c2)cc1,1.0,train,../data/images/balanced_scaffold_seed99_Caco2/1512.png
1513.0,CC(O)c1ccc(N(C)S(=O)(=O)c2cccc(C(=O)Nc3ccc(C#N)cc3)c2)cc1,1.0,train,../data/images/balanced_scaffold_seed99_Caco2/1513.png
1514.0,COc1cccc(-c2cccc(C3(C)CSCC(N)=N3)c2)c1,0.0,train,../data/images/balanced_scaffold_seed99_Caco2/1514.png
1515.0,c1ccc(-c2ccncc2)cc1,1.0,train,../data/images/balanced_scaffold_seed99_Caco2/1515.png
1516.0,CC(C)CCn1nc(N2CCCC2)c(O)c(C2=Nc3ccc(NS(C)(=O)=O)cc3S(=O)(=O)N2)c1=O,0.0,train,../data/images/balanced_scaffold_seed99_Caco2/1516.png
1517.0,Nc1ccc(S(=O)(=O)Nc2ccccn2)cc1,1.0,train,../data/images/balanced_scaffold_seed99_Caco2/1517.png
1518.0,CCN(CC)C(=O)Cc1cccc(NS(=O)(=O)c2cccc(Cl)c2C)n1,1.0,train,../data/images/balanced_scaffold_seed99_Caco2/1518.png
1519.0,Cc1cccc(NS(=O)(=O)c2cccc(Cl)c2C)n1,1.0,train,../data/images/balanced_scaffold_seed99_Caco2/1519.png
1520.0,N#Cc1ccc(NC[C@@H]2CCCN2C(=O)C[C@H](N)Cc2cc(F)c(F)cc2F)nc1,0.0,train,../data/images/balanced_scaffold_seed99_Caco2/1520.png
1521.0,CN(C[C@@H]1CCCN1C(=O)C[C@H](N)Cc1cc(F)c(F)cc1F)c1ccc(C#N)cn1,1.0,train,../data/images/balanced_scaffold_seed99_Caco2/1521.png
1522.0,NC(=O)c1nn(-c2ccc3onc(N)c3c2)c2c(F)c(-c3ccc(N4CCCCC4=O)cc3F)ccc12,0.0,train,../data/images/balanced_scaffold_seed99_Caco2/1522.png
1523.0,Cc1cc(Cn2nnc3c(-c4ccco4)nc(N)nc32)ccc1N,1.0,train,../data/images/balanced_scaffold_seed99_Caco2/1523.png
1524.0,COc1cc(C)c(S(=O)(=O)N(C)CCOCC(=O)N2CCC(N3CCN(C)CC3)CC2)c(C)c1,0.0,train,../data/images/balanced_scaffold_seed99_Caco2/1524.png
1525.0,COc1cc(C)c(S(=O)(=O)N(C)CCOCC(=O)N2CCC(N3CCN(C(C)C)CC3)CC2)c(C)c1,0.0,train,../data/images/balanced_scaffold_seed99_Caco2/1525.png
1526.0,COc1cc2ncnc(Nc3cccc(Cl)c3F)c2cc1CN(C)[C@H](C)C(N)=O,1.0,train,../data/images/balanced_scaffold_seed99_Caco2/1526.png
1527.0,COc1cc2ncnc(Nc3cccc(Cl)c3F)c2cc1CN(C)[C@@H](C)C(N)=O,1.0,train,../data/images/balanced_scaffold_seed99_Caco2/1527.png
1528.0,COc1ccc(C2(c3cccc(-c4cccnc4)c3)CC(OC)C(N)=N2)cc1,1.0,train,../data/images/balanced_scaffold_seed99_Caco2/1528.png
1529.0,O=C1N(Cc2ccc(Cl)cc2)c2ccccc2C1(O)c1ccc2c(c1)OCCO2,0.0,train,../data/images/balanced_scaffold_seed99_Caco2/1529.png
1530.0,O=C(N[C@H](C/C=C/c1ccccc1)C(=O)O)c1ccc2ccccc2c1,0.0,train,../data/images/balanced_scaffold_seed99_Caco2/1530.png
1531.0,Cc1onc(-c2c(Cl)cccc2Cl)c1C(=O)N[C@@H]1C(=O)N2[C@@H]1SC(C)(C)[C@@H]2C(=O)O,0.0,train,../data/images/balanced_scaffold_seed99_Caco2/1531.png
1532.0,Cc1onc(-c2ccccc2)c1C(=O)N[C@@H]1C(=O)N2[C@@H]1SC(C)(C)[C@@H]2C(=O)O,1.0,train,../data/images/balanced_scaffold_seed99_Caco2/1532.png
1533.0,COc1ccc2nc(S(=O)Cc3ncc(C)c(OC)c3C)[nH]c2c1,1.0,train,../data/images/balanced_scaffold_seed99_Caco2/1533.png
1534.0,Cc1c(OCC(F)(F)F)ccnc1CS(=O)c1nc2ccccc2[nH]1,1.0,train,../data/images/balanced_scaffold_seed99_Caco2/1534.png
1535.0,Nc1ncnc2c1c(C(=O)c1cccc(NC(=O)Nc3c(F)cccc3F)c1)cn2C1CCCC1,0.0,train,../data/images/balanced_scaffold_seed99_Caco2/1535.png
1536.0,Cc1c(-c2cccc(OCCCCC(=O)O)c2F)c(=O)n(C[C@H](N)c2ccccc2)c(=O)n1Cc1c(F)cccc1C(F)(F)F,0.0,train,../data/images/balanced_scaffold_seed99_Caco2/1536.png
1537.0,Cc1c(-c2cccc(OCCCCC(=O)O)c2F)c(=O)n(C[C@@H](c2ccccc2)N(C)C)c(=O)n1Cc1c(F)cccc1C(F)(F)F,1.0,train,../data/images/balanced_scaffold_seed99_Caco2/1537.png
1538.0,CN[C@@H](Cn1c(=O)c(-c2cccc(OCCCCC(=O)O)c2F)c(C)n(Cc2c(F)cccc2C(F)(F)F)c1=O)c1ccccc1,0.0,train,../data/images/balanced_scaffold_seed99_Caco2/1538.png
1539.0,Cc1c(-c2cccc(OCCCCC(=O)O)c2)c(=O)n(C[C@H](N)c2ccccc2)c(=O)n1Cc1c(F)cccc1C(F)(F)F,0.0,train,../data/images/balanced_scaffold_seed99_Caco2/1539.png
1540.0,CC(C)NC[C@@H](C(=O)N1CCN(c2ncnc3c2[C@H](C)CC3)CC1)c1ccc(Cl)cc1,1.0,train,../data/images/balanced_scaffold_seed99_Caco2/1540.png
1541.0,COc1ccccc1Oc1c(NS(=O)(=O)c2ccc(C(C)(C)C)cc2)nc(-c2ncccn2)nc1OCCO,0.0,train,../data/images/balanced_scaffold_seed99_Caco2/1541.png
1542.0,CNc1cc(Nc2cnc(C#N)c(O[C@H](C)CN(C)C)n2)ncc1-c1cnn(C)c1,1.0,train,../data/images/balanced_scaffold_seed99_Caco2/1542.png
1543.0,COc1cc(Nc2cnc(C#N)c(O[C@H](C)CN(C)C)n2)ncc1-c1cnn(C)c1,1.0,train,../data/images/balanced_scaffold_seed99_Caco2/1543.png
1544.0,CCOCCN(c1c(Cl)c(Cl)cc2[nH]c(=O)c(=O)[nH]c12)S(C)(=O)=O,1.0,train,../data/images/balanced_scaffold_seed99_Caco2/1544.png
1545.0,COCCN(c1c(Cl)c(Cl)cc2[nH]c(=O)c(=O)[nH]c12)S(C)(=O)=O,0.0,train,../data/images/balanced_scaffold_seed99_Caco2/1545.png
1546.0,COCCN(c1c(Cl)c(C)cc2[nH]c(=O)c(=O)[nH]c12)S(C)(=O)=O,0.0,train,../data/images/balanced_scaffold_seed99_Caco2/1546.png
1547.0,CS(=O)(=O)N(CCC(F)(F)F)c1c(Cl)c(Cl)cc2[nH]c(=O)c(=O)[nH]c12,0.0,train,../data/images/balanced_scaffold_seed99_Caco2/1547.png
1548.0,CCOCCCN(c1c(Cl)c(Cl)cc2[nH]c(=O)c(=O)[nH]c12)S(C)(=O)=O,0.0,train,../data/images/balanced_scaffold_seed99_Caco2/1548.png
1549.0,COCCCN(c1c(Cl)c(Cl)cc2[nH]c(=O)c(=O)[nH]c12)S(C)(=O)=O,0.0,train,../data/images/balanced_scaffold_seed99_Caco2/1549.png
1550.0,COCCCN(c1cc(Cl)cc2[nH]c(=O)c(=O)[nH]c12)S(C)(=O)=O,0.0,train,../data/images/balanced_scaffold_seed99_Caco2/1550.png
1551.0,CCc1cc2[nH]c(=O)c(=O)[nH]c2c(N(CCCOC)S(C)(=O)=O)c1Cl,0.0,train,../data/images/balanced_scaffold_seed99_Caco2/1551.png
1552.0,COCCN(c1c(C)c(Cl)cc2[nH]c(=O)c(=O)[nH]c12)S(C)(=O)=O,0.0,train,../data/images/balanced_scaffold_seed99_Caco2/1552.png
1553.0,CCOCCOCCN(c1c(Cl)c(Cl)cc2[nH]c(=O)c(=O)[nH]c12)S(C)(=O)=O,0.0,train,../data/images/balanced_scaffold_seed99_Caco2/1553.png
1554.0,CC(C)(CCC(C(N)=O)(c1ccccc1)c1ccccc1)N1CC[C@H](Oc2ccccc2)C1,1.0,train,../data/images/balanced_scaffold_seed99_Caco2/1554.png
1555.0,COc1cc(C(C)C)c(Oc2cnc(NC(CO)CO)nc2N)cc1I,1.0,train,../data/images/balanced_scaffold_seed99_Caco2/1555.png
1556.0,Cc1c2c(=O)n(-c3ccccc3)[nH]c2cc(=O)n1Cc1cccnc1,1.0,train,../data/images/balanced_scaffold_seed99_Caco2/1556.png
1557.0,COc1cccc(CN(c2c(Cl)c(Cl)cc3[nH]c(=O)c(=O)[nH]c23)S(C)(=O)=O)c1,0.0,train,../data/images/balanced_scaffold_seed99_Caco2/1557.png
1558.0,CS(=O)(=O)N(Cc1cccc(F)c1)c1c(Cl)c(Cl)cc2[nH]c(=O)c(=O)[nH]c12,0.0,train,../data/images/balanced_scaffold_seed99_Caco2/1558.png
1559.0,CN(c1cc2cc(c1)C(=O)N[C@H]([C@H](O)CNCc1ccccc1)COCCCCCNC2=O)S(C)(=O)=O,0.0,train,../data/images/balanced_scaffold_seed99_Caco2/1559.png
1560.0,CC(C)c1cccc(CNC[C@@H](O)[C@@H]2COCCCCCNC(=O)c3cc(cc(N(C)S(C)(=O)=O)c3)C(=O)N2)c1,0.0,train,../data/images/balanced_scaffold_seed99_Caco2/1560.png
1561.0,CC(C)=CCn1c(N2CCC[C@H](N)C2)c(C#N)c2ncn(Cc3nc(C)c4ccccc4n3)c(=O)c21,0.0,train,../data/images/balanced_scaffold_seed99_Caco2/1561.png
1562.0,CCOC(=O)c1cc(C#N)c(N2CC(C(=O)NS(=O)(=O)c3ccccc3)C2)nc1C,0.0,train,../data/images/balanced_scaffold_seed99_Caco2/1562.png
1563.0,CCNC(=O)c1noc(-c2cc(C(C)C)c(O)cc2O)c1-c1ccc(CN2CCOCC2)cc1,0.0,train,../data/images/balanced_scaffold_seed99_Caco2/1563.png
1564.0,CS(=O)(=O)c1ccc([C@@H](C[C@H]2CCC(=O)C2)C(=O)Nc2cnccn2)cc1Cl,0.0,train,../data/images/balanced_scaffold_seed99_Caco2/1564.png
1565.0,CC(C)[C@@H](C(=O)N(C)[C@@H](Cc1ccc(O)c(C(C)(C)C)c1)C(N)=O)N(C)C(=O)[C@@H](N)Cc1ccccc1,0.0,train,../data/images/balanced_scaffold_seed99_Caco2/1565.png
1566.0,CC(C)[C@@H](C(=O)N[C@H](C)Cc1ccc(O)c(C(C)(C)C)c1)N(C)C(=O)[C@@H](N)Cc1ccccc1,1.0,train,../data/images/balanced_scaffold_seed99_Caco2/1566.png
1567.0,CC(C)[C@@H](C(=O)N[C@@H](Cc1ccc(O)c(C(C)(C)C)c1)C(N)=O)N(C)C(=O)[C@@H](N)Cc1ccccc1,0.0,train,../data/images/balanced_scaffold_seed99_Caco2/1567.png
1568.0,CC(C)[C@H](NC(=O)[C@@H](N)Cc1ccccc1)C(=O)N(C)[C@@H](Cc1ccc(O)c(C(C)(C)C)c1)C(N)=O,0.0,train,../data/images/balanced_scaffold_seed99_Caco2/1568.png
1569.0,Cc1c[nH]c2ncnc(N3CCN(C(=O)[C@H](N)Cc4ccc(F)cc4)CC3)c12,0.0,train,../data/images/balanced_scaffold_seed99_Caco2/1569.png
1570.0,COC(=O)N[C@H](C(=O)NN(Cc1cccc(-c2cccnc2)c1)C[C@@](O)(Cc1ccccc1)C(=O)N[C@H]1c2ccccc2C[C@H]1O)C(C)(C)C,1.0,train,../data/images/balanced_scaffold_seed99_Caco2/1570.png
1571.0,Cc1cc[n+]([O-])c(C)c1C(=O)N1C[C@H]2CN(CC[C@H](NC(=O)C3CCCC3)c3ccccc3)C[C@H]2C1,0.0,train,../data/images/balanced_scaffold_seed99_Caco2/1571.png
1572.0,Cc1[nH]n(-c2ccccn2)c(=O)c1-c1cccc(C(F)(F)F)c1,0.0,train,../data/images/balanced_scaffold_seed99_Caco2/1572.png
1573.0,Cc1[nH]n(-c2ccccn2)c(=O)c1-c1ccc(F)cc1,1.0,train,../data/images/balanced_scaffold_seed99_Caco2/1573.png
1574.0,COc1ccc(-c2c(C)[nH]n(-c3ccccn3)c2=O)cc1,1.0,train,../data/images/balanced_scaffold_seed99_Caco2/1574.png
1575.0,Cc1[nH]n(-c2ccccn2)c(=O)c1-c1ccc(C#N)cc1,1.0,train,../data/images/balanced_scaffold_seed99_Caco2/1575.png
1576.0,Cc1[nH]n(-c2ccccn2)c(=O)c1-c1ccc(C(F)(F)F)cc1,0.0,train,../data/images/balanced_scaffold_seed99_Caco2/1576.png
1577.0,Cc1[nH]n(-c2ccccn2)c(=O)c1-c1ccccc1,1.0,train,../data/images/balanced_scaffold_seed99_Caco2/1577.png
1578.0,Cc1[nH]n(-c2ccccn2)c(=O)c1-c1ccc([N+](=O)[O-])cc1,0.0,train,../data/images/balanced_scaffold_seed99_Caco2/1578.png
1579.0,O=C(Nc1ccc(S(=O)(=O)C(F)(F)F)cc1)C1=CCN(c2ncccc2C(F)(F)F)CC1,1.0,train,../data/images/balanced_scaffold_seed99_Caco2/1579.png
1580.0,Cc1c(C(=O)O)sc2ccc(NC(=O)C3(NC(=O)c4ccc5c(C6CCCCC6)c(-c6ccccn6)n(C)c5c4)CCC3)cc12,0.0,train,../data/images/balanced_scaffold_seed99_Caco2/1580.png
1581.0,O=C(c1ccc2[nH]ccc2c1)C1(Cc2ccccc2)CCNC1,1.0,train,../data/images/balanced_scaffold_seed99_Caco2/1581.png
1582.0,COC(=O)N[C@H](C(=O)NN(CCC[C@@](O)(Cc1ccccc1)C(=O)N[C@H]1c2ccccc2C[C@H]1O)Cc1ccc(-c2cccnc2)cc1)C(C)(C)C,1.0,train,../data/images/balanced_scaffold_seed99_Caco2/1582.png
1583.0,CC(C)(C)OC(=O)N[C@H]1CCCCC/C=C\[C@@H]2C[C@@]2(C(=O)NS(=O)(=O)C2CC2)NC(=O)[C@@H]2C[C@@H](OC(=O)N3CCc4ccccc4C3)CN2C1=O,0.0,train,../data/images/balanced_scaffold_seed99_Caco2/1583.png
1584.0,CC(C)N(c1ccc(Oc2ncccc2C(F)(F)F)cc1C(=O)O)C(=O)[C@H]1CC[C@H](C)CC1,1.0,train,../data/images/balanced_scaffold_seed99_Caco2/1584.png
1585.0,CC(C)(C)NS(=O)(=O)c1cncc(-c2ccc3nc(NC(=O)NCCn4nnc(C5CC5)n4)nn3c2)c1,0.0,train,../data/images/balanced_scaffold_seed99_Caco2/1585.png
1586.0,OC[C@H]1O[C@@](CO)(O[C@H]2O[C@H](CO)[C@@H](O)[C@H](O)[C@H]2O)[C@@H](O)[C@@H]1O,0.0,train,../data/images/balanced_scaffold_seed99_Caco2/1586.png
1587.0,N=C(Nc1ccc(CCNCc2cccc(Cl)c2)cc1)c1cccs1,1.0,train,../data/images/balanced_scaffold_seed99_Caco2/1587.png
1588.0,CC1=C(C(=O)O)N2C(=O)[C@@H](NC(=O)[C@@H](N)C3=CCC=CC3)[C@H]2SC1,0.0,train,../data/images/balanced_scaffold_seed99_Caco2/1588.png
1589.0,CN(CCOc1ccc(NS(C)(=O)=O)cc1)CCc1ccc(NS(C)(=O)=O)cc1,1.0,train,../data/images/balanced_scaffold_seed99_Caco2/1589.png
1590.0,O=C(C1CCOCC1)N1CCCN(c2nc(C(F)(F)F)c(Cl)s2)CC1,1.0,train,../data/images/balanced_scaffold_seed99_Caco2/1590.png
1591.0,C[C@@H]1CN(c2nc(C(F)(F)F)no2)CCN1c1ncc(OCc2ccncc2C#N)cn1,1.0,train,../data/images/balanced_scaffold_seed99_Caco2/1591.png
1592.0,CC(C)c1noc(N2CCN(c3ncc(OCc4ccncc4C#N)cn3)[C@H](C)C2)n1,1.0,train,../data/images/balanced_scaffold_seed99_Caco2/1592.png
1593.0,C=C(c1ccccc1)[C@H]1OC[C@@H](NC(=O)Cc2ccccc2)CO1,1.0,train,../data/images/balanced_scaffold_seed99_Caco2/1593.png
1594.0,C=C(c1ccccc1)[C@H]1OC[C@@H](NC(=O)Cc2ccccc2)[C@H](C)O1,1.0,train,../data/images/balanced_scaffold_seed99_Caco2/1594.png
1595.0,O=C(OCc1ccccc1)c1cn(C2CC2)c2cc(N3CCNCC3)c(F)cc2c1=O,1.0,train,../data/images/balanced_scaffold_seed99_Caco2/1595.png
1596.0,CS(=O)(=O)N1CCN(Cc2ccc3c(c2)CC[C@H](N2CCN(CCc4ccc(F)cc4)CC2=O)C3)CC1,0.0,train,../data/images/balanced_scaffold_seed99_Caco2/1596.png
1597.0,CN(C)c1nc2sc3c(NCCN4CCOCC4)ncnc3c2c2c1COC(C)(C)C2,1.0,train,../data/images/balanced_scaffold_seed99_Caco2/1597.png
1598.0,CCOC(=O)[C@H](C)NP(=O)(OC[C@H]1O[C@@H](n2ccc3c(-c4cccs4)ncnc32)[C@H](O)[C@@H]1O)Oc1ccccc1,1.0,train,../data/images/balanced_scaffold_seed99_Caco2/1598.png
1599.0,COC(=O)[C@H](C)NP(=O)(OC[C@H]1O[C@@H](n2ccc3c(-c4cccs4)ncnc32)[C@H](O)[C@@H]1O)Oc1ccccc1,1.0,train,../data/images/balanced_scaffold_seed99_Caco2/1599.png
1600.0,CC[C@H]1C[C@@H](n2c(=O)nc(-c3cnn(C)c3)c3oc4ncc(-c5cn(C)cn5)cc4c32)CCO1,0.0,train,../data/images/balanced_scaffold_seed99_Caco2/1600.png
1601.0,C/C(=C\c1cc(F)c(OCCCF)cc1F)C(=O)N[C@@H]1[C@H](O)[C@@H](O)[C@H]2OCO[C@H]2[C@@H]1OCc1ccccc1C#N,0.0,train,../data/images/balanced_scaffold_seed99_Caco2/1601.png
1602.0,CCCC(=O)Nc1ccc(OCC(CNC(C)C)OC(=O)C2CC2)c(C(C)=O)c1,1.0,train,../data/images/balanced_scaffold_seed99_Caco2/1602.png
1603.0,C=CCc1ccccc1OCC(CNC(C)C)OC(=O)C1CC1,1.0,train,../data/images/balanced_scaffold_seed99_Caco2/1603.png
1604.0,C=CCOc1ccccc1OCC(CNC(C)C)OC(=O)C1CC1,1.0,train,../data/images/balanced_scaffold_seed99_Caco2/1604.png
1605.0,O=C(O)CC1OC(=O)N(CC(=O)NCc2ccc(Nc3nc4ccccc4[nH]3)cc2)c2ccccc21,0.0,train,../data/images/balanced_scaffold_seed99_Caco2/1605.png
1606.0,Nc1noc2ccc(-n3nc(C(F)(F)F)cc3C(=O)NC3CCN(c4ccccc4CN4CCCC4)CC3)cc12,0.0,train,../data/images/balanced_scaffold_seed99_Caco2/1606.png
1607.0,Nc1noc2ccc(-n3nc(C(F)(F)F)cc3C(=O)NC3CCN(c4ccccc4CN4CCC[C@H]4O)CC3)cc12,0.0,train,../data/images/balanced_scaffold_seed99_Caco2/1607.png
1608.0,CCCCC1CN(C2CCOCC2)C(=O)N1C1CCN(C2(C)CCN(C(=O)c3c(C)ncnc3C)CC2)CC1,0.0,train,../data/images/balanced_scaffold_seed99_Caco2/1608.png
1609.0,COc1ccc(C2(c3cccc(-c4cncnc4)c3)CCC(N)=N2)cc1,0.0,train,../data/images/balanced_scaffold_seed99_Caco2/1609.png
1610.0,Cn1cncc1CN1CC(N(CC2CCN(C(=O)N3CCCCC3)CC2)S(=O)(=O)c2ccccn2)Cc2cc(C#N)ccc21,0.0,train,../data/images/balanced_scaffold_seed99_Caco2/1610.png
1611.0,COC(=O)C1=C(C)NC(C)=C(C(=O)OC(C)C)C1c1cccc2nonc12,1.0,train,../data/images/balanced_scaffold_seed99_Caco2/1611.png
1612.0,COc1cc(OC)c(/C=C/S(=O)(=O)Cc2ccc(OC)c(NS(C)(=O)=O)n2)c(OC)c1,0.0,train,../data/images/balanced_scaffold_seed99_Caco2/1612.png
1613.0,COc1cc(OC)c(/C=C/S(=O)(=O)Cc2ccc(OC)c(N)n2)c(OC)c1,1.0,train,../data/images/balanced_scaffold_seed99_Caco2/1613.png
1614.0,O=C(c1ccccc1C(F)(F)F)N(CC1CCC1)[C@H]1CCNC1,1.0,train,../data/images/balanced_scaffold_seed99_Caco2/1614.png
1615.0,C=C[C@@H]1CN2CC[C@@H]1C[C@H]2[C@H](O)c1ccnc2ccc(OC)cc12,1.0,train,../data/images/balanced_scaffold_seed99_Caco2/1615.png
1616.0,Cn1c(-c2ccncc2)c(C2CCCC2)c2ccc(C(=O)NC3(C(=O)Nc4ccc(/C=C/C(=O)O)cc4)CCCC3)cc21,0.0,train,../data/images/balanced_scaffold_seed99_Caco2/1616.png
1617.0,CC1(c2cc(O)no2)CCNCC1,0.0,train,../data/images/balanced_scaffold_seed99_Caco2/1617.png
1618.0,Oc1cc(C2CCNCC2)on1,0.0,train,../data/images/balanced_scaffold_seed99_Caco2/1618.png
1619.0,CC(C)=CCn1c(N2CCC[C@H](N)C2)c(C#N)c2ncn(Cc3ccnc4ccccc34)c(=O)c21,0.0,train,../data/images/balanced_scaffold_seed99_Caco2/1619.png
1620.0,CC#CCn1c(N2CCC[C@H](N)C2)c(C#N)c2ncn(Cc3ccnc4ccccc34)c(=O)c21,0.0,train,../data/images/balanced_scaffold_seed99_Caco2/1620.png
1621.0,[C-]#[N+]c1ccccc1/C=C/c1ccccc1,0.0,train,../data/images/balanced_scaffold_seed99_Caco2/1621.png
1622.0,O=c1c2c3n(c(=O)cc2[nH]n1-c1ccccc1Cl)CCCN(Cc1ccccc1)C3,1.0,train,../data/images/balanced_scaffold_seed99_Caco2/1622.png
1623.0,COc1cccc(CN2CCCn3c(c4c(=O)n(-c5ccccc5Cl)[nH]c4cc3=O)C2)c1,1.0,train,../data/images/balanced_scaffold_seed99_Caco2/1623.png
1624.0,NS(=O)(=O)c1ccc(Nc2nccc(-c3ccsc3)n2)cc1,1.0,train,../data/images/balanced_scaffold_seed99_Caco2/1624.png
1625.0,CN(C)CCNS(=O)(=O)c1ccc(Nc2nccc(-c3ccsc3)n2)cc1,0.0,train,../data/images/balanced_scaffold_seed99_Caco2/1625.png
1626.0,C=C[C@@H]1C[C@]1(NC(=O)[C@@H]1C[C@@](OC)(c2ccc(-c3cccnc3)cc2)CN1C(=O)[C@@H](NC(=O)OC1CCCC1)C(C)(C)C)C(=O)NS(=O)(=O)C1CC1,0.0,train,../data/images/balanced_scaffold_seed99_Caco2/1626.png
1627.0,CN1CCN(S(=O)(=O)c2ccc(-c3cnc(N)c(C(=O)Nc4cnccc4CN4CCCC4)n3)cc2)CC1,0.0,train,../data/images/balanced_scaffold_seed99_Caco2/1627.png
1628.0,COCCOc1ccc(N2CCN(CCn3ncc4c3nc(N)n3nc(-c5ccco5)nc43)CC2)cc1,0.0,train,../data/images/balanced_scaffold_seed99_Caco2/1628.png
1629.0,N#Cc1c(-c2ccc(Br)cc2)no[n+]1[O-],0.0,train,../data/images/balanced_scaffold_seed99_Caco2/1629.png
1630.0,N#Cc1c(-c2ccccc2)no[n+]1[O-],0.0,train,../data/images/balanced_scaffold_seed99_Caco2/1630.png
1631.0,COc1cccc(CNC(=O)c2cccc(C(=O)NCc3ccc(C(=O)O)cc3)c2)c1,0.0,train,../data/images/balanced_scaffold_seed99_Caco2/1631.png
1632.0,O=c1c(O)c(-c2ccc(OC3O[C@H](CO)[C@@H](O)[C@H](O)[C@H]3O)c(O)c2)oc2cc(O)cc(O)c12,0.0,train,../data/images/balanced_scaffold_seed99_Caco2/1632.png
1633.0,O=C1Cc2cc(CCN3CCN(c4nsc5ccccc45)CC3)c(Cl)cc2N1,1.0,train,../data/images/balanced_scaffold_seed99_Caco2/1633.png
1634.0,CC(C)=CCC[C@](C)(O[C@@H]1O[C@@H](CO)[C@@H](O)[C@H](O)[C@H]1O)[C@H]1CC[C@]2(C)[C@@H]1[C@H](O)C[C@@H]1[C@@]3(C)CC[C@H](O)C(C)(C)[C@@H]3C(O[C@@H]3O[C@H](CO)[C@@H](O)[C@H](O)[C@H]3O)C[C@]12C,0.0,train,../data/images/balanced_scaffold_seed99_Caco2/1634.png
1635.0,O=c1[nH]c(=O)c2cc(-c3ccncn3)c(-c3ccco3)nc2[nH]1,1.0,train,../data/images/balanced_scaffold_seed99_Caco2/1635.png
1636.0,CCOc1ccc([C@H](Nc2nc(N3CCN(C(C)=O)CC3)nc3c2CN(C(C)C)C3=O)C(F)(F)F)cc1,0.0,train,../data/images/balanced_scaffold_seed99_Caco2/1636.png
1637.0,CC(=O)N1CCN(c2nc(N[C@H](C)c3ccc(OC(F)(F)F)cc3)c3c(n2)C(=O)N(C(C)C)C3)CC1,0.0,train,../data/images/balanced_scaffold_seed99_Caco2/1637.png
1638.0,CC(=O)N1CCN(c2nc(NCc3ccc(OC(F)(F)F)cc3)c3c(n2)C(=O)N(C(C)C)C3)CC1,0.0,train,../data/images/balanced_scaffold_seed99_Caco2/1638.png
1639.0,CCOc1ccc([C@@H](C)Nc2nc(N3CCN(C(C)=O)CC3)nc3c2CN(C(C)C)C3=O)cc1,0.0,train,../data/images/balanced_scaffold_seed99_Caco2/1639.png
1640.0,CCOc1ccc([C@@H](C)Nc2nc(N3CCN(C(C)=O)CC3)nc3c2CN(C(C)C)C3=O)cc1F,0.0,train,../data/images/balanced_scaffold_seed99_Caco2/1640.png
1641.0,CCN(CCO)C(=O)c1cc2cccnn2c1-c1cccc(C(F)(F)F)c1,1.0,train,../data/images/balanced_scaffold_seed99_Caco2/1641.png
1642.0,CC(C)CCn1nc(-c2cccs2)c(O)c(C2=CS(=O)(=O)c3cc(NS(C)(=O)=O)ccc3N2)c1=O,0.0,train,../data/images/balanced_scaffold_seed99_Caco2/1642.png
1643.0,CC(C)c1nnc2ccc(-c3c[nH]nc3-c3cc(F)ccc3F)cn12,0.0,train,../data/images/balanced_scaffold_seed99_Caco2/1643.png
1644.0,CCc1ccc(-c2nc3c(=O)n(C)c(=O)nc-3n(C)n2)cc1,1.0,train,../data/images/balanced_scaffold_seed99_Caco2/1644.png
1645.0,Cn1nc(-c2ccc(OC(F)(F)F)cc2)nc2c(=O)n(C)c(=O)nc1-2,1.0,train,../data/images/balanced_scaffold_seed99_Caco2/1645.png
1646.0,CCCCC1CN(C2CCOCC2)C(=O)N1C1CCN(C2(C)CCN(C(=O)c3c(C)cc(C#N)nc3C)CC2)CC1,0.0,train,../data/images/balanced_scaffold_seed99_Caco2/1646.png
1647.0,CS(=O)(=O)Nc1ccc2c(c1)S(=O)(=O)N=C(c1c(O)c(C3=CCCC3)nn(CCC3CC3)c1=O)N2,0.0,train,../data/images/balanced_scaffold_seed99_Caco2/1647.png
1648.0,COc1cc(C(=O)N2CC[C@](CCN3CCC(C(=O)N4CCN(C)CC4)(c4cccnc4)CC3)(c3ccc(Cl)c(Cl)c3)C2)cc(OC)c1OC,1.0,train,../data/images/balanced_scaffold_seed99_Caco2/1648.png
1649.0,Cc1cc(NC(=O)c2ccc3ccccc3c2)ccc1-c1ccc(OCC(C)(C)C(=O)O)cn1,1.0,train,../data/images/balanced_scaffold_seed99_Caco2/1649.png
1650.0,C[C@H](CN(C)C)Oc1nc(Nc2cc3cccc(Cl)c3cn2)cnc1C#N,0.0,train,../data/images/balanced_scaffold_seed99_Caco2/1650.png
1651.0,O=C1C[C@@H](c2ccc(O[C@@H]3O[C@H](CO)[C@@H](O)[C@H](O)[C@H]3O)cc2)Oc2cc(O)ccc21,0.0,train,../data/images/balanced_scaffold_seed99_Caco2/1651.png
1652.0,N[C@@H](Cc1ccc(-c2ccc(F)cc2)cc1)C(=O)N1CCSC1,1.0,train,../data/images/balanced_scaffold_seed99_Caco2/1652.png
1653.0,N[C@@H](Cc1ccc(-c2ccccc2)cc1)C(=O)N1CCSC1,0.0,train,../data/images/balanced_scaffold_seed99_Caco2/1653.png
1654.0,O=C(O)Cc1ccc(C(=O)c2ccc(Oc3ccc(Br)cc3)cc2)cc1,0.0,train,../data/images/balanced_scaffold_seed99_Caco2/1654.png
1655.0,CC(C)C[C@H]1C(=O)NCC(=O)N(C)[C@@H](CCCNC(=N)N)C(=O)NCC(=O)N[C@@H](CC(=O)O)C(=O)N(C)[C@H](Cc2ccccc2)C(=O)N1C,0.0,train,../data/images/balanced_scaffold_seed99_Caco2/1655.png
1656.0,CC(C)C[C@H]1C(=O)NCC(=O)N[C@@H](CCCNC(=N)N)C(=O)NCC(=O)N[C@@H](CC(=O)O)C(=O)N(C)[C@H](Cc2ccccc2)C(=O)N1C,0.0,train,../data/images/balanced_scaffold_seed99_Caco2/1656.png
1657.0,CC(C)C[C@@H]1NC(=O)[C@@H](Cc2ccccc2)NC(=O)[C@H](CC(=O)O)NC(=O)CNC(=O)[C@H](CCCNC(=N)N)NC(=O)CNC1=O,0.0,train,../data/images/balanced_scaffold_seed99_Caco2/1657.png
1658.0,CC(C)C[C@H]1C(=O)NCC(=O)N(C)[C@@H](CCCNC(=N)N)C(=O)NCC(=O)N[C@@H](CC(=O)O)C(=O)N[C@H](Cc2ccccc2)C(=O)N1C,0.0,train,../data/images/balanced_scaffold_seed99_Caco2/1658.png
1659.0,CC(C)C[C@@H]1NC(=O)[C@@H](Cc2ccccc2)N(C)C(=O)[C@H](CC(=O)O)NC(=O)CNC(=O)[C@H](CCCNC(=N)N)N(C)C(=O)CNC1=O,0.0,train,../data/images/balanced_scaffold_seed99_Caco2/1659.png
1660.0,CC(C)C[C@H]1C(=O)NCC(=O)N[C@@H](CCCNC(=N)N)C(=O)NCC(=O)N[C@@H](CC(=O)O)C(=O)N[C@H](Cc2ccccc2)C(=O)N1C,0.0,train,../data/images/balanced_scaffold_seed99_Caco2/1660.png
1661.0,CC(C)C[C@@H]1NC(=O)[C@@H](Cc2ccccc2)N(C)C(=O)[C@H](CC(=O)O)NC(=O)CNC(=O)[C@H](CCCNC(=N)N)NC(=O)CNC1=O,0.0,train,../data/images/balanced_scaffold_seed99_Caco2/1661.png
1662.0,CC(C)C[C@@H]1NC(=O)[C@@H](Cc2ccccc2)NC(=O)[C@H](CC(=O)O)NC(=O)CNC(=O)[C@H](CCCNC(=N)N)N(C)C(=O)CNC1=O,0.0,train,../data/images/balanced_scaffold_seed99_Caco2/1662.png
1663.0,NC(=O)c1sc(-c2ccc(F)cc2)cc1N,1.0,train,../data/images/balanced_scaffold_seed99_Caco2/1663.png
1664.0,NC(=O)c1sc(-c2ccccc2)cc1N,1.0,train,../data/images/balanced_scaffold_seed99_Caco2/1664.png
1665.0,Cn1c(=O)c(Oc2ccc(F)cc2F)cc2cnc(NC3CCOCC3)nc21,1.0,train,../data/images/balanced_scaffold_seed99_Caco2/1665.png
1666.0,CCC[C@@H]1C[C@@H](C(=O)N[C@H](C(C)O)C2O[C@@H](SC)[C@@H](O)[C@H](O)[C@@H]2O)N(C)C1,0.0,train,../data/images/balanced_scaffold_seed99_Caco2/1666.png
1667.0,CC(=O)c1ccc(N2CCN(S(=O)(=O)c3ccc4c(c3)CC(=O)N4)CC2)cc1,1.0,train,../data/images/balanced_scaffold_seed99_Caco2/1667.png
1668.0,CC(=O)c1ccc(N2CCN(S(=O)(=O)c3cc4c(cc3Cl)NC(=O)C4)CC2)cc1,1.0,train,../data/images/balanced_scaffold_seed99_Caco2/1668.png
1669.0,O=C1Cc2cc(S(=O)(=O)N3CCN(c4ccc(C(=O)O)cc4)CC3)ccc2N1,0.0,train,../data/images/balanced_scaffold_seed99_Caco2/1669.png
1670.0,O=C1Cc2cc(S(=O)(=O)N3CCN(c4ccc(O)cc4)CC3)ccc2N1,1.0,train,../data/images/balanced_scaffold_seed99_Caco2/1670.png
1671.0,COc1ccc(-c2nc(=O)n(CCC3CCCO3)c3c2oc2ncc(-c4cnn(C)c4)cc23)cc1,1.0,train,../data/images/balanced_scaffold_seed99_Caco2/1671.png
1672.0,Cc1nc(NC(=O)N2CCC[C@H]2C(N)=O)sc1-c1csc(C(C)(C)C)n1,1.0,train,../data/images/balanced_scaffold_seed99_Caco2/1672.png
1673.0,Cc1nc(NC(=O)N2CC[C@H](C)[C@H]2C(N)=O)sc1-c1csc(C(C)(C)C)n1,1.0,train,../data/images/balanced_scaffold_seed99_Caco2/1673.png
1674.0,Cc1nc(NC(=O)N2CC[C@H](O)[C@H]2C(N)=O)sc1-c1csc(C(C)(C)C)n1,0.0,train,../data/images/balanced_scaffold_seed99_Caco2/1674.png
1675.0,Cc1nc(NC(=O)N2C[C@H](F)C[C@H]2C(N)=O)sc1-c1csc(C(C)(C)C)n1,0.0,train,../data/images/balanced_scaffold_seed99_Caco2/1675.png
1676.0,Cc1nc(NC(=O)N2C[C@@H](O)C[C@H]2C(N)=O)sc1-c1csc(C(C)(C)C)n1,0.0,train,../data/images/balanced_scaffold_seed99_Caco2/1676.png
1677.0,Cc1nc(NC(=O)N2CCC[C@@]2(C)C(N)=O)sc1-c1csc(C(C)(C)C)n1,1.0,train,../data/images/balanced_scaffold_seed99_Caco2/1677.png
1678.0,Cc1nc(NC(=O)N2C[C@H](O)C[C@H]2C(N)=O)sc1-c1csc(C(C)(C)C)n1,0.0,train,../data/images/balanced_scaffold_seed99_Caco2/1678.png
1679.0,CC(=O)N[C@@H](Cc1ccccc1)[C@H](O)CN[C@H]1CC(C)(C)Cn2nc(CC(C)(C)C)cc21,0.0,train,../data/images/balanced_scaffold_seed99_Caco2/1679.png
1680.0,CC(C)COc1ccc(-c2nc(N)[nH]c(=O)c2C#N)cc1C(F)(F)F,1.0,train,../data/images/balanced_scaffold_seed99_Caco2/1680.png
1681.0,N#Cc1cc(-c2nc(N)[nH]c(=O)c2Cl)ccc1OCCCCO,1.0,train,../data/images/balanced_scaffold_seed99_Caco2/1681.png
1682.0,CC(C)(C)COc1ccc(-c2nc(N)[nH]c(=O)c2C#N)cc1OC(F)(F)F,0.0,train,../data/images/balanced_scaffold_seed99_Caco2/1682.png
1683.0,CC(C)COc1ccc(-c2nc(N)[nH]c(=O)c2C#N)cc1C#N,1.0,train,../data/images/balanced_scaffold_seed99_Caco2/1683.png
1684.0,CC(C)COc1ccc(-c2nc(N)[nH]c(=O)c2Cl)cc1C#N,1.0,train,../data/images/balanced_scaffold_seed99_Caco2/1684.png
1685.0,Cn1nc(C(=O)O)c2c1-c1nc(Nc3ccccc3)ncc1CC2,0.0,train,../data/images/balanced_scaffold_seed99_Caco2/1685.png
1686.0,Cn1nc(C(N)=O)c2c1-c1nc(Nc3ccccc3)ncc1CC2,1.0,train,../data/images/balanced_scaffold_seed99_Caco2/1686.png
1687.0,COC(=O)Nc1nc2ccc(C(=O)c3ccccc3)cc2[nH]1,0.0,train,../data/images/balanced_scaffold_seed99_Caco2/1687.png
1688.0,Cc1nc(CNc2ncnc3ccc(-c4ccc5c(c4)OCO5)cc23)cs1,1.0,train,../data/images/balanced_scaffold_seed99_Caco2/1688.png
1689.0,Cc1nc(CN(C)c2ncnc3ccc(-c4ccc5c(c4)OCO5)cc23)cs1,1.0,train,../data/images/balanced_scaffold_seed99_Caco2/1689.png
1690.0,CCC(=O)N(Cc1ccc(C(F)(F)F)cc1)c1cc(F)cc(-c2nnn[nH]2)c1,0.0,train,../data/images/balanced_scaffold_seed99_Caco2/1690.png
1691.0,c1cnc2ccc(Cn3nnc4ncc(-c5cnn([C@@H]6CCNC6)c5)nc43)cc2c1,0.0,train,../data/images/balanced_scaffold_seed99_Caco2/1691.png
1692.0,Nc1ccc(-c2cnc(NC(=O)CN(Cc3ccccc3)C(=O)c3ccncc3)s2)cc1,1.0,train,../data/images/balanced_scaffold_seed99_Caco2/1692.png
1693.0,CC#CCn1c(N2CCC[C@H](N)C2)c(C#N)c2ncn(Cc3nccc4ccccc34)c(=O)c21,0.0,train,../data/images/balanced_scaffold_seed99_Caco2/1693.png
1694.0,CC(C)=CCn1c(N2CCC[C@H](N)C2)c(C#N)c2ncn(Cc3nccc4ccccc34)c(=O)c21,0.0,train,../data/images/balanced_scaffold_seed99_Caco2/1694.png
1695.0,CCCCCn1cc(C(=O)c2cccc3ccccc23)c2cnccc21,1.0,train,../data/images/balanced_scaffold_seed99_Caco2/1695.png
1696.0,CCCCc1ccc(-c2nc(C)c(/C(C)=N/NC(=N)N)s2)cc1,0.0,train,../data/images/balanced_scaffold_seed99_Caco2/1696.png
1697.0,Cc1cc(C#N)nc(C)c1C(=O)N1C[C@H]2CN(CCC3(c4ccccc4)CCN(C(=O)C4CCCC4)C3)C[C@H]2C1,0.0,train,../data/images/balanced_scaffold_seed99_Caco2/1697.png
1698.0,COc1cccc2c1c(C(=O)/C=C(\O)C(=O)O)cn2Cc1ccc(F)cc1,0.0,train,../data/images/balanced_scaffold_seed99_Caco2/1698.png
1699.0,CNC(=O)c1ccc(C)c(-n2c(C)cc(OCc3ccc(F)cc3F)c(Br)c2=O)c1,1.0,train,../data/images/balanced_scaffold_seed99_Caco2/1699.png
1700.0,Nc1ncc(-c2ccc(OCCN3CCCCC3)cc2)nc1C(=O)Nc1cccnc1,0.0,train,../data/images/balanced_scaffold_seed99_Caco2/1700.png
1701.0,Cc1cc(COc2ccc(C(=O)N[C@@H]3CC(=O)C[C@@H]3C(=O)NO)cc2)c2ccccc2n1,0.0,train,../data/images/balanced_scaffold_seed99_Caco2/1701.png
1702.0,N=C(N)c1cccc(CC(CC(=O)N2CCNCC2)NS(=O)(=O)c2ccc3ccccc3c2)c1,0.0,train,../data/images/balanced_scaffold_seed99_Caco2/1702.png
1703.0,CC(=O)N1CCN(C(=O)CC(Cc2cccc(C(=N)N)c2)NS(=O)(=O)c2ccc3ccccc3c2)CC1,0.0,train,../data/images/balanced_scaffold_seed99_Caco2/1703.png
1704.0,NC(=O)[C@H](Cc1ccccc1)NC(=O)[C@@H]1NCC[C@@H]1c1ccccc1,1.0,train,../data/images/balanced_scaffold_seed99_Caco2/1704.png
1705.0,C[C@@H]1O[C@@H](c2ccc([N+](=O)[O-])cc2)OC[C@H]1N,1.0,train,../data/images/balanced_scaffold_seed99_Caco2/1705.png
1706.0,C[C@@H]1O[C@H](c2ccc([N+](=O)[O-])cc2)OC[C@H]1N,1.0,train,../data/images/balanced_scaffold_seed99_Caco2/1706.png
1707.0,C[C@@H]1O[C@@H](c2ccc(Cl)cc2)OC[C@H]1N,1.0,train,../data/images/balanced_scaffold_seed99_Caco2/1707.png
1708.0,C[C@@H]1O[C@H](c2ccc(Cl)cc2)OC[C@H]1N,1.0,train,../data/images/balanced_scaffold_seed99_Caco2/1708.png
1709.0,CCN(CCO)C(=O)c1cc2ccccn2c1-c1cccc(OC)c1,1.0,train,../data/images/balanced_scaffold_seed99_Caco2/1709.png
1710.0,CCCN(CCO)C(=O)c1cc2ccccn2c1-c1ccccc1,1.0,train,../data/images/balanced_scaffold_seed99_Caco2/1710.png
1711.0,Cn1cc(-c2cnc3oc4c(-c5cscn5)nc(=O)n(CCC5CCCO5)c4c3c2)cn1,0.0,train,../data/images/balanced_scaffold_seed99_Caco2/1711.png
1712.0,CC(C)(C)NCC(O)COc1ccc(NC(=O)NC2CCCCC2)cc1,1.0,train,../data/images/balanced_scaffold_seed99_Caco2/1712.png
1713.0,C=C(Br)C(=O)Nc1cc(C(=O)NCCC(=N)N)n(C)c1,0.0,train,../data/images/balanced_scaffold_seed99_Caco2/1713.png
1714.0,CC(C)(COc1ccc(-c2ccc(NC(=O)c3ccc4ccccc4c3)cc2)cn1)C(=O)O,0.0,train,../data/images/balanced_scaffold_seed99_Caco2/1714.png
1715.0,CC1(c2cccc(-c3cncnc3)c2)N=C(N)c2ccccc2O1,1.0,train,../data/images/balanced_scaffold_seed99_Caco2/1715.png
1716.0,CC1(c2cccc(-c3cncnc3)c2)N=C(N)c2c(F)cccc2O1,1.0,train,../data/images/balanced_scaffold_seed99_Caco2/1716.png
1717.0,COc1cnc2ccc(=O)n(CCN3CCC(NC(=O)c4cnc(C)c(C#N)c4)CC3)c2c1,0.0,train,../data/images/balanced_scaffold_seed99_Caco2/1717.png
1718.0,O=C(Nc1cccc(C(F)(F)F)c1)c1ccccc1NCc1ccncc1,0.0,train,../data/images/balanced_scaffold_seed99_Caco2/1718.png
1719.0,Cn1c(-c2ccoc2)c(C2CCCCC2)c2ccc(C(=O)NC(C)(C)C(=O)Nc3ccc(/C=C/C(=O)O)cc3)cc21,0.0,train,../data/images/balanced_scaffold_seed99_Caco2/1719.png
1720.0,Cc1ccc(NC(=O)c2ccc3nc(-c4c(C)cc(NCC(=O)O)cc4C)[nH]c3c2)cc1C,0.0,train,../data/images/balanced_scaffold_seed99_Caco2/1720.png
1721.0,Cc1ccc(NC(=O)c2ccc3nc(-c4c(C)cc(CCC(=O)O)cc4C)[nH]c3c2)cc1C,0.0,train,../data/images/balanced_scaffold_seed99_Caco2/1721.png
1722.0,Cc1cc(CCC(=O)O)cc(C)c1-c1nc2ccc(C(=O)Nc3ccc(C(C)(C)C)cc3)cc2[nH]1,0.0,train,../data/images/balanced_scaffold_seed99_Caco2/1722.png
1723.0,Cc1ccc(NC(=O)c2ccc3nc(-c4c(C)cc(OCC(=O)O)cc4C)[nH]c3c2)cc1C,0.0,train,../data/images/balanced_scaffold_seed99_Caco2/1723.png
1724.0,Cc1cccc(C)c1C(=O)N1C[C@H]2CN(CC[C@H](NC(=O)C3CCCC3)c3ccccc3)C[C@H]2C1,0.0,train,../data/images/balanced_scaffold_seed99_Caco2/1724.png
1725.0,COc1cc(C)c(C(=O)N2C[C@H]3CN(CC[C@H](NC(=O)C4CCCC4)c4ccccc4)C[C@H]3C2)c(C)c1,1.0,train,../data/images/balanced_scaffold_seed99_Caco2/1725.png
1726.0,CC(C)c1nnc2ccc(-c3ocnc3-c3cc(F)ccc3F)cn12,1.0,train,../data/images/balanced_scaffold_seed99_Caco2/1726.png
1727.0,COc1ncc(-c2cc3c(-c4ccncc4)ncnc3s2)cc1NS(=O)(=O)c1ccc(F)cc1F,0.0,train,../data/images/balanced_scaffold_seed99_Caco2/1727.png
1728.0,O=S(=O)(Nc1cc(-c2cc3c(-c4ccncc4)ncnc3s2)cnc1Cl)c1ccc(F)cc1F,0.0,train,../data/images/balanced_scaffold_seed99_Caco2/1728.png
1729.0,CC(C)(C)c1ccc(NC(=O)c2ccnn2CCc2ccncc2)cc1,0.0,train,../data/images/balanced_scaffold_seed99_Caco2/1729.png
1730.0,CC(C)c1ccc(NC(=O)c2ccnn2CCc2ccncc2)cc1,1.0,train,../data/images/balanced_scaffold_seed99_Caco2/1730.png
1731.0,O=C(Nc1ccc(C(F)(F)F)cc1)c1ccnn1CCc1ccncc1,0.0,train,../data/images/balanced_scaffold_seed99_Caco2/1731.png
1732.0,O=C(Nc1ccc(Cl)cc1)c1ccnn1CCc1ccncc1,0.0,train,../data/images/balanced_scaffold_seed99_Caco2/1732.png
1733.0,O=C(Nc1ccc(OC(F)(F)F)cc1)c1ccnn1CCc1ccncc1,0.0,train,../data/images/balanced_scaffold_seed99_Caco2/1733.png
1734.0,CCc1ccc(NC(=O)c2ccnn2CCc2ccncc2)cc1,1.0,train,../data/images/balanced_scaffold_seed99_Caco2/1734.png
1735.0,O=C(Nc1ccc(OC(F)(F)Cl)cc1)c1ccnn1CCc1ccncc1,0.0,train,../data/images/balanced_scaffold_seed99_Caco2/1735.png
1736.0,COc1ccc2c(C(=O)NCc3ccc(F)cc3)c(O)n(O)c(=O)c2c1,0.0,train,../data/images/balanced_scaffold_seed99_Caco2/1736.png
1737.0,N[C@@H](Cc1ccccc1)C(=O)N1CCC[C@H]1C(=O)O,1.0,train,../data/images/balanced_scaffold_seed99_Caco2/1737.png
1738.0,COCCN1C(=O)CNc2ncc(-c3ccc(-c4nc[nH]n4)nc3C)nc21,0.0,train,../data/images/balanced_scaffold_seed99_Caco2/1738.png
1739.0,CCN1C(=O)CNc2ncc(-c3ccc(-c4nc[nH]n4)nc3C)nc21,1.0,train,../data/images/balanced_scaffold_seed99_Caco2/1739.png
1740.0,Cc1nc(-c2nc[nH]n2)ccc1-c1cnc2c(n1)N(C(C)C)C(=O)CN2,1.0,train,../data/images/balanced_scaffold_seed99_Caco2/1740.png
1741.0,COc1ccc2c(O[C@@H]3C[C@H]4C(=O)N[C@]5(C(=O)NS(=O)(=O)C6CC6)C[C@H]5/C=C\CCCCCNC(=O)N4C3)cc(-c3nc(C(C)C)cs3)nc2c1Cl,1.0,train,../data/images/balanced_scaffold_seed99_Caco2/1741.png
1742.0,COc1ccc2c(O[C@@H]3C[C@H]4C(=O)N[C@]5(C(=O)NS(=O)(=O)C6CC6)C[C@H]5/C=C\CCCCCNC(=O)N4C3)cc(-c3nccs3)nc2c1,0.0,train,../data/images/balanced_scaffold_seed99_Caco2/1742.png
1743.0,COc1ccc2c(O[C@@H]3C[C@H]4C(=O)N[C@]5(C(=O)NS(=O)(=O)C6CC6)C[C@H]5/C=C\CCCCCNC(=O)N4C3)cc(-c3nc(C(C)C)cs3)nc2c1C,0.0,train,../data/images/balanced_scaffold_seed99_Caco2/1743.png
1744.0,COc1ccc2c(O[C@@H]3C[C@H]4C(=O)N[C@]5(C(=O)NS(=O)(=O)C6(C)CC6)C[C@H]5/C=C\CCCCCNC(=O)N4C3)cc(-c3nc(C(C)C)cs3)nc2c1Cl,1.0,train,../data/images/balanced_scaffold_seed99_Caco2/1744.png
1745.0,COc1ccc2c(O[C@@H]3C[C@H]4C(=O)N[C@]5(C(=O)NS(=O)(=O)C6CC6)C[C@H]5/C=C\CCCCCNC(=O)N4C3)cc(-c3nc(C(C)C)cs3)nc2c1,1.0,train,../data/images/balanced_scaffold_seed99_Caco2/1745.png
1746.0,COc1ccc2c(O[C@@H]3C[C@H]4C(=O)N[C@]5(C(=O)NS(=O)(=O)C6(C)CC6)C[C@H]5/C=C\CCCCCNC(=O)N4C3)cc(-c3nc(C(C)C)cs3)nc2c1,1.0,train,../data/images/balanced_scaffold_seed99_Caco2/1746.png
1747.0,CCOC(=O)[C@@H](CCc1ccccc1)N[C@@H](C)C(=O)N1CCC[C@@H]1C(=O)O,0.0,train,../data/images/balanced_scaffold_seed99_Caco2/1747.png
1748.0,O=S(=O)(Cc1c(F)cccc1F)N1CCN(c2ncccc2C(F)(F)F)CC1,1.0,train,../data/images/balanced_scaffold_seed99_Caco2/1748.png
1749.0,Nc1noc2ccc(-n3nc(C(F)(F)F)cc3C(=O)Cc3ccc(N4CCCCC4=O)cc3)cc12,1.0,train,../data/images/balanced_scaffold_seed99_Caco2/1749.png
1750.0,C=Cc1cc(C(NC(=O)NC(C)(C)C)C(=O)Nc2cccc(C(=O)NS(=O)(=O)c3ccc(C(F)(F)F)cc3)c2)ccc1Oc1cc(OC)nc(-c2ccccc2)n1,0.0,train,../data/images/balanced_scaffold_seed99_Caco2/1750.png
1751.0,C=Cc1cc(C(NC(=O)OC(C)(C)C)C(=O)Nc2cccc(C(=O)NS(=O)(=O)c3ccc(C(F)(F)F)cc3)c2)ccc1Oc1cc(OC)nc(-c2ccccc2)n1,0.0,train,../data/images/balanced_scaffold_seed99_Caco2/1751.png
1752.0,C=Cc1cc([C@H](NC(=O)[C@@H](NC(=O)OC(C)(C)C)C(C)(C)C)C(=O)Nc2cccc(C(=O)NS(=O)(=O)c3ccc(C(F)(F)F)cc3)c2)ccc1Oc1cc(OC)nc(-c2ccccc2)n1,1.0,train,../data/images/balanced_scaffold_seed99_Caco2/1752.png
1753.0,CCCCOc1ncc(C(C)=O)cc1-c1nc(O)c2nn(C3CCN(CC)CC3)c(CC)c2n1,1.0,train,../data/images/balanced_scaffold_seed99_Caco2/1753.png
1754.0,COc1cc(C)c(S(=O)(=O)N(C)CCOCC(=O)N2CCC(C(O)CN(C)C)CC2)c(C)c1,0.0,train,../data/images/balanced_scaffold_seed99_Caco2/1754.png
1755.0,COc1cc(C)c(S(=O)(=O)N(C)CCOCC(=O)N2CCC(CCN(C)C)CC2)c(C)c1,0.0,train,../data/images/balanced_scaffold_seed99_Caco2/1755.png
1756.0,O=C(NC1(C(=O)N[C@H](Cc2ccccc2)C(=O)NCCC(=O)N2CCN(C3CCOCC3)CC2)CCCC1)c1cc2ccccc2s1,0.0,train,../data/images/balanced_scaffold_seed99_Caco2/1756.png
1757.0,C=C[C@@H]1C[C@]1(NC(=O)[C@@H]1C[C@@H](Oc2cc(-c3csc(NC(C)C)n3)nc3cc(OC)ccc23)CN1C(=O)[C@@H](NC(=O)OC1CCCC1)C(C)(C)C)P(=O)(O)Cc1cccc(F)c1,0.0,train,../data/images/balanced_scaffold_seed99_Caco2/1757.png
1758.0,C=C[C@@H]1C[C@]1(NC(=O)[C@@H]1C[C@@H](Oc2cc(-c3csc(NC(C)C)n3)nc3cc(OC)ccc23)CN1C(=O)[C@@H](NC(=O)OC1CCCC1)C(C)(C)C)P(=O)(O)Cc1c(F)cccc1F,0.0,train,../data/images/balanced_scaffold_seed99_Caco2/1758.png
1759.0,C=C[C@@H]1C[C@]1(NC(=O)[C@@H]1C[C@@H](Oc2cc(-c3csc(NC(C)C)n3)nc3cc(OC)ccc23)CN1C(=O)[C@@H](NC(=O)OC1CCCC1)C(C)(C)C)P(=O)(O)Cc1c(F)cccc1Cl,0.0,train,../data/images/balanced_scaffold_seed99_Caco2/1759.png
1760.0,C=C[C@@H]1C[C@]1(NC(=O)[C@@H]1C[C@@H](Oc2cc(-c3csc(NC(C)C)n3)nc3cc(OC)ccc23)CN1C(=O)[C@@H](NC(=O)OC1CCCC1)C(C)(C)C)P(=O)(O)Cc1ccc(C)cc1,0.0,train,../data/images/balanced_scaffold_seed99_Caco2/1760.png
1761.0,C=C[C@@H]1C[C@]1(NC(=O)[C@@H]1C[C@@H](Oc2cc(-c3csc(NC(C)C)n3)nc3cc(OC)ccc23)CN1C(=O)[C@@H](NC(=O)OC1CCCC1)C(C)(C)C)P(=O)(O)Cc1ccccc1C,0.0,train,../data/images/balanced_scaffold_seed99_Caco2/1761.png
1762.0,C=C[C@@H]1C[C@]1(NC(=O)[C@@H]1C[C@@H](Oc2cc(-c3csc(NC(C)C)n3)nc3cc(OC)ccc23)CN1C(=O)[C@@H](NC(=O)OC1CCCC1)C(C)(C)C)P(=O)(O)Cc1ccc(OC)cc1,0.0,train,../data/images/balanced_scaffold_seed99_Caco2/1762.png
1763.0,C=C[C@@H]1C[C@]1(NC(=O)[C@@H]1C[C@@H](Oc2cc(-c3csc(NC(C)C)n3)nc3cc(OC)ccc23)CN1C(=O)[C@@H](NC(=O)OC1CCCC1)C(C)(C)C)P(=O)(O)Cc1ccccc1,0.0,train,../data/images/balanced_scaffold_seed99_Caco2/1763.png
1764.0,C=C[C@@H]1C[C@]1(NC(=O)[C@@H]1C[C@@H](Oc2cc(-c3csc(NC(C)C)n3)nc3cc(OC)ccc23)CN1C(=O)[C@@H](NC(=O)OC1CCCC1)C(C)(C)C)P(=O)(O)Cc1cccc(OC)c1,0.0,train,../data/images/balanced_scaffold_seed99_Caco2/1764.png
1765.0,C=C[C@@H]1C[C@]1(NC(=O)[C@@H]1C[C@@H](Oc2cc(-c3csc(NC(C)C)n3)nc3cc(OC)ccc23)CN1C(=O)[C@@H](NC(=O)OC1CCCC1)C(C)(C)C)P(=O)(O)Cc1ccc(F)cc1,0.0,train,../data/images/balanced_scaffold_seed99_Caco2/1765.png
1766.0,C=C[C@@H]1C[C@]1(NC(=O)[C@@H]1C[C@@H](Oc2cc(-c3csc(NC(C)C)n3)nc3cc(OC)ccc23)CN1C(=O)[C@@H](NC(=O)OC1CCCC1)C(C)(C)C)P(=O)(O)Cc1ccccc1OC,0.0,train,../data/images/balanced_scaffold_seed99_Caco2/1766.png
1767.0,C=C[C@@H]1C[C@]1(NC(=O)[C@@H]1C[C@@H](Oc2cc(-c3csc(NC(C)C)n3)nc3cc(OC)ccc23)CN1C(=O)[C@@H](NC(=O)OC1CCCC1)C(C)(C)C)P(=O)(O)Cc1cccc(C)c1,0.0,train,../data/images/balanced_scaffold_seed99_Caco2/1767.png
1768.0,C=C[C@@H]1C[C@]1(NC(=O)[C@@H]1C[C@@H](Oc2cc(-c3csc(NC(C)C)n3)nc3cc(OC)ccc23)CN1C(=O)[C@@H](NC(=O)OC1CCCC1)C(C)(C)C)P(=O)(O)Cc1c(C)cccc1C,0.0,train,../data/images/balanced_scaffold_seed99_Caco2/1768.png
1769.0,C=C[C@@H]1C[C@]1(NC(=O)[C@@H]1C[C@@H](Oc2cc(-c3csc(NC(C)C)n3)nc3cc(OC)ccc23)CN1C(=O)[C@@H](NC(=O)OC1CCCC1)C(C)(C)C)P(=O)(O)Cc1c(F)cccc1C(F)(F)F,0.0,train,../data/images/balanced_scaffold_seed99_Caco2/1769.png
1770.0,C=C[C@@H]1C[C@]1(NC(=O)[C@@H]1C[C@@H](Oc2cc(-c3csc(NC(C)C)n3)nc3cc(OC)ccc23)CN1C(=O)[C@@H](NC(=O)OC1CCCC1)C(C)(C)C)P(=O)(O)Cc1ccccc1F,0.0,train,../data/images/balanced_scaffold_seed99_Caco2/1770.png
1771.0,CC(C)C[C@H](CO)Nc1nc(SCc2ccccn2)nc2nc(N)sc12,0.0,train,../data/images/balanced_scaffold_seed99_Caco2/1771.png
1772.0,CC(C)C[C@H](CO)Nc1nc(S[C@@H](C)c2cc(Cl)ccn2)nc2nc(N)sc12,0.0,train,../data/images/balanced_scaffold_seed99_Caco2/1772.png
1773.0,CCN[C@H]1C[C@H](C)S(=O)(=O)c2sc(S(N)(=O)=O)cc21,0.0,train,../data/images/balanced_scaffold_seed99_Caco2/1773.png
1774.0,COc1ccc(CCN2C(=O)N(NS(C)(=O)=O)C[C@H]2c2ccc(OC)cc2)cc1,1.0,train,../data/images/balanced_scaffold_seed99_Caco2/1774.png
1775.0,CC(C)CC[C@]1(C)CN(C2CCC2)C(=O)C(C2=NS(=O)(=O)c3cc(NS(C)(=O)=O)ccc3N2)=C1O,0.0,train,../data/images/balanced_scaffold_seed99_Caco2/1775.png
1776.0,Cc1cc(Cn2c(=O)c(C3=CS(=O)(=O)c4ccccc4N3)c(O)c3cc(F)ccc32)ccc1F,0.0,train,../data/images/balanced_scaffold_seed99_Caco2/1776.png
1777.0,O=c1c(C2=CS(=O)(=O)c3ccccc3N2)c(O)c2ccccc2n1Cc1ccc(F)cc1,0.0,train,../data/images/balanced_scaffold_seed99_Caco2/1777.png
1778.0,O=c1c(C2=CS(=O)(=O)c3ccccc3N2)c(O)c2cc(F)ccc2n1Cc1ccc(F)cc1,0.0,train,../data/images/balanced_scaffold_seed99_Caco2/1778.png
1779.0,CC(=O)NC(c1cccs1)c1cc(Br)c2cccnc2c1O,1.0,train,../data/images/balanced_scaffold_seed99_Caco2/1779.png
1780.0,Cc1cc(CN(C)C(=O)c2ccc(Oc3ccc(C#C[C@]4(O)CN5CCC4CC5)cc3)cc2)on1,1.0,train,../data/images/balanced_scaffold_seed99_Caco2/1780.png
1781.0,COC(=O)c1cc(OC)c2c(c1-c1c(C(=O)OC)cc(OC)c3c1OCO3)OCO2,1.0,train,../data/images/balanced_scaffold_seed99_Caco2/1781.png
1782.0,COC(=O)c1cc(OC)c2c(c1-c1c(CO)cc(OC)c3c1OCO3)OCO2,1.0,train,../data/images/balanced_scaffold_seed99_Caco2/1782.png
1783.0,Cc1ccc(C(=O)NC2CC2)cc1-n1cnc2ccc(N3CCN(C)CC3)cc2c1=O,0.0,train,../data/images/balanced_scaffold_seed99_Caco2/1783.png
1784.0,O=c1cc(C2CCNCC2)[nH]o1,0.0,train,../data/images/balanced_scaffold_seed99_Caco2/1784.png
1785.0,c1ccc(Cn2nnnc2C(c2ccc3occc3c2)N2CCCN(C3CCC3)CC2)cc1,1.0,train,../data/images/balanced_scaffold_seed99_Caco2/1785.png
1786.0,O=c1ccc2c([C@@H](O)CNCCCCCCCCCN3CCC(Oc4nn(-c5c(O)cccc5F)c5c4CCCC5)CC3)ccc(O)c2[nH]1,0.0,train,../data/images/balanced_scaffold_seed99_Caco2/1786.png
1787.0,Cn1c(-c2cnccn2)c(C2CCCCC2)c2ccc(C(=O)NC(C)(C)C(=O)Nc3ccc(/C=C/C(=O)O)cc3)cc21,0.0,train,../data/images/balanced_scaffold_seed99_Caco2/1787.png
1788.0,CC(=S)NC[C@H]1CN(c2ccc(-c3nnc(CN)s3)c(F)c2)C(=O)O1,1.0,train,../data/images/balanced_scaffold_seed99_Caco2/1788.png
1789.0,CC(=S)NC[C@H]1CN(c2ccc(-c3nnc(CNS(C)(=O)=O)s3)c(F)c2)C(=O)O1,0.0,train,../data/images/balanced_scaffold_seed99_Caco2/1789.png
1790.0,CC(=O)NC[C@H]1CN(c2ccc(-c3nnc(CC/C(C)=N\O)s3)c(F)c2)C(=O)O1,0.0,train,../data/images/balanced_scaffold_seed99_Caco2/1790.png
1791.0,CNCc1nnc(-c2ccc(N3C[C@H](CNC(C)=S)OC3=O)cc2F)s1,1.0,train,../data/images/balanced_scaffold_seed99_Caco2/1791.png
1792.0,CCC(=O)NC[C@H]1CN(c2ccc(-c3nncs3)c(F)c2)C(=O)O1,1.0,train,../data/images/balanced_scaffold_seed99_Caco2/1792.png
1793.0,Cc1c(CN(CCc2ccc(Cl)cc2)C2CCN(C(=O)c3c(F)cccc3F)CC2)c(=O)n(-c2ccc(F)cc2)n1C,1.0,train,../data/images/balanced_scaffold_seed99_Caco2/1793.png
1794.0,Cc1c(CN(CCc2ccc(S(N)(=O)=O)cc2)C2CCN(C(=O)c3c(F)cccc3F)CC2)c(=O)n(-c2ccc(F)cc2)n1C,0.0,train,../data/images/balanced_scaffold_seed99_Caco2/1794.png
1795.0,Cc1c(CN(CCc2ccc(N)cc2)C2CCN(C(=O)c3c(F)cccc3F)CC2)c(=O)n(-c2ccc(F)cc2)n1C,0.0,train,../data/images/balanced_scaffold_seed99_Caco2/1795.png
1796.0,Nc1ccncc1,1.0,train,../data/images/balanced_scaffold_seed99_Caco2/1796.png
1797.0,Nc1cccnc1,1.0,train,../data/images/balanced_scaffold_seed99_Caco2/1797.png
1798.0,O=Cc1ccncc1,1.0,train,../data/images/balanced_scaffold_seed99_Caco2/1798.png
1799.0,Oc1ccncc1,1.0,train,../data/images/balanced_scaffold_seed99_Caco2/1799.png
1800.0,Cc1ccncc1,1.0,train,../data/images/balanced_scaffold_seed99_Caco2/1800.png
1801.0,Cc1ncc(CO)c(CO)c1O,0.0,train,../data/images/balanced_scaffold_seed99_Caco2/1801.png
1802.0,c1ccncc1,1.0,train,../data/images/balanced_scaffold_seed99_Caco2/1802.png
1803.0,CCc1ccncc1,1.0,train,../data/images/balanced_scaffold_seed99_Caco2/1803.png
1804.0,NC(=O)c1ccncc1,1.0,train,../data/images/balanced_scaffold_seed99_Caco2/1804.png
1805.0,Fc1ccncc1,1.0,train,../data/images/balanced_scaffold_seed99_Caco2/1805.png
1806.0,OCc1ccncc1,1.0,train,../data/images/balanced_scaffold_seed99_Caco2/1806.png
1807.0,Clc1ccncc1,1.0,train,../data/images/balanced_scaffold_seed99_Caco2/1807.png
1808.0,c1ccc(CCC2(c3ccc4[nH]ccc4c3)CCNC2)cc1,0.0,train,../data/images/balanced_scaffold_seed99_Caco2/1808.png
1809.0,CN1C2CC(OC(=O)C(CO)c3ccccc3)CC1C1OC12,1.0,train,../data/images/balanced_scaffold_seed99_Caco2/1809.png
1810.0,CCN1C2CC(OC(=O)C(CO)c3ccccc3)CC1C1OC12,0.0,train,../data/images/balanced_scaffold_seed99_Caco2/1810.png
1811.0,Cn1cncc1CN1CC(N(CC2CCN(S(=O)(=O)c3ccccc3)CC2)S(=O)(=O)c2ccccn2)Cc2cc(C#N)ccc21,0.0,train,../data/images/balanced_scaffold_seed99_Caco2/1811.png
1812.0,O=c1[nH]ccc2cc(O[C@H]3CCCNC3)ccc12,1.0,train,../data/images/balanced_scaffold_seed99_Caco2/1812.png
1813.0,CSc1ccccc1Nc1nc(N2CCNCC2)nc2c(NCC3CC3)ncnc12,0.0,train,../data/images/balanced_scaffold_seed99_Caco2/1813.png
1814.0,O=C(/C=C/c1ccc(Cl)cc1)NC1(C(=O)N[C@H](Cc2ccccc2)C(=O)NCC2CCN(CC3CCOCC3)CC2)CCCC1,0.0,train,../data/images/balanced_scaffold_seed99_Caco2/1814.png
1815.0,COc1cccc(/C=C/C(=O)NC2(C(=O)N[C@H](Cc3ccccc3)C(=O)NCC3CCN(CC4CCOCC4)CC3)CCCC2)c1,0.0,train,../data/images/balanced_scaffold_seed99_Caco2/1815.png
1816.0,O=C(/C=C/c1cccc(Cl)c1)NC1(C(=O)N[C@H](Cc2ccccc2)C(=O)NCC2CCN(CC3CCOCC3)CC2)CCCC1,0.0,train,../data/images/balanced_scaffold_seed99_Caco2/1816.png
1817.0,Cc1ccccc1/C=C/C(=O)NC1(C(=O)N[C@H](Cc2ccccc2)C(=O)NCC2CCN(CC3CCOCC3)CC2)CCCC1,0.0,train,../data/images/balanced_scaffold_seed99_Caco2/1817.png
1818.0,O=C(/C=C/c1cccc(F)c1)NC1(C(=O)N[C@H](Cc2ccccc2)C(=O)NCC2CCN(CC3CCOCC3)CC2)CCCC1,0.0,train,../data/images/balanced_scaffold_seed99_Caco2/1818.png
1819.0,CSc1ccc(/C=C/C(=O)NC2(C(=O)N[C@H](Cc3ccccc3)C(=O)NCC3CCN(CC4CCOCC4)CC3)CCCC2)cc1,0.0,train,../data/images/balanced_scaffold_seed99_Caco2/1819.png
1820.0,Cc1cccc(/C=C/C(=O)NC2(C(=O)N[C@H](Cc3ccccc3)C(=O)NCC3CCN(CC4CCOCC4)CC3)CCCC2)c1,0.0,train,../data/images/balanced_scaffold_seed99_Caco2/1820.png
1821.0,O=C(/C=C/c1ccccc1Cl)NC1(C(=O)N[C@H](Cc2ccccc2)C(=O)NCC2CCN(CC3CCOCC3)CC2)CCCC1,0.0,train,../data/images/balanced_scaffold_seed99_Caco2/1821.png
1822.0,Cc1ccc(/C=C/C(=O)NC2(C(=O)N[C@H](Cc3ccccc3)C(=O)NCC3CCN(CC4CCOCC4)CC3)CCCC2)cc1,0.0,train,../data/images/balanced_scaffold_seed99_Caco2/1822.png
1823.0,CNC(=O)c1ccc(Oc2ccc(C#C[C@]3(O)CN4CCC3CC4)cc2)cc1,1.0,train,../data/images/balanced_scaffold_seed99_Caco2/1823.png
1824.0,CC[C@@H]1C2CCCCN3CCC(C23)[C@H]2[C@@H]1OC(=O)[C@H]2C,1.0,train,../data/images/balanced_scaffold_seed99_Caco2/1824.png
1825.0,C[C@H](NP(=O)(OC[C@H]1O[C@@H](n2ccc3c(-c4cccs4)ncnc32)[C@H](O)[C@@H]1O)Oc1ccccc1)C(=O)OCc1ccccc1,1.0,train,../data/images/balanced_scaffold_seed99_Caco2/1825.png
1826.0,CC(C)n1c(=O)c(C(=O)N[C@H]2C[C@H]3CC[C@@H](C2)N3CCCCCCCN2CCC(CNS(C)(=O)=O)CC2)cc2ccccc21,0.0,train,../data/images/balanced_scaffold_seed99_Caco2/1826.png
1827.0,CC(C)n1c(=O)c(C(=O)N[C@H]2C[C@H]3CC[C@@H](C2)N3CCCCCCCN2CCCCC2)cc2ccccc21,1.0,train,../data/images/balanced_scaffold_seed99_Caco2/1827.png
1828.0,CO[C@@H]1COCC[C@@H]1N[C@@H]1CC[C@@](C(=O)N2CCN(c3cc(C(F)(F)F)ccn3)CC2)(C(C)C)C1,0.0,train,../data/images/balanced_scaffold_seed99_Caco2/1828.png
1829.0,Cn1c(=O)c2c(c(C#N)c(N3CCC[C@H](N)C3)n2Cc2ccccc2)n(C)c1=O,0.0,train,../data/images/balanced_scaffold_seed99_Caco2/1829.png
1830.0,CCOC(=O)c1cc(C#N)c(N2CC(NC(=O)NS(=O)(=O)Cc3ccccc3)C2)nc1C,0.0,train,../data/images/balanced_scaffold_seed99_Caco2/1830.png
1831.0,O=C1C2=Nc3ccccc3CN2c2ccc(Cl)cc21,1.0,train,../data/images/balanced_scaffold_seed99_Caco2/1831.png
1832.0,Cc1cc2cc(c1)C(=O)N[C@H]([C@H](O)CNCc1cccc(C(C)C)c1)COC/C=C/C[C@@H](c1ccccc1)NC2=O,0.0,train,../data/images/balanced_scaffold_seed99_Caco2/1832.png
1833.0,CC(C)c1cccc(CNC[C@@H](O)[C@@H]2COC/C=C/C[C@@H](c3ccccc3)NC(=O)c3cc(cc(N(C)S(C)(=O)=O)c3)C(=O)N2)c1,0.0,train,../data/images/balanced_scaffold_seed99_Caco2/1833.png
1834.0,Cc1cc2cc(c1)C(=O)N[C@@H](c1ccccc1)C/C=C/COC[C@@H]([C@H](O)CNCc1cccc(C(C)C)c1)NC2=O,0.0,train,../data/images/balanced_scaffold_seed99_Caco2/1834.png
1835.0,CC(C)c1cccc(CNC[C@@H](O)[C@@H]2COC/C=C/C[C@H](c3ccccc3)NC(=O)c3cc(cc(N(C)S(C)(=O)=O)c3)C(=O)N2)c1,0.0,train,../data/images/balanced_scaffold_seed99_Caco2/1835.png
1836.0,CC1CCN([C@H](c2ccc(F)cc2)c2ccc([C@@H](C)C(=O)O)cc2-c2ccc(C(F)(F)F)cc2)CC1,1.0,train,../data/images/balanced_scaffold_seed99_Caco2/1836.png
1837.0,O=C1c2ncc3c(c(CCCOC4CCOCC4)cn3Cc3ccc(F)cc3)c2CCN1O,0.0,train,../data/images/balanced_scaffold_seed99_Caco2/1837.png
1838.0,CN(C)CCN(C)C(=O)c1ccc(-c2cnc(N)c(C(=O)Nc3cccnc3)n2)cc1,0.0,train,../data/images/balanced_scaffold_seed99_Caco2/1838.png
1839.0,COCCNS(=O)(=O)c1ccc(-c2cnc(N)c(C(=O)Nc3cccnc3)n2)cc1,1.0,train,../data/images/balanced_scaffold_seed99_Caco2/1839.png
1840.0,CN(C)CCNS(=O)(=O)c1ccc(-c2cnc(N)c(C(=O)Nc3cccnc3)n2)cc1,0.0,train,../data/images/balanced_scaffold_seed99_Caco2/1840.png
1841.0,Nc1ncc(-c2ccc(S(N)(=O)=O)cc2)nc1C(=O)Nc1cccnc1,0.0,train,../data/images/balanced_scaffold_seed99_Caco2/1841.png
1842.0,CCN(CCN(C)C)S(=O)(=O)c1ccc(-c2cnc(N)c(C(=O)Nc3cccnc3)n2)cc1,1.0,train,../data/images/balanced_scaffold_seed99_Caco2/1842.png
1843.0,O=C(N[C@@H]1COC[C@@H]1C(=O)NO)c1ccc(Cn2c(C(F)(F)F)nc3ccccc32)cc1,0.0,train,../data/images/balanced_scaffold_seed99_Caco2/1843.png
1844.0,CC(C)(NC(=O)c1nc(-c2cccc(-c3ccc(N)nc3)c2)cnc1N)C1CCNCC1,0.0,train,../data/images/balanced_scaffold_seed99_Caco2/1844.png
1845.0,COC(=O)[C@H](C)NP(=O)(OC[C@H]1O[C@@](C#N)(c2ccc3c(N)ncnn23)[C@](C)(O)[C@@H]1O)Oc1ccccc1,0.0,train,../data/images/balanced_scaffold_seed99_Caco2/1845.png
1846.0,CC(C)OC(=O)[C@H](C)NP(=O)(OC[C@H]1O[C@@](C#N)(c2ccc3c(N)ncnn23)[C@](C)(O)[C@@H]1O)Oc1ccccc1,1.0,train,../data/images/balanced_scaffold_seed99_Caco2/1846.png
1847.0,C[C@H](NP(=O)(OC[C@H]1O[C@@](C#N)(c2ccc3c(N)ncnn23)[C@](C)(O)[C@@H]1O)Oc1ccccc1)C(=O)OC(C)(C)C,1.0,train,../data/images/balanced_scaffold_seed99_Caco2/1847.png
1848.0,CCC(CC)COC(=O)[C@H](C)NP(=O)(OC[C@H]1O[C@@](C#N)(c2ccc3c(N)ncnn23)[C@](C)(O)[C@@H]1O)Oc1ccccc1,0.0,train,../data/images/balanced_scaffold_seed99_Caco2/1848.png
1849.0,CCOC(=O)[C@H](C)NP(=O)(OC[C@H]1O[C@@](C#N)(c2ccc3c(N)ncnn23)[C@](C)(O)[C@@H]1O)Oc1ccccc1,0.0,train,../data/images/balanced_scaffold_seed99_Caco2/1849.png
1850.0,CC[C@H](C)OC(=O)[C@H](C)NP(=O)(OC[C@H]1O[C@@](C#N)(c2ccc3c(N)ncnn23)[C@](C)(O)[C@@H]1O)Oc1ccccc1,1.0,train,../data/images/balanced_scaffold_seed99_Caco2/1850.png
1851.0,CC[C@@H](C)OC(=O)[C@H](C)NP(=O)(OC[C@H]1O[C@@](C#N)(c2ccc3c(N)ncnn23)[C@](C)(O)[C@@H]1O)Oc1ccccc1,1.0,train,../data/images/balanced_scaffold_seed99_Caco2/1851.png
1852.0,C[C@H](NP(=O)(OC[C@H]1O[C@@](C#N)(c2ccc3c(N)ncnn23)[C@](C)(O)[C@@H]1O)Oc1ccccc1)C(=O)OCC(C)(C)C,1.0,train,../data/images/balanced_scaffold_seed99_Caco2/1852.png
1853.0,Cn1ncc(-c2ccc(F)cc2)c(-c2ccc(C[C@H](NC(=O)c3c(Cl)cccc3Cl)C(=O)O)cc2)c1=O,0.0,train,../data/images/balanced_scaffold_seed99_Caco2/1853.png
1854.0,O=c1c2c3n(c(=O)cc2[nH]n1-c1ccccc1Cl)CCCN(Cc1ccccn1)C3,0.0,train,../data/images/balanced_scaffold_seed99_Caco2/1854.png
1855.0,COc1ccccc1-n1[nH]c2cc(=O)n3c(c2c1=O)CN(Cc1ccccn1)CCC3,0.0,train,../data/images/balanced_scaffold_seed99_Caco2/1855.png
1856.0,O=C(NC1(C(=O)N[C@H](Cc2ccccc2)C(=O)NCCCN2CCOCC2)CCCC1)c1cc2ccccc2o1,0.0,train,../data/images/balanced_scaffold_seed99_Caco2/1856.png
1857.0,OC[C@H]1OC(OC[C@H]2OC(O[C@]3(CO)O[C@H](CO)[C@@H](O)[C@@H]3O)[C@H](O)[C@@H](O)[C@@H]2O)[C@H](O)[C@@H](O)[C@H]1O,0.0,train,../data/images/balanced_scaffold_seed99_Caco2/1857.png
1858.0,CNC(=O)c1cc(Oc2ccc3sc(Nc4ccc(Cl)cc4)nc3c2)ccn1,1.0,train,../data/images/balanced_scaffold_seed99_Caco2/1858.png
1859.0,CNC(=O)c1cc(Oc2ccc3sc(Nc4ccc(OC(F)(F)F)cc4)nc3c2)ccn1,1.0,train,../data/images/balanced_scaffold_seed99_Caco2/1859.png
1860.0,CNC(=O)c1cc(Oc2ccc3sc(Nc4ccc(C)cc4)nc3c2)ccn1,1.0,train,../data/images/balanced_scaffold_seed99_Caco2/1860.png
1861.0,CNC(=O)c1cc(Oc2ccc3sc(Nc4ccc(C(C)C)cc4)nc3c2)ccn1,1.0,train,../data/images/balanced_scaffold_seed99_Caco2/1861.png
1862.0,CNC(=O)c1cc(Oc2ccc3sc(Nc4ccc(Br)cc4)nc3c2)ccn1,1.0,train,../data/images/balanced_scaffold_seed99_Caco2/1862.png
1863.0,CCCCc1ccc(Nc2nc3cc(Oc4ccnc(C(=O)NC)c4)ccc3s2)cc1,1.0,train,../data/images/balanced_scaffold_seed99_Caco2/1863.png
1864.0,CNC(=O)c1cc(Oc2ccc3sc(Nc4cccc(C(C)(C)C)c4)nc3c2)ccn1,1.0,train,../data/images/balanced_scaffold_seed99_Caco2/1864.png
1865.0,CC(C)(C)c1cccc(Nc2nc3cc(Oc4ccnc(C(N)=O)c4)ccc3s2)c1,1.0,train,../data/images/balanced_scaffold_seed99_Caco2/1865.png
1866.0,O=C(NCc1ccc(C(F)(F)F)o1)c1ccc(N2CCN(C(=O)c3ccccc3C(F)(F)F)CC2)nn1,1.0,train,../data/images/balanced_scaffold_seed99_Caco2/1866.png
1867.0,Cc1ccc(CNC(=O)c2ccc(N3CCN(C(=O)c4ccccc4C(F)(F)F)CC3)nn2)o1,1.0,train,../data/images/balanced_scaffold_seed99_Caco2/1867.png
1868.0,CN1C2CC[C@@H]1C[C@@H](OC(c1ccc(Cl)cc1)c1ccc(Cl)cc1)C2,0.0,train,../data/images/balanced_scaffold_seed99_Caco2/1868.png
1869.0,CN1C2CC[C@@H]1C[C@@H](OC(c1ccccc1)c1ccc(Cl)cc1)C2,1.0,train,../data/images/balanced_scaffold_seed99_Caco2/1869.png
1870.0,CN1C2CC[C@@H]1C[C@@H](OC(c1ccccc1)c1cccc(Cl)c1)C2,1.0,train,../data/images/balanced_scaffold_seed99_Caco2/1870.png
1871.0,CN1C2CC[C@@H]1C[C@@H](OC(c1ccc(Cl)cc1)c1cccc(Cl)c1)C2,0.0,train,../data/images/balanced_scaffold_seed99_Caco2/1871.png
1872.0,O=C(O)CC1OC(=O)N(CC(=O)NCC2CCC(Nc3nc4ccccc4[nH]3)CC2)c2ccccc21,0.0,train,../data/images/balanced_scaffold_seed99_Caco2/1872.png
1873.0,Cc1nc(C(C)C)n([C@H]2C[C@H]3CC[C@@H](C2)N3CC[C@H](NC(=O)C2CCC(F)(F)CC2)c2ccccc2)n1,1.0,train,../data/images/balanced_scaffold_seed99_Caco2/1873.png
1874.0,Cc1nc(C(C)C)n([C@@H]2C[C@H]3CC[C@@H](C2)N3CC[C@H](NC(=O)C2CCC(F)(F)CC2)c2ccccc2)n1,1.0,train,../data/images/balanced_scaffold_seed99_Caco2/1874.png
1875.0,CC[C@H](C)CN1C(=O)c2ccccc2[C@@H](C(=O)O)[C@@H]1c1cc2ccccc2o1,1.0,train,../data/images/balanced_scaffold_seed99_Caco2/1875.png
1876.0,O=C(NC1(C(=O)N[C@H](Cc2ccccc2)C(=O)NCCCNC2CCOCC2)CCCC1)c1cc2ccccc2s1,0.0,train,../data/images/balanced_scaffold_seed99_Caco2/1876.png
1877.0,COc1c(C(=O)NC2(C(=O)N[C@H](CCCN3CCN(CC4CCOCC4)CC3)Cc3ccccc3)CCCC2)ccc2ccccc12,1.0,train,../data/images/balanced_scaffold_seed99_Caco2/1877.png
1878.0,COc1cc2ccccc2cc1C(=O)NC1(C(=O)N[C@H](CCCN2CCN(CC3CCOCC3)CC2)Cc2ccccc2)CCCC1,1.0,train,../data/images/balanced_scaffold_seed99_Caco2/1878.png
1879.0,CNC(=O)c1cc(Oc2ccc3oc(Nc4ccccc4F)nc3c2)ccn1,1.0,train,../data/images/balanced_scaffold_seed99_Caco2/1879.png
1880.0,CC(C)c1cccc(Nc2nc3cc(Oc4ccnc(C(N)=O)c4)ccc3o2)c1,1.0,train,../data/images/balanced_scaffold_seed99_Caco2/1880.png
1881.0,CNC(=O)c1cc(Oc2ccc3oc(Nc4ccc(Br)cc4)nc3c2)ccn1,1.0,train,../data/images/balanced_scaffold_seed99_Caco2/1881.png
1882.0,CNC(=O)c1cc(Oc2ccc3oc(Nc4ccccc4Cl)nc3c2)ccn1,1.0,train,../data/images/balanced_scaffold_seed99_Caco2/1882.png
1883.0,CCc1ccc(Nc2nc3cc(Oc4ccnc(C(=O)NC)c4)ccc3o2)cc1,1.0,train,../data/images/balanced_scaffold_seed99_Caco2/1883.png
1884.0,CNC(=O)c1cc(Oc2ccc3oc(Nc4ccc(OC(F)(F)F)cc4)nc3c2)ccn1,1.0,train,../data/images/balanced_scaffold_seed99_Caco2/1884.png
1885.0,CCCCc1ccc(Nc2nc3cc(Oc4ccnc(C(=O)NC)c4)ccc3o2)cc1,1.0,train,../data/images/balanced_scaffold_seed99_Caco2/1885.png
1886.0,CNC(=O)c1cc(Oc2ccc3oc(Nc4ccc(N(C)C)cc4)nc3c2)ccn1,1.0,train,../data/images/balanced_scaffold_seed99_Caco2/1886.png
1887.0,CNC(=O)c1cc(Oc2ccc3oc(Nc4cccc(C(C)(C)C)c4)nc3c2)ccn1,1.0,train,../data/images/balanced_scaffold_seed99_Caco2/1887.png
1888.0,CNC(=O)c1cc(Oc2ccc3oc(Nc4ccc(Cl)cc4)nc3c2)ccn1,1.0,train,../data/images/balanced_scaffold_seed99_Caco2/1888.png
1889.0,CNC(=O)c1cc(Oc2ccc3oc(Nc4cccc(C(F)(F)F)c4)nc3c2)ccn1,1.0,train,../data/images/balanced_scaffold_seed99_Caco2/1889.png
1890.0,CCc1ccccc1Nc1nc2cc(Oc3ccnc(C(=O)NC)c3)ccc2o1,1.0,train,../data/images/balanced_scaffold_seed99_Caco2/1890.png
1891.0,CNC(=O)c1cc(Oc2ccc3oc(Nc4ccc(C(C)C)cc4)nc3c2)ccn1,1.0,train,../data/images/balanced_scaffold_seed99_Caco2/1891.png
1892.0,CNC(=O)c1cc(Oc2ccc3oc(Nc4cccc(C(C)C)c4)nc3c2)ccn1,1.0,train,../data/images/balanced_scaffold_seed99_Caco2/1892.png
1893.0,CC(C)(C)c1cc(NC(=O)N2CCCN(C(=O)C3CCOCC3)CC2)no1,0.0,train,../data/images/balanced_scaffold_seed99_Caco2/1893.png
1894.0,CC1=NC(c2cccc(-c3cncc(Cl)c3)c2)(C2CC2)N=C1N,1.0,train,../data/images/balanced_scaffold_seed99_Caco2/1894.png
1895.0,CC#Cc1cncc(-c2cccc(C3(C4CC4)N=C(C)C(N)=N3)c2)c1,1.0,train,../data/images/balanced_scaffold_seed99_Caco2/1895.png
1896.0,CC#Cc1cncc(-c2cc(C3(C4CC4)N=C(C)C(N)=N3)ccc2O)c1,0.0,train,../data/images/balanced_scaffold_seed99_Caco2/1896.png
1897.0,COc1cc(OC)c(/C=C/S(=O)(=O)Cc2cnc(OC)c(N)c2)c(OC)c1,1.0,train,../data/images/balanced_scaffold_seed99_Caco2/1897.png
1898.0,COc1cc(OC)c(/C=C/S(=O)(=O)Cc2cnc(OC)c(NS(C)(=O)=O)c2)c(OC)c1,1.0,train,../data/images/balanced_scaffold_seed99_Caco2/1898.png
1899.0,Nc1noc2ccc(-n3nc(C(F)(F)F)c4c3C(=O)N(c3ccc(-c5ccccc5CN5CC[C@@H](O)C5)cc3)CN4)cc12,0.0,train,../data/images/balanced_scaffold_seed99_Caco2/1899.png
1900.0,CC(=O)NCC(O)CN1[C@@H]2CC[C@H]1C[C@@H](NC(=O)c1cc3ccccc3n(C(C)C)c1=O)C2,0.0,train,../data/images/balanced_scaffold_seed99_Caco2/1900.png
1901.0,CC(=O)N(C)CC(O)CN1[C@@H]2CC[C@H]1C[C@@H](NC(=O)c1cc3ccccc3n(C(C)C)c1=O)C2,1.0,train,../data/images/balanced_scaffold_seed99_Caco2/1901.png
1902.0,CC(C)n1c(=O)c(C(=O)N[C@H]2C[C@H]3CC[C@@H](C2)N3CCCCCCCN(C)CCCN(C)S(C)(=O)=O)cc2ccccc21,0.0,train,../data/images/balanced_scaffold_seed99_Caco2/1902.png
1903.0,CNC(=O)NCC(O)CN1[C@@H]2CC[C@H]1C[C@@H](NC(=O)c1cc3ccccc3n(C(C)C)c1=O)C2,0.0,train,../data/images/balanced_scaffold_seed99_Caco2/1903.png
1904.0,CC(C)n1c(=O)c(C(=O)N[C@H]2C[C@H]3CC[C@@H](C2)N3CC(O)CN(C)S(C)(=O)=O)cc2ccccc21,1.0,train,../data/images/balanced_scaffold_seed99_Caco2/1904.png
1905.0,COC(=O)N(C)CC(O)CN1[C@@H]2CC[C@H]1C[C@@H](NC(=O)c1cc3ccccc3n(C(C)C)c1=O)C2,1.0,train,../data/images/balanced_scaffold_seed99_Caco2/1905.png
1906.0,CC(C)n1c(=O)c(C(=O)N[C@H]2C[C@H]3CC[C@@H](C2)N3C[C@H](O)CN(C)S(C)(=O)=O)cc2ccccc21,1.0,train,../data/images/balanced_scaffold_seed99_Caco2/1906.png
1907.0,CC(C)n1c(=O)c(C(=O)N[C@H]2C[C@H]3CC[C@@H](C2)N3CC(O)CN(C)C(N)=O)cc2ccccc21,0.0,train,../data/images/balanced_scaffold_seed99_Caco2/1907.png
1908.0,COC(=O)NCC(O)CN1[C@@H]2CC[C@H]1C[C@@H](NC(=O)c1cc3ccccc3n(C(C)C)c1=O)C2,1.0,train,../data/images/balanced_scaffold_seed99_Caco2/1908.png
1909.0,CC(C)n1c(=O)c(C(=O)N[C@H]2C[C@H]3CC[C@@H](C2)N3CCCN(C)CCCN(C)S(C)(=O)=O)cc2ccccc21,0.0,train,../data/images/balanced_scaffold_seed99_Caco2/1909.png
1910.0,CC(C)n1c(=O)c(C(=O)N[C@H]2C[C@H]3CC[C@@H](C2)N3CC(O)CNC(N)=O)cc2ccccc21,0.0,train,../data/images/balanced_scaffold_seed99_Caco2/1910.png
1911.0,CC(C)n1c(=O)c(C(=O)N[C@H]2C[C@H]3CC[C@@H](C2)N3CC(O)CNC(=O)N(C)C)cc2ccccc21,0.0,train,../data/images/balanced_scaffold_seed99_Caco2/1911.png
1912.0,CC(C)n1c(=O)c(C(=O)N[C@H]2C[C@H]3CC[C@@H](C2)N3CC(O)CN(C)C(=O)N(C)C)cc2ccccc21,1.0,train,../data/images/balanced_scaffold_seed99_Caco2/1912.png
1913.0,CC(C)n1c(=O)c(C(=O)N[C@H]2C[C@H]3CC[C@@H](C2)N3C[C@@H](O)CN(C)S(C)(=O)=O)cc2ccccc21,1.0,train,../data/images/balanced_scaffold_seed99_Caco2/1913.png
1914.0,CCOC(=O)c1cc(C#N)c(N2CC(C(=O)NS(=O)(=O)Cc3ccc(Cl)cc3)C2)nc1C,0.0,train,../data/images/balanced_scaffold_seed99_Caco2/1914.png
1915.0,CCOC(=O)c1cc(C#N)c(N2CC(C(=O)NS(=O)(=O)Cc3ccc(C)cc3)C2)nc1C,0.0,train,../data/images/balanced_scaffold_seed99_Caco2/1915.png
1916.0,CCOC(=O)c1cc(C#N)c(N2CC(C(=O)NS(=O)(=O)Cc3ccc(F)cc3)C2)nc1C,0.0,train,../data/images/balanced_scaffold_seed99_Caco2/1916.png
1917.0,Cc1cc(Cc2ccc(Cl)c(Oc3cc(C#N)cc(C#N)c3)c2F)n[nH]c1=O,1.0,train,../data/images/balanced_scaffold_seed99_Caco2/1917.png
1918.0,Nc1cc(-c2ccncc2)c[nH]c1=O,1.0,train,../data/images/balanced_scaffold_seed99_Caco2/1918.png
1919.0,CC(=O)N1CCN(c2nc(NCc3cc4ccccc4cn3)c3c(n2)C(=O)N(C(C)C)C3)CC1,0.0,train,../data/images/balanced_scaffold_seed99_Caco2/1919.png
1920.0,CC(=O)N1CCN(c2nc3c(c(N(C)Cc4cc5ccccc5cn4)n2)CN(C(C)C)C3=O)CC1,0.0,train,../data/images/balanced_scaffold_seed99_Caco2/1920.png
1921.0,Cc1c(CC(=O)O)c2cccnc2n1Cc1ccc(S(C)(=O)=O)cc1,0.0,train,../data/images/balanced_scaffold_seed99_Caco2/1921.png
1922.0,NC1[C@H]2CN(c3nc4c(cc3F)c(=O)c(C(=O)O)cn4-c3ccc(F)cc3F)C[C@H]12,1.0,train,../data/images/balanced_scaffold_seed99_Caco2/1922.png
1923.0,C[C@@H]1CC[C@H]2[C@@H](C)C(=O)O[C@@H]3O[C@@]4(C)CC[C@@H]1[C@]32OO4,1.0,train,../data/images/balanced_scaffold_seed99_Caco2/1923.png
1924.0,N#Cc1ccc(Cn2cncc2CN2CCN(C(=O)C34CC5CC(CC(C5)C3)C4)CCC2c2ccccc2)cc1,0.0,train,../data/images/balanced_scaffold_seed99_Caco2/1924.png
1925.0,CS(=O)(=O)Nc1ccc2c(c1)S(=O)(=O)N=C(C1=C(O)C3CCCCN3N(Cc3ccc(F)cc3)C1=O)N2,0.0,train,../data/images/balanced_scaffold_seed99_Caco2/1925.png
1926.0,O=C(O)c1ccc2c(C3CCCCC3)c(-c3ccoc3)n(CC(=O)N3CCOCC3)c2c1,0.0,train,../data/images/balanced_scaffold_seed99_Caco2/1926.png
1927.0,CC(C)[C@H](NC(=O)C(O)(CCC(=O)Nc1cc(C(=O)N[C@H](C)c2ccccc2)cc(N(C)S(C)(=O)=O)c1)CCc1ccccc1)C(=O)Nc1ccccc1,0.0,train,../data/images/balanced_scaffold_seed99_Caco2/1927.png
1928.0,Cn1cncc1CN1CC(N(CC2CCN(C(=O)c3ccccc3)CC2)S(=O)(=O)c2ccccn2)Cc2cc(C#N)ccc21,0.0,train,../data/images/balanced_scaffold_seed99_Caco2/1928.png
1929.0,Cn1cncc1CN1CC(N(CC2CCN(C(=O)c3ccc(Cl)cc3)CC2)S(=O)(=O)c2ccccn2)Cc2cc(C#N)ccc21,0.0,train,../data/images/balanced_scaffold_seed99_Caco2/1929.png
1930.0,CCCCCC[C@H]([C@H](C)O)n1cnc2c(N)ncnc21,1.0,train,../data/images/balanced_scaffold_seed99_Caco2/1930.png
1931.0,COC(=O)[C@H]1[C@@H](O)[C@@]2(O)c3c(OC)cc(O[C@@H]4O[C@@H]([C@H](O)CO)CO[C@H]4OC)cc3O[C@@]2(c2ccc(OC)cc2)[C@@H]1c1ccccc1,0.0,train,../data/images/balanced_scaffold_seed99_Caco2/1931.png
1932.0,COC(=O)[C@H]1[C@@H](O)[C@@]2(O)c3c(OC)cc(O[C@H]4COC[C@H](CO)O4)cc3O[C@@]2(c2ccc(OC)cc2)[C@@H]1c1ccccc1,0.0,train,../data/images/balanced_scaffold_seed99_Caco2/1932.png
1933.0,CC1(C)CC(NC(=O)c2ccc(Oc3cccc(-c4ccnnc4)c3C#N)c(Cl)c2)CC(C)(C)N1,0.0,train,../data/images/balanced_scaffold_seed99_Caco2/1933.png
1934.0,COc1c(-c2cc3ccc(NS(C)(=O)=O)cc3c(=O)o2)cc(-c2ccc[nH]c2=O)cc1C(C)(C)C,0.0,train,../data/images/balanced_scaffold_seed99_Caco2/1934.png
1935.0,C=C1C2=C(C=C3c4nc5ccccc5c(CCNC(C)C)c4CN13)[C@@](O)(CC)C(=O)OC2,0.0,train,../data/images/balanced_scaffold_seed99_Caco2/1935.png
1936.0,CN1CCC(c2c[nH]c3ccc(NC(=O)c4ccc(F)cc4)cc23)CC1,0.0,train,../data/images/balanced_scaffold_seed99_Caco2/1936.png
1937.0,Cc1nc(-n2ccc(C3CC3)cc2=O)sc1C(=O)NCc1ccccc1,1.0,train,../data/images/balanced_scaffold_seed99_Caco2/1937.png
1938.0,CC(C)(C)c1noc([C@@H]2CCCN2C(=O)C[C@H](N)Cc2cc(F)c(F)cc2F)n1,1.0,train,../data/images/balanced_scaffold_seed99_Caco2/1938.png
1939.0,Cn1c2c(c3cc(S(=O)(=O)c4ccc5[nH]ccc5c4)ccc31)C1CCC(C2)N1,0.0,train,../data/images/balanced_scaffold_seed99_Caco2/1939.png
1940.0,O=C(O)C(=O)Nc1sc2c(c1C(=O)O)CCN[C@H]2CNC(=O)c1cc2cc(F)ccc2[nH]1,0.0,train,../data/images/balanced_scaffold_seed99_Caco2/1940.png
1941.0,O[C@@H](CN1c2cccc(-c3cccc(OC(F)(F)F)c3)c2CC[C@@H]1c1cccc(OC(F)(F)F)c1)C(F)(F)F,0.0,train,../data/images/balanced_scaffold_seed99_Caco2/1941.png
1942.0,Cc1ccc(-c2nn(Cc3ccccc3)c(=O)c(C3=NS(=O)(=O)c4ccccc4N3)c2O)s1,0.0,train,../data/images/balanced_scaffold_seed99_Caco2/1942.png
1943.0,Clc1ccc2[nH]ncc2c1Nc1c(-c2ncccn2)oc2cnccc12,0.0,train,../data/images/balanced_scaffold_seed99_Caco2/1943.png
1944.0,Clc1ccc(Nc2c(-c3ncccn3)oc3cnccc23)c2cn[nH]c12,0.0,train,../data/images/balanced_scaffold_seed99_Caco2/1944.png
1945.0,CC1(c2cccc(-c3cccnc3)c2)N=C(N)C(c2ccccc2)=N1,1.0,train,../data/images/balanced_scaffold_seed99_Caco2/1945.png
1946.0,N[C@@H](CC(=O)N1CCC[C@H]1CNC(=O)C1(C(F)(F)F)CC1)Cc1cc(F)c(F)cc1F,0.0,train,../data/images/balanced_scaffold_seed99_Caco2/1946.png
1947.0,N[C@@H](CC(=O)N1CCC[C@H]1CNC(=O)C1CC1)Cc1cc(F)c(F)cc1F,0.0,train,../data/images/balanced_scaffold_seed99_Caco2/1947.png
1948.0,Oc1c2c(nn1-c1ccccn1)CCc1cc(-c3ccccc3)ccc1-2,0.0,train,../data/images/balanced_scaffold_seed99_Caco2/1948.png
1949.0,CN(Cc1cccc2c1S(=O)(=O)N=C2C1=C(O)[C@H](C(C)(C)C)N(Cc2ccc(F)c(Cl)c2)C1=O)S(C)(=O)=O,0.0,train,../data/images/balanced_scaffold_seed99_Caco2/1949.png
1950.0,CC(C)(C)[C@H]1C(O)=C(C2=NS(=O)(=O)c3c(CNS(C)(=O)=O)cccc32)C(=O)N1Cc1ccc(F)c(Cl)c1,0.0,train,../data/images/balanced_scaffold_seed99_Caco2/1950.png
1951.0,CC1(C)CC(NC(=O)c2ccc(Oc3cccc(-c4ccnnc4)c3C#N)c(Cl)c2)CC(C)(C)O1,1.0,train,../data/images/balanced_scaffold_seed99_Caco2/1951.png
1952.0,C[C@]12CC(=O)[C@@H]3[C@@H](CCC4=CC(=O)CC[C@]43C)[C@@H]1CC[C@]2(O)C(=O)CO,1.0,train,../data/images/balanced_scaffold_seed99_Caco2/1952.png
1953.0,C=C[C@@H]1C[C@]1(NC(=O)[C@@H]1C[C@@H](n2cnc(-c3ccccc3)c2)CN1C(=O)[C@@H](NC(=O)OC1CCCC1)C(C)(C)C)C(=O)NS(=O)(=O)C1CC1,0.0,train,../data/images/balanced_scaffold_seed99_Caco2/1953.png
1954.0,COc1ccc(C(=O)NCc2cccc(C(=O)Nc3ccc(CO)cc3)c2)cc1OC,0.0,train,../data/images/balanced_scaffold_seed99_Caco2/1954.png
1955.0,COc1ccc(C(=O)NCc2cccc(C(=O)Nc3ccc(CN(C)C)cc3)c2)cc1C,0.0,train,../data/images/balanced_scaffold_seed99_Caco2/1955.png
1956.0,COc1ccc(C(=O)NCc2cccc(C(=O)Nc3ccc(CN(C)C)cc3)c2)cc1OC,1.0,train,../data/images/balanced_scaffold_seed99_Caco2/1956.png
1957.0,COc1ccc(C(=O)NCc2cccc(C(=O)Nc3ccc(CN(C)C)cc3)c2)cc1Cl,0.0,train,../data/images/balanced_scaffold_seed99_Caco2/1957.png
1958.0,O=C(O)COc1ccc(Cl)cc1CN1CCN(S(=O)(=O)c2ccccc2)CC1,0.0,train,../data/images/balanced_scaffold_seed99_Caco2/1958.png
1959.0,Cc1cc(COc2ccc(C(=O)N[C@@H]3COCC[C@@H]3C(=O)NO)cc2)c2ccccc2n1,0.0,train,../data/images/balanced_scaffold_seed99_Caco2/1959.png
1960.0,Cc1cc(COc2ccc(C(=O)N[C@@H]3CCCO[C@@H]3C(=O)NO)cc2)c2ccccc2n1,0.0,train,../data/images/balanced_scaffold_seed99_Caco2/1960.png
1961.0,O=C(O)C(O)Cc1ccc(O)c(O)c1,0.0,train,../data/images/balanced_scaffold_seed99_Caco2/1961.png
1962.0,CC(=O)OC(=O)c1ccccc1O,0.0,train,../data/images/balanced_scaffold_seed99_Caco2/1962.png
1963.0,O=C(O)c1ccccc1O,1.0,train,../data/images/balanced_scaffold_seed99_Caco2/1963.png
1964.0,CCN(CC)CC(=O)Nc1c(C)cccc1C,1.0,train,../data/images/balanced_scaffold_seed99_Caco2/1964.png
1965.0,CC(NC(C)(C)C)C(=O)c1cccc(Cl)c1,1.0,train,../data/images/balanced_scaffold_seed99_Caco2/1965.png
1966.0,CC(NC(=O)[C@@H](N)CCC(=O)OCc1ccccc1)C(=O)O,0.0,train,../data/images/balanced_scaffold_seed99_Caco2/1966.png
1967.0,CN[C@@H](C)[C@@H](O)c1ccccc1,1.0,train,../data/images/balanced_scaffold_seed99_Caco2/1967.png
1968.0,CNC(=O)[C@@H](Cc1ccccc1)NC(=O)[C@H](NC(C)=O)C(C)C,1.0,train,../data/images/balanced_scaffold_seed99_Caco2/1968.png
1969.0,CCCCCCCC/C=C\CCCCCCCC(=O)OCC/C=C/c1ccc(OC)c(OC)c1,1.0,train,../data/images/balanced_scaffold_seed99_Caco2/1969.png
1970.0,CC(C)NCC(O)COc1ccc(NC=O)cc1,0.0,train,../data/images/balanced_scaffold_seed99_Caco2/1970.png
1971.0,CC(=O)Nc1ccccc1O,1.0,train,../data/images/balanced_scaffold_seed99_Caco2/1971.png
1972.0,CCC(=O)Nc1ccc(OCC(O)CNC(C)C)cc1,0.0,train,../data/images/balanced_scaffold_seed99_Caco2/1972.png
1973.0,CNC(=O)[C@@H](Cc1ccccc1)NC(=O)[C@@H](CC(C)C)NC(C)=O,1.0,train,../data/images/balanced_scaffold_seed99_Caco2/1973.png
1974.0,Nc1ccc(O)c(C(=O)O)c1,0.0,train,../data/images/balanced_scaffold_seed99_Caco2/1974.png
1975.0,O=C(O)/C=C/c1ccccc1O,1.0,train,../data/images/balanced_scaffold_seed99_Caco2/1975.png
1976.0,CNC(=O)[C@@H](Cc1ccccc1)NC(=O)[C@@H](C)NC(C)=O,1.0,train,../data/images/balanced_scaffold_seed99_Caco2/1976.png
1977.0,CC(=O)Nc1ccc(OCC(O)CNC(C)C)cc1,0.0,train,../data/images/balanced_scaffold_seed99_Caco2/1977.png
1978.0,C=CCOc1ccccc1OCC(O)CNC(C)C,1.0,train,../data/images/balanced_scaffold_seed99_Caco2/1978.png
1979.0,N[C@@H](Cc1ccccc1)C(=O)O,1.0,train,../data/images/balanced_scaffold_seed99_Caco2/1979.png
1980.0,O=C(O)/C=C/c1ccccc1,1.0,train,../data/images/balanced_scaffold_seed99_Caco2/1980.png
1981.0,CC(NC(=O)[C@H](N)CC(=O)OCc1ccccc1)C(=O)O,0.0,train,../data/images/balanced_scaffold_seed99_Caco2/1981.png
1982.0,CNCC(O)c1ccc(O)c(O)c1,0.0,train,../data/images/balanced_scaffold_seed99_Caco2/1982.png
1983.0,O=Cc1ccc(O)c(O)c1,1.0,train,../data/images/balanced_scaffold_seed99_Caco2/1983.png
1984.0,CCOC(=O)c1ccc(O)cc1,1.0,train,../data/images/balanced_scaffold_seed99_Caco2/1984.png
1985.0,CN(C)c1ccc(C(=O)NCCCCCNC(=O)CS)cc1,0.0,train,../data/images/balanced_scaffold_seed99_Caco2/1985.png
1986.0,O=C(CCCCCCC(=O)Nc1ccccc1)NO,1.0,train,../data/images/balanced_scaffold_seed99_Caco2/1986.png
1987.0,NC(N)=N/N=C/c1c(Cl)cccc1Cl,1.0,train,../data/images/balanced_scaffold_seed99_Caco2/1987.png
1988.0,CNC(=O)[C@@H](Cc1ccccc1)NC(=O)CNC(C)=O,1.0,train,../data/images/balanced_scaffold_seed99_Caco2/1988.png
1989.0,C[C@H](NC(=O)[C@H](N)Cc1ccccc1)C(=O)N[C@H](CO)C(=O)O,0.0,train,../data/images/balanced_scaffold_seed99_Caco2/1989.png
1990.0,CCN(C(=O)C(C)C)c1ccc(C(O)(C(F)(F)F)C(F)(F)F)cc1,1.0,train,../data/images/balanced_scaffold_seed99_Caco2/1990.png
1991.0,C=CCc1ccccc1OCC(O)CNC(C)C,1.0,train,../data/images/balanced_scaffold_seed99_Caco2/1991.png
1992.0,N[C@@H](Cc1ccc(O)c(O)c1)C(=O)O,0.0,train,../data/images/balanced_scaffold_seed99_Caco2/1992.png
1993.0,CCCCCCCCCCCCCCCC(=O)OCC/C=C/c1ccc(OC)c(OC)c1,1.0,train,../data/images/balanced_scaffold_seed99_Caco2/1993.png
1994.0,COc1ccc(/C=C/CCO)cc1OC,1.0,train,../data/images/balanced_scaffold_seed99_Caco2/1994.png
1995.0,CC(=O)N[C@@H](Cc1ccccc1)C(N)=O,0.0,train,../data/images/balanced_scaffold_seed99_Caco2/1995.png
1996.0,CCN(CCCCO)C(=O)N(CC)c1ccc(C(O)(C(F)(F)F)C(F)(F)F)cc1,1.0,train,../data/images/balanced_scaffold_seed99_Caco2/1996.png
1997.0,CC(NC(=O)[C@@H](N)COCc1ccccc1)C(=O)O,0.0,train,../data/images/balanced_scaffold_seed99_Caco2/1997.png
1998.0,CC(=O)NCC(=O)NCCc1ccccc1,1.0,train,../data/images/balanced_scaffold_seed99_Caco2/1998.png
1999.0,CC(C)Cc1ccc(C(C)C(=O)O)cc1,1.0,train,../data/images/balanced_scaffold_seed99_Caco2/1999.png
2000.0,CC(=O)N[C@H](C)C(=O)NCCc1ccccc1,1.0,train,../data/images/balanced_scaffold_seed99_Caco2/2000.png
2001.0,CC(C)NCC(O)c1cc(O)cc(O)c1,0.0,train,../data/images/balanced_scaffold_seed99_Caco2/2001.png
2002.0,CC(C)NCC(O)c1ccc(NS(C)(=O)=O)cc1,0.0,train,../data/images/balanced_scaffold_seed99_Caco2/2002.png
2003.0,O=C(CCCCCNC(=O)NC(=O)c1ccccc1)NO,0.0,train,../data/images/balanced_scaffold_seed99_Caco2/2003.png
2004.0,CC(C)C(=O)N(CCO)c1ccc(C(O)(C(F)(F)F)C(F)(F)F)cc1,1.0,train,../data/images/balanced_scaffold_seed99_Caco2/2004.png
2005.0,CC(=O)N[C@H](CC(C)C)C(=O)NCCc1ccccc1,1.0,train,../data/images/balanced_scaffold_seed99_Caco2/2005.png
2006.0,COCCc1ccc(OCC(O)CNC(C)C)cc1,1.0,train,../data/images/balanced_scaffold_seed99_Caco2/2006.png
2007.0,CC(=O)N[C@@H](C(=O)NCCc1ccccc1)C(C)C,1.0,train,../data/images/balanced_scaffold_seed99_Caco2/2007.png
2008.0,CC(C)C[C@@H](C=O)NC(=O)[C@@H](NS(=O)(=O)c1ccc(F)cc1)C(C)C,0.0,train,../data/images/balanced_scaffold_seed99_Caco2/2008.png
2009.0,Cc1cc(C)c(CSC(=N)N)c(C)c1CSC(=N)N,0.0,train,../data/images/balanced_scaffold_seed99_Caco2/2009.png
2010.0,C[C@@](N)(Cc1ccc(O)c(O)c1)C(=O)O,0.0,train,../data/images/balanced_scaffold_seed99_Caco2/2010.png
2011.0,CCN(CC)CCNC(=O)c1cc(Cl)c(N)cc1OC,1.0,train,../data/images/balanced_scaffold_seed99_Caco2/2011.png
2012.0,CCOc1ccc(NC(C)=O)cc1,1.0,train,../data/images/balanced_scaffold_seed99_Caco2/2012.png
2013.0,CCCC(=O)Nc1ccc(OCC(O)CNC(C)C)c(C(C)=O)c1,0.0,train,../data/images/balanced_scaffold_seed99_Caco2/2013.png
2014.0,CCCCC/C=C\C/C=C\CCCCCCCC(=O)OCC/C=C/c1ccc(OC)c(OC)c1,1.0,train,../data/images/balanced_scaffold_seed99_Caco2/2014.png
2015.0,CCCCCN(CCCOC)C(=O)[C@@H](CCC(=O)O)NC(=O)c1ccc(Cl)c(Cl)c1,0.0,train,../data/images/balanced_scaffold_seed99_Caco2/2015.png
2016.0,CN1C(=O)C(C(=O)Nc2nncs2)c2cc3occc3cc21,0.0,train,../data/images/balanced_scaffold_seed99_Caco2/2016.png
2017.0,CCC1(CC)CNc2ccc(S(=O)(=O)Nc3ccc(F)cc3F)cc2C(=O)N1,1.0,train,../data/images/balanced_scaffold_seed99_Caco2/2017.png
2018.0,CC(C)Cn1c2ccc(Nc3ncccn3)cc2c2c3c(c4c(c21)CCc1nn(C)cc1-4)C(=O)NC3,0.0,train,../data/images/balanced_scaffold_seed99_Caco2/2018.png
2019.0,CSCC[C@H](NC(=O)[C@H](CC(C)C)NC(=O)CNC(=O)[C@H](Cc1ccccc1)NC(=O)[C@H](Cc1ccccc1)NC(=O)[C@H](Cc1c[nH]c2ccccc12)NC(=O)[C@@H]1CCCN1C(=O)[C@@H](N)Cc1ccc(O)cc1)C(N)=O,0.0,train,../data/images/balanced_scaffold_seed99_Caco2/2019.png
2020.0,CS(=O)(=O)Nc1ccc(Nc2ncc3cnn(C4CCCCCC4)c3n2)cn1,1.0,train,../data/images/balanced_scaffold_seed99_Caco2/2020.png
2021.0,CC(C)n1nc(C(=O)N[C@H]2C[C@H]3CC[C@@H](C2)N3CCN2CCN(S(C)(=O)=O)CC2)c2ccccc21,1.0,train,../data/images/balanced_scaffold_seed99_Caco2/2021.png
2022.0,CC(=O)N1CCN(CCN2[C@@H]3CC[C@H]2C[C@@H](NC(=O)c2nn(C(C)C)c4ccccc24)C3)CC1,1.0,train,../data/images/balanced_scaffold_seed99_Caco2/2022.png
2023.0,C[C@]1(CS(=O)(=O)N2CCN(c3ncc(OCc4ccc(C(F)(F)F)o4)cn3)CC2)NC(=O)NC1=O,1.0,train,../data/images/balanced_scaffold_seed99_Caco2/2023.png
2024.0,COc1ccc2c(O[C@@H]3C[C@H]4C(=O)N[C@]5(C(=O)NS(=O)(=O)C6CC6)C[C@H]5/C=C\CCCCCNC(=O)N4C3)nc(-c3ccc(F)cc3)nc2c1C,1.0,train,../data/images/balanced_scaffold_seed99_Caco2/2024.png
2025.0,COc1ccc2c(O[C@@H]3C[C@H]4C(=O)N[C@]5(C(=O)NS(=O)(=O)C6CC6)C[C@H]5/C=C\CCCCCNC(=O)N4C3)nc(-c3ccccc3)nc2c1C,1.0,train,../data/images/balanced_scaffold_seed99_Caco2/2025.png
2026.0,COc1cccc(-c2cccc(C3(c4ccncc4)N=C(N)CS3)c2)c1,1.0,train,../data/images/balanced_scaffold_seed99_Caco2/2026.png
2027.0,CN(C)C1CCN(C(=O)c2ccc(Cn3c(-c4ccccc4)nc4ccccc43)cc2)C1,1.0,train,../data/images/balanced_scaffold_seed99_Caco2/2027.png
2028.0,Nc1noc2ccc(-n3nc(C(F)(F)F)cc3C(=O)Nc3ccc(-c4ccccc4CNC4CCC4)cc3F)cc12,0.0,train,../data/images/balanced_scaffold_seed99_Caco2/2028.png
2029.0,Nc1c(-c2ccc([C@H]3CC[C@H](CC(=O)O)CC3)cc2)cnc2ccnn12,1.0,train,../data/images/balanced_scaffold_seed99_Caco2/2029.png
2030.0,Cc1ncnc(C)c1C(=O)N1C[C@H]2CN(CC[C@H](NC(=O)C3CCC(F)(F)CC3)c3cccc(F)c3)C[C@H]2C1,0.0,train,../data/images/balanced_scaffold_seed99_Caco2/2030.png
2031.0,CC(C)Nc1nc2oc3c(NCCCN4CCCC4=O)ncnc3c2c2c1CCC(C)(C)C2,1.0,train,../data/images/balanced_scaffold_seed99_Caco2/2031.png
2032.0,Cn1cnc(S(=O)(=O)N(Cc2cccc(-n3cccc3)c2)C2Cc3cc(C#N)ccc3N(Cc3cncn3C)C2)c1,0.0,train,../data/images/balanced_scaffold_seed99_Caco2/2032.png
2033.0,COc1cc(Br)c(CNc2ccc(C(F)(F)F)c(O[C@H]3CCN(C)C3)c2)cc1OC,0.0,train,../data/images/balanced_scaffold_seed99_Caco2/2033.png
2034.0,CN1C(=O)NC(=O)[C@]12Cc1ccc(NC(=O)Cn3c(=O)n(-c4cc(F)cc(F)c4)c4ccccc43)cc1C2,1.0,train,../data/images/balanced_scaffold_seed99_Caco2/2034.png
2035.0,Cc1cc(NC(=O)c2ccc3ccccc3c2)ccc1-c1ccc(OCC(C)(C)C(=O)O)nn1,1.0,train,../data/images/balanced_scaffold_seed99_Caco2/2035.png
2036.0,CCCOc1ccc(S(=O)(=O)NCCC2CCCN2C)cc1-c1nc(=O)c2c([nH]1)c(CCC)nn2C,0.0,train,../data/images/balanced_scaffold_seed99_Caco2/2036.png
2037.0,Cc1cc(-c2ccc(Cl)c(C(=O)NCC3(O)CCCCCC3)c2)nn1C[C@@H](O)CN,0.0,train,../data/images/balanced_scaffold_seed99_Caco2/2037.png
2038.0,Cc1cc(-c2ccc(Cl)c(C(=O)NCC3(O)CCCCCC3)c2)nn1C[C@H](O)CN,1.0,train,../data/images/balanced_scaffold_seed99_Caco2/2038.png
2039.0,Cc1cc(-c2ccc(Cl)c(C(=O)NCC3(O)CCCCCC3)c2)n[nH]1,1.0,train,../data/images/balanced_scaffold_seed99_Caco2/2039.png
2040.0,CCCCc1nc(Cl)c(CO)n1Cc1ccc(-c2ccccc2-c2nnn[nH]2)cc1,0.0,train,../data/images/balanced_scaffold_seed99_Caco2/2040.png
2041.0,CCCCCc1c(Cl)nc(NC(=O)NC(C)(C)C)c(=O)n1CC(=O)Nc1ccccc1C(=O)NS(=O)(=O)c1ccc(C(F)(F)F)cc1,0.0,train,../data/images/balanced_scaffold_seed99_Caco2/2041.png
2042.0,N[C@H]1CC[C@H](Nc2cc(Nc3ccc(F)c(Cl)c3)n3nccc3n2)CC1,0.0,train,../data/images/balanced_scaffold_seed99_Caco2/2042.png
2043.0,CCCS(=O)(=O)Nc1ccc(F)c(-c2cc3cnc(NCCCO)nc3n(C)c2=O)c1F,1.0,train,../data/images/balanced_scaffold_seed99_Caco2/2043.png
2044.0,CCCS(=O)(=O)Nc1ccc(F)c(-c2cc3cnc(NCCO)nc3n(C)c2=O)c1F,1.0,train,../data/images/balanced_scaffold_seed99_Caco2/2044.png
2045.0,CC(C)c1nc2c(C(=O)NCC3CCN(CC(O)CN4CCN(S(C)(=O)=O)CC4)CC3)cccc2[nH]1,0.0,train,../data/images/balanced_scaffold_seed99_Caco2/2045.png
2046.0,CC(C)(C)c1nc2c(C(=O)NCC3CCN(CC(O)CN4CCN(S(C)(=O)=O)CC4)CC3)cccc2[nH]1,0.0,train,../data/images/balanced_scaffold_seed99_Caco2/2046.png
2047.0,CC(Cc1ccc(O)cc1)NCC(O)c1cc(O)cc(O)c1,0.0,train,../data/images/balanced_scaffold_seed99_Caco2/2047.png
2048.0,CC(C)n1c(=O)c(C(=O)N[C@H]2C[C@H]3CC[C@@H](C2)N3CCCN2CCC[C@@H]2C(N)=O)cc2ccccc21,0.0,train,../data/images/balanced_scaffold_seed99_Caco2/2048.png
2049.0,Cc1ccc(-c2c(C3CCCCC3)c3ccc(C(=O)NC(C)(C)C(=O)Nc4ccc(/C=C/C(=O)O)cc4)cc3n2C)cn1,0.0,train,../data/images/balanced_scaffold_seed99_Caco2/2049.png
2050.0,Cn1c(-c2cccnc2)c(C2CCCCC2)c2ccc(C(=O)NC(C)(C)C(=O)Nc3ccc(/C=C/C(=O)O)cc3)cc21,1.0,train,../data/images/balanced_scaffold_seed99_Caco2/2050.png
2051.0,O=C(Cc1ccccc1)N[C@H]1CO[C@@H](/C=C/c2ccccc2)OC1,1.0,train,../data/images/balanced_scaffold_seed99_Caco2/2051.png
2052.0,C[C@@H]1O[C@H](/C=C/c2ccccc2)OC[C@H]1NC(=O)Cc1ccccc1,1.0,train,../data/images/balanced_scaffold_seed99_Caco2/2052.png
2053.0,O=C(Cc1ccccc1)N[C@H]1CO[C@H](/C=C/c2ccccc2)OC1,1.0,train,../data/images/balanced_scaffold_seed99_Caco2/2053.png
2054.0,CCOc1cc(O[C@@H]2C[C@H]3C(=O)N[C@]4(C(=O)NS(=O)(=O)C5CC5)C[C@H]4/C=C\CCCCC[C@H](NC(=O)c4cc[nH]n4)C(=O)N3C2)c2ccc(OC)c(C)c2n1,0.0,train,../data/images/balanced_scaffold_seed99_Caco2/2054.png
2055.0,COc1ccc2c(O[C@@H]3C[C@H]4C(=O)N[C@]5(C(=O)NS(=O)(=O)C6(C)CC6)C[C@H]5/C=C\CCCCC[C@H](NC(=O)c5ccn(C)n5)C(=O)N4C3)cc(OC(C)C)nc2c1C,1.0,train,../data/images/balanced_scaffold_seed99_Caco2/2055.png
2056.0,COc1ccc2c(O[C@@H]3C[C@H]4C(=O)N[C@]5(C(=O)NS(=O)(=O)C6CC6)C[C@H]5/C=C\CCCCC[C@H](NC(=O)c5ccn(CC(F)F)n5)C(=O)N4C3)cc(OC(C)C)nc2c1C,0.0,train,../data/images/balanced_scaffold_seed99_Caco2/2056.png
2057.0,COc1ccc2c(O[C@@H]3C[C@H]4C(=O)N[C@]5(C(=O)NS(=O)(=O)C6CC6)C[C@H]5/C=C\CCCCC[C@H](NC(=O)c5cc[nH]n5)C(=O)N4C3)cc(OC(C)C)nc2c1C,0.0,train,../data/images/balanced_scaffold_seed99_Caco2/2057.png
2058.0,COc1ccc2c(O[C@@H]3C[C@H]4C(=O)N[C@]5(C(=O)NS(=O)(=O)C6CC6)C[C@H]5/C=C\CCCCC[C@H](NC(=O)c5ccn(C)n5)C(=O)N4C3)cc(OC(C)C)nc2c1C,0.0,train,../data/images/balanced_scaffold_seed99_Caco2/2058.png
2059.0,COc1ccc2c(O[C@@H]3C[C@H]4C(=O)N[C@]5(C(=O)NS(=O)(=O)C6CC6)C[C@H]5/C=C\CCCCC[C@H](NC(=O)c5ccn(CC(F)(F)F)n5)C(=O)N4C3)cc(OC(C)C)nc2c1C,0.0,train,../data/images/balanced_scaffold_seed99_Caco2/2059.png
2060.0,Cc1cc(C[C@H](NS(=O)(=O)c2ccccc2)c2nc3ccccc3[nH]2)ccc1[C@@H]1CC(=O)NS1(=O)=O,0.0,train,../data/images/balanced_scaffold_seed99_Caco2/2060.png
2061.0,CN(C)Cc1nccn1-c1ccc(-c2ccc3c(C(N)=O)nn(-c4ccc5onc(N)c5c4)c3c2F)c(F)c1,0.0,train,../data/images/balanced_scaffold_seed99_Caco2/2061.png
2062.0,N=C(N)NCCC[C@@H]1NC(=O)[C@@H](Cc2ccccc2)NC(=O)[C@H](Cc2ccccc2)NC(=O)CCCC(=O)NCCN(CC(N)=O)C(=O)[C@H](Cc2c[nH]c3ccccc23)NC1=O,1.0,train,../data/images/balanced_scaffold_seed99_Caco2/2062.png
2063.0,O=C(O)c1[nH]c(-c2ccccc2)nc1C(=O)N(CCc1ccccc1)Cc1ccccc1,1.0,train,../data/images/balanced_scaffold_seed99_Caco2/2063.png
2064.0,CS(=O)(=O)c1ccccc1N1CCC(NC(=O)c2cc(C(F)(F)F)nn2-c2ccc3onc(N)c3c2)CC1,0.0,train,../data/images/balanced_scaffold_seed99_Caco2/2064.png
2065.0,CCN(C)Cc1ccccc1N1CCC(NC(=O)c2cc(C(F)(F)F)nn2-c2ccc3onc(N)c3c2)CC1,0.0,train,../data/images/balanced_scaffold_seed99_Caco2/2065.png
2066.0,CNCc1ccccc1N1CCC(NC(=O)c2cc(C(F)(F)F)nn2-c2ccc3onc(N)c3c2)CC1,0.0,train,../data/images/balanced_scaffold_seed99_Caco2/2066.png
2067.0,CN(c1cc2cc(c1)C(=O)N[C@H]([C@H](O)CNCc1cccc(C(C)(C)C)c1)COC/C=C/CCNC2=O)S(C)(=O)=O,0.0,train,../data/images/balanced_scaffold_seed99_Caco2/2067.png
2068.0,CN(c1cc2cc(c1)C(=O)N[C@H]([C@H](O)CNCc1ccccc1)COC/C=C/CCNC2=O)S(C)(=O)=O,0.0,train,../data/images/balanced_scaffold_seed99_Caco2/2068.png
2069.0,CC(C)c1cccc(CNC[C@@H](O)[C@@H]2COC/C=C/CCNC(=O)c3cc(cc(N(C)S(C)(=O)=O)c3)C(=O)N2)c1,0.0,train,../data/images/balanced_scaffold_seed99_Caco2/2069.png
2070.0,Cc1cc2cc(c1)C(=O)N[C@H]([C@H](O)CNCc1cccc(C(C)C)c1)COC/C=C/CCNC2=O,0.0,train,../data/images/balanced_scaffold_seed99_Caco2/2070.png
2071.0,CC(C)c1cccc(CNC[C@@H](O)[C@@H]2COC/C=C\CCN(C)C(=O)c3cc(cc(N(C)S(C)(=O)=O)c3)C(=O)N2)c1,0.0,train,../data/images/balanced_scaffold_seed99_Caco2/2071.png
2072.0,Cc1cc2cc(c1)C(=O)N[C@H]([C@H](O)CNCc1ccccc1)COC/C=C/CCNC2=O,0.0,train,../data/images/balanced_scaffold_seed99_Caco2/2072.png
2073.0,C[C@@H](c1ccccn1)c1c(CCN(C)C)sc2ccccc12,1.0,train,../data/images/balanced_scaffold_seed99_Caco2/2073.png
2074.0,NC1=NC(c2cccc(-c3cncnc3)c2)(c2ccnc(C(F)(F)F)c2)c2cccc(F)c21,1.0,train,../data/images/balanced_scaffold_seed99_Caco2/2074.png
2075.0,NC1=NC(c2ccncc2)(c2cccc(-c3cncnc3)c2)c2ccccc21,0.0,train,../data/images/balanced_scaffold_seed99_Caco2/2075.png
2076.0,NC1=N[C@](c2ccncc2)(c2cccc(-c3cncnc3)c2)c2cccc(F)c21,1.0,train,../data/images/balanced_scaffold_seed99_Caco2/2076.png
2077.0,COc1cc(C2(c3cccc(-c4cncnc4)c3)N=C(N)c3c(F)cccc32)ccn1,1.0,train,../data/images/balanced_scaffold_seed99_Caco2/2077.png
2078.0,NC1=NC(c2cccc(-c3cncnc3)c2)(c2ccnc(C(F)(F)F)c2)c2ccccc21,0.0,train,../data/images/balanced_scaffold_seed99_Caco2/2078.png
2079.0,Cc1cc(C2(c3cccc(-c4cncnc4)c3)N=C(N)c3c(F)cccc32)cc(C)n1,1.0,train,../data/images/balanced_scaffold_seed99_Caco2/2079.png
2080.0,NC1=NC(c2cccc(-c3cncnc3)c2)(c2ccnc(C(F)F)c2)c2cccc(F)c21,1.0,train,../data/images/balanced_scaffold_seed99_Caco2/2080.png
2081.0,NC1=N[C@](c2ccnc(C(F)(F)F)c2)(c2ccc(F)c(-c3cncnc3)c2)c2cccc(F)c21,1.0,train,../data/images/balanced_scaffold_seed99_Caco2/2081.png
2082.0,NC1=NC(c2ccncc2)(c2cccc(-c3cncnc3)c2)c2cccc(F)c21,1.0,train,../data/images/balanced_scaffold_seed99_Caco2/2082.png
2083.0,NC1=NC(c2ccnc(C(F)(F)F)c2)(c2ccc(F)c(-c3cncnc3)c2)c2cccc(F)c21,1.0,train,../data/images/balanced_scaffold_seed99_Caco2/2083.png
2084.0,NC1=N[C@@](c2cccc(-c3cncnc3)c2)(c2ccnc(C(F)F)c2)c2cc(F)cc(F)c21,1.0,train,../data/images/balanced_scaffold_seed99_Caco2/2084.png
2085.0,NC1=N[C@@](c2cccc(-c3cncnc3)c2)(c2ccnc(C(F)F)c2)c2cccc(F)c21,1.0,train,../data/images/balanced_scaffold_seed99_Caco2/2085.png
2086.0,CCCCCCCCCC[C@H](N)C(=O)N[C@@H](Cc1ccc(O)cc1)C(=O)NCC(=O)NCC(=O)N[C@@H](Cc1ccccc1)C(=O)N[C@@H](CC(C)C)C(N)=O,0.0,train,../data/images/balanced_scaffold_seed99_Caco2/2086.png
2087.0,CCCCCC[C@H](N)C(=O)N[C@@H](Cc1ccc(O)cc1)C(=O)NCC(=O)NCC(=O)N[C@@H](Cc1ccccc1)C(=O)N[C@@H](CC(C)C)C(N)=O,0.0,train,../data/images/balanced_scaffold_seed99_Caco2/2087.png
2088.0,CCCCCC[C@H](NC(C)=O)C(=O)N[C@@H](Cc1ccc(O)cc1)C(=O)NCC(=O)NCC(=O)N[C@@H](Cc1ccccc1)C(=O)N[C@@H](CC(C)C)C(N)=O,0.0,train,../data/images/balanced_scaffold_seed99_Caco2/2088.png
2089.0,CCc1nc(N)nc(N)c1-c1ccc2c(c1)N(CCNC(C)=O)C(=O)C(C)(c1cccc(C(F)(F)F)c1)O2,1.0,train,../data/images/balanced_scaffold_seed99_Caco2/2089.png
2090.0,CCc1nc(N)nc(N)c1-c1ccc2c(c1)N(CCNC(=O)CO)C(=O)C(C)(c1cc(F)cc(F)c1)O2,0.0,train,../data/images/balanced_scaffold_seed99_Caco2/2090.png
2091.0,CCc1nc(N)nc(N)c1-c1ccc2c(c1)N(CCCCO)C(=O)C(C)(c1cc(F)cc(F)c1)O2,1.0,train,../data/images/balanced_scaffold_seed99_Caco2/2091.png
2092.0,CCc1nc(N)nc(N)c1-c1ccc2c(c1)N(CCCOC)C(=O)C(CC)(c1cc(F)cc(F)c1)O2,1.0,train,../data/images/balanced_scaffold_seed99_Caco2/2092.png
2093.0,CCc1nc(N)nc(N)c1-c1ccc2c(c1)N(CCNC(=O)OC)C(=O)C(C)(c1cc(F)cc(F)c1)O2,0.0,train,../data/images/balanced_scaffold_seed99_Caco2/2093.png
2094.0,CCc1nc(N)nc(N)c1-c1ccc2c(c1)N(CCCOC)C(=O)C(C)(c1ccc(F)c(F)c1)O2,1.0,train,../data/images/balanced_scaffold_seed99_Caco2/2094.png
2095.0,CCc1nc(N)nc(N)c1-c1ccc2c(c1)N(CCCO)C(=O)C(C)(c1cc(F)cc(F)c1)O2,1.0,train,../data/images/balanced_scaffold_seed99_Caco2/2095.png
2096.0,CCNC(=O)CN1C(=O)C(C)(c2cc(F)cc(F)c2)Oc2ccc(-c3c(N)nc(N)nc3CC)cc21,1.0,train,../data/images/balanced_scaffold_seed99_Caco2/2096.png
2097.0,CCc1nc(N)nc(N)c1-c1ccc2c(c1)N(CCNC(C)=O)C(=O)[C@](C)(c1ccccc1)O2,0.0,train,../data/images/balanced_scaffold_seed99_Caco2/2097.png
2098.0,CCc1nc(N)nc(N)c1-c1ccc2c(c1)N(CCNC(C)=O)C(=O)C(C)(c1cc(F)cc(F)c1)O2,0.0,train,../data/images/balanced_scaffold_seed99_Caco2/2098.png
2099.0,CCOCCCN1C(=O)C(C)(c2cc(F)cc(F)c2)Oc2ccc(-c3c(N)nc(N)nc3CC)cc21,1.0,train,../data/images/balanced_scaffold_seed99_Caco2/2099.png
2100.0,CCc1nc(N)nc(N)c1-c1ccc2c(c1)N(CCOCC(F)(F)F)C(=O)C(C)(c1cc(F)cc(F)c1)O2,0.0,train,../data/images/balanced_scaffold_seed99_Caco2/2100.png
2101.0,CCc1nc(N)nc(N)c1-c1ccc2c(c1)N(CCNC(C)=O)C(=O)[C@@](C)(c1ccccc1)O2,0.0,train,../data/images/balanced_scaffold_seed99_Caco2/2101.png
2102.0,CCc1nc(N)nc(N)c1-c1ccc2c(c1)N(CCCOC)C(=O)C(C)(c1cc(F)cc(F)c1)O2,1.0,train,../data/images/balanced_scaffold_seed99_Caco2/2102.png
2103.0,CCc1nc(N)nc(N)c1-c1ccc2c(c1)N(CCC(=O)NC)C(=O)C(C)(c1cc(F)cc(F)c1)O2,0.0,train,../data/images/balanced_scaffold_seed99_Caco2/2103.png
2104.0,CCc1nc(N)nc(N)c1-c1ccc2c(c1)N(CCNS(C)(=O)=O)C(=O)C(C)(c1cc(F)cc(F)c1)O2,0.0,train,../data/images/balanced_scaffold_seed99_Caco2/2104.png
2105.0,CCc1nc(N)nc(N)c1-c1ccc2c(c1)N(CCO)C(=O)C(C)(c1cc(F)cc(F)c1)O2,0.0,train,../data/images/balanced_scaffold_seed99_Caco2/2105.png
2106.0,CCc1nc(N)nc(N)c1-c1ccc2c(c1)N(CCCC(F)(F)F)C(=O)C(C)(c1cc(F)cc(F)c1)O2,1.0,train,../data/images/balanced_scaffold_seed99_Caco2/2106.png
2107.0,CCc1nc(N)nc(N)c1-c1ccc2c(c1)N(CCNC(C)=O)C(=O)C(C)(c1ccc(Cl)cc1)O2,1.0,train,../data/images/balanced_scaffold_seed99_Caco2/2107.png
2108.0,CC(C)N1CCN(C(=O)c2ccc(CN3CCCCC3)cc2)CC1,1.0,train,../data/images/balanced_scaffold_seed99_Caco2/2108.png
2109.0,Cc1nc(NC(=O)Cc2nc(-c3ccccc3)c(C)o2)sc1-c1ccc(N)nc1,1.0,train,../data/images/balanced_scaffold_seed99_Caco2/2109.png
2110.0,Cc1cc(C#N)nc(C)c1C(=O)N1CCC(C)(N2CCC(N3C(=O)N(C4CCOCC4)C[C@H]3c3ccccc3)CC2)CC1,0.0,train,../data/images/balanced_scaffold_seed99_Caco2/2110.png
2111.0,COc1cc(C)c(S(=O)(=O)N(C)CCOCC(=O)N2CCN(CC3CCN(C)CC3)CC2)c(C)c1,0.0,train,../data/images/balanced_scaffold_seed99_Caco2/2111.png
2112.0,COc1cc(CN2CCN(C)CC2)ccc1-c1nc2c(N[C@H]3[C@@H](C(N)=O)[C@@H]4C=C[C@H]3C4)c(Cl)cnc2[nH]1,0.0,train,../data/images/balanced_scaffold_seed99_Caco2/2112.png
2113.0,Cn1c2c(c3cc(S(=O)(=O)c4cccc(C(F)(F)F)c4)ccc31)C1CCC(C2)N1,1.0,train,../data/images/balanced_scaffold_seed99_Caco2/2113.png
2114.0,Cn1c2c(c3cc(S(=O)(=O)c4cccc(Cl)c4)ccc31)C1CCC(C2)N1,0.0,train,../data/images/balanced_scaffold_seed99_Caco2/2114.png
2115.0,CNc1ccc(-c2nc(=O)n(CCC3CCCO3)c3c2oc2ncc(-c4cnn(C)c4)cc23)nc1,0.0,train,../data/images/balanced_scaffold_seed99_Caco2/2115.png
2116.0,COc1ccc(-c2nc(=O)n(CCC3CCCO3)c3c2oc2ncc(-c4cnn(C)c4)cc23)nc1,1.0,train,../data/images/balanced_scaffold_seed99_Caco2/2116.png
2117.0,CN(Cc1ccc(-c2ccc(N3CCOc4ncnc(N)c4C3=O)cc2)c(Cl)c1)C(=O)CCCN,0.0,train,../data/images/balanced_scaffold_seed99_Caco2/2117.png
2118.0,CN(Cc1ccc(-c2ccc(N3CCOc4ncnc(N)c4C3=O)cc2)c(Cl)c1)S(C)(=O)=O,1.0,train,../data/images/balanced_scaffold_seed99_Caco2/2118.png
2119.0,CC(=O)N(C)Cc1ccc(-c2ccc(N3CCOc4ncnc(N)c4C3=O)cc2)c(Cl)c1,1.0,train,../data/images/balanced_scaffold_seed99_Caco2/2119.png
2120.0,Nc1ncnc2c1C(=O)N(c1ccc(-c3c(F)cccc3F)cc1)CCO2,1.0,train,../data/images/balanced_scaffold_seed99_Caco2/2120.png
2121.0,Nc1ncnc2c1C(=O)N(c1ccc(-c3ccccc3Cl)cc1)CCO2,1.0,train,../data/images/balanced_scaffold_seed99_Caco2/2121.png
2122.0,CN(Cc1ccc(-c2ccc(N3CCOc4ncnc(N)c4C3=O)cc2)c(Cl)c1)C(=O)CCN,0.0,train,../data/images/balanced_scaffold_seed99_Caco2/2122.png
2123.0,Nc1ncnc2c1C(=O)N(c1ccc(-c3cc(Cl)ccc3Cl)cc1)CCO2,1.0,train,../data/images/balanced_scaffold_seed99_Caco2/2123.png
2124.0,Nc1ncnc2c1C(=O)N(c1ccc(-c3ccccc3Cl)c(F)c1)CCO2,1.0,train,../data/images/balanced_scaffold_seed99_Caco2/2124.png
2125.0,N#Cc1ccc(-c2ccc(N3CCOc4ncnc(N)c4C3=O)cc2)c(Cl)c1,1.0,train,../data/images/balanced_scaffold_seed99_Caco2/2125.png
2126.0,Nc1ncnc2c1C(=O)N(c1ccc(-c3ccc(CO)cc3Cl)cc1)CCO2,1.0,train,../data/images/balanced_scaffold_seed99_Caco2/2126.png
2127.0,Nc1ncnc2c1C(=O)N(c1ccc(-c3ccccc3F)cc1)CCO2,1.0,train,../data/images/balanced_scaffold_seed99_Caco2/2127.png
2128.0,Cc1ccccc1-c1ccc(N2CCOc3ncnc(N)c3C2=O)cc1,1.0,train,../data/images/balanced_scaffold_seed99_Caco2/2128.png
2129.0,CN(Cc1ccc(-c2ccc(N3CCOc4ncnc(N)c4C3=O)cc2)c(Cl)c1)C(=O)CN,0.0,train,../data/images/balanced_scaffold_seed99_Caco2/2129.png
2130.0,N#Cc1cccc(Cl)c1-c1ccc(N2CCOc3ncnc(N)c3C2=O)cc1,1.0,train,../data/images/balanced_scaffold_seed99_Caco2/2130.png
2131.0,Cc1ccc(-c2ccc(N3CCOc4ncnc(N)c4C3=O)cc2)c(Cl)c1,1.0,train,../data/images/balanced_scaffold_seed99_Caco2/2131.png
2132.0,Cc1cccc(Cl)c1-c1ccc(N2CCOc3ncnc(N)c3C2=O)cc1,1.0,train,../data/images/balanced_scaffold_seed99_Caco2/2132.png
2133.0,CC(=O)NCc1ccc(-c2ccc(N3CCOc4ncnc(N)c4C3=O)cc2)c(Cl)c1,1.0,train,../data/images/balanced_scaffold_seed99_Caco2/2133.png
2134.0,Nc1ncnc2c1C(=O)N(c1ccc(-c3ccccc3)cc1)CCO2,1.0,train,../data/images/balanced_scaffold_seed99_Caco2/2134.png
2135.0,Nc1ncnc2c1C(=O)N(c1ccc(-c3c(F)cccc3F)c(F)c1)CCO2,1.0,train,../data/images/balanced_scaffold_seed99_Caco2/2135.png
2136.0,N#Cc1cccc(-c2ccc(N3CCOc4ncnc(N)c4C3=O)cc2)c1Cl,1.0,train,../data/images/balanced_scaffold_seed99_Caco2/2136.png
2137.0,CS(=O)(=O)NCc1ccc(-c2ccc(N3CCOc4ncnc(N)c4C3=O)cc2)c(Cl)c1,1.0,train,../data/images/balanced_scaffold_seed99_Caco2/2137.png
2138.0,CC(C)=CCCC(C)(O[C@@H]1O[C@H](COC2O[C@H](CO)[C@@H](O)[C@H](O)[C@H]2O)[C@@H](O)[C@H](O)[C@H]1O)[C@H]1CC[C@]2(C)[C@@H]1[C@H](O)C[C@@H]1[C@@]3(C)CC[C@H](OC4O[C@H](CO)[C@@H](O)[C@H](O)[C@H]4O[C@H]4O[C@H](CO)[C@@H](O)[C@H](O)[C@H]4O)C(C)(C)[C@@H]3CC[C@]12C,0.0,train,../data/images/balanced_scaffold_seed99_Caco2/2138.png
2139.0,Cc1ccc(-c2ccc(C(=O)NC3(C(=O)N[C@H](Cc4ccccc4)C(=O)NCC4CCN(CC5CCOCC5)CC4)CCCC3)cc2)cc1,1.0,train,../data/images/balanced_scaffold_seed99_Caco2/2139.png
2140.0,CC(C)(C)CCN1C(=O)C(C2=NS(=O)(=O)c3cc(NS(C)(=O)=O)ccc3N2)=C(O)C2CCCC21,0.0,train,../data/images/balanced_scaffold_seed99_Caco2/2140.png
2141.0,CC(C)CCN1C(=O)C(C2=NS(=O)(=O)c3cc(NS(C)(=O)=O)ccc3N2)=C(O)C2CCCC21,0.0,train,../data/images/balanced_scaffold_seed99_Caco2/2141.png
2142.0,CCC[C@H](CC1(C(=O)Nc2nnc(CC)s2)CCCC1)C(=O)O,1.0,train,../data/images/balanced_scaffold_seed99_Caco2/2142.png
2143.0,CCC[C@H](CC1(C(=O)Nc2nnc(C)s2)CCCC1)C(=O)O,0.0,train,../data/images/balanced_scaffold_seed99_Caco2/2143.png
2144.0,Cc1cc(C#N)nc(C)c1C(=O)N1CCC(C)(N2CCC(N3C(=O)N(C)C[C@H]3c3ccccc3)CC2)CC1,0.0,train,../data/images/balanced_scaffold_seed99_Caco2/2144.png
2145.0,CN1C/C=C/CCOc2cccc(c2)-c2ccnc(n2)Nc2cccc(c2)C1,1.0,train,../data/images/balanced_scaffold_seed99_Caco2/2145.png
2146.0,CC(C)n1c(=O)c(C(=O)N[C@H]2C[C@H]3CC[C@@H](C2)N3CCCCCCCN2CCN(c3ccccc3)CC2)cc2ccccc21,1.0,train,../data/images/balanced_scaffold_seed99_Caco2/2146.png
2147.0,O=C(NC1(C(=O)N[C@H](Cc2ccccc2)C(=O)NCCCN2CCOCC2)CCCC1)c1ccc(-c2ccccc2)s1,1.0,train,../data/images/balanced_scaffold_seed99_Caco2/2147.png
2148.0,COc1cc2c(cc1OC)C1CC(O)C(CC(C)C)CN1CC2,1.0,train,../data/images/balanced_scaffold_seed99_Caco2/2148.png
2149.0,N=C(N)NCCC[C@@H]1NC(=O)[C@@H](Cc2ccccc2)NC(=O)[C@H](Cc2ccccc2)NC(=O)CCC(=O)NCCN(CC(N)=O)C(=O)[C@H](Cc2c[nH]c3ccccc23)NC1=O,1.0,train,../data/images/balanced_scaffold_seed99_Caco2/2149.png
2150.0,CC(=O)Nc1nnc(S(N)(=O)=O)s1,0.0,train,../data/images/balanced_scaffold_seed99_Caco2/2150.png
2151.0,CC(C)C[C@H](NCCN)c1cccc(F)c1N1CCN(C(=O)[C@@H](Cc2ccc(Cl)cc2Cl)N2CCCC2=O)CC1,0.0,train,../data/images/balanced_scaffold_seed99_Caco2/2151.png
2152.0,COc1ccc(-n2nc(C(N)=O)cc2C(=O)Cc2ccc(-n3ccccc3=O)cc2F)cc1,0.0,train,../data/images/balanced_scaffold_seed99_Caco2/2152.png
2153.0,C[C@@H]1C[C@H]2[C@@H]3CCC4=CC(=O)C=C[C@]4(C)[C@@]3(F)[C@@H](O)C[C@]2(C)[C@@]1(O)C(=O)COC1O[C@@H](CO)[C@H](O)[C@@H](O)[C@@H]1O,0.0,train,../data/images/balanced_scaffold_seed99_Caco2/2153.png
2154.0,C[C@@H]1C[C@H]2[C@@H]3CCC4=CC(=O)C=C[C@]4(C)[C@@]3(F)[C@@H](O)C[C@]2(C)[C@@]1(O)C(=O)COC1O[C@@H](CC(=O)O)[C@H](O)[C@@H](O)[C@@H]1O,0.0,train,../data/images/balanced_scaffold_seed99_Caco2/2154.png
2155.0,CC(=O)N1CCCC(NC(=O)c2ccc3c(C4CCCCC4)c(-c4ccccn4)n(C)c3c2)(C(=O)Nc2ccc(/C=C/C(=O)O)cc2)C1,0.0,train,../data/images/balanced_scaffold_seed99_Caco2/2155.png
2156.0,Cn1c(-c2ccccn2)c(C2CCCCC2)c2ccc(C(=O)N[C@@]3(C(=O)Nc4ccc(/C=C/C(=O)O)cc4)CCCNC3)cc21,0.0,train,../data/images/balanced_scaffold_seed99_Caco2/2156.png
2157.0,CCc1nc(N)nc(N)c1-c1ccc2c(c1)N(CCCOC)C(=O)C(CC)(CC)O2,1.0,train,../data/images/balanced_scaffold_seed99_Caco2/2157.png
2158.0,CCc1nc(N)nc(N)c1-c1ccc2c(c1)N(CCCOC)C(=O)C(C)(CC)O2,1.0,train,../data/images/balanced_scaffold_seed99_Caco2/2158.png
2159.0,CCc1nc(N)nc(N)c1-c1ccc2c(c1)N(CCNC(C)=O)C(=O)C(C)(C(F)(F)F)O2,0.0,train,../data/images/balanced_scaffold_seed99_Caco2/2159.png
2160.0,CCc1nc(N)nc(N)c1-c1ccc2c(c1)N(CCCOC)C(=O)C(C)(C)O2,1.0,train,../data/images/balanced_scaffold_seed99_Caco2/2160.png
2161.0,CCc1nc(N)nc(N)c1-c1ccc2c(c1)N(CCNC(C)=O)C(=O)C(C)(C)O2,0.0,train,../data/images/balanced_scaffold_seed99_Caco2/2161.png
2162.0,O=C1CN=C(c2ccccc2)c2cc(Cl)ccc2N1,1.0,train,../data/images/balanced_scaffold_seed99_Caco2/2162.png
2163.0,O=C1Nc2ccc(Cl)cc2C(c2ccccc2)=NC1O,1.0,train,../data/images/balanced_scaffold_seed99_Caco2/2163.png
2164.0,CN1C(=O)CN=C(c2ccccc2)c2cc(Cl)ccc21,1.0,train,../data/images/balanced_scaffold_seed99_Caco2/2164.png
2165.0,O=C1Nc2ccc(Cl)cc2C(c2ccccc2Cl)=NC1O,1.0,train,../data/images/balanced_scaffold_seed99_Caco2/2165.png
2166.0,NC(=O)C1CCN(c2nc(-c3ccc(Br)cc3)cs2)CC1,1.0,train,../data/images/balanced_scaffold_seed99_Caco2/2166.png
2167.0,O=C(O)C1CCN(c2nc(-c3ccc(Br)cc3)cs2)CC1,1.0,train,../data/images/balanced_scaffold_seed99_Caco2/2167.png
2168.0,c1ccc2c(NCCCCCCCNc3c4c(nc5ccccc35)CCCC4)c3c(nc2c1)CCCC3,0.0,train,../data/images/balanced_scaffold_seed99_Caco2/2168.png
2169.0,COc1c(/C=C/c2ccc(NS(C)(=O)=O)cc2)cc(-c2ccc[nH]c2=O)cc1C1(Cl)CC1,0.0,train,../data/images/balanced_scaffold_seed99_Caco2/2169.png
2170.0,C[S+]([O-])Cc1ccc(C(=O)Nc2cccnc2C(=O)NCC2CCOCC2)c2ccccc12,1.0,train,../data/images/balanced_scaffold_seed99_Caco2/2170.png
2171.0,COc1ccc(NC(=O)c2ccc(C[S+](C)[O-])c3ccccc23)c(C(=O)NCC2CCOCC2)n1,1.0,train,../data/images/balanced_scaffold_seed99_Caco2/2171.png
2172.0,C[C@H](Cc1cccc(CC(=O)NCc2c(F)cccc2Cl)c1)NC[C@H](O)c1ccc(O)c(CO)c1,0.0,train,../data/images/balanced_scaffold_seed99_Caco2/2172.png
2173.0,C[C@H](Cc1cccc(CC(=O)NCc2cc(C(F)(F)F)ccc2F)c1)NC[C@H](O)c1ccc(O)c(CO)c1,0.0,train,../data/images/balanced_scaffold_seed99_Caco2/2173.png
2174.0,C[C@H](Cc1cccc(CC(=O)NCc2ccc(Cl)c(Cl)c2)c1)NC[C@H](O)c1ccc(O)c(CO)c1,0.0,train,../data/images/balanced_scaffold_seed99_Caco2/2174.png
2175.0,C[C@H](Cc1cccc(CC(=O)NCc2cc(Cl)cc(Cl)c2)c1)NC[C@H](O)c1ccc(O)c(CO)c1,0.0,train,../data/images/balanced_scaffold_seed99_Caco2/2175.png
2176.0,Cc1cc2[nH]ncc2cc1NC(=O)c1cc(N(CC2CC2)C2CCCCC2)ncn1,0.0,train,../data/images/balanced_scaffold_seed99_Caco2/2176.png
2177.0,CCN(C)C(=O)[C@H]1C[C@@H](c2ccc(CN3CCCC3)c(F)c2)C1,1.0,train,../data/images/balanced_scaffold_seed99_Caco2/2177.png
2178.0,CC(C)CNC(=O)[C@H]1C[C@@](F)(c2ccc(CN3CCCC3)c(F)c2)C1,1.0,train,../data/images/balanced_scaffold_seed99_Caco2/2178.png
2179.0,CCNC(=O)[C@H]1C[C@@](F)(c2ccc(CN3CCCC3)c(F)c2)C1,1.0,train,../data/images/balanced_scaffold_seed99_Caco2/2179.png
2180.0,CC(=O)N(C)C[C@H]1C[C@H](c2ccc(CN3CCCC3)c(Cl)c2)C1,1.0,train,../data/images/balanced_scaffold_seed99_Caco2/2180.png
2181.0,CC(C)C[C@H](CO)Nc1nc(S[C@@H](C)c2cc(Cl)ccn2)nc2[nH]c(=O)sc12,1.0,train,../data/images/balanced_scaffold_seed99_Caco2/2181.png
2182.0,CCC[C@H](NC(=O)[C@@H]1[C@H]2CCC[C@H]2CN1C(=O)[C@@H](NC(=O)[C@@H](NC(=O)c1cnccn1)C1CCCCC1)C(C)(C)C)C(=O)C(=O)NC1CC1,0.0,train,../data/images/balanced_scaffold_seed99_Caco2/2182.png
2183.0,CC(C)(C)CCn1nc(C2CC2)c(O)c(C2=NS(=O)(=O)c3cc(NS(C)(=O)=O)ccc3N2)c1=O,0.0,train,../data/images/balanced_scaffold_seed99_Caco2/2183.png
2184.0,Cn1c(C(=O)O)cc2cc(NC(=O)C(C)(C)NC(=O)c3ccc4c(C5CCCCC5)c(-c5ccccn5)n(C)c4c3)ccc21,0.0,train,../data/images/balanced_scaffold_seed99_Caco2/2184.png
2185.0,CC(=O)NC[C@H]1CN(c2ccc(-c3ccc(C#N)nc3)c(F)c2)C(=O)O1,1.0,train,../data/images/balanced_scaffold_seed99_Caco2/2185.png
2186.0,CCCS(=O)(=O)Nc1ccc(F)c(C(=O)Nc2cnc3[nH]c(-c4ccc(C(F)(F)F)cc4)nc3c2)c1F,0.0,train,../data/images/balanced_scaffold_seed99_Caco2/2186.png
2187.0,CCCS(=O)(=O)Nc1ccc(F)c(C(=O)Nc2cnc3[nH]c(-c4ccc(Cl)c(Cl)c4)nc3c2)c1F,0.0,train,../data/images/balanced_scaffold_seed99_Caco2/2187.png
2188.0,CCCS(=O)(=O)Nc1ccc(F)c(C(=O)Nc2cnc3[nH]c(-c4ccc(C)cc4)nc3c2)c1F,0.0,train,../data/images/balanced_scaffold_seed99_Caco2/2188.png
2189.0,CCCS(=O)(=O)Nc1ccc(F)c(C(=O)Nc2cnc3[nH]c(-c4ccc(Br)cc4)nc3c2)c1F,0.0,train,../data/images/balanced_scaffold_seed99_Caco2/2189.png
2190.0,Cn1c2c(c3cc(S(=O)(=O)c4csc5ccccc45)ccc31)C1CCC(C2)N1,0.0,train,../data/images/balanced_scaffold_seed99_Caco2/2190.png
2191.0,Cc1nn(-c2cccc(NC(=O)[C@H]3C[C@@H]3c3ccccc3)c2)c(C)c1CC(=O)O,0.0,train,../data/images/balanced_scaffold_seed99_Caco2/2191.png
2192.0,O=C1N(Cc2ccc(Cl)cc2)c2ccccc2C1(O)c1ccc2c(c1)OCO2,1.0,train,../data/images/balanced_scaffold_seed99_Caco2/2192.png
2193.0,O=C1N(Cc2ccc(C(F)(F)F)cc2)c2ccccc2C1(O)c1ccc2c(c1)OCO2,0.0,train,../data/images/balanced_scaffold_seed99_Caco2/2193.png
2194.0,COc1ccc(CN2C(=O)C(O)(c3ccc4c(c3)OCO4)c3ccccc32)cc1,0.0,train,../data/images/balanced_scaffold_seed99_Caco2/2194.png
2195.0,O=C1N(Cc2ccccc2)c2ccccc2C1(O)c1ccc2c(c1)OCO2,1.0,train,../data/images/balanced_scaffold_seed99_Caco2/2195.png
2196.0,C[C@H]1Cn2c(nnc2-c2ccc(F)cc2)CN1C(=O)c1cccc(Cl)c1Cl,1.0,train,../data/images/balanced_scaffold_seed99_Caco2/2196.png
2197.0,C[C@H]1Cn2c(nnc2-c2ccc(F)cc2)CN1C(=O)c1cccc(C(F)(F)F)c1Cl,1.0,train,../data/images/balanced_scaffold_seed99_Caco2/2197.png
2198.0,NC(=O)c1cncc(-c2ccc([C@H]3CC[C@H](CCO)CC3)cc2)n1,1.0,train,../data/images/balanced_scaffold_seed99_Caco2/2198.png
2199.0,Cc1nc(C)c(-c2ccc([C@H]3CC[C@H](CC(=O)NS(C)(=O)=O)CC3)cc2)nc1C(N)=O,0.0,train,../data/images/balanced_scaffold_seed99_Caco2/2199.png
2200.0,NC(=O)C[C@H]1CC[C@H](c2ccc(-c3cncc(C(N)=O)n3)cc2)CC1,1.0,train,../data/images/balanced_scaffold_seed99_Caco2/2200.png
2201.0,NC(=O)c1cncc(-c2ccc([C@H]3CC[C@H](CC(=O)O)CC3)cc2)n1,1.0,train,../data/images/balanced_scaffold_seed99_Caco2/2201.png
2202.0,Cc1nc(C)c(-c2ccc([C@H]3CC[C@H](CC(=O)NC(C)(C)C(=O)O)CC3)cc2)nc1C(N)=O,0.0,train,../data/images/balanced_scaffold_seed99_Caco2/2202.png
2203.0,Cc1nc(C)c(-c2ccc([C@H]3CC[C@H](CCO)CC3)cc2)nc1C(N)=O,1.0,train,../data/images/balanced_scaffold_seed99_Caco2/2203.png
2204.0,Cc1ncc(C(N)=O)nc1-c1ccc([C@H]2CC[C@H](CC(=O)O)CC2)cc1,1.0,train,../data/images/balanced_scaffold_seed99_Caco2/2204.png
2205.0,CC(C)Cc1nc2sc3c(NCCN4CCOCC4)ncnc3c2c2c1CCC(C)(C)C2,0.0,train,../data/images/balanced_scaffold_seed99_Caco2/2205.png
2206.0,CNc1nc2sc3c(NCCN4CCOCC4)ncnc3c2c2c1CCC(C)(C)C2,1.0,train,../data/images/balanced_scaffold_seed99_Caco2/2206.png
2207.0,COc1cc(/C=C/C(=O)/C(Cc2cn(CCCCCCNC(=O)CCNC(=O)CCNC(=O)CO[C@H]3CC[C@@]4(C)C(=CC[C@H]5[C@@H]6CC[C@H]([C@H](C)CCCC(C)C)[C@@]6(C)CC[C@@H]54)C3)nn2)=C(O)/C=C/c2ccc(O)c(OC)c2)ccc1O,0.0,train,../data/images/balanced_scaffold_seed99_Caco2/2207.png
2208.0,c1cc(-c2nn(C3CCNCC3)cc2-c2ccc3c(c2)Cc2c[nH]nc2-3)ccn1,0.0,train,../data/images/balanced_scaffold_seed99_Caco2/2208.png
2209.0,F[C@@H]1CNCC[C@H]1n1cc(-c2ccc3c(c2)Cc2c[nH]nc2-3)c(-c2ccncc2)n1,1.0,train,../data/images/balanced_scaffold_seed99_Caco2/2209.png
2210.0,CC(C)C(NC(=O)[C@@H]1CCCN1C(=O)[C@@H](NC(=O)c1ccc(C(=O)N2CCOCC2)cc1)C(C)C)C(=O)C(F)(F)C(F)(F)F,1.0,train,../data/images/balanced_scaffold_seed99_Caco2/2210.png
2211.0,O=C(C1CCOCC1)N1CCCN(c2nc(-c3ccccc3)ns2)CC1,1.0,train,../data/images/balanced_scaffold_seed99_Caco2/2211.png
2212.0,CN1CCC(=C2c3ccccc3CC(=O)c3sccc32)CC1,1.0,train,../data/images/balanced_scaffold_seed99_Caco2/2212.png
2213.0,COc1ccc2c(O[C@@H]3C[C@H]4C(=O)N[C@]5(C(=O)NS(=O)(=O)C6CC6)C[C@H]5/C=C\CCCCNC(=O)N4C3)cc(-c3nc(C(C)C)cs3)nc2c1,0.0,train,../data/images/balanced_scaffold_seed99_Caco2/2213.png
2214.0,O=C1CC(=O)N(CCc2cccc(F)c2)C(=O)N1CCc1cccc(F)c1,1.0,train,../data/images/balanced_scaffold_seed99_Caco2/2214.png
2215.0,CCC[C@H](CC1(C(=O)NC2(CO)Cc3ccccc3C2)CCCC1)C(=O)O,0.0,train,../data/images/balanced_scaffold_seed99_Caco2/2215.png
2216.0,COCC[C@H](CC1(C(=O)NC2(CO)Cc3ccccc3C2)CCCC1)C(=O)O,0.0,train,../data/images/balanced_scaffold_seed99_Caco2/2216.png
2217.0,CC(C)(C)c1ccc2c(c1)CC[C@H]2NC(=O)Nc1cccc2[nH]ncc12,1.0,train,../data/images/balanced_scaffold_seed99_Caco2/2217.png
2218.0,COC(=O)N[C@H](C(=O)NN(CCC[C@@](O)(Cc1ccccc1)C(=O)N[C@H]1c2ccccc2C[C@H]1O)Cc1ccc(-c2ccccc2)cc1)C(C)(C)C,1.0,train,../data/images/balanced_scaffold_seed99_Caco2/2218.png
2219.0,Cc1cc(S(N)(=O)=O)ccc1NC(=O)c1cc(NC2CCCCC2)ncn1,1.0,train,../data/images/balanced_scaffold_seed99_Caco2/2219.png
2220.0,Cc1cc(O)ccc1NC(=O)c1cc(NC2CCCCC2)ncn1,1.0,train,../data/images/balanced_scaffold_seed99_Caco2/2220.png
2221.0,Nc1nonc1/C(=N/O)Nc1ccc(F)c(Cl)c1,1.0,train,../data/images/balanced_scaffold_seed99_Caco2/2221.png
2222.0,CC(=O)OC1CC[C@]2(C)C3=C(CCC2C1(C)C)[C@@]1(C)C[C@@H](O)[C@@H]([C@H](CCC(=O)C(C)C)C(=O)O)[C@@]1(C)CC3,0.0,train,../data/images/balanced_scaffold_seed99_Caco2/2222.png
2223.0,CC1=N[C@@](Cc2ccccc2)(c2cccc(-c3cncnc3)c2)N=C1N,1.0,train,../data/images/balanced_scaffold_seed99_Caco2/2223.png
