idx,smiles,Tox21,group,img_path
0.0,CCCCCCCCCCCCCCCCC(=O)O,0.0,train,../data/images/Tox21/0.png
1.0,CCc1cccc(C)c1N(C(=O)CCl)C(C)COC,0.0,train,../data/images/Tox21/1.png
2.0,COC(=O)C(C)O,0.0,train,../data/images/Tox21/2.png
3.0,COC(C)(C)CCCC(C)C/C=C/C(C)=C/C(=O)OC(C)C,0.0,train,../data/images/Tox21/3.png
4.0,O=C(NC(=O)c1c(F)cccc1F)Nc1cc(Cl)c(Oc2ncc(C(F)(F)F)cc2Cl)c(Cl)c1,1.0,train,../data/images/Tox21/4.png
5.0,CO[C@@H]1[C@@H](OC(N)=O)[C@@H](O)[C@H](Oc2ccc3c([O-])c(NC(=O)c4ccc(O)c(CC=C(C)C)c4)c(=O)oc3c2C)OC1(C)C,0.0,train,../data/images/Tox21/5.png
6.0,CC#CCC(C)[C@H](O)/C=C/[C@@H]1[C@H]2c3cccc(CCCC(=O)[O-])c3O[C@H]2C[C@H]1O,0.0,train,../data/images/Tox21/6.png
7.0,C[C@H]1[C@H](NC(=O)C(=NOC(C)(C)C(=O)O)c2csc(N)n2)C(=O)N1S(=O)(=O)O,0.0,train,../data/images/Tox21/7.png
8.0,Nc1nc(=O)c2ncn(CCC(CO)CO)c2[nH]1,0.0,train,../data/images/Tox21/8.png
9.0,CC(C)CCCCCOC(=O)CCS,0.0,train,../data/images/Tox21/9.png
10.0,Cc1ncsc1CCO,0.0,train,../data/images/Tox21/10.png
11.0,Cc1cc(O)c2c(c1)C(=O)c1cc(O)cc(O)c1C2=O,1.0,train,../data/images/Tox21/11.png
12.0,CC(C)[C@H](N)C(=O)OCCOCn1cnc2c(=O)[nH]c(N)nc21,0.0,train,../data/images/Tox21/12.png
13.0,C[C@]12CC[C@H]3[C@@H](CCC4=CC(=O)CC[C@@]43C)[C@@H]1CC[C@H]2O,0.0,train,../data/images/Tox21/13.png
14.0,COc1cccc([C@@]2(O)CCCC[C@@H]2CN(C)C)c1,0.0,train,../data/images/Tox21/14.png
15.0,CC1C=[C-]C=C1,0.0,train,../data/images/Tox21/15.png
16.0,CCCCN1C(=O)[C@@H]([C@H](O)C2CCCCC2)NC(=O)C12CCN(Cc1ccc(Oc3ccc(C(=O)O)cc3)cc1)CC2,1.0,train,../data/images/Tox21/16.png
17.0,CCOC(=O)CC(=O)c1ccccc1,0.0,train,../data/images/Tox21/17.png
18.0,CCC/C=C/C=O,0.0,train,../data/images/Tox21/18.png
19.0,C[C@H]1CNCCc2ccc(Cl)cc21,0.0,train,../data/images/Tox21/19.png
20.0,O=S(=O)([O-])c1cccc2ccccc12,0.0,train,../data/images/Tox21/20.png
21.0,CC(C)NCC(O)c1ccc2ccccc2c1,0.0,train,../data/images/Tox21/21.png
22.0,Cc1c(-c2ccc(O)cc2)n(Cc2ccc(OCCN3CCCCCC3)cc2)c2ccc(O)cc12,0.0,train,../data/images/Tox21/22.png
23.0,CCCCC1C(=O)N(c2ccccc2)N(c2ccccc2)C1=O,0.0,train,../data/images/Tox21/23.png
24.0,CCCCNCCCC,0.0,train,../data/images/Tox21/24.png
25.0,CCCCCCCCCOC(C)=O,0.0,train,../data/images/Tox21/25.png
26.0,O=C(NCCN1CCOCC1)c1ccc(Cl)cc1,0.0,train,../data/images/Tox21/26.png
27.0,CC(C)CON=O,0.0,train,../data/images/Tox21/27.png
28.0,C=C(C)C(=O)OCCOC(=O)CC(C)=O,0.0,train,../data/images/Tox21/28.png
29.0,CCCCCCCCCC(C)C=O,0.0,train,../data/images/Tox21/29.png
30.0,CCCCN(CCCC)SN(C)C(=O)Oc1cccc2c1OC(C)(C)C2,0.0,train,../data/images/Tox21/30.png
31.0,Cc1cc(C2(c3cc(C)c(O)cc3C)OS(=O)(=O)c3ccccc32)c(C)cc1O,0.0,train,../data/images/Tox21/31.png
32.0,CC(C)Cn1cnc2c1c(=O)n(C)c(=O)n2C,0.0,train,../data/images/Tox21/32.png
33.0,COC(C)CCO,0.0,train,../data/images/Tox21/33.png
34.0,C1CCCNCC1,0.0,train,../data/images/Tox21/34.png
35.0,CCCCC(CC)COC(=O)/C=C\C(=O)OCC(CC)CCCC,0.0,train,../data/images/Tox21/35.png
36.0,CC(=O)N(CC(O)CO)c1c(I)c(C(=O)NCCO)c(I)c(C(=O)NCC(O)CO)c1I,0.0,train,../data/images/Tox21/36.png
37.0,CC(O)CNCC(C)O,0.0,train,../data/images/Tox21/37.png
38.0,CC(=O)O[C@]1(C(C)=O)CC[C@H]2[C@@H]3CCC4=CC(=O)CC[C@]4(C)[C@@]3(F)[C@@H](O)C[C@@]21C,0.0,train,../data/images/Tox21/38.png
39.0,CC(=O)Nc1ccc(CC(=O)O)cc1,0.0,train,../data/images/Tox21/39.png
40.0,O=C(Oc1ccccc1)Oc1ccccc1,0.0,train,../data/images/Tox21/40.png
41.0,CC1CCCNC1,0.0,train,../data/images/Tox21/41.png
42.0,C=Cc1ccccc1,0.0,train,../data/images/Tox21/42.png
43.0,COC(=O)N[C@H](C(=O)N[C@@H](Cc1ccccc1)[C@@H](O)CN(Cc1ccc(-c2ccccn2)cc1)NC(=O)[C@@H](NC(=O)OC)C(C)(C)C)C(C)(C)C,0.0,train,../data/images/Tox21/43.png
44.0,CN(C)CCN(Cc1ccccc1)c1ccccn1,0.0,train,../data/images/Tox21/44.png
45.0,CC[C@@H]1C[C@H](N(Cc2cc(C(F)(F)F)cc(C(F)(F)F)c2)C(C)=O)c2cc(C(F)(F)F)ccc2N1C(=O)OC(C)C,0.0,train,../data/images/Tox21/45.png
46.0,CO/N=C1\CN(c2nc3c(cc2F)c(=O)c(C(=O)O)cn3C2CC2)CC1CN,0.0,train,../data/images/Tox21/46.png
47.0,CCCN(CCC)C(=O)Cc1c(-c2ccc(Cl)cc2)nc2ccc(Cl)cn12,0.0,train,../data/images/Tox21/47.png
48.0,NC(=S)c1c(Cl)cccc1Cl,0.0,train,../data/images/Tox21/48.png
49.0,O=C1NC(=O)c2cc([N+](=O)[O-])ccc21,0.0,train,../data/images/Tox21/49.png
50.0,COc1cccc(C=O)c1,0.0,train,../data/images/Tox21/50.png
51.0,O=C1CCCCCCCCCCCCCCO1,0.0,train,../data/images/Tox21/51.png
52.0,CC(=O)OCC=C(C)C,0.0,train,../data/images/Tox21/52.png
53.0,NC(=O)N1c2ccccc2C=Cc2ccccc21,0.0,train,../data/images/Tox21/53.png
54.0,Cc1ccc(C(=O)O)cc1,0.0,train,../data/images/Tox21/54.png
55.0,N[C@@H](C(=O)N[C@@H]1C(=O)N2C(C(=O)O)=C(Cl)CS[C@H]12)c1ccccc1,0.0,train,../data/images/Tox21/55.png
56.0,Nc1cc([N+](=O)[O-])ccc1C(=O)O,0.0,train,../data/images/Tox21/56.png
57.0,C=C(NC(=O)C(=C)NC(=O)c1csc(C2=NC3c4csc(n4)C4NC(=O)c5csc(n5)C(C(C)(O)C(C)O)NC(=O)C5CSC(=N5)/C(=C\C)NC(=O)C(C(C)O)NC(=O)c5csc(n5)C3(CC2)NC(=O)C(C)NC(=O)C(=C)NC(=O)C(C)NC(=O)C(C(C)CC)NC2C=Cc3c(C(C)O)cc(nc3C2O)C(=O)OC4C)n1)C(N)=O,1.0,train,../data/images/Tox21/57.png
58.0,Cc1cc(C(=O)O)ccc1[N+](=O)[O-],0.0,train,../data/images/Tox21/58.png
59.0,CC(=O)O[C@H]1CC[C@@]2(C)C(=CC[C@@H]3[C@@H]2CC[C@]2(C)C(c4cccnc4)=CC[C@@H]32)C1,0.0,train,../data/images/Tox21/59.png
60.0,CCO[Si](CC)(OCC)OCC,0.0,train,../data/images/Tox21/60.png
61.0,CN1CCCC(OC(=O)C(O)(c2ccccc2)c2ccccc2)C1,0.0,train,../data/images/Tox21/61.png
62.0,Cc1nc(C)c(Cl)c(O)c1Cl,0.0,train,../data/images/Tox21/62.png
63.0,C=CC[N+](C)(C)CC=C,0.0,train,../data/images/Tox21/63.png
64.0,O=C(O)c1cccc(N(Cc2cccnc2)c2ccc(OC(F)F)c(OC(F)F)c2)c1,0.0,train,../data/images/Tox21/64.png
65.0,COc1ccc(NC(C)=O)cc1,0.0,train,../data/images/Tox21/65.png
66.0,COC(=O)[C@H](c1ccccc1Cl)N1CCc2sccc2C1,0.0,train,../data/images/Tox21/66.png
67.0,[Cu]I,0.0,train,../data/images/Tox21/67.png
68.0,COP(=O)(O)OC,0.0,train,../data/images/Tox21/68.png
69.0,CO[C@@]1(NC(=O)CSCC#N)C(=O)N2C(C(=O)[O-])=C(CSc3nnnn3C)CS[C@@H]21,0.0,train,../data/images/Tox21/69.png
70.0,CC(C)c1nc(CN(C)C(=O)N[C@H](C(=O)N[C@@H](Cc2ccccc2)C[C@H](O)[C@H](Cc2ccccc2)NC(=O)OCc2cncs2)C(C)C)cs1,0.0,train,../data/images/Tox21/70.png
71.0,CCC[N+]1(C)CCCC1,0.0,train,../data/images/Tox21/71.png
72.0,O=P([O-])([O-])OC[C@@]1(O)O[C@H](COP(=O)([O-])O)[C@@H](O)[C@@H]1O,0.0,train,../data/images/Tox21/72.png
73.0,COc1cc(C)c(Cc2cnc(N)nc2N)cc1OC,0.0,train,../data/images/Tox21/73.png
74.0,C=CCC1([C@H](C)CCC)C(=O)NC(=O)NC1=O,0.0,train,../data/images/Tox21/74.png
75.0,CCOC(=O)c1nc(C(Cl)(Cl)Cl)n(-c2ccc(Cl)cc2Cl)n1,1.0,train,../data/images/Tox21/75.png
76.0,CC1C(=O)CC2C3(C)CCC2(C(C)C(=O)O)C(=O)C13,0.0,train,../data/images/Tox21/76.png
77.0,OC[C@H]1O[C@H](O[C@@]2(CO)O[C@@H](O)[C@H](O)[C@@H]2O)[C@H](O)[C@@H](O)[C@@H]1O,0.0,train,../data/images/Tox21/77.png
78.0,Nc1cccc(S(=O)(=O)O)c1,0.0,train,../data/images/Tox21/78.png
79.0,C#CC1(O)CC[C@H]2[C@@H]3CCC4=CC(=O)CC[C@@H]4[C@H]3CC[C@@]21CC,0.0,train,../data/images/Tox21/79.png
80.0,O=C1N(c2ccccc2)c2ccccc2C1(Cc1ccncc1)Cc1ccncc1,0.0,train,../data/images/Tox21/80.png
81.0,CCC(CO)(CO)[N+](=O)[O-],0.0,train,../data/images/Tox21/81.png
82.0,CC=C(C)C(=O)OCCC(C)CCC=C(C)C,0.0,train,../data/images/Tox21/82.png
83.0,C=C1C[C@]23C[C@@]1(O)CC[C@H]2[C@@]12C=C[C@H](O)[C@@](C)(C(=O)O1)[C@H]2[C@@H]3C(=O)O,0.0,train,../data/images/Tox21/83.png
84.0,CCc1cc(OC)c(C[C@H](C)N)cc1OC,0.0,train,../data/images/Tox21/84.png
85.0,CC(C)c1ccc(C(C)C)cc1,0.0,train,../data/images/Tox21/85.png
86.0,CC(=O)N1CCN(c2ccc(OC[C@H]3CO[C@](Cn4ccnc4)(c4ccc(Cl)cc4Cl)O3)cc2)CC1,0.0,train,../data/images/Tox21/86.png
87.0,COc1ccc(OC)c(C(O)CNC(=O)CN)c1,0.0,train,../data/images/Tox21/87.png
88.0,O=C(O)c1cccc(Cl)n1,0.0,train,../data/images/Tox21/88.png
89.0,Cc1ccc([N+](=O)[O-])c([N+](=O)[O-])c1,0.0,train,../data/images/Tox21/89.png
90.0,O=C(c1cc(O)c(O)c(O)c1)c1ccc(O)c(O)c1O,1.0,train,../data/images/Tox21/90.png
91.0,NC[C@@H]1CC[C@@H](N)[C@@H](O[C@H]2[C@H](O)[C@@H](O[C@H]3O[C@H](CO)[C@@H](O)[C@H](N)[C@H]3O)[C@H](N)C[C@@H]2N)O1,0.0,train,../data/images/Tox21/91.png
92.0,CN1[C@H]2CC[C@@H]1[C@@H](C(=O)O)[C@@H](OC(=O)c1ccccc1)C2,0.0,train,../data/images/Tox21/92.png
93.0,O=C1NCC2(CCN(CCc3ccccc3)CC2)O1,0.0,train,../data/images/Tox21/93.png
94.0,C=CCCCC,0.0,train,../data/images/Tox21/94.png
95.0,[N-]=[N+]=CC(=O)OC[C@H](N)C(=O)O,0.0,train,../data/images/Tox21/95.png
96.0,Cc1cscn1,0.0,train,../data/images/Tox21/96.png
97.0,Cc1cccc(N(C)C(=S)Oc2ccc3c(c2)CCC3)c1,0.0,train,../data/images/Tox21/97.png
98.0,CC[C@H](C)[C@H](NC(=O)[C@H](Cc1ccccc1)NC(=O)[C@H](C)NC(=O)[C@H](CC(=O)O)NC(=O)[C@H](CCCCN)NC(=O)[C@H](CO)NC(=O)[C@@H]1CCCN1C(=O)[C@@H]1CCC(=O)N1)C(=O)NCC(=O)N[C@@H](CC(C)C)C(=O)N[C@@H](CCSC)C(N)=O,0.0,train,../data/images/Tox21/98.png
99.0,CCCC[N+]1(C)CCCC1,0.0,train,../data/images/Tox21/99.png
100.0,CC(=O)Nc1ccc(C(=O)CCl)cc1,1.0,train,../data/images/Tox21/100.png
101.0,CCC[C@@H]1O[C@@H]2C[C@H]3[C@@H]4CCC5=CC(=O)C=C[C@]5(C)[C@H]4[C@@H](O)C[C@]3(C)[C@]2(C(=O)CO)O1,0.0,train,../data/images/Tox21/101.png
102.0,NCC1(CC(=O)O)CCCCC1,0.0,train,../data/images/Tox21/102.png
103.0,NC(=O)CF,0.0,train,../data/images/Tox21/103.png
104.0,C[C@H]1C[C@H]2[C@@H]3CCC4=CC(=O)C=C[C@]4(C)[C@H]3C(=O)C[C@]2(C)[C@@]1(O)C(=O)CO,0.0,train,../data/images/Tox21/104.png
105.0,COc1cc(OC)nc(NC(=O)[N-]S(=O)(=O)c2ncccc2OCC(F)(F)F)n1,0.0,train,../data/images/Tox21/105.png
106.0,O=C(C(Cl)Cl)N1CCOC12CCCCC2,0.0,train,../data/images/Tox21/106.png
107.0,O=C(CN1CCN(Cc2ccc3c(c2)OCO3)CC1)N1c2ccccc2Sc2ccccc21,0.0,train,../data/images/Tox21/107.png
108.0,O=P(Cl)(Cl)Cl,0.0,train,../data/images/Tox21/108.png
109.0,COc1cc2c(cc1OC)CC(=O)N(CCCN(C)C[C@H]1Cc3cc(OC)c(OC)cc31)CC2,0.0,train,../data/images/Tox21/109.png
110.0,c1ccc(N=NNc2ccccc2)cc1,0.0,train,../data/images/Tox21/110.png
111.0,CC(=O)OCC(=O)[C@@]1(OC(C)=O)[C@@H](C)C[C@H]2[C@@H]3C[C@H](F)C4=CC(=O)C=C[C@]4(C)[C@@]3(F)[C@@H](O)C[C@@]21C,0.0,train,../data/images/Tox21/111.png
112.0,CC(C)(C)C(=O)NCCCC(=O)O,0.0,train,../data/images/Tox21/112.png
113.0,CCCOCCC,0.0,train,../data/images/Tox21/113.png
114.0,Cc1ccccc1Cl,0.0,train,../data/images/Tox21/114.png
115.0,O=C(Nc1ccc([N+](=O)[O-])cc1)Nc1ccc([N+](=O)[O-])cc1,0.0,train,../data/images/Tox21/115.png
116.0,CC12CC3CC(C)(C1)CC(N)(C3)C2,0.0,train,../data/images/Tox21/116.png
117.0,CCCCCCOc1cc(C)c(O)c(C)c1C,0.0,train,../data/images/Tox21/117.png
118.0,CCCCCCCOC(=O)CCC,0.0,train,../data/images/Tox21/118.png
119.0,O=C1c2ccccc2C(=O)C1c1ccc2ccccc2n1,0.0,train,../data/images/Tox21/119.png
120.0,Cn1cc(NC(=O)c2cc(NC(=O)c3cc(NC=O)cn3C)cn2C)cc1C(=O)NCCC(=N)N,0.0,train,../data/images/Tox21/120.png
121.0,CCCCCCCCCCN,0.0,train,../data/images/Tox21/121.png
122.0,C=C[Si](OC(C)=O)(OC(C)=O)OC(C)=O,0.0,train,../data/images/Tox21/122.png
123.0,C=CCNC1=C2C[C@@H](C)C[C@H](OC)[C@H](O)[C@@H](C)C=C(C)[C@H](OC(N)=O)[C@@H](OC)C=CC=C(C)C(=O)NC(=CC1=O)C2=O,1.0,train,../data/images/Tox21/123.png
124.0,COc1c(Cl)ccc(Cl)c1C(=O)O,0.0,train,../data/images/Tox21/124.png
125.0,O=C(COc1ccc(Cl)cc1)N1CCN(Cc2ccc3c(c2)OCO3)CC1,0.0,train,../data/images/Tox21/125.png
126.0,CC(/C=C/C=C(\C)C(=O)O[C@@H]1O[C@H](CO[C@@H]2O[C@H](CO)[C@@H](O)[C@H](O)[C@H]2O)[C@@H](O)[C@H](O)[C@H]1O)=C\C=C\C=C(C)\C=C\C=C(/C)C(=O)O[C@@H]1O[C@H](CO[C@@H]2O[C@H](CO)[C@@H](O)[C@H](O)[C@H]2O)[C@@H](O)[C@H](O)[C@H]1O,0.0,train,../data/images/Tox21/126.png
127.0,CNC(=O)OCc1cccc(COC(=O)NC)n1,0.0,train,../data/images/Tox21/127.png
128.0,COC(COC(N)=O)C1=C(N2CC2)C(=O)C(C)=C(N2CC2)C1=O,1.0,train,../data/images/Tox21/128.png
129.0,COP(=S)(OC)Oc1cc(Cl)c(Cl)cc1Cl,0.0,train,../data/images/Tox21/129.png
130.0,CCCCCCOC(=O)c1ccc(O)cc1,0.0,train,../data/images/Tox21/130.png
131.0,CCN[C@H](C)Cc1cccc(C(F)(F)F)c1,0.0,train,../data/images/Tox21/131.png
132.0,COc1ccc(CNCC(O)COc2ccc3[nH]c(=O)ccc3c2)cc1OC,0.0,train,../data/images/Tox21/132.png
133.0,NC(=O)CS(=O)C(c1ccccc1)c1ccccc1,0.0,train,../data/images/Tox21/133.png
134.0,CC(C(O)c1ccccc1)N(C)CCOC(c1ccccc1)c1ccccc1,0.0,train,../data/images/Tox21/134.png
135.0,CCCCCCCCCCCCCCCCCC(=O)[O-],0.0,train,../data/images/Tox21/135.png
136.0,CSCCC=O,0.0,train,../data/images/Tox21/136.png
137.0,CNC(=O)Oc1ccccc1C(=O)Nc1ccccc1,0.0,train,../data/images/Tox21/137.png
138.0,O=C(O)/C=C\C(=O)O,0.0,train,../data/images/Tox21/138.png
139.0,CCOP(=S)(Cl)OCC,0.0,train,../data/images/Tox21/139.png
140.0,c1ccc(SCCSc2ccccc2)cc1,0.0,train,../data/images/Tox21/140.png
141.0,ClC(Cl)(Cl)c1ccccc1,0.0,train,../data/images/Tox21/141.png
142.0,C=C(C)C(=O)OCCCCCCOC(=O)C(=C)C,0.0,train,../data/images/Tox21/142.png
143.0,CC(C)CCCCCCCOP(OCCCCCCCC(C)C)Oc1ccccc1,0.0,train,../data/images/Tox21/143.png
144.0,CC(=O)Nc1c(I)c(NC(C)=O)c(I)c(C(=O)[O-])c1I,0.0,train,../data/images/Tox21/144.png
145.0,CN1CCc2cc(Cl)c(O)cc2[C@H]2c3ccccc3CC[C@@H]21,0.0,train,../data/images/Tox21/145.png
146.0,C1CCC(NC2CCCCC2)CC1,0.0,train,../data/images/Tox21/146.png
147.0,C=CC(=O)OCCC#N,0.0,train,../data/images/Tox21/147.png
148.0,CC(=O)Nc1c(I)c(C(=O)N[C@H]2C(O)O[C@H](CO)[C@@H](O)[C@@H]2O)c(I)c(N(C)C(C)=O)c1I,0.0,train,../data/images/Tox21/148.png
149.0,CCOC(=O)CCc1ccccc1,0.0,train,../data/images/Tox21/149.png
150.0,NNC(=O)c1ccccc1,0.0,train,../data/images/Tox21/150.png
151.0,CO[C@@H]1[C@H](OC(=O)NC(=O)CCl)CC[C@]2(CO2)[C@H]1[C@]1(C)O[C@@H]1CC=C(C)C,1.0,train,../data/images/Tox21/151.png
152.0,CC(C)[N+](C)(CCC(C(N)=O)(c1ccccc1)c1ccccc1)C(C)C,0.0,train,../data/images/Tox21/152.png
153.0,CC(C)(C)C(=O)Oc1ccc(S(=O)(=O)Nc2ccccc2C(=O)NCC(=O)[O-])cc1,0.0,train,../data/images/Tox21/153.png
154.0,O=C(O)CCCCCCCCCC(=O)O,0.0,train,../data/images/Tox21/154.png
155.0,CCc1ccc(C)cc1,0.0,train,../data/images/Tox21/155.png
156.0,Cc1cccc(C)c1NC(=O)CN1CCCCCC1,0.0,train,../data/images/Tox21/156.png
157.0,CCOc1cc(-c2nccc3cc(OC)c(OC)cc23)cc(OCC)c1OCC,0.0,train,../data/images/Tox21/157.png
158.0,CC(COC(=O)c1ccccc1)OC(=O)c1ccccc1,0.0,train,../data/images/Tox21/158.png
159.0,N#Cc1c(Cl)c(Cl)c(Cl)c(C#N)c1Cl,1.0,train,../data/images/Tox21/159.png
160.0,O=C1c2c(O)cccc2Cc2cccc(O)c21,0.0,train,../data/images/Tox21/160.png
161.0,CC(CCO)CC(C)(C)C,0.0,train,../data/images/Tox21/161.png
162.0,O=C(O)c1cc(O)c2c(c1)[C@H]([C@H]1c3cc(C(=O)O)cc(O)c3C(=O)c3c(O[C@@H]4O[C@H](CO)[C@@H](O)[C@H](O)[C@H]4O)cccc31)c1cccc(O[C@@H]3O[C@H](CO)[C@@H](O)[C@H](O)[C@H]3O)c1C2=O,0.0,train,../data/images/Tox21/162.png
163.0,CN(C)N=Nc1nc[nH]c1C(N)=O,0.0,train,../data/images/Tox21/163.png
164.0,Nc1nc(N)c2nc(-c3ccccc3)c(N)nc2n1,1.0,train,../data/images/Tox21/164.png
165.0,Cc1oncc1C(=O)Nc1ccc(C(F)(F)F)cc1,0.0,train,../data/images/Tox21/165.png
166.0,Cc1cc2c(s1)Nc1ccccc1N=C2N1CCN(C)CC1,0.0,train,../data/images/Tox21/166.png
167.0,Cc1ccccc1OP(=O)(Oc1ccccc1C)Oc1ccccc1C,0.0,train,../data/images/Tox21/167.png
168.0,Cc1nc(N)nc(N)n1,0.0,train,../data/images/Tox21/168.png
169.0,O=NN1CCCCCCC1,0.0,train,../data/images/Tox21/169.png
170.0,Nc1nnc(-c2cccc(Cl)c2Cl)c(N)n1,0.0,train,../data/images/Tox21/170.png
171.0,O=C(O)Cc1ccccc1Oc1ccc(Cl)cc1Cl,0.0,train,../data/images/Tox21/171.png
172.0,CCc1cnc(C2=NC(C)(C(C)C)C(=O)N2)c(C(=O)O)c1,0.0,train,../data/images/Tox21/172.png
173.0,NC(=O)c1ccc([N+](=O)[O-])cc1,0.0,train,../data/images/Tox21/173.png
174.0,CC(C)=CCOc1ccc(/C=C/C(=O)c2ccc(OCC=C(C)C)cc2OCC(=O)O)cc1,1.0,train,../data/images/Tox21/174.png
175.0,COc1ccc2c(c1)N(C[C@H](C)CN(C)C)c1ccccc1S2,0.0,train,../data/images/Tox21/175.png
176.0,CCCCCCCCCCCCBr,0.0,train,../data/images/Tox21/176.png
177.0,Nc1nc(NC2CC2)c2ncn([C@@H]3C=C[C@@H](CO)C3)c2n1,0.0,train,../data/images/Tox21/177.png
178.0,CCOC(=O)n1ccn(C)c1=S,0.0,train,../data/images/Tox21/178.png
179.0,OCCN(CCO)c1ccccc1,0.0,train,../data/images/Tox21/179.png
180.0,O=C(O)CCCCCC(=O)O,0.0,train,../data/images/Tox21/180.png
181.0,CCC(Cl)C(Cl)C(Cl)CC(Cl)C(Cl)C(C)Cl,0.0,train,../data/images/Tox21/181.png
182.0,C[C@]12CC[C@@H]3c4ccc(O)cc4CC[C@H]3[C@@H]1C[C@@H](O)[C@@H]2O,0.0,train,../data/images/Tox21/182.png
183.0,N[C@@H](Cc1cc(I)c(Oc2ccc(O)c(I)c2)c(I)c1)C(=O)[O-],0.0,train,../data/images/Tox21/183.png
184.0,O=C1[C@H](CC[C@H](O)c2ccc(F)cc2)[C@@H](c2ccc(O)cc2)N1c1ccc(F)cc1,0.0,train,../data/images/Tox21/184.png
185.0,Clc1ccc(C(Cl)(Cl)Cl)cc1Cl,0.0,train,../data/images/Tox21/185.png
186.0,Cc1nc(-c2ccc3c(c2)CCN(CCC2CCC(NC(=O)/C=C/c4ccc(F)cc4)CC2)CC3)no1,1.0,train,../data/images/Tox21/186.png
187.0,CC(=O)OCC(=O)[C@@]12OC3(CCCC3)O[C@@H]1C[C@H]1[C@@H]3CCC4=CC(=O)C=C[C@]4(C)[C@@]3(F)[C@@H](O)C[C@@]12C,0.0,train,../data/images/Tox21/187.png
188.0,Brc1c2ccccc2c(Br)c2ccccc12,1.0,train,../data/images/Tox21/188.png
189.0,Cl[Hg]c1ccccc1,1.0,train,../data/images/Tox21/189.png
190.0,COc1ccc(C(Cl)=C(c2ccc(OC)cc2)c2ccc(OC)cc2)cc1,0.0,train,../data/images/Tox21/190.png
191.0,Nc1nnc(N)[nH]1,0.0,train,../data/images/Tox21/191.png
192.0,O=C1OC(=O)C2CCCCC12,0.0,train,../data/images/Tox21/192.png
193.0,C=C(C)C1CC=C(C)C(OC(C)=O)C1,0.0,train,../data/images/Tox21/193.png
194.0,C[N+](C)(C)CC1CO1,0.0,train,../data/images/Tox21/194.png
195.0,CO/N=C(/C(=O)N[C@@H]1C(=O)N2C(C(=O)OCOC(=O)C(C)(C)C)=C(C)CS[C@H]12)c1csc(N)n1,0.0,train,../data/images/Tox21/195.png
196.0,CCOC(=O)CC(=O)OCC,0.0,train,../data/images/Tox21/196.png
197.0,CCC(C)OC(C)CC,0.0,train,../data/images/Tox21/197.png
198.0,O=C(Cn1c(=O)sc2ccc(Cl)cc21)N1CCN(CCO)CC1,0.0,train,../data/images/Tox21/198.png
199.0,O=S(=O)(Oc1ccc(Cl)cc1)c1ccccc1,0.0,train,../data/images/Tox21/199.png
200.0,C=CCN(CC=C)CC=C,0.0,train,../data/images/Tox21/200.png
201.0,ClCc1ccccc1,0.0,train,../data/images/Tox21/201.png
202.0,CCCCC1=NC2(CCCC2)C(=O)N1Cc1ccc(-c2ccccc2-c2nnn[nH]2)cc1,0.0,train,../data/images/Tox21/202.png
203.0,O=S1(=O)CCCO1,0.0,train,../data/images/Tox21/203.png
204.0,COc1c2occc2cc2ccc(=O)oc12,0.0,train,../data/images/Tox21/204.png
205.0,COc1ccc(-c2ccccc2)cc1NNC(=O)OC(C)C,0.0,train,../data/images/Tox21/205.png
206.0,CCOP(=O)([O-])C(N)=O,0.0,train,../data/images/Tox21/206.png
207.0,CCOc1cccc(N)c1,0.0,train,../data/images/Tox21/207.png
208.0,O=c1c2ccccc2[se]n1-c1ccccc1,0.0,train,../data/images/Tox21/208.png
209.0,COC(=O)c1ccccc1OC,0.0,train,../data/images/Tox21/209.png
210.0,O=S(=O)([O-])c1ccccc1C=Cc1ccc(-c2ccc(C=Cc3ccccc3S(=O)(=O)[O-])cc2)cc1,1.0,train,../data/images/Tox21/210.png
211.0,COc1cc([N+](=O)[O-])ccc1N,0.0,train,../data/images/Tox21/211.png
212.0,NCc1ccccc1Sc1ccccc1CO,0.0,train,../data/images/Tox21/212.png
213.0,O=C([O-])c1ccccc1-c1c2cc(I)c(=O)c(I)c-2oc2c(I)c([O-])c(I)cc12,0.0,train,../data/images/Tox21/213.png
214.0,Cc1cccc2ccccc12,0.0,train,../data/images/Tox21/214.png
215.0,CC(=O)OCC(=O)[C@@]1(O)[C@H](C)C[C@H]2[C@@H]3C[C@H](F)C4=CC(=O)C=C[C@]4(C)[C@H]3[C@@H](O)C[C@@]21C,0.0,train,../data/images/Tox21/215.png
216.0,Cc1cc(C)cc([N+](=O)[O-])c1,0.0,train,../data/images/Tox21/216.png
217.0,O=C(Oc1ccccc1C(=O)O)c1ccccc1O,0.0,train,../data/images/Tox21/217.png
218.0,OC1OC[C@@H](O)[C@H](O)[C@H]1O,0.0,train,../data/images/Tox21/218.png
219.0,CC(=O)N[C@@H]([C@@H](O)[C@H](O)[C@H](O)CO)[C@@H](O)CC(=O)C(=O)O,0.0,train,../data/images/Tox21/219.png
220.0,COc1c2occc2c(OC)c2c(=O)cc(C)oc12,0.0,train,../data/images/Tox21/220.png
221.0,O=C1c2c(O)cccc2[C@H]([C@@H]2O[C@H](CO)[C@@H](O)[C@H](O)[C@H]2O)c2cc(CO)cc(O)c21,0.0,train,../data/images/Tox21/221.png
222.0,FC(F)(F)C(F)(F)C(F)(F)C(F)(F)C(F)(F)C(F)(F)C(F)(F)C(F)(F)Br,0.0,train,../data/images/Tox21/222.png
223.0,CCCCC(C=O)CC,0.0,train,../data/images/Tox21/223.png
224.0,CCCCOCC(C)O,0.0,train,../data/images/Tox21/224.png
225.0,CCC(=O)N(c1ccccc1)[C@H]1CCN(CCc2ccccc2)C[C@@H]1C,0.0,train,../data/images/Tox21/225.png
226.0,O=C(O)CF,0.0,train,../data/images/Tox21/226.png
227.0,O=C(Cl)c1ccc([N+](=O)[O-])cc1,0.0,train,../data/images/Tox21/227.png
228.0,CS(=O)(=O)c1ccc([C@@H](O)[C@@H](COC(=O)CN)NC(=O)C(Cl)Cl)cc1,0.0,train,../data/images/Tox21/228.png
229.0,CC(=O)OCC1=C(C(=O)O)N2C(=O)[C@@H](NC(=O)Cc3ccccc3)[C@H]2SC1,0.0,train,../data/images/Tox21/229.png
230.0,CNCCCC1c2ccccc2C=Cc2ccccc21,0.0,train,../data/images/Tox21/230.png
231.0,C[C@@H]1CN([C@H]2CC[C@](C#N)(c3ccc(F)cc3)CC2)CC[C@]1(C(=O)O)c1ccccc1,0.0,train,../data/images/Tox21/231.png
232.0,NC(=O)C1c2ccccc2CCc2ccccc21,0.0,train,../data/images/Tox21/232.png
233.0,CCC[N+]1(C)CCCCC1,0.0,train,../data/images/Tox21/233.png
234.0,COc1cc(C)nc(-n2nc(C)cc2OC)n1,0.0,train,../data/images/Tox21/234.png
235.0,CCCCC(CC)CCC(CC(C)C)OS(=O)(=O)[O-],0.0,train,../data/images/Tox21/235.png
236.0,CCCCCCCCCCCCCOC(=O)CCSCCC(=O)OCCCCCCCCCCCCC,0.0,train,../data/images/Tox21/236.png
237.0,OC(CCN1CCCC1)(c1ccccc1)C1CCCCC1,0.0,train,../data/images/Tox21/237.png
238.0,Cc1c(Cl)cccc1Nc1ccccc1C(=O)O,1.0,train,../data/images/Tox21/238.png
239.0,CCCCC(CC)C(=O)O,0.0,train,../data/images/Tox21/239.png
240.0,CCO/C=C1\N=C(c2ccccc2)OC1=O,0.0,train,../data/images/Tox21/240.png
241.0,C=Cc1ccc(C(C)(C)C)cc1,0.0,train,../data/images/Tox21/241.png
242.0,S=C(Nc1ccccc1)Nc1ccccc1,0.0,train,../data/images/Tox21/242.png
243.0,COc1cc(/C=C/C(=O)O[C@H]2CC[C@]34C[C@]35CC[C@]3(C)[C@@H]([C@H](C)CCC=C(C)C)CC[C@@]3(C)[C@@H]5CC[C@H]4C2(C)C)ccc1O,1.0,train,../data/images/Tox21/243.png
244.0,O=c1c2ccccc2c(=O)c2c1cc(Cl)c1[nH]c3c([nH]c12)c(Cl)cc1c(=O)c2ccccc2c(=O)c13,0.0,train,../data/images/Tox21/244.png
245.0,C=C(C)C(=O)OCCCC,0.0,train,../data/images/Tox21/245.png
246.0,CCOC(=O)c1cnc2c(cnn2CC)c1NN=C(C)C,0.0,train,../data/images/Tox21/246.png
247.0,CC(CC(c1ccccc1)c1ccccc1)NC(C)(C)C,0.0,train,../data/images/Tox21/247.png
248.0,C=CC(=O)OCCOCCOCC,0.0,train,../data/images/Tox21/248.png
249.0,CCOc1ccc2ccccc2c1C(=O)N[C@@H]1C(=O)N2[C@@H]1SC(C)(C)[C@@H]2C(=O)[O-],0.0,train,../data/images/Tox21/249.png
250.0,C=CC(=O)NC(C)C,0.0,train,../data/images/Tox21/250.png
251.0,O=C(O)c1ccc(OCCn2ccnc2)cc1,0.0,train,../data/images/Tox21/251.png
252.0,Brc1ccc(Oc2ccc(Br)cc2)cc1,0.0,train,../data/images/Tox21/252.png
253.0,CC(C)CC(=O)O,0.0,train,../data/images/Tox21/253.png
254.0,CCCCCC(=O)O[C@]1(C(C)=O)CC[C@H]2[C@@H]3CCC4=CC(=O)CC[C@]4(C)[C@H]3CC[C@@]21C,0.0,train,../data/images/Tox21/254.png
255.0,C[C@]12CC[C@@H]3c4ccc(OC(=O)N(CCCl)CCCl)cc4CC[C@H]3[C@@H]1CC[C@@H]2OP(=O)([O-])[O-],1.0,train,../data/images/Tox21/255.png
256.0,SCCSCCS,0.0,train,../data/images/Tox21/256.png
257.0,CCOC(=O)c1cn2nc(OP(=S)(OCC)OCC)cc2nc1C,0.0,train,../data/images/Tox21/257.png
258.0,CCCCCCCCCCCCCC(=O)OC,0.0,train,../data/images/Tox21/258.png
259.0,CCOCCOC(C)=O,0.0,train,../data/images/Tox21/259.png
260.0,CCCCCCC#N,0.0,train,../data/images/Tox21/260.png
261.0,CC=Cc1ccc(O)c(OC)c1,0.0,train,../data/images/Tox21/261.png
262.0,C(=C\c1ccccc1)\c1ccccc1,0.0,train,../data/images/Tox21/262.png
263.0,Nc1ccn([C@H]2CC[C@@H](CO)O2)c(=O)n1,0.0,train,../data/images/Tox21/263.png
264.0,ClC(Cl)Cl,0.0,train,../data/images/Tox21/264.png
265.0,CCCCC(CC)COC(=O)c1ccc(C(=O)OCC(CC)CCCC)cc1,0.0,train,../data/images/Tox21/265.png
266.0,C=C(C)[C@@H]1CCC2=CCC[C@@H](C)[C@]2(C)C1,0.0,train,../data/images/Tox21/266.png
267.0,C[C@H](CCC(=O)O)[C@H]1CC[C@H]2[C@@H]3C(=O)C[C@@H]4CC(=O)CC[C@]4(C)[C@H]3CC(=O)[C@]12C,0.0,train,../data/images/Tox21/267.png
268.0,Brc1ccccc1-c1ccccc1,0.0,train,../data/images/Tox21/268.png
269.0,O=C(O)CNCC(=O)O,0.0,train,../data/images/Tox21/269.png
270.0,CCC(C)c1nccnc1OC,0.0,train,../data/images/Tox21/270.png
271.0,CCOc1ccc2c3c1O[C@H]1[C@@H](O)C=C[C@H]4[C@@H](C2)N(C)CC[C@@]341,0.0,train,../data/images/Tox21/271.png
272.0,OCC(F)(F)F,0.0,train,../data/images/Tox21/272.png
273.0,Cc1cccc(C)c1NC(=O)C(C)N,0.0,train,../data/images/Tox21/273.png
274.0,CN1CC(=O)N=C1NC(=O)Nc1cccc(Cl)c1,0.0,train,../data/images/Tox21/274.png
275.0,COc1ccc(C=CC(=O)OCCC(C)C)cc1,0.0,train,../data/images/Tox21/275.png
276.0,CC(C)(C)OC(=O)N1C[C@@H](F)C[C@H]1C(=O)O,0.0,train,../data/images/Tox21/276.png
277.0,CCCCCCCCCCCCCCCC(=O)OC/C=C(C)/C=C/C=C(C)/C=C/C1=C(C)CCCC1(C)C,0.0,train,../data/images/Tox21/277.png
278.0,Cc1ccc2c(c1)[C@]13CCCC[C@@H]1[C@H](C2)N(C)CC3,0.0,train,../data/images/Tox21/278.png
279.0,NS(=O)(=O)c1cc2c(cc1Cl)NCNS2(=O)=O,0.0,train,../data/images/Tox21/279.png
280.0,OCC(CBr)(CBr)CBr,0.0,train,../data/images/Tox21/280.png
281.0,CC(=O)O[C@]1(C(C)=O)CC[C@H]2[C@@H]3C=C(Cl)C4=CC(=O)CC[C@]4(C)[C@H]3CC[C@@]21C,1.0,train,../data/images/Tox21/281.png
282.0,[I-],0.0,train,../data/images/Tox21/282.png
283.0,COc1ccccc1OC,0.0,train,../data/images/Tox21/283.png
284.0,NS(=O)(=O)c1ccc(NC(=O)CCC(=O)O)cc1,0.0,train,../data/images/Tox21/284.png
285.0,CCOC(=O)/C=C(\C)O[Ti](O/C(C)=C/C(=O)OCC)(OC(C)C)OC(C)C,0.0,train,../data/images/Tox21/285.png
286.0,Nc1c(NC/C=C\COc2cc(CN3CCCCC3)ccn2)c(=O)c1=O,0.0,train,../data/images/Tox21/286.png
287.0,O=C(OCCc1ccccc1)c1ccccc1,0.0,train,../data/images/Tox21/287.png
288.0,CCCCOC(=O)C(C)O,0.0,train,../data/images/Tox21/288.png
289.0,C[Si](C)(C)N[Si](C)(C)C,0.0,train,../data/images/Tox21/289.png
290.0,Cl[Sn](Cl)(Cl)Cl,0.0,train,../data/images/Tox21/290.png
291.0,COc1ccc2c(=O)c(C)c(-c3ccccc3)oc2c1CN(C)C,0.0,train,../data/images/Tox21/291.png
292.0,CCO[Si](CCCCl)(OCC)OCC,0.0,train,../data/images/Tox21/292.png
293.0,NCc1ccccc1,0.0,train,../data/images/Tox21/293.png
294.0,CC(CN(C)C)CN1c2ccccc2CCc2ccccc21,0.0,train,../data/images/Tox21/294.png
295.0,Cc1ccc(S(=O)(=O)[O-])c(C)c1,0.0,train,../data/images/Tox21/295.png
296.0,CC(C)(C)NC[C@H](O)COc1nsnc1N1CCOCC1,0.0,train,../data/images/Tox21/296.png
297.0,COC(=O)c1ccc(C=O)cc1,0.0,train,../data/images/Tox21/297.png
298.0,N#C/C(N)=C(/N)C#N,0.0,train,../data/images/Tox21/298.png
299.0,CCC(O)OCC(C)OC(O)CC,0.0,train,../data/images/Tox21/299.png
300.0,CCCCc1c(C)nc(NCC)nc1OS(=O)(=O)N(C)C,0.0,train,../data/images/Tox21/300.png
301.0,Cc1ccccc1CNc1ncnc2c1ncn2[C@@H]1O[C@H](CO)[C@@H](O)[C@H]1O,0.0,train,../data/images/Tox21/301.png
302.0,CCOc1cc(OCC)c(C(C)=O)cc1OCC,0.0,train,../data/images/Tox21/302.png
303.0,O=[N+]([O-])c1cc(C(F)(F)F)ccc1Cl,0.0,train,../data/images/Tox21/303.png
304.0,O=[N+]([O-])C([N+](=O)[O-])([N+](=O)[O-])[N+](=O)[O-],0.0,train,../data/images/Tox21/304.png
305.0,COc1cc(-c2ccc(N)c(OC)c2)ccc1N,0.0,train,../data/images/Tox21/305.png
306.0,CCOC(=O)[C@H](CCc1ccccc1)N[C@@H](C)C(=O)N1Cc2cc(OC)c(OC)cc2C[C@H]1C(=O)O,0.0,train,../data/images/Tox21/306.png
307.0,COc1ccc2c3c1O[C@H]1C(=O)CC[C@H]4[C@@H](C2)N(C)CC[C@]314,0.0,train,../data/images/Tox21/307.png
308.0,O=C(NS(=O)(=O)/C=C/c1cccs1)c1ccc(F)cc1Br,1.0,train,../data/images/Tox21/308.png
309.0,CN(C)N,0.0,train,../data/images/Tox21/309.png
310.0,CCc1ccc(C=O)cc1,0.0,train,../data/images/Tox21/310.png
311.0,O=NN1CCN(N=O)CC1,0.0,train,../data/images/Tox21/311.png
312.0,CCC1CO1,0.0,train,../data/images/Tox21/312.png
313.0,O=S([O-])CNc1ccc(S(=O)(=O)c2ccc(NCS(=O)[O-])cc2)cc1,0.0,train,../data/images/Tox21/313.png
314.0,O=C([O-])c1ccccc1O,0.0,train,../data/images/Tox21/314.png
315.0,O=C(O)c1ccc(S(=O)(=O)N(Cl)Cl)cc1,0.0,train,../data/images/Tox21/315.png
316.0,N[Pt](N)(Cl)Cl,0.0,train,../data/images/Tox21/316.png
317.0,C[C@@H]1C[C@H]2[C@@H]3CCC4=CC(=O)C=C[C@]4(C)[C@@]3(F)[C@@H](O)C[C@]2(C)[C@H]1C(=O)CO,0.0,train,../data/images/Tox21/317.png
318.0,O=[N+]([O-])c1ccc(Cl)c([N+](=O)[O-])c1,1.0,train,../data/images/Tox21/318.png
319.0,O=C(Cl)C(Cl)(Cl)Cl,0.0,train,../data/images/Tox21/319.png
320.0,CN(C)c1ccc(CCO)cc1,0.0,train,../data/images/Tox21/320.png
321.0,O=C(Cl)c1ccc(F)c(Cl)c1,0.0,train,../data/images/Tox21/321.png
322.0,CCCCc1ccc(Cl)cc1,0.0,train,../data/images/Tox21/322.png
323.0,O=P(O)(O)Oc1ccccc1,0.0,train,../data/images/Tox21/323.png
324.0,COc1cc(O)c(C(=O)c2ccccc2)cc1S(=O)(=O)O,0.0,train,../data/images/Tox21/324.png
325.0,O=C(O)CCCC(=O)O,0.0,train,../data/images/Tox21/325.png
326.0,CC(=O)O,0.0,train,../data/images/Tox21/326.png
327.0,O=[N+]([O-])c1cc([N+](=O)[O-])c2ccccc2c1,0.0,train,../data/images/Tox21/327.png
328.0,N#CN,0.0,train,../data/images/Tox21/328.png
329.0,CCC(=O)N(c1ccccc1)C1(COC)CCN(CCc2cccs2)CC1,0.0,train,../data/images/Tox21/329.png
330.0,CCCCCCCCCC(=O)O[C@H]1CC[C@H]2[C@@H]3CCC4=CC(=O)CC[C@]4(C)[C@H]3CC[C@]12C,0.0,train,../data/images/Tox21/330.png
331.0,CCOP(=S)(OCC)Oc1cc(-c2ccccc2)on1,0.0,train,../data/images/Tox21/331.png
332.0,CCC(=O)N(c1ccccc1)C1CCN(C(C)Cc2cccs2)CC1,0.0,train,../data/images/Tox21/332.png
333.0,CCN(CC)CCOCCOC(=O)C1(c2ccccc2)CCCC1,0.0,train,../data/images/Tox21/333.png
334.0,O=c1[nH]cnc2c1ncn2[C@H]1CC[C@@H](CO)O1,0.0,train,../data/images/Tox21/334.png
335.0,O=C1CC2(CCCC2)CC(=O)N1CCCCN1CCN(c2ncccn2)CC1,0.0,train,../data/images/Tox21/335.png
336.0,OC(c1ccc(Cl)cc1)(c1ccc(Cl)cc1)c1cccnc1,1.0,train,../data/images/Tox21/336.png
337.0,OC[C@H]1O[C@@](CO)(O[C@H]2O[C@H](CO)[C@@H](O)[C@H](O)[C@H]2O)[C@@H](O)[C@@H]1O,0.0,train,../data/images/Tox21/337.png
338.0,CC(=O)OC(C(=O)c1ccccc1)c1ccccc1,0.0,train,../data/images/Tox21/338.png
339.0,CCCCCCOC(=O)CCCCC(=O)OCCCCCC,0.0,train,../data/images/Tox21/339.png
340.0,CCCCCO,0.0,train,../data/images/Tox21/340.png
341.0,CC(C)[C@H]1CC[C@H](C(=O)N[C@H](Cc2ccccc2)C(=O)O)CC1,0.0,train,../data/images/Tox21/341.png
342.0,CCOC(=O)NC(O)C(Cl)(Cl)Cl,0.0,train,../data/images/Tox21/342.png
343.0,Clc1cc(Cl)nc(Cl)n1,0.0,train,../data/images/Tox21/343.png
344.0,CC(C)CCCCCCN,0.0,train,../data/images/Tox21/344.png
345.0,CCCCCCCCCC(CC)c1ccc(S(=O)(=O)[O-])cc1,0.0,train,../data/images/Tox21/345.png
346.0,CN[C@@H](C)Cc1ccccc1,0.0,train,../data/images/Tox21/346.png
347.0,O=[N+]([O-])c1ccccc1CCl,0.0,train,../data/images/Tox21/347.png
348.0,CC(C)C1(C)N=C(c2ncccc2C(=O)O)NC1=O,0.0,train,../data/images/Tox21/348.png
349.0,COCc1c(C(C)C)nc(C(C)C)c(/C=C/[C@@H](O)C[C@@H](O)CC(=O)[O-])c1-c1ccc(F)cc1,0.0,train,../data/images/Tox21/349.png
350.0,ClC(Cl)(Cl)Br,0.0,train,../data/images/Tox21/350.png
351.0,COC(C)=O,0.0,train,../data/images/Tox21/351.png
352.0,CSc1nc(NC(C)C)nc(NC(C)C)n1,0.0,train,../data/images/Tox21/352.png
353.0,Oc1c(Cl)cc(Cl)cc1Sc1cc(Cl)cc(Cl)c1O,1.0,train,../data/images/Tox21/353.png
354.0,Cc1nc2ccc(CN(C)c3ccc(C(=O)N[C@@H](CCC(=O)O)C(=O)O)s3)cc2c(=O)[nH]1,1.0,train,../data/images/Tox21/354.png
355.0,C=CCOc1ccccc1OCC(O)CNC(C)C,0.0,train,../data/images/Tox21/355.png
356.0,FC(F)(F)C(Cl)Br,0.0,train,../data/images/Tox21/356.png
357.0,Cc1ccccc1OCC1CO1,0.0,train,../data/images/Tox21/357.png
358.0,COCC(=O)N(c1c(C)cccc1C)N1CCOC1=O,0.0,train,../data/images/Tox21/358.png
359.0,CC(C)(C)C(=O)CCc1ccc(Cl)cc1,0.0,train,../data/images/Tox21/359.png
360.0,C[C@]12C=CC3=C4CCC(=O)C=C4CC[C@H]3[C@@H]1CC[C@@H]2O,0.0,train,../data/images/Tox21/360.png
361.0,ClC(Cl)C(Cl)Cl,0.0,train,../data/images/Tox21/361.png
362.0,O=C(Oc1ccccc1)c1ccc2ccccc2c1O,0.0,train,../data/images/Tox21/362.png
363.0,CC(C)[N+]1(C)C2CCC1CC(OC(=O)C(CO)c1ccccc1)C2,0.0,train,../data/images/Tox21/363.png
364.0,Cc1cc(C)cc(OCC2CNC(=O)O2)c1,0.0,train,../data/images/Tox21/364.png
365.0,CCN(CC)CCNC(=O)COc1ccc(OC)cc1,0.0,train,../data/images/Tox21/365.png
366.0,ClC/C=C\CCl,0.0,train,../data/images/Tox21/366.png
367.0,CC(C)/N=c1/cc2n(-c3ccc(Cl)cc3)c3ccccc3nc-2cc1Nc1ccc(Cl)cc1,0.0,train,../data/images/Tox21/367.png
368.0,CCCN(CCC)CCc1c[nH]c2ccccc12,0.0,train,../data/images/Tox21/368.png
369.0,Cc1cc(Cl)ccc1N,0.0,train,../data/images/Tox21/369.png
370.0,FC(F)(F)c1ccc(Cl)cc1Cl,0.0,train,../data/images/Tox21/370.png
371.0,O=C1CCCCCCCCCCCC(=O)OCCO1,0.0,train,../data/images/Tox21/371.png
372.0,CCCCCCCCOC(=O)CCCCCCCCC(=O)OCCCCCCCC,0.0,train,../data/images/Tox21/372.png
373.0,COP(=O)(NC(C)=O)SC,0.0,train,../data/images/Tox21/373.png
374.0,OCCN1CCN(CC/C=C2/c3ccccc3Sc3ccc(Cl)cc32)CC1,0.0,train,../data/images/Tox21/374.png
375.0,NCCCC[C@H](NC(=O)[C@@H]1CCCN1C(=O)[C@@H]1CSSC[C@H](N)C(=O)N[C@@H](Cc2ccc(O)cc2)C(=O)N[C@@H](Cc2ccccc2)C(=O)N[C@@H](CCC(N)=O)C(=O)N[C@@H](CC(N)=O)C(=O)N1)C(=O)NCC(N)=O,0.0,train,../data/images/Tox21/375.png
376.0,C=COCCOCCOCCOC=C,0.0,train,../data/images/Tox21/376.png
377.0,COC(=O)c1c(C(F)F)nc(C(F)(F)F)c(C2=NCCS2)c1CC(C)C,0.0,train,../data/images/Tox21/377.png
378.0,O=NN(c1ccccc1)c1ccccc1,0.0,train,../data/images/Tox21/378.png
379.0,Cn1c(-c2ccccc2)cc(-c2ccccc2)[n+]1C,0.0,train,../data/images/Tox21/379.png
380.0,CCCCOC(=O)CO,0.0,train,../data/images/Tox21/380.png
381.0,CN(C)CCOC(=O)COc1ccc(Cl)cc1,0.0,train,../data/images/Tox21/381.png
382.0,Cc1ccc(C(=O)c2cc(O)c(O)c([N+](=O)[O-])c2)cc1,0.0,train,../data/images/Tox21/382.png
383.0,CCCCN(CCCC)C(=S)SSC(=S)N(CCCC)CCCC,0.0,train,../data/images/Tox21/383.png
384.0,C=C(C)C(=O)OCCCCCCCC(C)C,0.0,train,../data/images/Tox21/384.png
385.0,Cc1nnc2n1-c1ccc(Cl)cc1C(c1ccccc1Cl)=NC2,0.0,train,../data/images/Tox21/385.png
386.0,CCCCCCCCCCCCCCO,0.0,train,../data/images/Tox21/386.png
387.0,Cc1nc[nH]c1CN1CCc2c(c3ccccc3n2C)C1=O,0.0,train,../data/images/Tox21/387.png
388.0,CC(C)=CC1C(C(=O)OCc2coc(Cc3ccccc3)c2)C1(C)C,0.0,train,../data/images/Tox21/388.png
389.0,N#CCCC#N,0.0,train,../data/images/Tox21/389.png
390.0,c1ccc(P(c2ccccc2)c2ccccc2)cc1,0.0,train,../data/images/Tox21/390.png
391.0,O=C(O)C1CCCN1,0.0,train,../data/images/Tox21/391.png
392.0,CCOC(=O)CC(O)(CC(=O)OCC)C(=O)OCC,0.0,train,../data/images/Tox21/392.png
393.0,CC1(C(=O)Nc2ccc(O)c(Cl)c2Cl)CCCCC1,0.0,train,../data/images/Tox21/393.png
394.0,CC(c1ccc(O)cc1)(c1ccc(O)cc1)c1ccc(O)cc1,1.0,train,../data/images/Tox21/394.png
395.0,CC(CO)CO,0.0,train,../data/images/Tox21/395.png
396.0,O=C(COCCOCCOCC(=O)Nc1c(I)cc(I)c(C(=O)O)c1I)Nc1c(I)cc(I)c(C(=O)O)c1I,0.0,train,../data/images/Tox21/396.png
397.0,CCNS(=O)(=O)c1ccc(C)cc1,0.0,train,../data/images/Tox21/397.png
398.0,CC(C)[C@H]1CC[C@H](C)C[C@@H]1O,0.0,train,../data/images/Tox21/398.png
399.0,Oc1ccc(C(O)CNCCCCCCNCC(O)c2ccc(O)c(O)c2)cc1O,0.0,train,../data/images/Tox21/399.png
400.0,CC=CC(=O)CC,0.0,train,../data/images/Tox21/400.png
401.0,CN(C)CCN(Cc1cccs1)c1ccccn1,0.0,train,../data/images/Tox21/401.png
402.0,Nc1nc2ccc(OC(F)(F)F)cc2s1,1.0,train,../data/images/Tox21/402.png
403.0,C[C@H]1CC[C@]2(NC1)O[C@H]1C[C@H]3[C@@H]4CC[C@H]5C[C@@H](O)CC[C@]5(C)[C@H]4CC[C@]3(C)[C@H]1[C@@H]2C,0.0,train,../data/images/Tox21/403.png
404.0,COc1cc(C[C@@H](C)N)c(OC)cc1Br,0.0,train,../data/images/Tox21/404.png
405.0,COC(=O)C1=C(C)NC(C)=C(C(=O)OC)C1c1ccccc1OC(F)F,0.0,train,../data/images/Tox21/405.png
406.0,O=C(CCl)CCl,1.0,train,../data/images/Tox21/406.png
407.0,CCCCN(CCO)CCCC,0.0,train,../data/images/Tox21/407.png
408.0,COC(=O)CSc1cc(/N=c2\sc(=O)n3n2CCCC3)c(F)cc1Cl,0.0,train,../data/images/Tox21/408.png
409.0,NC(=O)NS(=O)(=O)c1ccc(N)cc1,0.0,train,../data/images/Tox21/409.png
410.0,CCCCCC1CCC(=O)O1,0.0,train,../data/images/Tox21/410.png
411.0,C#CC(O)CCCCC,0.0,train,../data/images/Tox21/411.png
412.0,CN(C)CCCCl,0.0,train,../data/images/Tox21/412.png
413.0,Clc1ccc2[nH]nnc2c1,0.0,train,../data/images/Tox21/413.png
414.0,CC(C)NC[C@@H](O)COc1ccc(CC(N)=O)cc1,0.0,train,../data/images/Tox21/414.png
415.0,CCCCC/C(=C/c1ccccc1)CO,0.0,train,../data/images/Tox21/415.png
416.0,O[C@H]1[C@H](O)[C@@H](O)[C@H](O)[C@@H](O)[C@H]1O,0.0,train,../data/images/Tox21/416.png
417.0,O=S(=O)([O-])NC1CCCCC1,0.0,train,../data/images/Tox21/417.png
418.0,CCCC[N+](=O)[O-],0.0,train,../data/images/Tox21/418.png
419.0,Cc1nc(-c2ccc(Cl)cc2)oc1COC(C)(C)C(=O)O,0.0,train,../data/images/Tox21/419.png
420.0,O=C1c2ccccc2C(=O)c2c(O)c(O)cc(O)c21,0.0,train,../data/images/Tox21/420.png
421.0,CCCCOC(=O)c1ccccc1N,0.0,train,../data/images/Tox21/421.png
422.0,OCCO[C@@H]1[C@@H](O)[C@H](O)[C@@H](CO)O[C@@H]1O,0.0,train,../data/images/Tox21/422.png
423.0,c1ccc2c(c1)OCC(CN1CCCCC1)O2,0.0,train,../data/images/Tox21/423.png
424.0,Cc1ccc(C)c(O)c1,0.0,train,../data/images/Tox21/424.png
425.0,c1ccc2c(c1)cc1ccc3cccc4ccc2c1c34,1.0,train,../data/images/Tox21/425.png
426.0,NC1CCN(c2cccc(Cl)n2)CC1,0.0,train,../data/images/Tox21/426.png
427.0,CCCC[n+]1ccccc1,0.0,train,../data/images/Tox21/427.png
428.0,CCCCCCCCCCCCCCCCOP(=O)([O-])OCC[N+](C)(C)C,0.0,train,../data/images/Tox21/428.png
429.0,CCOc1ccccc1O[C@H](c1ccccc1)[C@H]1CNCCO1,0.0,train,../data/images/Tox21/429.png
430.0,O=[N+]([O-])c1ccc(Cl)cc1Cl,0.0,train,../data/images/Tox21/430.png
431.0,O[C@@H]([C@H](O)[C@H](O)CBr)[C@H](O)CBr,0.0,train,../data/images/Tox21/431.png
432.0,CN(CCOc1ccc(CC2SC(=O)NC2=O)cc1)c1ccccn1,0.0,train,../data/images/Tox21/432.png
433.0,CC/C=C\CCOC(=O)c1ccccc1O,0.0,train,../data/images/Tox21/433.png
434.0,O=C1NCCN1CCO,0.0,train,../data/images/Tox21/434.png
435.0,CCCCCCCCBr,0.0,train,../data/images/Tox21/435.png
436.0,CCc1cccc(C)c1,0.0,train,../data/images/Tox21/436.png
437.0,CCC(C)C(C)=O,0.0,train,../data/images/Tox21/437.png
438.0,COc1ccc(C(=O)c2ccccc2O)c(O)c1,0.0,train,../data/images/Tox21/438.png
439.0,Nc1ncnc(Nc2ccccc2)n1,0.0,train,../data/images/Tox21/439.png
440.0,CC(=O)O[C@]1(C(C)=O)CC[C@H]2[C@@H]3C=C(C)C4=CC(=O)CC[C@]4(C)[C@H]3CC[C@@]21C,0.0,train,../data/images/Tox21/440.png
441.0,COP(N)(=S)Oc1ccccc1C(=O)OC(C)C,0.0,train,../data/images/Tox21/441.png
442.0,CC(CN)CC(C)(C)CCN,0.0,train,../data/images/Tox21/442.png
443.0,CCOC(=O)[C@]1(c2ccccc2)Oc2ccccc2[C@@H]1N,0.0,train,../data/images/Tox21/443.png
444.0,CC[C@H]1C[C@@H]2C[C@H]3c4[nH]c5ccc(OC)cc5c4CCN(C2)[C@@H]13,0.0,train,../data/images/Tox21/444.png
445.0,CN(C)c1ccc(/C=C/c2ccc([N+](=O)[O-])cc2)cc1,0.0,train,../data/images/Tox21/445.png
446.0,O=C(CCCCCCCCCCCCC1CCCC1)Nc1ccc(S(=O)(=O)c2ccc(NC(=O)CCCCCCCCCCCCC3CCCC3)cc2)cc1,0.0,train,../data/images/Tox21/446.png
447.0,C=C(C)CN(CC)c1c([N+](=O)[O-])cc(C(F)(F)F)cc1[N+](=O)[O-],0.0,train,../data/images/Tox21/447.png
448.0,F[B-](F)(F)F,0.0,train,../data/images/Tox21/448.png
449.0,C=C[Si](OCC)(OCC)OCC,0.0,train,../data/images/Tox21/449.png
450.0,C=CC1CC=CCC1,0.0,train,../data/images/Tox21/450.png
451.0,NNC(=O)c1ccncc1,0.0,train,../data/images/Tox21/451.png
452.0,C[C@]12C=CC(=O)C=C1CC[C@@H]1[C@@H]2[C@@H](O)C[C@@]2(C)[C@H]1CC[C@]2(O)C(=O)CO,0.0,train,../data/images/Tox21/452.png
453.0,COc1ccc(C(=O)N2CCN(CC(=O)N3CCOCC3)CC2)cc1,0.0,train,../data/images/Tox21/453.png
454.0,C=C(C)C(=O)OCCOP(=O)(O)OCCOC(=O)C(=C)C,0.0,train,../data/images/Tox21/454.png
455.0,Nc1c(Cl)c(Cl)c(Cl)c(Cl)c1Cl,0.0,train,../data/images/Tox21/455.png
456.0,Cc1cc(NC(=O)C2=C(O)c3ccccc3S(=O)(=O)N2C)no1,0.0,train,../data/images/Tox21/456.png
457.0,NC(=O)c1cccc([N+](=O)[O-])c1,0.0,train,../data/images/Tox21/457.png
458.0,CCCCN1CCCC1C(=O)Nc1c(C)cc(C)cc1C,0.0,train,../data/images/Tox21/458.png
459.0,CCOP(=O)(OCC)OC(=CCl)c1ccc(Cl)cc1Cl,0.0,train,../data/images/Tox21/459.png
460.0,NC(=O)N[C@@H](CCC(=O)O)C(=O)O,0.0,train,../data/images/Tox21/460.png
461.0,OCC(O)CCl,0.0,train,../data/images/Tox21/461.png
462.0,CCOP(=O)(OCC)OCC,0.0,train,../data/images/Tox21/462.png
463.0,CN(C)N=O,0.0,train,../data/images/Tox21/463.png
464.0,CC1(C)CC(N=C=O)CC(C)(CN=C=O)C1,0.0,train,../data/images/Tox21/464.png
465.0,CC(C/N=C/c1ccccc1O)/N=C/c1ccccc1O,0.0,train,../data/images/Tox21/465.png
466.0,CCOC(CN1CCN(CC(C)C(=O)c2ccccc2)CC1)c1ccccc1,0.0,train,../data/images/Tox21/466.png
467.0,CC1=C2N=C(C=C3N=C(C(C)=C4[C@@H](CCC(N)=O)[C@](C)(CC(N)=O)[C@](C)([C@@H]5N=C1[C@](C)(CCC(=O)NC[C@@H](C)OP(=O)([O-])O[C@H]1[C@@H](O)[C@@H](n6cnc7cc(C)c(C)cc76)O[C@@H]1CO)[C@H]5CC(N)=O)N4[Co+]C#N)[C@@](C)(CC(N)=O)[C@@H]3CCC(N)=O)C(C)(C)[C@@H]2CCC(N)=O,0.0,train,../data/images/Tox21/467.png
468.0,CCCCC(=O)Cl,0.0,train,../data/images/Tox21/468.png
469.0,CN(C)c1nc(=O)n(C2CCCCC2)c(=O)n1C,0.0,train,../data/images/Tox21/469.png
470.0,C/C=C/C=C/C(=O)O,0.0,train,../data/images/Tox21/470.png
471.0,CN[C@@H]1[C@H](O)[C@H](NC)[C@H]2O[C@@]3(O)C(=O)C[C@@H](C)O[C@H]3O[C@@H]2[C@H]1O,0.0,train,../data/images/Tox21/471.png
472.0,O=Cc1ccc(CO)o1,0.0,train,../data/images/Tox21/472.png
473.0,Cn1c(CCCC(=O)O)nc2cc(N(CCCl)CCCl)ccc21,1.0,train,../data/images/Tox21/473.png
474.0,COC(=O)c1ccccc1O,0.0,train,../data/images/Tox21/474.png
475.0,O=C1Nc2ccc(Cl)cc2C(c2ccccc2Cl)=NC1O,0.0,train,../data/images/Tox21/475.png
476.0,CN(C)c1ccc2nc3ccc(N(C)C)cc3[s+]c2c1,1.0,train,../data/images/Tox21/476.png
477.0,CNC(=O)Oc1c(C(C)(C)C)cc(C)cc1C(C)(C)C,0.0,train,../data/images/Tox21/477.png
478.0,COc1ccc(COC=O)cc1,0.0,train,../data/images/Tox21/478.png
479.0,Cc1cc(C(=C2C=CC(=N)C=C2)c2ccc(N)cc2)ccc1N,0.0,train,../data/images/Tox21/479.png
480.0,ClCCN(CCCl)CCCl,1.0,train,../data/images/Tox21/480.png
481.0,CC(CO)c1ccccc1,0.0,train,../data/images/Tox21/481.png
482.0,O=C1c2ccccc2C(=O)c2c1ccc(O)c2O,0.0,train,../data/images/Tox21/482.png
483.0,O=C(O)c1cccc(C(=O)O)c1C(=O)O,0.0,train,../data/images/Tox21/483.png
484.0,CC1=CC(=O)CC(C)(C)C1=O,0.0,train,../data/images/Tox21/484.png
485.0,O=C([O-])C[C@H](O)CC(O)/C=C/c1c(C2CC2)nc2ccccc2c1-c1ccc(F)cc1,0.0,train,../data/images/Tox21/485.png
486.0,CCC(C)COC(=O)CC(C)C,0.0,train,../data/images/Tox21/486.png
487.0,C1CN(CCOCCN2CCOCC2)CCO1,0.0,train,../data/images/Tox21/487.png
488.0,CN(C)Cc1ccccc1,0.0,train,../data/images/Tox21/488.png
489.0,O=c1[nH]c2cc(C(F)(F)F)c(N3CCOCC3)cc2n(CP(=O)(O)O)c1=O,0.0,train,../data/images/Tox21/489.png
490.0,Cn1cnc2ncnc(N)c21,0.0,train,../data/images/Tox21/490.png
491.0,CCCCCCCCCCCCCCN(C)C,0.0,train,../data/images/Tox21/491.png
492.0,CC(=O)[C@H]1CC[C@H]2[C@@H]3CCC4=CC(=O)CC[C@]4(C)[C@H]3CC[C@]12C,0.0,train,../data/images/Tox21/492.png
493.0,COC(=O)C(Br)CBr,0.0,train,../data/images/Tox21/493.png
494.0,N[C@H]1C(O)O[C@H](CO)[C@@H](O)[C@@H]1O,0.0,train,../data/images/Tox21/494.png
495.0,O=S(=O)([O-])c1ccc2ccccc2c1,0.0,train,../data/images/Tox21/495.png
496.0,Brc1ccc(Oc2ccccc2)cc1,0.0,train,../data/images/Tox21/496.png
497.0,Cc1cc(C)c(N)cc1C,0.0,train,../data/images/Tox21/497.png
498.0,CO[C@@H]1[C@H](OC(=O)/C=C/C=C/C=C/C=C/C(=O)O)CC[C@]2(CO2)[C@H]1[C@@]1(C)O[C@@H]1CC=C(C)C,0.0,train,../data/images/Tox21/498.png
499.0,CCc1cc(C(N)=S)ccn1,0.0,train,../data/images/Tox21/499.png
500.0,CC(O)CN(CC(C)O)CC(C)O,0.0,train,../data/images/Tox21/500.png
501.0,CNC(=O)/C=C(\C)OP(=O)(OC)OC,0.0,train,../data/images/Tox21/501.png
502.0,COP(=S)(OC)Oc1ccc(S(=O)(=O)N(C)C)cc1,0.0,train,../data/images/Tox21/502.png
503.0,CC1(C)Oc2ccc(C#N)cc2[C@@H](N2CCCC2=O)[C@@H]1O,0.0,train,../data/images/Tox21/503.png
504.0,CN1[C@@H]2CC[C@H]1C[C@@H](OC(=O)c1cc(Cl)cc(Cl)c1)C2,0.0,train,../data/images/Tox21/504.png
505.0,COCCOCCOCCOCCO,0.0,train,../data/images/Tox21/505.png
506.0,CN(Cc1ccccc1)Cc1ccccc1,0.0,train,../data/images/Tox21/506.png
507.0,Nc1ccc(Br)cc1,0.0,train,../data/images/Tox21/507.png
508.0,O=C1Cc2ccccc2N1c1c(Cl)cccc1Cl,0.0,train,../data/images/Tox21/508.png
509.0,O=C1CCCCC1,0.0,train,../data/images/Tox21/509.png
510.0,O=Cc1ccccc1O,0.0,train,../data/images/Tox21/510.png
511.0,CCN1C=CN(C)C1C,0.0,train,../data/images/Tox21/511.png
512.0,CC(C)NC(=O)NC(C)C,0.0,train,../data/images/Tox21/512.png
513.0,O=CNNC=O,0.0,train,../data/images/Tox21/513.png
514.0,CCOC(=O)CCC(C)=O,0.0,train,../data/images/Tox21/514.png
515.0,O=C1CCc2ccccc2O1,0.0,train,../data/images/Tox21/515.png
516.0,Cc1cc(N)no1,0.0,train,../data/images/Tox21/516.png
517.0,Fc1ccccc1,0.0,train,../data/images/Tox21/517.png
518.0,CCCCCCC(C)(C)S,0.0,train,../data/images/Tox21/518.png
519.0,OCCCCCCCl,0.0,train,../data/images/Tox21/519.png
520.0,Cc1ccc(C(C)(C)C)cc1,0.0,train,../data/images/Tox21/520.png
521.0,Cc1cc(-n2nc3ccc(Cl)cc3n2)c(O)c(C(C)(C)C)c1,0.0,train,../data/images/Tox21/521.png
522.0,Cc1ccc2c(n1)Oc1ccc(C(C)C(=O)OCC(=O)N(C)C)cc1C2,0.0,train,../data/images/Tox21/522.png
523.0,Cc1ccccc1OCC(O)CO,0.0,train,../data/images/Tox21/523.png
524.0,Cc1c(O)c(=O)ccn1C,0.0,train,../data/images/Tox21/524.png
525.0,O=C(N=NC(=O)OCc1ccccc1)OCc1ccccc1,0.0,train,../data/images/Tox21/525.png
526.0,CCCCc1cc2c(=O)c(C(=O)OC)c[nH]c2cc1OCc1ccccc1,0.0,train,../data/images/Tox21/526.png
527.0,CCC1(c2cccc(O)c2)CCCCN(C)C1,0.0,train,../data/images/Tox21/527.png
528.0,CCCCOC(=O)CCC(=O)OCCCC,0.0,train,../data/images/Tox21/528.png
529.0,CCCC[P+](C)(CCCC)CCCC,0.0,train,../data/images/Tox21/529.png
530.0,CCN(CCO)CCO,0.0,train,../data/images/Tox21/530.png
531.0,OCCN(CCO)CCN(CCO)CCO,0.0,train,../data/images/Tox21/531.png
532.0,O=C(CCl)c1ccc(Cl)cc1Cl,1.0,train,../data/images/Tox21/532.png
533.0,CC(Oc1ccc(Oc2ncc(C(F)(F)F)cc2Cl)cc1)C(=O)O,0.0,train,../data/images/Tox21/533.png
534.0,O=[Bi]Cl,0.0,train,../data/images/Tox21/534.png
535.0,CC1(C)[C@@H]2CC[C@@]1(C)[C@H](OC(=O)CSC#N)C2,0.0,train,../data/images/Tox21/535.png
536.0,COC(=O)Nc1nc2ccccc2[nH]1,1.0,train,../data/images/Tox21/536.png
537.0,Cc1cnc(NC(=O)C2=C(O)c3ccccc3S(=O)(=O)N2C)s1,0.0,train,../data/images/Tox21/537.png
538.0,CC1(C)NC(=O)NC1=O,0.0,train,../data/images/Tox21/538.png
539.0,CC(O)[C@@H]1NC(=O)[C@H](CCCCN)NC(=O)[C@@H](Cc2c[nH]c3ccccc23)NC(=O)[C@H](Cc2ccccc2)NC(=O)[C@@H](NC(=O)[C@H](N)Cc2ccccc2)CSSC[C@@H](C(=O)N[C@H](CO)[C@@H](C)O)NC1=O,0.0,train,../data/images/Tox21/539.png
540.0,CCCCCCCCCCCCCC(=O)OCC(O)CO,0.0,train,../data/images/Tox21/540.png
541.0,CCCCCCCN,0.0,train,../data/images/Tox21/541.png
542.0,Cc1cccc(C(C)c2c[nH]cn2)c1C,0.0,train,../data/images/Tox21/542.png
543.0,CO/N=C(/C(=O)N[C@@H]1C(=O)N2C(C(=O)[O-])=C(COC(C)=O)CS[C@H]12)c1csc(N)n1,0.0,train,../data/images/Tox21/543.png
544.0,OCC(Br)=C(Br)CO,0.0,train,../data/images/Tox21/544.png
545.0,O=C(CCCN1CCC(O)(c2ccc(Br)cc2)CC1)c1ccc(F)cc1,0.0,train,../data/images/Tox21/545.png
546.0,CN1CCN2c3ncccc3Cc3ccccc3C2C1,0.0,train,../data/images/Tox21/546.png
547.0,CC(=O)S[C@H](C(=O)N[C@H]1Cc2ccccc2[C@H]2CCC[C@@H](C(=O)O)N2C1=O)C(C)C,0.0,train,../data/images/Tox21/547.png
548.0,Cc1ccccc1C(OCCN(C)C)c1ccccc1,0.0,train,../data/images/Tox21/548.png
549.0,CCCCC/C=C\CCC=O,0.0,train,../data/images/Tox21/549.png
550.0,CNC(=O)N(c1ccccc1)c1ccccc1,0.0,train,../data/images/Tox21/550.png
551.0,O=C(O)c1cc(O)nc(O)n1,0.0,train,../data/images/Tox21/551.png
552.0,CN(C)CC/C=C1/c2ccccc2CSc2ccccc21,1.0,train,../data/images/Tox21/552.png
553.0,CCCCOC(=O)C(C)CC,0.0,train,../data/images/Tox21/553.png
554.0,C=COCC(C)C,0.0,train,../data/images/Tox21/554.png
555.0,c1ccc(COCc2ccccc2)cc1,0.0,train,../data/images/Tox21/555.png
556.0,CCNC(C)Cc1ccc2c(c1)OCO2,0.0,train,../data/images/Tox21/556.png
557.0,C[C@H](CSC(=O)c1ccccc1)C(=O)N1C[C@@H](Sc2ccccc2)C[C@H]1C(=O)[O-],0.0,train,../data/images/Tox21/557.png
558.0,NCCc1cnc[nH]1,0.0,train,../data/images/Tox21/558.png
559.0,CCc1ccc(O)c(OC)c1,0.0,train,../data/images/Tox21/559.png
560.0,O=C(NC(O)C(Cl)(Cl)Cl)NC(O)C(Cl)(Cl)Cl,0.0,train,../data/images/Tox21/560.png
561.0,O=S(=O)([O-])[S-],0.0,train,../data/images/Tox21/561.png
562.0,Cc1cccc([N+](=O)[O-])c1,0.0,train,../data/images/Tox21/562.png
563.0,CCCNC(=O)NS(=O)(=O)c1ccc(Cl)cc1,0.0,train,../data/images/Tox21/563.png
564.0,Cc1cccc(/N=N/c2ccc(N(C)C)cc2)c1,0.0,train,../data/images/Tox21/564.png
565.0,COc1cccc(C(=O)NN(C(=O)c2cc(C)cc(C)c2)C(C)(C)C)c1C,0.0,train,../data/images/Tox21/565.png
566.0,C/C=C/c1ccc(OC)cc1,0.0,train,../data/images/Tox21/566.png
567.0,O=C(O)Cc1cccc(-c2cc(CCCCCCc3ccc(O[C@H]4O[C@H](CO)[C@@H](O)[C@H](O)[C@@H]4O)c(-c4cccc(CC(=O)O)c4)c3)ccc2O[C@H]2O[C@H](CO)[C@@H](O)[C@H](O)[C@@H]2O)c1,0.0,train,../data/images/Tox21/567.png
568.0,CN1C[C@H](CNC(=O)OCc2ccccc2)C[C@@H]2c3cccc4c3c(cn4C)C[C@H]21,0.0,train,../data/images/Tox21/568.png
569.0,Cc1cc(-c2ccc(N=Nc3c(S(=O)(=O)[O-])cc4cc(S(=O)(=O)[O-])cc(N)c4c3O)c(C)c2)ccc1N=Nc1c(S(=O)(=O)[O-])cc2cc(S(=O)(=O)[O-])cc(N)c2c1O,0.0,train,../data/images/Tox21/569.png
570.0,COc1ccc(C(=O)Nc2ccccc2CCC2CCCCN2C)cc1,0.0,train,../data/images/Tox21/570.png
571.0,CCN(CC)CCC(=O)N1c2ccccc2Sc2ccc(C(F)(F)F)cc21,0.0,train,../data/images/Tox21/571.png
572.0,CO[Si](CCCNc1ccccc1)(OC)OC,0.0,train,../data/images/Tox21/572.png
573.0,CS(=O)(=O)Nc1ccc([N+](=O)[O-])cc1Oc1ccccc1,0.0,train,../data/images/Tox21/573.png
574.0,CNC(=O)NC(O)C(Cl)(Cl)Cl,0.0,train,../data/images/Tox21/574.png
575.0,CCC[N+](CCC)(CCC)CCC,0.0,train,../data/images/Tox21/575.png
576.0,Cc1c(N)nc(C(CC(N)=O)NCC(N)C(N)=O)nc1C(=O)NC(C(=O)NC(C)C(O)C(C)C(=O)NC(C(=O)NCCc1nc(-c2nc(C(=O)NCCCN[C@@H](C)c3ccccc3)cs2)cs1)C(C)O)C(O[C@@H]1O[C@@H](CO)[C@@H](O)[C@H](O)[C@@H]1O[C@H]1O[C@H](CO)[C@@H](O)[C@H](OC(N)=O)[C@@H]1O)c1c[nH]cn1,1.0,train,../data/images/Tox21/576.png
577.0,CC1(C)C2CCC3(C2)[C@H]1C(=O)CCC3(C)C,0.0,train,../data/images/Tox21/577.png
578.0,Oc1ccc(Cl)c2c1CCC2,0.0,train,../data/images/Tox21/578.png
579.0,CCOC(=O)C1=C[C@]2(CC)CCCN3CCc4c(n1c1ccccc41)[C@@H]32,0.0,train,../data/images/Tox21/579.png
580.0,O=c1[nH]c2ccccc2o1,0.0,train,../data/images/Tox21/580.png
581.0,CCSCc1ccccc1OC(=O)NC,0.0,train,../data/images/Tox21/581.png
582.0,C1CCCCCCCCCCC1,0.0,train,../data/images/Tox21/582.png
583.0,Cn1c([N+](=O)[O-])cnc1COC(N)=O,0.0,train,../data/images/Tox21/583.png
584.0,CSc1c(Cl)c(Cl)c(Cl)c(Cl)c1Cl,0.0,train,../data/images/Tox21/584.png
585.0,COc1ccc(-c2coc3cc(O)ccc3c2=O)cc1,0.0,train,../data/images/Tox21/585.png
586.0,CC(CC(C)C)=NO,0.0,train,../data/images/Tox21/586.png
587.0,C=C(C)[C@@H]1CC=C(C)CC1,0.0,train,../data/images/Tox21/587.png
588.0,Oc1c(Br)cc(Br)cc1Br,1.0,train,../data/images/Tox21/588.png
589.0,O=C([O-])c1ccccc1Nc1cc(Cl)ccc1C(=O)[O-],0.0,train,../data/images/Tox21/589.png
590.0,CC(C)c1cc2c(cc1S(=O)(=O)O)[C@@]1(C)CCC[C@@](C)(C(=O)O)[C@@H]1CC2,0.0,train,../data/images/Tox21/590.png
591.0,CCCCCCCCCCCCCCCCCCO,0.0,train,../data/images/Tox21/591.png
592.0,Fc1ccccc1-c1ccccc1,0.0,train,../data/images/Tox21/592.png
593.0,CCOc1cc(Oc2ccc(C(F)(F)F)cc2Cl)ccc1[N+](=O)[O-],0.0,train,../data/images/Tox21/593.png
594.0,O=C(O)CCC(=O)Nc1ccc(S(=O)(=O)Nc2nccs2)cc1,0.0,train,../data/images/Tox21/594.png
595.0,Oc1c(Cl)cc(Cl)c(Cl)c1Cc1c(O)c(Cl)cc(Cl)c1Cl,1.0,train,../data/images/Tox21/595.png
596.0,N#CCCC(Br)(C#N)CBr,0.0,train,../data/images/Tox21/596.png
597.0,CCC(C)N,0.0,train,../data/images/Tox21/597.png
598.0,CC(C)=CC1C(C(=O)OCc2cccc(Oc3ccccc3)c2)C1(C)C,0.0,train,../data/images/Tox21/598.png
599.0,CC(C)(C)C(=O)C(Oc1ccc(Cl)cc1)n1ccnc1,0.0,train,../data/images/Tox21/599.png
600.0,ClCCOCCCl,0.0,train,../data/images/Tox21/600.png
601.0,COC(=O)[C@H]1[C@H]2C[C@@H]3c4[nH]c5ccccc5c4CCN3C[C@H]2C[C@@H](OC(=O)c2cc(OC)c(OC)c(OC)c2)[C@@H]1OC,0.0,train,../data/images/Tox21/601.png
602.0,Cc1cc(Cl)ccc1OCC(=O)O,0.0,train,../data/images/Tox21/602.png
603.0,[O-][n+]1ccccc1S[Zn]Sc1cccc[n+]1[O-],1.0,train,../data/images/Tox21/603.png
604.0,Nc1nc(=O)n([C@@H]2CS[C@H](CO)O2)cc1F,0.0,train,../data/images/Tox21/604.png
605.0,COc1ccc(/C=C/C(=O)O)cc1,0.0,train,../data/images/Tox21/605.png
606.0,CCCCCCCC/C=C\CCCCCCCC(=O)OCCOC(=O)CCCCCCC/C=C\CCCCCCCC,0.0,train,../data/images/Tox21/606.png
607.0,CCCN(CC1CC1)c1c([N+](=O)[O-])cc(C(F)(F)F)cc1[N+](=O)[O-],0.0,train,../data/images/Tox21/607.png
608.0,CC(=O)c1ccc2c(c1)Cc1ccccc1-2,0.0,train,../data/images/Tox21/608.png
609.0,Cc1cc(-c2ccc(N)c(C)c2)ccc1N,0.0,train,../data/images/Tox21/609.png
610.0,CCC1(CC)C(=O)NC(=O)NC1=O,0.0,train,../data/images/Tox21/610.png
611.0,CCC(=O)O[C@H]1CC[C@H]2[C@@H]3CCc4cc(O)ccc4[C@H]3CC[C@]12C,1.0,train,../data/images/Tox21/611.png
612.0,CC(=O)C(C)O,0.0,train,../data/images/Tox21/612.png
613.0,COc1cc2c(c(OC)c1OC)-c1c(cc3c(c1OC)OCO3)C[C@@H](C)[C@](C)(O)C2,0.0,train,../data/images/Tox21/613.png
614.0,CC(C)CC(C)(N)C#N,0.0,train,../data/images/Tox21/614.png
615.0,CNC(=O)ON=C(C)SC,0.0,train,../data/images/Tox21/615.png
616.0,Cc1cccc(Nc2ccccc2C(=O)O)c1C,0.0,train,../data/images/Tox21/616.png
617.0,CCCCC#N,0.0,train,../data/images/Tox21/617.png
618.0,CCCCCNCCCCC,0.0,train,../data/images/Tox21/618.png
619.0,CCN(CC)CCNc1ccc(CNC=O)c2sc3ccc(OC)cc3c(=O)c12,1.0,train,../data/images/Tox21/619.png
620.0,O=C1O[C@@H]2[C@@H](O)[C@H](O)O[C@@H]2[C@H]1O,0.0,train,../data/images/Tox21/620.png
621.0,O=C1c2ccccc2C(=O)C1c1ccc2cc(S(=O)(=O)[O-])cc(S(=O)(=O)[O-])c2n1,0.0,train,../data/images/Tox21/621.png
622.0,O=C(O)COC(=O)Cc1ccccc1Nc1c(Cl)cccc1Cl,0.0,train,../data/images/Tox21/622.png
623.0,C[C@H]1C(=O)O[C@@H]2CCN3CC=C(COC(=O)[C@](C)(O)[C@]1(C)O)[C@H]23,0.0,train,../data/images/Tox21/623.png
624.0,CCCCCCCCCCCCc1ccccc1,0.0,train,../data/images/Tox21/624.png
625.0,C=CC1=C(C)c2cc3[nH]c(cc4nc(cc5[nH]c(cc1n2)c(C)c5CCC(=O)[O-])C(CCC(=O)[O-])=C4C)c(C)c3C=C,0.0,train,../data/images/Tox21/625.png
626.0,CCCC(C)(COC(N)=O)COC(N)=O,0.0,train,../data/images/Tox21/626.png
627.0,COc1ccccc1N1CCN(CCCC(=O)c2ccc(F)cc2)CC1,0.0,train,../data/images/Tox21/627.png
628.0,CCCCCCCCCCCCCCCCCCOCC(O)CO,0.0,train,../data/images/Tox21/628.png
629.0,CC(C)(O)CCC(C)(C)O,0.0,train,../data/images/Tox21/629.png
630.0,c1cc2c(c(N3CCNCC3)c1)OCCO2,0.0,train,../data/images/Tox21/630.png
631.0,CCCOC(=O)c1ccc(O)cc1,0.0,train,../data/images/Tox21/631.png
632.0,CC1CC(OC(=O)C(O)c2ccccc2)CC(C)(C)N1C,0.0,train,../data/images/Tox21/632.png
633.0,CC(C)Nc1ccc(NC(C)C)c2c1C(=O)c1ccccc1C2=O,0.0,train,../data/images/Tox21/633.png
634.0,CC[N+]1(CCOC(=O)C(O)(c2ccccc2)c2ccccc2)CCCCC1,0.0,train,../data/images/Tox21/634.png
635.0,COc1cc2c(cc1OC)C1CC(=O)C(CC(C)C)CN1CC2,0.0,train,../data/images/Tox21/635.png
636.0,CCc1ccccc1CC,0.0,train,../data/images/Tox21/636.png
637.0,COC(=O)c1cccc(C(=O)OC)c1,0.0,train,../data/images/Tox21/637.png
638.0,Cc1ccc(/C(=C\CN2CCCC2)c2cccc(/C=C/C(=O)O)n2)cc1,0.0,train,../data/images/Tox21/638.png
639.0,CC(=O)O[C@H](CC(=O)[O-])C[N+](C)(C)C,0.0,train,../data/images/Tox21/639.png
640.0,NC1CCC(CC2CCC(N)CC2)CC1,0.0,train,../data/images/Tox21/640.png
641.0,CC1=C(Br)C(=O)C(Br)=C/C1=C(\c1ccccc1S(=O)(=O)[O-])c1cc(Br)c(O)c(Br)c1C,0.0,train,../data/images/Tox21/641.png
642.0,CC(C)C[C@H](CN)CC(=O)O,0.0,train,../data/images/Tox21/642.png
643.0,C=CC1=C(C(=O)O)N2C(=O)[C@@H](NC(=O)/C(=N/O)c3csc(N)n3)[C@H]2SC1,0.0,train,../data/images/Tox21/643.png
644.0,CCCCCCOCCOCCO,0.0,train,../data/images/Tox21/644.png
645.0,CC(C)CC(C)N(c1ccccc1)c1ccc(N)cc1,1.0,train,../data/images/Tox21/645.png
646.0,Cn1cc(C(=O)[C@@H]2CCc3[nH]cnc3C2)c2ccccc21,0.0,train,../data/images/Tox21/646.png
647.0,CCCCCC=CCC1CC(=O)OC1=O,0.0,train,../data/images/Tox21/647.png
648.0,CC1(C)S[C@@H]2[C@H](NC(=O)[C@H](N)c3ccccc3)C(=O)N2[C@H]1C(=O)O,0.0,train,../data/images/Tox21/648.png
649.0,CN1CCC(OC(c2ccccc2)c2ccccc2)CC1,0.0,train,../data/images/Tox21/649.png
650.0,O=C(O[C@@H]1C[C@@H]2C[C@@H]3C[C@H](C1)N2CC3=O)c1c[nH]c2ccccc12,0.0,train,../data/images/Tox21/650.png
651.0,CCOC(=O)C1=C(C)NC(C)=C(C(=O)OC)C1c1cccc([N+](=O)[O-])c1,0.0,train,../data/images/Tox21/651.png
652.0,CCCCCCCCCCC=CC1CC(=O)OC1=O,0.0,train,../data/images/Tox21/652.png
653.0,C=Cc1cccc(C)c1,0.0,train,../data/images/Tox21/653.png
654.0,C=CCN1CCCC1CNC(=O)c1cc(S(N)(=O)=O)cc(OC)c1OC,0.0,train,../data/images/Tox21/654.png
655.0,NC(=O)OC[C@@H]1[C@H](NC(=O)/C(=N\OCC(=O)[O-])c2csc(N)n2)C(=O)N1S(=O)(=O)[O-],0.0,train,../data/images/Tox21/655.png
656.0,COC(=O)Cl,0.0,train,../data/images/Tox21/656.png
657.0,C[C@@H]1C[C@H]2[C@@H]3C[C@H](F)C4=CC(=O)C(Cl)=C[C@]4(C)[C@@]3(F)[C@@H](O)C[C@]2(C)[C@@]1(O)C(=O)CO,0.0,train,../data/images/Tox21/657.png
658.0,CCOC(=O)NNc1ccc(N(CC)CC(C)O)nn1,0.0,train,../data/images/Tox21/658.png
659.0,C=C(C)C(=O)OCCCCOC(=O)C(=C)C,0.0,train,../data/images/Tox21/659.png
660.0,C=CCN1CC[C@]23CCCC[C@H]2[C@H]1Cc1ccc(O)cc13,0.0,train,../data/images/Tox21/660.png
661.0,C[N+]1(CC2COC(c3ccccc3)(c3ccccc3)O2)CCCCC1,0.0,train,../data/images/Tox21/661.png
662.0,CC(C)COC(=O)CC(C(=O)OCC(C)C)S(=O)(=O)[O-],0.0,train,../data/images/Tox21/662.png
663.0,Nc1ccc2ccccc2c1,0.0,train,../data/images/Tox21/663.png
664.0,CC(C)CC(C)(O)C#CC(C)(O)CC(C)C,0.0,train,../data/images/Tox21/664.png
665.0,CCCN1C[C@H](CSC)C[C@@H]2c3cccc4[nH]cc(c34)C[C@H]21,0.0,train,../data/images/Tox21/665.png
666.0,CC1=C[C@H](O)CC(C)(C)[C@H]1/C=C/C(C)=C/C=C/C(C)=C/C=C\C=C(C)\C=C\C=C(C)\C=C\C1=C(C)C[C@@H](O)CC1(C)C,1.0,train,../data/images/Tox21/666.png
667.0,CCCCC(CC)COC(=O)CS,0.0,train,../data/images/Tox21/667.png
668.0,COc1ccccc1OCCNCC(O)COc1cccc2[nH]c3ccccc3c12,0.0,train,../data/images/Tox21/668.png
669.0,C1=Cc2ccccc2C1,0.0,train,../data/images/Tox21/669.png
670.0,CCOc1cc([N+](=O)[O-])c(OCC)cc1N1CCOCC1,0.0,train,../data/images/Tox21/670.png
671.0,CC(C)CC=C(C=O)c1ccccc1,0.0,train,../data/images/Tox21/671.png
672.0,N=C(N)NCc1cccc(I)c1,0.0,train,../data/images/Tox21/672.png
673.0,O=Cc1ccco1,0.0,train,../data/images/Tox21/673.png
674.0,ClCCl,0.0,train,../data/images/Tox21/674.png
675.0,OCCC1CCCCN1,0.0,train,../data/images/Tox21/675.png
676.0,C[C@@H](CSC(=O)c1ccccc1)C(=O)N1C[C@@H](Sc2ccccc2)C[C@H]1C(=O)O,0.0,train,../data/images/Tox21/676.png
677.0,CCCCCCC(=O)OCC,0.0,train,../data/images/Tox21/677.png
678.0,Clc1ccc(Nc2nnc(Cc3ccncc3)c3ccccc23)cc1,0.0,train,../data/images/Tox21/678.png
679.0,CC(=O)c1ccccc1O,0.0,train,../data/images/Tox21/679.png
680.0,CCOC(=O)OCC/C(SC(=O)OCC)=C(\C)N(C=O)Cc1cnc(C)nc1N,0.0,train,../data/images/Tox21/680.png
681.0,O=c1[nH]c(=O)n([C@H]2C[C@H](O)[C@@H](CO)O2)cc1Br,0.0,train,../data/images/Tox21/681.png
682.0,Nc1ccc(/N=N/c2ccccc2)cc1,0.0,train,../data/images/Tox21/682.png
683.0,CCCCCCCCCCC1CO1,0.0,train,../data/images/Tox21/683.png
684.0,CCC[C@H](N[C@@H](C)C(=O)N1[C@H](C(=O)O)C[C@@H]2CCCC[C@@H]21)C(=O)OCC,0.0,train,../data/images/Tox21/684.png
685.0,O=S(=O)([O-])c1ccc2c(/N=N\c3ccc(S(=O)(=O)[O-])c4ccccc34)c(O)c(S(=O)(=O)[O-])cc2c1,0.0,train,../data/images/Tox21/685.png
686.0,CCN(CC)CCNC(C(=O)OCCC(C)C)c1ccccc1,0.0,train,../data/images/Tox21/686.png
687.0,C[N+]1(C)CCCC(OC(=O)C(O)(c2ccccc2)c2ccccc2)C1,0.0,train,../data/images/Tox21/687.png
688.0,CCCO,0.0,train,../data/images/Tox21/688.png
689.0,CN(CCCCCCCCCCN(C)C(=O)Oc1ccccc1[N+](C)(C)C)C(=O)Oc1ccccc1[N+](C)(C)C,0.0,train,../data/images/Tox21/689.png
690.0,O=C(c1ccc(O)cc1)c1ccc(Cl)cc1,0.0,train,../data/images/Tox21/690.png
691.0,OC1CCCCC1,0.0,train,../data/images/Tox21/691.png
692.0,C1=CCC2CC=CC2C1,0.0,train,../data/images/Tox21/692.png
693.0,N#CCc1cccc(C(F)(F)F)c1,0.0,train,../data/images/Tox21/693.png
694.0,C=CC(=O)OCCOCCOC(=O)C=C,0.0,train,../data/images/Tox21/694.png
695.0,CCOC(=O)[C@H](CCc1ccccc1)N[C@@H](C)C(=O)N1[C@H](C(=O)O)C[C@H]2CCCC[C@@H]21,0.0,train,../data/images/Tox21/695.png
696.0,CC(O)CC(C)O,0.0,train,../data/images/Tox21/696.png
697.0,CC1CCC(=O)O1,0.0,train,../data/images/Tox21/697.png
698.0,CC1(C)CC(N)CC(C)(C)N1,0.0,train,../data/images/Tox21/698.png
699.0,O=[N+]([O-])c1ccc(-c2nnc(O)o2)o1,0.0,train,../data/images/Tox21/699.png
700.0,CC1(C)S[C@@H]2[C@H](NC(=O)[C@@H](NC(=O)N3CCNC3=O)c3ccccc3)C(=O)N2[C@H]1C(=O)[O-],0.0,train,../data/images/Tox21/700.png
701.0,O=C1Nc2ccccc2C1(c1ccc(O)cc1)c1ccc(O)cc1,1.0,train,../data/images/Tox21/701.png
702.0,CCCCCCCC/C=C\CCCCCCCC(=O)OCCCC,0.0,train,../data/images/Tox21/702.png
703.0,COC(=O)Nc1nc2cc(C(=O)c3ccccc3)ccc2[nH]1,1.0,train,../data/images/Tox21/703.png
704.0,CC1=C(/C=C/C(C)=C/C=C/C(C)=C/C=C\C=C(C)\C=C\C=C(C)\C=C\C2=C(C)CCCC2(C)C)C(C)(C)CCC1,0.0,train,../data/images/Tox21/704.png
705.0,CCS(=O)(=O)C(C)(C)S(=O)(=O)CC,0.0,train,../data/images/Tox21/705.png
706.0,NS(=O)(=O)c1cc2c(cc1Cl)N=CNS2(=O)=O,0.0,train,../data/images/Tox21/706.png
707.0,O=C1CCC(N2C(=O)c3ccccc3C2=O)C(=O)N1,0.0,train,../data/images/Tox21/707.png
708.0,CCCCCCCCCCCC(C)=O,0.0,train,../data/images/Tox21/708.png
709.0,C=C(C)C1CC=C(C)C(=O)C1,0.0,train,../data/images/Tox21/709.png
710.0,COC(=O)[C@H]1[C@@H](OC(=O)c2ccccc2)C[C@@H]2CC[C@H]1N2C,0.0,train,../data/images/Tox21/710.png
711.0,O=C(O)c1ccc(-n2nc(-c3ccccc3O)nc2-c2ccccc2O)cc1,0.0,train,../data/images/Tox21/711.png
712.0,C[N+](C)(C)CCCl,0.0,train,../data/images/Tox21/712.png
713.0,Nc1cc(=O)nc(N)[nH]1,0.0,train,../data/images/Tox21/713.png
714.0,CC(C)OC(=O)c1cc(C(=O)OC(C)C)cc([N+](=O)[O-])c1,0.0,train,../data/images/Tox21/714.png
715.0,CCCn1cnc2c1c(=O)n(CCCCC(C)=O)c(=O)n2C,0.0,train,../data/images/Tox21/715.png
716.0,COc1ccc2c3c1O[C@H]1C[C@@H](O)C=C[C@@]31CCN(C)C2,0.0,train,../data/images/Tox21/716.png
717.0,O=C(O)C(F)(F)C(F)(F)C(F)(F)C(F)(F)C(F)(F)C(F)(F)C(F)(F)C(F)(F)C(F)(F)F,0.0,train,../data/images/Tox21/717.png
718.0,O=C(Oc1ccccc1)c1ccccc1,0.0,train,../data/images/Tox21/718.png
719.0,Oc1ccc(Cl)cc1Cc1cc(Cl)ccc1O,1.0,train,../data/images/Tox21/719.png
720.0,C1=COCCC1,0.0,train,../data/images/Tox21/720.png
721.0,CC=Cc1ccc(OC)cc1,0.0,train,../data/images/Tox21/721.png
722.0,CCCCCCCC/C=C\CCCCCCCC(=O)N(CCO)CCO,0.0,train,../data/images/Tox21/722.png
723.0,COC(=O)C1=CCCN(C)C1,0.0,train,../data/images/Tox21/723.png
724.0,NC(=O)COCCN1CCN(C(c2ccccc2)c2ccc(Cl)cc2)CC1,0.0,train,../data/images/Tox21/724.png
725.0,OC(c1ccc(Cl)cc1)(c1cncnc1)c1ccccc1Cl,0.0,train,../data/images/Tox21/725.png
726.0,OC(c1ccccc1)(c1ccccc1)C1CN2CCC1CC2,0.0,train,../data/images/Tox21/726.png
727.0,O=C(O)c1cc(Cl)cc([N+](=O)[O-])c1Cl,0.0,train,../data/images/Tox21/727.png
728.0,CC12CCC(CC1=O)C2(C)C,0.0,train,../data/images/Tox21/728.png
729.0,Nc1ccc(S(=O)(=O)c2ccc(N)cc2)cc1,0.0,train,../data/images/Tox21/729.png
730.0,O=C1Nc2ccc(Cl)cc2C(c2ccccc2)=NC1O,0.0,train,../data/images/Tox21/730.png
731.0,Cc1cc(=O)n(-c2ccccc2)n1C,0.0,train,../data/images/Tox21/731.png
732.0,O=Cc1cccc([N+](=O)[O-])c1,0.0,train,../data/images/Tox21/732.png
733.0,CCCSSC(CCO)=C(C)N(C=O)Cc1cnc(C)nc1N,0.0,train,../data/images/Tox21/733.png
734.0,C=CCCCCCCC=C,0.0,train,../data/images/Tox21/734.png
735.0,CCCCC(CC)COC(=O)Cl,0.0,train,../data/images/Tox21/735.png
736.0,O=C(O)c1ccc(CO)o1,0.0,train,../data/images/Tox21/736.png
737.0,CC1=C(O)C(=O)OC1C,0.0,train,../data/images/Tox21/737.png
738.0,Cc1ccccc1S(N)(=O)=O,0.0,train,../data/images/Tox21/738.png
739.0,BrCC(Br)(Br)Br,1.0,train,../data/images/Tox21/739.png
740.0,CC(O)C(C)O,0.0,train,../data/images/Tox21/740.png
741.0,O=[N+]([O-])c1ccc(NCCO)c(OCCO)c1,0.0,train,../data/images/Tox21/741.png
742.0,C=C(C)C(=O)OCCN(C)C,0.0,train,../data/images/Tox21/742.png
743.0,CCCC(=O)OC(C)(C)Cc1ccccc1,0.0,train,../data/images/Tox21/743.png
744.0,CCOC(=O)COc1ccc2c(=O)cc(-c3ccccc3)oc2c1,0.0,train,../data/images/Tox21/744.png
745.0,CCC(OCCCOC)OC(C)=O,0.0,train,../data/images/Tox21/745.png
746.0,O=C(Oc1cccc2cccnc12)c1ccccc1,0.0,train,../data/images/Tox21/746.png
747.0,COc1cc(C=O)ccc1OC(=O)C(C)C,0.0,train,../data/images/Tox21/747.png
748.0,CC(=O)Oc1ccc(C(C)=O)cc1,0.0,train,../data/images/Tox21/748.png
749.0,CS(=O)(=O)Nc1cc2occ(NC=O)c(=O)c2cc1Oc1ccccc1,0.0,train,../data/images/Tox21/749.png
750.0,O=Cc1ccc(F)cc1,0.0,train,../data/images/Tox21/750.png
751.0,CC(C)[C@H]1CC[C@@H](C)CC1=O,0.0,train,../data/images/Tox21/751.png
752.0,CC1CCc2cc(F)cc3c(=O)c(C(=O)O)cn1c23,0.0,train,../data/images/Tox21/752.png
753.0,C=CC(C)(O)CCC=C(C)CCC=C(C)C,0.0,train,../data/images/Tox21/753.png
754.0,O=C(NCCCN1CCOCC1)c1ccc(Cl)cc1,0.0,train,../data/images/Tox21/754.png
755.0,CO/N=C(/C(=O)N[C@@H]1C(=O)N2C(C(=O)O)=C(Cn3nnc(C)n3)CS[C@H]12)c1csc(N)n1,0.0,train,../data/images/Tox21/755.png
756.0,c1cc(C(c2ccc(OCC3CO3)cc2)c2ccc(OCC3CO3)cc2)ccc1OCC1CO1,0.0,train,../data/images/Tox21/756.png
757.0,CC(C)CN(C[C@@H](O)[C@H](Cc1ccccc1)NC(=O)O[C@H]1CO[C@H]2OCC[C@H]21)S(=O)(=O)c1ccc(N)cc1,0.0,train,../data/images/Tox21/757.png
758.0,NC12CC3CC(CC(C3)C1)C2,0.0,train,../data/images/Tox21/758.png
759.0,C=C[C@]1(C)C[C@@H](OC(=O)CSCCN(CC)CC)[C@]2(C)C(C)CC[C@]3(CCC(=O)[C@H]32)[C@@H](C)[C@@H]1O,0.0,train,../data/images/Tox21/759.png
760.0,COc1cc(N)c(Cl)cc1C(=O)NC1CCN(Cc2ccccc2)CC1,0.0,train,../data/images/Tox21/760.png
761.0,CC(C)NC(=O)N1CC(=O)N(c2cc(Cl)cc(Cl)c2)C1=O,0.0,train,../data/images/Tox21/761.png
762.0,CCOP(=S)(OCC)SCn1c(=O)oc2cc(Cl)ccc21,0.0,train,../data/images/Tox21/762.png
763.0,C=C(C)C(=O)OCCOCCOCCOC(=O)C(=C)C,0.0,train,../data/images/Tox21/763.png
764.0,COc1nc(NC(C)C)nc(NC(C)C)n1,0.0,train,../data/images/Tox21/764.png
765.0,CN(C(=O)C(Cl)Cl)c1ccc(OC(=O)c2ccco2)cc1,0.0,train,../data/images/Tox21/765.png
766.0,COc1cc(N)ccc1C,0.0,train,../data/images/Tox21/766.png
767.0,Cc1occc1C(=O)Nc1ccc(C(=O)N2CCC(F)(F)/C(=C\C(=O)N3CCC(N4CCCCC4)CC3)c3ccccc32)cc1,0.0,train,../data/images/Tox21/767.png
768.0,CCOC(=O)c1ccccc1,0.0,train,../data/images/Tox21/768.png
769.0,C=C1C2CCC(C2)C1(C)C,0.0,train,../data/images/Tox21/769.png
770.0,Nc1ccc(N)c(Cl)c1,0.0,train,../data/images/Tox21/770.png
771.0,Clc1ccccc1-c1nnc(-c2ccccc2Cl)nn1,0.0,train,../data/images/Tox21/771.png
772.0,CC(=O)NCCCCCC(=O)O,0.0,train,../data/images/Tox21/772.png
773.0,O=C1OCCN1/N=C/c1ccc([N+](=O)[O-])o1,0.0,train,../data/images/Tox21/773.png
774.0,CCC(CN)CC(C)CCNCC(O)CNCC(C)CC(CC)CN,0.0,train,../data/images/Tox21/774.png
775.0,Cc1cccc(NC(=S)N(C)C)c1,0.0,train,../data/images/Tox21/775.png
776.0,Cc1cc(Br)ccc1NC(=O)CCl,1.0,train,../data/images/Tox21/776.png
777.0,CC1(C)Cc2cccc(O)c2O1,0.0,train,../data/images/Tox21/777.png
778.0,CC(=O)c1ccc(C)cc1,0.0,train,../data/images/Tox21/778.png
779.0,C=CC1=C(C(=O)O)N2C(=O)[C@@H](NC(=O)/C(=N/OCC(=O)O)c3csc(N)n3)[C@H]2SC1,0.0,train,../data/images/Tox21/779.png
780.0,CC(=O)CCC1=C(C)CCCC1(C)C,0.0,train,../data/images/Tox21/780.png
781.0,FC1(F)C(F)(F)C(F)(F)C2(F)C(F)(C1(F)F)C(F)(F)C(F)(F)C1(F)C(F)(F)C(F)(F)C(F)(F)C(F)(F)C12F,0.0,train,../data/images/Tox21/781.png
782.0,Nc1nc2c(ncn2COCCO)c(=O)[nH]1,0.0,train,../data/images/Tox21/782.png
783.0,CC(C)=CCCC(C)CCOC=O,0.0,train,../data/images/Tox21/783.png
784.0,C[C@H](C(=O)[O-])c1cccc(Oc2ccccc2)c1,0.0,train,../data/images/Tox21/784.png
785.0,CCCn1cc[n+](C)c1,0.0,train,../data/images/Tox21/785.png
786.0,Nc1ccc([N+](=O)[O-])cc1,0.0,train,../data/images/Tox21/786.png
787.0,CCNC(=O)[C@@H]1CCCN1C(=O)[C@H](CCCNC(=N)N)NC(=O)[C@H](CC(C)C)NC(=O)[C@@H](CC(C)C)NC(=O)[C@H](Cc1ccc(O)cc1)NC(=O)[C@H](CO)NC(=O)[C@H](Cc1c[nH]c2ccccc12)NC(=O)[C@H](Cc1cnc[nH]1)NC(=O)[C@@H]1CCC(=O)N1,0.0,train,../data/images/Tox21/787.png
788.0,O=S1(=O)OC(c2cc(Br)c(O)c(Br)c2)(c2cc(Br)c(O)c(Br)c2)c2ccccc21,0.0,train,../data/images/Tox21/788.png
789.0,CC[C@@H](CO)NCCN[C@@H](CC)CO,0.0,train,../data/images/Tox21/789.png
790.0,OCCCO,0.0,train,../data/images/Tox21/790.png
791.0,CC(C)N1C(=O)c2ccccc2C1=O,0.0,train,../data/images/Tox21/791.png
792.0,CCOc1ccc2nc(N)sc2c1,0.0,train,../data/images/Tox21/792.png
793.0,CC(=O)N[C@H]1[C@@H](OC2C(C(=O)[O-])O[C@@H](OC3[C@H]4CO[C@H](O4)[C@H](NS(=O)(=O)[O-])[C@H]3O)[C@H](O)[C@H]2O)O[C@H](CO)[C@@H](O[C@@H]2CC(C(=O)[O-])[C@@H](O[C@H]3O[C@H](COS(=O)(=O)O)[C@@H](O[C@@H]4OC(C(=O)[O-])=C[C@H](O)[C@H]4O)[C@H](O)[C@H]3NC(C)=O)[C@H](O)[C@H]2O)[C@@H]1C,0.0,train,../data/images/Tox21/793.png
794.0,CCNc1nc(N)nc(Cl)n1,0.0,train,../data/images/Tox21/794.png
795.0,COc1ccc2c(c1OC)C(=O)O[C@H]2[C@@H]1c2cc3c(cc2CCN1C)OCO3,0.0,train,../data/images/Tox21/795.png
796.0,COc1cccc(N)c1,0.0,train,../data/images/Tox21/796.png
797.0,CC(C)[C@@]1(NC(=O)[C@@H]2C[C@@H]3c4cccc5[nH]cc(c45)C[C@H]3N(C)C2)O[C@@]2(O)[C@@H]3CCCN3C(=O)[C@H](Cc3ccccc3)N2C1=O,0.0,train,../data/images/Tox21/797.png
798.0,Cn1c(=O)c2c(ncn2CC2OCCO2)n(C)c1=O,0.0,train,../data/images/Tox21/798.png
799.0,CNC(=O)Oc1ccc(N(C)C)c(C)c1,0.0,train,../data/images/Tox21/799.png
800.0,CCC(=O)c1ccc2c(c1)N(CCCN1CCN(CCO)CC1)c1ccccc1S2,0.0,train,../data/images/Tox21/800.png
801.0,C/C=C(\C)C(=O)OC/C=C(\C)CCC=C(C)C,0.0,train,../data/images/Tox21/801.png
802.0,C[C@@H](CO)NC(=O)[C@@H]1C=C2c3cccc4[nH]cc(c34)C[C@H]2N(C)C1,0.0,train,../data/images/Tox21/802.png
803.0,CCCCCCCCn1sccc1=O,1.0,train,../data/images/Tox21/803.png
804.0,C[Si](Cl)(c1ccccc1)c1ccccc1,0.0,train,../data/images/Tox21/804.png
805.0,COc1ccc(C(=O)CC(=O)c2ccc(C(C)(C)C)cc2)cc1,0.0,train,../data/images/Tox21/805.png
806.0,CC[N+](CC)(CCNC(=O)C(=O)NCC[N+](CC)(CC)Cc1ccccc1Cl)Cc1ccccc1Cl,0.0,train,../data/images/Tox21/806.png
807.0,O=c1n(CCCN2CCN(c3cccc(Cl)c3)CC2)nc2ccccn12,0.0,train,../data/images/Tox21/807.png
808.0,COC(CNC(=O)c1ccccc1OCC(=O)O)C[Hg]O,0.0,train,../data/images/Tox21/808.png
809.0,CCOC(=O)Cc1cccc(-c2cc(CCCCCCc3ccc(O[C@H]4O[C@H](COC(C)=O)[C@@H](OC(C)=O)[C@H](OC(C)=O)[C@@H]4OC(C)=O)c(-c4cccc(CC(=O)OCC)c4)c3)ccc2O[C@H]2O[C@H](COC(C)=O)[C@@H](OC(C)=O)[C@H](OC(C)=O)[C@@H]2OC(C)=O)c1,0.0,train,../data/images/Tox21/809.png
810.0,O=C(Nc1ccc([N+](=O)[O-])cc1Cl)c1cc(Cl)ccc1O,1.0,train,../data/images/Tox21/810.png
811.0,CC(=NC#N)N(C)Cc1ccc(Cl)nc1,0.0,train,../data/images/Tox21/811.png
812.0,C1CCc2nnnn2CC1,0.0,train,../data/images/Tox21/812.png
813.0,Cc1ccc(N(C)C)cc1,0.0,train,../data/images/Tox21/813.png
814.0,CCNCCO,0.0,train,../data/images/Tox21/814.png
815.0,COCC(=O)O,0.0,train,../data/images/Tox21/815.png
816.0,CCN1C(=O)c2ccccc2C1Nc1ccc(OCCN2CCCCC2)cc1,0.0,train,../data/images/Tox21/816.png
817.0,Cc1ccccc1N=O,0.0,train,../data/images/Tox21/817.png
818.0,O=C(CBr)c1ccccc1,0.0,train,../data/images/Tox21/818.png
819.0,O=C=Nc1cccc(C(F)(F)F)c1,0.0,train,../data/images/Tox21/819.png
820.0,CCCCC(CC)COC(=O)COc1ccc(Cl)cc1C,0.0,train,../data/images/Tox21/820.png
821.0,COc1ccc(C[C@@H](C)NC[C@H](O)c2ccc(O)c(NC=O)c2)cc1,0.0,train,../data/images/Tox21/821.png
822.0,CCCCN1C=CN(C)C1,0.0,train,../data/images/Tox21/822.png
823.0,c1csc(-c2ccc(-c3cccs3)s2)c1,1.0,train,../data/images/Tox21/823.png
824.0,COC(=O)c1ccccc1S(=O)(=O)NC(=O)Nc1nc(C)cc(C)n1,0.0,train,../data/images/Tox21/824.png
825.0,Cc1c(N(C)CS(=O)(=O)[O-])c(=O)n(-c2ccccc2)n1C,0.0,train,../data/images/Tox21/825.png
826.0,O=C1CCN(c2ccccc2)N1,0.0,train,../data/images/Tox21/826.png
827.0,CC1CN1P(=O)(N1CC1C)N1CC1C,0.0,train,../data/images/Tox21/827.png
828.0,Cc1cccc(OCCOc2cccc(C)c2)c1,0.0,train,../data/images/Tox21/828.png
829.0,C/C(=C\C(C)CC(C)CC(C)C)C1CC(=O)OC1=O,0.0,train,../data/images/Tox21/829.png
830.0,O=c1nc([O-])n(Cl)c(=O)n1Cl,0.0,train,../data/images/Tox21/830.png
831.0,CCCCCCCCCCCCCC(=O)OCC(COP(=O)([O-])OCC[N+](C)(C)C)OC(=O)CCCCCCCCCCCCC,0.0,train,../data/images/Tox21/831.png
832.0,c1ccc(NNc2ccccc2)cc1,0.0,train,../data/images/Tox21/832.png
833.0,Nc1cc(-c2ccncc2)c[nH]c1=O,0.0,train,../data/images/Tox21/833.png
834.0,CCC(=O)N(c1ccccc1)C1CCN(CC(O)c2ccccc2)CC1,0.0,train,../data/images/Tox21/834.png
835.0,O=S(O)CO[Na],0.0,train,../data/images/Tox21/835.png
836.0,CCCC1CCOC(C)S1,0.0,train,../data/images/Tox21/836.png
837.0,COC(=O)C1=C(C)NC(C)=C(C(=O)OC(C)(C)CN(C)CCC(c2ccccc2)c2ccccc2)C1c1cccc([N+](=O)[O-])c1,0.0,train,../data/images/Tox21/837.png
838.0,CC(C)Oc1cccc(NC(=O)c2ccccc2C(F)(F)F)c1,0.0,train,../data/images/Tox21/838.png
839.0,CCCCNP(N)(N)=S,0.0,train,../data/images/Tox21/839.png
840.0,CCC(COC(=O)c1cc(OC)c(OC)c(OC)c1)(c1ccccc1)N(C)C,0.0,train,../data/images/Tox21/840.png
841.0,NC(=O)Cn1c(=O)cc(CCN2CCN(c3nccc4sccc34)CC2)c2ccc(F)cc21,0.0,train,../data/images/Tox21/841.png
842.0,CCOC(=O)C(C#N)=C(c1ccccc1)c1ccccc1,0.0,train,../data/images/Tox21/842.png
843.0,Cc1ccc(C(=O)c2ccccc2)cc1,0.0,train,../data/images/Tox21/843.png
844.0,CC(C)(C)OOC(C)(C)CCC(C)(C)OOC(C)(C)C,0.0,train,../data/images/Tox21/844.png
845.0,CN(C)c1ccc(Cc2ccc(N(C)C)cc2)cc1,0.0,train,../data/images/Tox21/845.png
846.0,CC(O)COC(C)(C)C,0.0,train,../data/images/Tox21/846.png
847.0,CCN(C(=O)c1cc(C)cc(OC[C@H](C)Nc2ccncc2)c1)C(C)C,0.0,train,../data/images/Tox21/847.png
848.0,CCCCN(CCCC)C(=O)N(CCCC)CCCC,0.0,train,../data/images/Tox21/848.png
849.0,CCCCCCCCCCCCCCCC(=O)OCC,0.0,train,../data/images/Tox21/849.png
850.0,CCc1cccc(C)c1N(C(=O)CCl)[C@@H](C)COC,0.0,train,../data/images/Tox21/850.png
851.0,CCCCCCCCCCCCSC,0.0,train,../data/images/Tox21/851.png
852.0,CC(=O)c1cc2c(cc1C)C(C)(C)C(C)CC2(C)C,0.0,train,../data/images/Tox21/852.png
853.0,CCNCC,0.0,train,../data/images/Tox21/853.png
854.0,CCCOC(C)=O,0.0,train,../data/images/Tox21/854.png
855.0,Cc1cc(Cl)ccc1OCC(=O)[O-],0.0,train,../data/images/Tox21/855.png
856.0,OC[C@@H](O)[C@@H](O)[C@H](O)[C@H](O)CO[C@H]1O[C@H](CO)[C@@H](O)[C@H](O)[C@H]1O,0.0,train,../data/images/Tox21/856.png
857.0,O=S(=O)(O)CCCN1CCOCC1,0.0,train,../data/images/Tox21/857.png
858.0,CN(C(=O)Cc1cccc2occc12)[C@H]1CC[C@@]2(CCCO2)C[C@@H]1N1CCCC1,0.0,train,../data/images/Tox21/858.png
859.0,C1=CC2C3C=CC(C3)C2C1,0.0,train,../data/images/Tox21/859.png
860.0,CCC(C)n1ncn(-c2ccc(N3CCN(c4ccc(OC[C@H]5CO[C@](Cn6cncn6)(c6ccc(Cl)cc6Cl)O5)cc4)CC3)cc2)c1=O,0.0,train,../data/images/Tox21/860.png
861.0,Clc1ccc2cc3ccccc3cc2c1,1.0,train,../data/images/Tox21/861.png
862.0,CCC(C)(c1ccc(O)cc1)c1ccc(O)cc1,1.0,train,../data/images/Tox21/862.png
863.0,Cc1cccc(C)c1NC(=O)CN1CCCC1,0.0,train,../data/images/Tox21/863.png
864.0,CC(CO)(CO)C(=O)O,0.0,train,../data/images/Tox21/864.png
865.0,O=C(CCl)Nc1ccccc1,0.0,train,../data/images/Tox21/865.png
866.0,CC(C)CC(NC(=O)CNC(=O)[C@H](Cc1ccc(O)cc1)NC(=O)[C@@H](CO)NC(=O)[C@@H](Cc1c[nH]c2ccccc12)NC(=O)[C@@H](Cc1c[nH]cn1)NC(=O)[C@H]1CCC(=O)N1)C(=O)N[C@H](CCCNC(=N)N)C(=O)N1CCC[C@@H]1C(=O)NCC(N)=O,0.0,train,../data/images/Tox21/866.png
867.0,CN(C)CC[C@@H](c1ccc(Cl)cc1)c1ccccn1,0.0,train,../data/images/Tox21/867.png
868.0,O=C1CCCCCCCCCCC(=O)OCCO1,0.0,train,../data/images/Tox21/868.png
869.0,CCC1OC(=O)C[C@@H](O)[C@H](C)[C@@H](O[C@@H]2O[C@H](C)C[C@H](N(C)C)[C@H]2O)[C@@H](CC=O)C[C@@H](C)C(=O)C=C[C@]2(C)OC2C1C,1.0,train,../data/images/Tox21/869.png
870.0,O=C(Cl)c1cc(Cl)cc(Cl)c1,0.0,train,../data/images/Tox21/870.png
871.0,CC(C)(C)C(=O)C(Cl)Cl,0.0,train,../data/images/Tox21/871.png
872.0,O=S(=O)(O)c1cc(O)c2ccc(Nc3ccccc3)cc2c1,0.0,train,../data/images/Tox21/872.png
873.0,O=C(c1ccccc1)c1ccc(O)c(O)c1O,0.0,train,../data/images/Tox21/873.png
874.0,CCCCCCOC(=O)CC(CC(=O)OCCCCCC)(OC(=O)CCC)C(=O)OCCCCCC,0.0,train,../data/images/Tox21/874.png
875.0,O=C1[N-]C(=O)c2ccccc21,0.0,train,../data/images/Tox21/875.png
876.0,COc1cc(S(=O)(=O)[O-])c(C)cc1/N=N/c1c(O)ccc2cc(S(=O)(=O)[O-])ccc12,0.0,train,../data/images/Tox21/876.png
877.0,CN(C)C(C)(C)CO,0.0,train,../data/images/Tox21/877.png
878.0,C1=CCC([Ti+2]C2=CC=CC2)=C1,0.0,train,../data/images/Tox21/878.png
879.0,Nc1nc(F)nc2c1ncn2[C@@H]1O[C@H](CO)[C@@H](O)[C@@H]1O,1.0,train,../data/images/Tox21/879.png
880.0,OCC(CO)(CO)COCC(CO)(CO)CO,0.0,train,../data/images/Tox21/880.png
881.0,CCCCCCCCCC(CC)c1ccc(S(=O)(=O)O)cc1,0.0,train,../data/images/Tox21/881.png
882.0,CC(CCc1ccccc1)NCC(O)c1ccc(O)c(C(N)=O)c1,0.0,train,../data/images/Tox21/882.png
883.0,CCC(Cc1c(I)cc(I)c(O)c1I)C(=O)O,0.0,train,../data/images/Tox21/883.png
884.0,Cc1cc(Cl)ccc1/N=C/N(C)C,0.0,train,../data/images/Tox21/884.png
885.0,CCCCO[PH](=O)OCCCC,0.0,train,../data/images/Tox21/885.png
886.0,C[C@H]1O[C@@H](n2cc(F)c(=O)[nH]c2=O)[C@H](O)[C@@H]1O,1.0,train,../data/images/Tox21/886.png
887.0,O=P(O)(O)O,0.0,train,../data/images/Tox21/887.png
888.0,CN(C)CCc1c[nH]c2ccc(CS(=O)(=O)N3CCCC3)cc12,0.0,train,../data/images/Tox21/888.png
889.0,CCC(CC)C(=O)O,0.0,train,../data/images/Tox21/889.png
890.0,CCCC[C@H]1CN(CC2CCOCC2)C(=O)OC12CCN(C1(C)CCN(C(=O)c3c(C)ncnc3C)CC1)CC2,0.0,train,../data/images/Tox21/890.png
891.0,CCC(C)CCCC(C)(C)O,0.0,train,../data/images/Tox21/891.png
892.0,OCC1CC2CC1C1CCC(CO)C21,0.0,train,../data/images/Tox21/892.png
893.0,N[C@@H](Cc1c[nH]c2ccc(O)cc12)C(=O)O,0.0,train,../data/images/Tox21/893.png
894.0,COc1cc([C@H]2Oc3cc([C@H]4Oc5cc(O)cc(O)c5C(=O)[C@@H]4O)ccc3O[C@@H]2CO)ccc1O,0.0,train,../data/images/Tox21/894.png
895.0,CCCCCCCCCCCCCCCCCCOC[C@H](COP(=O)([O-])OCC[N+](C)(C)C)OC,0.0,train,../data/images/Tox21/895.png
896.0,CC12CCC(CC1)C(C)(C)O2,0.0,train,../data/images/Tox21/896.png
897.0,Oc1ccc2[nH]cc(CCCCN3CC=C(c4ccccc4)CC3)c2c1,0.0,train,../data/images/Tox21/897.png
898.0,CC(C)CCCO,0.0,train,../data/images/Tox21/898.png
899.0,Cc1cccc(C)c1N(CCCc1cccnc1)C(=O)C(C)N,0.0,train,../data/images/Tox21/899.png
900.0,Cc1cc(/C=C/c2ccc3cc(N(C)C)ccc3[n+]2C)c(C)n1-c1ccccc1,1.0,train,../data/images/Tox21/900.png
901.0,CC[C@H]1OC(=O)[C@H](C)[C@@H](O[C@H]2C[C@@](C)(OC)[C@@H](O)[C@H](C)O2)[C@H](C)[C@@H](O[C@@H]2O[C@H](C)C[C@H](N(C)C)[C@H]2O)[C@](C)(O)C[C@@H](C)C(=NOCOCCOC)[C@H](C)[C@@H](O)[C@]1(C)O,0.0,train,../data/images/Tox21/901.png
902.0,CN(C)Cc1cc(CN(C)C)c(O)c(CN(C)C)c1,0.0,train,../data/images/Tox21/902.png
903.0,Nc1ccc(C(=O)Nc2ccccc2N)cc1,1.0,train,../data/images/Tox21/903.png
904.0,CCS(=O)(=O)CCSP(=O)(OC)OC,0.0,train,../data/images/Tox21/904.png
905.0,O=S(=O)([O-])c1ccc(N=Nc2c(O)ccc3ccccc23)cc1,0.0,train,../data/images/Tox21/905.png
906.0,OCCN1CCN(CC/C=C2/c3ccccc3Sc3ccc(C(F)(F)F)cc32)CC1,0.0,train,../data/images/Tox21/906.png
907.0,C[C@H](CCC(=O)O)[C@H]1CC[C@H]2[C@@H]3[C@H](O)C[C@@H]4C[C@H](O)CC[C@]4(C)[C@H]3CC[C@]12C,0.0,train,../data/images/Tox21/907.png
908.0,CCCSC(=O)Cl,0.0,train,../data/images/Tox21/908.png
909.0,O=C([O-])CC(O)(CC(=O)O)C(=O)[O-],0.0,train,../data/images/Tox21/909.png
910.0,CCOC(=O)c1ccccc1C(=O)OCC,0.0,train,../data/images/Tox21/910.png
911.0,O=C1CCCCCCCCCCOCCCCO1,0.0,train,../data/images/Tox21/911.png
912.0,Cc1cccc(N)n1,0.0,train,../data/images/Tox21/912.png
913.0,CC(C)(CCl)C(=O)Cl,0.0,train,../data/images/Tox21/913.png
914.0,CCOP(=O)(NC(C)C)Oc1ccc(SC)c(C)c1,0.0,train,../data/images/Tox21/914.png
915.0,NC(=O)n1c(O)c(C(=O)c2cccs2)c2cc(Cl)ccc21,1.0,train,../data/images/Tox21/915.png
916.0,O=C([O-])C1O[Sb]2OC(=O)C(O2)C(C(=O)[O-])O[Sb]2OC(=O)C1O2,1.0,train,../data/images/Tox21/916.png
917.0,Cc1ccc2c(ccc3ccccc32)c1,0.0,train,../data/images/Tox21/917.png
918.0,OCC(Cl)CCl,0.0,train,../data/images/Tox21/918.png
919.0,O=C(O)Cc1c[nH]c2ccccc12,0.0,train,../data/images/Tox21/919.png
920.0,N#Cc1ccc(CC(=O)c2cccc(C(F)(F)F)c2)cc1,0.0,train,../data/images/Tox21/920.png
921.0,Cc1ccc(C)c(OCCCC(C)(C)C(=O)O)c1,0.0,train,../data/images/Tox21/921.png
922.0,CC(=O)CC(c1ccc([N+](=O)[O-])cc1)c1c(O)c2ccccc2oc1=O,0.0,train,../data/images/Tox21/922.png
923.0,COc1cc(-c2ccc(N=C=O)c(OC)c2)ccc1N=C=O,0.0,train,../data/images/Tox21/923.png
924.0,O=[N+]([O-])c1cc(N(CCO)CCO)ccc1NCCO,0.0,train,../data/images/Tox21/924.png
925.0,O=C1C=CC(=O)O1,0.0,train,../data/images/Tox21/925.png
926.0,O=S(=O)(c1ccc(O)cc1)c1ccc(O)cc1,0.0,train,../data/images/Tox21/926.png
927.0,Clc1ccccc1-c1nc(-c2ccncc2)no1,0.0,train,../data/images/Tox21/927.png
928.0,Cc1nc2ccccc2s1,0.0,train,../data/images/Tox21/928.png
929.0,CN(C)c1ccc(C(=O)c2ccc(N(C)C)cc2)cc1,1.0,train,../data/images/Tox21/929.png
930.0,C[Se]CC[C@H](N)C(=O)O,0.0,train,../data/images/Tox21/930.png
931.0,Nc1ccc(S(=O)(=O)Nc2cnc3ccccc3n2)cc1,0.0,train,../data/images/Tox21/931.png
932.0,CNC(=O)Oc1cccc2ccccc12,0.0,train,../data/images/Tox21/932.png
933.0,CC(=O)CCc1ccc2c(c1)OCO2,0.0,train,../data/images/Tox21/933.png
934.0,Clc1cc(Cl)c(Cl)cc1Cl,0.0,train,../data/images/Tox21/934.png
935.0,CC(C)(C(=O)c1cccnc1)c1cccnc1,0.0,train,../data/images/Tox21/935.png
936.0,CC(C)CCCCCCOC(=O)c1ccc(C(=O)OCCCCCCC(C)C)c(C(=O)OCCCCCCC(C)C)c1,0.0,train,../data/images/Tox21/936.png
937.0,CCCCCOC(=O)COc1cc(N2C(=O)C3=C(CCCC3)C2=O)c(F)cc1Cl,0.0,train,../data/images/Tox21/937.png
938.0,O=C1CCCCCCCCCCCCCC1,0.0,train,../data/images/Tox21/938.png
939.0,CC(C(=O)O)c1ccc2c(c1)CC(=O)c1ccccc1S2,0.0,train,../data/images/Tox21/939.png
940.0,CCCCCCCCCCCCC1CO1,0.0,train,../data/images/Tox21/940.png
941.0,N[C@@H](Cc1ccc(N(CCCl)CCCl)cc1)C(=O)O,1.0,train,../data/images/Tox21/941.png
942.0,CCC1(c2ccccc2)C(=O)NC(=O)NC1=O,0.0,train,../data/images/Tox21/942.png
943.0,COc1cc(CC(C)N)c(OC)cc1Br,0.0,train,../data/images/Tox21/943.png
944.0,O=C(O)C(Br)Br,0.0,train,../data/images/Tox21/944.png
945.0,CCOc1cc(N)c(Cl)cc1C(=O)NCC1CN(Cc2ccc(F)cc2)CCO1,0.0,train,../data/images/Tox21/945.png
946.0,COc1cc(C(=O)NCc2ccc(OCCN(C)C)cc2)cc(OC)c1OC,0.0,train,../data/images/Tox21/946.png
947.0,CNC(=O)Nc1ccc(Cl)c(Cl)c1,0.0,train,../data/images/Tox21/947.png
948.0,CC[Ge](Cl)(CC)CC,0.0,train,../data/images/Tox21/948.png
949.0,CCOCC(O)COc1ccc(NC(=O)CC[S+](C)C)cc1,0.0,train,../data/images/Tox21/949.png
950.0,CC(=O)CC(=O)Nc1ccccc1C,0.0,train,../data/images/Tox21/950.png
951.0,CC(C)=CC(=O)C=C(C)C,0.0,train,../data/images/Tox21/951.png
952.0,CCN1CCOCC1,0.0,train,../data/images/Tox21/952.png
953.0,CCCCCCCCCC#N,0.0,train,../data/images/Tox21/953.png
954.0,C=C(Cl)CCl,0.0,train,../data/images/Tox21/954.png
955.0,CCCCNC(N)=O,0.0,train,../data/images/Tox21/955.png
956.0,O=C(OCC(COC(=O)c1cccnc1)(COC(=O)c1cccnc1)COC(=O)c1cccnc1)c1cccnc1,0.0,train,../data/images/Tox21/956.png
957.0,C=CCOc1c(Br)cc(C(C)(C)c2cc(Br)c(OCC=C)c(Br)c2)cc1Br,0.0,train,../data/images/Tox21/957.png
958.0,COc1ccccc1OCC1CNC(=O)O1,0.0,train,../data/images/Tox21/958.png
959.0,C=C(C)C(=O)OCCC(F)(F)C(F)(F)C(F)(F)C(F)(F)C(F)(F)C(F)(F)F,0.0,train,../data/images/Tox21/959.png
960.0,CC(=O)SC[C@@H](Cc1ccccc1)C(=O)NCC(=O)OCc1ccccc1,0.0,train,../data/images/Tox21/960.png
961.0,CC(C)(CO)[C@@H](O)C(=O)NCCCO,0.0,train,../data/images/Tox21/961.png
962.0,CC(C)=CCCC(C)CC=O,0.0,train,../data/images/Tox21/962.png
963.0,O=C(O)/C=C/C(=O)O,0.0,train,../data/images/Tox21/963.png
964.0,NCC(CC(=O)O)c1ccc(Cl)cc1,0.0,train,../data/images/Tox21/964.png
965.0,CCc1ccc(CC)cc1,0.0,train,../data/images/Tox21/965.png
966.0,Cc1c(-c2cccnc2)c2ccccc2n1CCCCC(=O)O,0.0,train,../data/images/Tox21/966.png
967.0,CC(C)(Oc1ccc(CCNC(=O)c2ccc(Cl)cc2)cc1)C(=O)O,0.0,train,../data/images/Tox21/967.png
968.0,O=C(O)COc1cc(Cl)c(Cl)cc1Cl,0.0,train,../data/images/Tox21/968.png
969.0,CCOC(=O)c1ccc(OCCN2C[C@H](O)[C@@H](O)[C@H](O)[C@H]2CO)cc1,0.0,train,../data/images/Tox21/969.png
970.0,CC[C@H](C)C(=O)O[C@H]1C[C@H](O)C=C2C=C[C@H](C)[C@H](CC[C@@H](O)C[C@@H](O)CC(=O)[O-])[C@H]21,0.0,train,../data/images/Tox21/970.png
971.0,CCOC(=O)CN[C@@H](C(=O)N1CC[C@H]1C(=O)NCc1ccc(/C(N)=N/O)cc1)C1CCCCC1,0.0,train,../data/images/Tox21/971.png
972.0,CCOP(=S)(OCC)SCSc1ccc(Cl)cc1,0.0,train,../data/images/Tox21/972.png
973.0,CC(C)NCC(O)COc1cccc2ccccc12,0.0,train,../data/images/Tox21/973.png
974.0,CC(CN(C)C)C(C)(O)Cc1ccc(Cl)cc1,0.0,train,../data/images/Tox21/974.png
975.0,CCOC(=O)c1ccccc1OC,0.0,train,../data/images/Tox21/975.png
976.0,CC(=O)Oc1ccccc1C(=O)Nc1ncc([N+](=O)[O-])s1,1.0,train,../data/images/Tox21/976.png
977.0,CC1OC(C)OC(C)O1,0.0,train,../data/images/Tox21/977.png
978.0,CN1c2c(O)nc(N)nc2NCC1CNc1ccc(C(=O)NC(CCC(=O)[O-])C(=O)[O-])cc1,0.0,train,../data/images/Tox21/978.png
979.0,CC(C)(C)N(CCO)CCO,0.0,train,../data/images/Tox21/979.png
980.0,CC/C(=N\OC/C=C/Cl)C1=C(O)CC(C2CCOCC2)CC1=O,0.0,train,../data/images/Tox21/980.png
981.0,CCCC[N+](CCCC)(CCCC)CCCC,0.0,train,../data/images/Tox21/981.png
982.0,OC[P+](CO)(CO)CO,0.0,train,../data/images/Tox21/982.png
983.0,COC(=O)c1ccccc1C(=O)c1ccc(OCCN2CCCCC2)cc1,0.0,train,../data/images/Tox21/983.png
984.0,CCCOC(=O)CCCCC(=O)OCCC,0.0,train,../data/images/Tox21/984.png
985.0,COc1ccc(-n2nc(C(F)F)cc2-c2ccc(S(C)=O)cc2)cc1,0.0,train,../data/images/Tox21/985.png
986.0,O=C(O)c1cc(Cl)ccc1Cl,0.0,train,../data/images/Tox21/986.png
987.0,CC(C)(C)NCCO,0.0,train,../data/images/Tox21/987.png
988.0,C[C@@H]1O[C@@H]1P(=O)([O-])[O-],0.0,train,../data/images/Tox21/988.png
989.0,CC1(S(=O)(=O)[O-])CC(=O)c2ccccc2C1=O,1.0,train,../data/images/Tox21/989.png
990.0,CCOC(=O)OC1=C(c2cc(C)ccc2C)C(=O)NC12CCC(OC)CC2,1.0,train,../data/images/Tox21/990.png
991.0,CCCCCCCC/C=C\CCCCCCCCO,0.0,train,../data/images/Tox21/991.png
992.0,CC(=O)N[C@H]1C(O)O[C@H](CO)[C@@H](O)[C@@H]1O,0.0,train,../data/images/Tox21/992.png
993.0,CC[C@H]1OC(=O)[C@H](C)[C@@H](O[C@H]2C[C@@](C)(OC)[C@@H](O)[C@H](C)O2)[C@H](C)[C@@H](O[C@@H]2O[C@H](C)C[C@H](N(C)C)[C@H]2O)[C@](C)(O)C[C@@H](C)CN(C)[C@H](C)[C@@H](O)[C@]1(C)O,0.0,train,../data/images/Tox21/993.png
994.0,COc1ccc2cc3[n+](cc2c1OC)CCc1cc2c(cc1-3)OCO2,1.0,train,../data/images/Tox21/994.png
995.0,COc1ccc(N)c(C)c1,0.0,train,../data/images/Tox21/995.png
996.0,O=C(O)CC(=O)C(=O)O,0.0,train,../data/images/Tox21/996.png
997.0,c1cc2ccc3ccc4ccc5cccc6c(c1)c2c3c4c56,1.0,train,../data/images/Tox21/997.png
998.0,O=C(c1ccc(O)cc1)c1ccc(O)c(O)c1O,0.0,train,../data/images/Tox21/998.png
999.0,NC(=O)C(Cl)(Cl)Cl,0.0,train,../data/images/Tox21/999.png
1000.0,CCCCc1nc(Cl)c(CO)n1Cc1ccc(-c2ccccc2-c2nnn[nH]2)cc1,0.0,train,../data/images/Tox21/1000.png
1001.0,COc1ccc(/N=N/c2cc(C)c(/N=N/c3ccc(S(=O)(=O)[O-])cc3)cc2OC)cc1,0.0,train,../data/images/Tox21/1001.png
1002.0,CCc1ccc(C(=O)C(C)CN2CCCCC2)cc1,0.0,train,../data/images/Tox21/1002.png
1003.0,Cc1ccc2ccc3cccc4ccc1c2c34,0.0,train,../data/images/Tox21/1003.png
1004.0,CCOS(=O)(=O)OCC,0.0,train,../data/images/Tox21/1004.png
1005.0,CCO[Si](C)(OCC)OCC,0.0,train,../data/images/Tox21/1005.png
1006.0,CCOc1ccccc1C(N)=O,0.0,train,../data/images/Tox21/1006.png
1007.0,CCCC(CCC)C(=O)[O-],0.0,train,../data/images/Tox21/1007.png
1008.0,COC(=O)c1ccc(C(=O)O)cc1,0.0,train,../data/images/Tox21/1008.png
1009.0,C=CC[C@@H]1C=C(C)C[C@H](C)C[C@H](OC)[C@H]2O[C@@](O)(C(=O)C(=O)N3CCCC[C@H]3C(=O)O[C@H](/C(C)=C/[C@@H]3CC[C@@H](O)[C@H](OC)C3)[C@H](C)[C@@H](O)CC1=O)[C@H](C)C[C@@H]2OC,0.0,train,../data/images/Tox21/1009.png
1010.0,CS(=O)(=O)OCCCCOS(C)(=O)=O,0.0,train,../data/images/Tox21/1010.png
1011.0,Cl/C=C/Cl,0.0,train,../data/images/Tox21/1011.png
1012.0,CN(C)[C@@H]1C(O)=C(C(=O)NCN2CCCC2)C(=O)[C@@]2(O)C(O)=C3C(=O)c4c(O)cccc4[C@@](C)(O)C3C[C@@H]12,0.0,train,../data/images/Tox21/1012.png
1013.0,C[C@@H]1CC2(OC3C[C@@]4(C)C5=CC[C@H]6C(C)(C)C(O[C@@H]7OC[C@@H](O)[C@H](O)[C@H]7O)CC[C@@]67C[C@@]57CC[C@]4(C)C31)OC(O)C1(C)OC21,0.0,train,../data/images/Tox21/1013.png
1014.0,CN(C)C(=O)Nc1ccc(Cl)cc1,0.0,train,../data/images/Tox21/1014.png
1015.0,CC(=O)OC(C)C,0.0,train,../data/images/Tox21/1015.png
1016.0,Cc1ccc(C(C)NC(=O)[C@@H](NC(=O)OC(C)C)C(C)C)cc1,0.0,train,../data/images/Tox21/1016.png
1017.0,COC(C)(C)CCC[C@H](C)C/C=C/C(C)=C/C(=O)OC(C)C,0.0,train,../data/images/Tox21/1017.png
1018.0,CC(C)OP(C)(=O)OC(C)C,0.0,train,../data/images/Tox21/1018.png
1019.0,C[C@]12CC[C@@H]3c4ccc(O)cc4CC[C@H]3[C@@H]1CC[C@@H]2OC(=O)CCC1CCCC1,0.0,train,../data/images/Tox21/1019.png
1020.0,FC(F)(Cl)C(F)(Cl)Cl,0.0,train,../data/images/Tox21/1020.png
1021.0,N[C@@H]1[C@H]2CN(c3nc4c(cc3F)c(=O)c(C(=O)O)cn4-c3ccc(F)cc3F)C[C@@H]12,1.0,train,../data/images/Tox21/1021.png
1022.0,CC(=O)O[C@H]1C[C@H](O[C@H]2[C@@H](O)C[C@H](O[C@H]3[C@@H](O)C[C@H](O[C@H]4CC[C@@]5(C)[C@H](CC[C@@H]6[C@@H]5C[C@@H](O)[C@]5(C)[C@@H](C7=CC(=O)OC7)CC[C@]65O)C4)O[C@@H]3C)O[C@@H]2C)O[C@H](C)[C@H]1O[C@@H]1O[C@H](CO)[C@@H](O)[C@H](O)[C@H]1O,1.0,train,../data/images/Tox21/1022.png
1023.0,CN(C/C=C/c1ccccc1)Cc1cccc2ccccc12,0.0,train,../data/images/Tox21/1023.png
1024.0,COCCl,0.0,train,../data/images/Tox21/1024.png
1025.0,Cc1ccc2ccccc2n1,0.0,train,../data/images/Tox21/1025.png
1026.0,CN(C)CCOCCN(C)C,0.0,train,../data/images/Tox21/1026.png
1027.0,CC1=C2[C@H]3OC(=O)[C@@H](C)[C@@H]3CC[C@@]2(C)C=CC1=O,0.0,train,../data/images/Tox21/1027.png
1028.0,CC(C)Nc1ccc(Nc2ccccc2)cc1,1.0,train,../data/images/Tox21/1028.png
1029.0,CCOC(=O)c1cncn1C(C)c1ccccc1,0.0,train,../data/images/Tox21/1029.png
1030.0,CN1CC(=O)N2[C@H](c3ccc4c(c3)OCO4)c3[nH]c4ccccc4c3C[C@@H]2C1=O,0.0,train,../data/images/Tox21/1030.png
1031.0,OCCN1CCN(CCCN2c3ccccc3C=Cc3ccccc32)CC1,0.0,train,../data/images/Tox21/1031.png
1032.0,CCC(C)Cl,0.0,train,../data/images/Tox21/1032.png
1033.0,C=CCON/C(CCC)=C1\C(=O)CC(C)(C)C(C(=O)OC)=C1[O-],0.0,train,../data/images/Tox21/1033.png
1034.0,CCCCCC=CCC(=O)OC,0.0,train,../data/images/Tox21/1034.png
1035.0,COCCCOc1ccnc(CS(=O)c2nc3ccccc3[n-]2)c1C,0.0,train,../data/images/Tox21/1035.png
1036.0,CCC(=O)OC,0.0,train,../data/images/Tox21/1036.png
1037.0,C=C1[C@H]2CC[C@@H]3[C@H]2C(C)(C)CCC[C@]13C,0.0,train,../data/images/Tox21/1037.png
1038.0,COC[C@H](c1ccc(C(F)(F)F)cc1)N1CCN(C2(C)CCN(C(=O)c3c(C)ncnc3C)CC2)C[C@H]1C,0.0,train,../data/images/Tox21/1038.png
1039.0,CN/C(=N\c1ccc(C2=NNC(=O)CC2C)cc1)NC#N,0.0,train,../data/images/Tox21/1039.png
1040.0,c1coc(Cn2cccc2)c1,0.0,train,../data/images/Tox21/1040.png
1041.0,ClC(Cl)(Cl)C(Cl)(Cl)Cl,0.0,train,../data/images/Tox21/1041.png
1042.0,COc1cc(C=O)cc2c1[C@H](COC(N)=O)[C@]1(OC(C)=O)ON2C[C@H]2[C@@H]1N2C(C)=O,1.0,train,../data/images/Tox21/1042.png
1043.0,C[N+]1(C)CCC(=C(c2ccccc2)c2ccccc2)CC1,0.0,train,../data/images/Tox21/1043.png
1044.0,O=C(Nc1ccccc1)c1ccccc1I,0.0,train,../data/images/Tox21/1044.png
1045.0,O=C(O)CCCc1ccc(N(CCCl)CCCl)cc1,1.0,train,../data/images/Tox21/1045.png
1046.0,Cc1ccc(N)c(S(=O)(=O)O)c1,0.0,train,../data/images/Tox21/1046.png
1047.0,Cc1ccc(N)cc1[N+](=O)[O-],0.0,train,../data/images/Tox21/1047.png
1048.0,CC1=NN(c2cc(S(=O)(=O)[O-])ccc2Cl)C(=O)C1/N=N/c1ccccc1,0.0,train,../data/images/Tox21/1048.png
1049.0,O=C(OCc1ccccc1)C(=O)OCc1ccccc1,0.0,train,../data/images/Tox21/1049.png
1050.0,Cc1cccc(C(=O)O)c1O,0.0,train,../data/images/Tox21/1050.png
1051.0,CC(=O)OCCC(C)C,0.0,train,../data/images/Tox21/1051.png
1052.0,C=CC(=O)OCCCCCC,0.0,train,../data/images/Tox21/1052.png
1053.0,CCCCN(CCCC)CCCOC(=O)c1ccc(N)cc1,0.0,train,../data/images/Tox21/1053.png
1054.0,CCCCC(CC)C(=O)OCCOCCOCCOCCOC(=O)C(CC)CCCC,0.0,train,../data/images/Tox21/1054.png
1055.0,CN(C)c1ccc(N=Nc2ccccc2)cc1,0.0,train,../data/images/Tox21/1055.png
1056.0,CC1=CCC(C(C)C)=CC1,0.0,train,../data/images/Tox21/1056.png
1057.0,COc1ccc(C(C)=O)cc1,0.0,train,../data/images/Tox21/1057.png
1058.0,COC(=O)CCC(=O)OC,0.0,train,../data/images/Tox21/1058.png
1059.0,CC(C)(C)NCC(O)c1cc(Cl)c(N)c(C(F)(F)F)c1,0.0,train,../data/images/Tox21/1059.png
1060.0,COCCCOc1cc(C[C@@H](C[C@H](N)[C@@H](O)C[C@H](C(=O)NCC(C)(C)C(N)=O)C(C)C)C(C)C)ccc1OC,0.0,train,../data/images/Tox21/1060.png
1061.0,COc1cc([C@@H]2c3cc4c(cc3C(O[C@@H]3O[C@@H]5COC(c6cccs6)O[C@H]5[C@H](O)[C@H]3O)C3COC(=O)[C@@H]32)OCO4)cc(OC)c1O,1.0,train,../data/images/Tox21/1061.png
1062.0,CC(=O)C(C)C,0.0,train,../data/images/Tox21/1062.png
1063.0,O=[Mo](=O)=O,0.0,train,../data/images/Tox21/1063.png
1064.0,O=C(O)c1ccccc1[N+](=O)[O-],0.0,train,../data/images/Tox21/1064.png
1065.0,CCCCCCCCCCCCC,0.0,train,../data/images/Tox21/1065.png
1066.0,OC[C@]1(O)OC[C@@H](O)[C@H](O)[C@@H]1O,0.0,train,../data/images/Tox21/1066.png
1067.0,C=C(C)C(=O)OCCOCCOCCOCCOC(=O)C(=C)C,0.0,train,../data/images/Tox21/1067.png
1068.0,O=C(O)CCS,0.0,train,../data/images/Tox21/1068.png
1069.0,COC(=O)[C@H]1[C@H]2C[C@H]3c4[nH]c5ccccc5c4CCN3C[C@H]2CC[C@@H]1O,0.0,train,../data/images/Tox21/1069.png
1070.0,C=C(C)C(=O)OCC(C)(C)COC(=O)C(=C)C,0.0,train,../data/images/Tox21/1070.png
1071.0,CC(C)(C)c1cc(O)ccc1O,0.0,train,../data/images/Tox21/1071.png
1072.0,CC1=CC[C@@H]2C[C@H]1C2(C)C,0.0,train,../data/images/Tox21/1072.png
1073.0,NC(=O)c1ccccc1C(N)=O,0.0,train,../data/images/Tox21/1073.png
1074.0,C=Cc1ccccc1C=C,0.0,train,../data/images/Tox21/1074.png
1075.0,CC(C)(C)C(=O)c1ccccc1,0.0,train,../data/images/Tox21/1075.png
1076.0,Cc1cnc(C(=O)NCCc2ccc(S(=O)(=O)NC(=O)NC3CCCCC3)cc2)cn1,0.0,train,../data/images/Tox21/1076.png
1077.0,CC(C)c1nnc2ccc(-c3ocnc3-c3cc(F)ccc3F)cn12,0.0,train,../data/images/Tox21/1077.png
1078.0,C[C@H](CCC(=O)NCC(=O)O)[C@H]1CC[C@H]2[C@@H]3[C@H](O)C[C@@H]4C[C@H](O)CC[C@]4(C)[C@H]3C[C@H](O)[C@]12C,0.0,train,../data/images/Tox21/1078.png
1079.0,CNC(=O)c1ccccc1,0.0,train,../data/images/Tox21/1079.png
1080.0,CCC1(c2ccccc2)C(=O)N(COC)C(=O)N(COC)C1=O,0.0,train,../data/images/Tox21/1080.png
1081.0,O=C([O-])Cc1ccccc1Nc1c(Cl)cccc1Cl,1.0,train,../data/images/Tox21/1081.png
1082.0,N[C@@H](Cc1cc(I)c(Oc2ccc(O)c(I)c2)c(I)c1)C(=O)O,0.0,train,../data/images/Tox21/1082.png
1083.0,CC(C)(CO)[N+](=O)[O-],0.0,train,../data/images/Tox21/1083.png
1084.0,CCCCCCCCCCCCCC=O,0.0,train,../data/images/Tox21/1084.png
1085.0,CCCCN(CCO)CCO,0.0,train,../data/images/Tox21/1085.png
1086.0,CCOP(=O)(Cl)Cl,0.0,train,../data/images/Tox21/1086.png
1087.0,OC[C@H]1O[C@@H]2O[C@H]3[C@H](O)[C@@H](O)[C@@H](O[C@H]4[C@H](O)[C@@H](O)[C@@H](O[C@H]5[C@H](O)[C@@H](O)[C@@H](O[C@H]6[C@H](O)[C@@H](O)[C@@H](O[C@H]7[C@H](O)[C@@H](O)[C@@H](O[C@H]8[C@H](O)[C@@H](O)[C@@H](O[C@H]1[C@H](O)[C@H]2O)O[C@@H]8CO)O[C@@H]7CO)O[C@@H]6CO)O[C@@H]5CO)O[C@@H]4CO)O[C@@H]3CO,0.0,train,../data/images/Tox21/1087.png
1088.0,c1ccc2[nH]cnc2c1,0.0,train,../data/images/Tox21/1088.png
1089.0,CC[C@@]1(O)C[C@H](O[C@H]2C[C@H](N(C)C)[C@H](O[C@H]3C[C@H](O)[C@H](O[C@H]4CCC(=O)[C@H](C)O4)[C@H](C)O3)[C@H](C)O2)c2c(cc3c(c2O)C(=O)c2c(O)cccc2C3=O)[C@H]1C(=O)OC,1.0,train,../data/images/Tox21/1089.png
1090.0,CC(=O)OCCC(C)CC(C)(C)C,0.0,train,../data/images/Tox21/1090.png
1091.0,CC1CCC(CO)CC1,0.0,train,../data/images/Tox21/1091.png
1092.0,CC[C@@]1(O)C(=O)OCc2c1cc1n(c2=O)Cc2cc3c([N+](=O)[O-])cccc3nc2-1,1.0,train,../data/images/Tox21/1092.png
1093.0,CC(COC(C)(C)C)OCCCO,0.0,train,../data/images/Tox21/1093.png
1094.0,CC(=O)Nc1ccc(S(=O)(=O)Nc2ccc([N+](=O)[O-])cc2)cc1,0.0,train,../data/images/Tox21/1094.png
1095.0,CC(=O)Nc1cc(S(=O)(=O)[O-])cc2cc(S(=O)(=O)[O-])c(N=Nc3ccccc3)c(O)c12,0.0,train,../data/images/Tox21/1095.png
1096.0,O=C(O)c1ccc2c(c1)C(=O)OC2=O,0.0,train,../data/images/Tox21/1096.png
1097.0,CCN(CCO)c1cccc(C)c1,0.0,train,../data/images/Tox21/1097.png
1098.0,C[N@+]12CCCC[C@@H]1CCC(=C(c1cccs1)c1cccs1)C2,0.0,train,../data/images/Tox21/1098.png
1099.0,CC(=O)OC(C)C(=O)OCC[N+](C)(C)C,0.0,train,../data/images/Tox21/1099.png
1100.0,CC[Si](OC(C)=O)(OC(C)=O)OC(C)=O,0.0,train,../data/images/Tox21/1100.png
1101.0,O=C(CCCCCCC(=O)Nc1ccccc1)NO,1.0,train,../data/images/Tox21/1101.png
1102.0,CC(=O)Nc1ccc(C(=O)O)cc1,0.0,train,../data/images/Tox21/1102.png
1103.0,CC1(CN2CCC(n3c(=O)[nH]c4ccccc43)CC2)OCc2ccccc2-n2cccc21,0.0,train,../data/images/Tox21/1103.png
1104.0,CC(C)Cn1cnc2c(N)nc3ccccc3c21,0.0,train,../data/images/Tox21/1104.png
1105.0,CO[C@H]1C=CO[C@@]2(C)Oc3c(C)c(O)c4c(O)c(cc([O-])c4c3C2=O)NC(=O)C(C)=CC=C[C@H](C)[C@H](O)[C@@H](C)[C@@H](O)[C@@H](C)[C@H](OC(C)=O)[C@@H]1C,0.0,train,../data/images/Tox21/1105.png
1106.0,c1ccc([Bi](c2ccccc2)c2ccccc2)cc1,0.0,train,../data/images/Tox21/1106.png
1107.0,Cc1ccc(NC(=O)N(C)C)cc1NC(=O)N(C)C,0.0,train,../data/images/Tox21/1107.png
1108.0,CC(=O)O[C@H]1CC[C@H]2[C@@H]3CCC4=CC(=O)CCC4=C3C=C[C@]12C,0.0,train,../data/images/Tox21/1108.png
1109.0,OCCN(CCO)CCO,0.0,train,../data/images/Tox21/1109.png
1110.0,CC(NC(C)(C)C)C(=O)c1cccc(Cl)c1,0.0,train,../data/images/Tox21/1110.png
1111.0,O=P(O)(O)C(O)(Cc1cnc2ccccn12)P(=O)(O)O,0.0,train,../data/images/Tox21/1111.png
1112.0,CCN(CC)c1nc(C)cc(OP(=S)(OC)OC)n1,0.0,train,../data/images/Tox21/1112.png
1113.0,Nc1nc(-c2ccccc2)cs1,0.0,train,../data/images/Tox21/1113.png
1114.0,C=COCCCCO,0.0,train,../data/images/Tox21/1114.png
1115.0,Oc1c(Cl)ccc(Cl)c1Cl,0.0,train,../data/images/Tox21/1115.png
1116.0,CCCCN(CC)c1c([N+](=O)[O-])cc(C(F)(F)F)cc1[N+](=O)[O-],0.0,train,../data/images/Tox21/1116.png
1117.0,CC(C)NCC(O)c1ccccc1Cl,0.0,train,../data/images/Tox21/1117.png
1118.0,CC(Cc1ccccc1)(NC(=O)CN)c1ccccc1,0.0,train,../data/images/Tox21/1118.png
1119.0,CCCCCCCCCCCBr,0.0,train,../data/images/Tox21/1119.png
1120.0,NC(=O)c1cc[n+](CC2=C(C(=O)[O-])N3C(=O)[C@@H](NC(=O)[C@H](c4ccccc4)S(=O)(=O)[O-])[C@@H]3SC2)cc1,0.0,train,../data/images/Tox21/1120.png
1121.0,CCOC(=O)C(C)OC(=O)c1cc(Oc2ccc(C(F)(F)F)cc2Cl)ccc1[N+](=O)[O-],0.0,train,../data/images/Tox21/1121.png
1122.0,Nc1ccc(C(=O)[O-])c(O)c1,0.0,train,../data/images/Tox21/1122.png
1123.0,CCOc1ccccc1OCCN[C@H](C)Cc1ccc(OC)c(S(N)(=O)=O)c1,0.0,train,../data/images/Tox21/1123.png
1124.0,COc1cccc(CCc2ccccc2OCC(CN(C)C)OC(=O)CCC(=O)O)c1,0.0,train,../data/images/Tox21/1124.png
1125.0,O=C(O)c1cc2ccccc2nc1C(=O)O,0.0,train,../data/images/Tox21/1125.png
1126.0,C[N+](C)(C)CC(O)CCl,0.0,train,../data/images/Tox21/1126.png
1127.0,CC(=O)Nc1ccc(C)cc1C,0.0,train,../data/images/Tox21/1127.png
1128.0,CCc1cnc(C(=O)O)c(C(=O)O)c1,0.0,train,../data/images/Tox21/1128.png
1129.0,Nc1ncnc2c1ncn2[C@@H]1O[C@H](CO)[C@@H](O)[C@H]1O,0.0,train,../data/images/Tox21/1129.png
1130.0,COCCCC/C(=N\OCCN)c1ccc(C(F)(F)F)cc1,0.0,train,../data/images/Tox21/1130.png
1131.0,CC(C)C[C@H]1C(=O)N2CCC[C@H]2[C@]2(O)O[C@](NC(=O)[C@@H]3C[C@@H]4c5cccc6[nH]cc(c56)C[C@H]4N(C)C3)(C(C)C)C(=O)N12,0.0,train,../data/images/Tox21/1131.png
1132.0,O=C(NC(=O)c1c(F)cccc1F)Nc1ccc(Cl)c(Oc2ncc(C(F)(F)F)cc2Cl)c1,1.0,train,../data/images/Tox21/1132.png
1133.0,Cc1cc(OC(=O)N(C)C)nn1C(=O)N(C)C,0.0,train,../data/images/Tox21/1133.png
1134.0,c1ccsc1,0.0,train,../data/images/Tox21/1134.png
1135.0,Cc1ccnc(N)c1,0.0,train,../data/images/Tox21/1135.png
1136.0,Cc1ccc(NC(=O)c2ccc(CN3CCN(C)CC3)cc2)cc1Nc1nccc(-c2cccnc2)n1,0.0,train,../data/images/Tox21/1136.png
1137.0,CCCCCCCCCC=O,0.0,train,../data/images/Tox21/1137.png
1138.0,O=C1OC(=O)C2C3C=CC(C3)C12,0.0,train,../data/images/Tox21/1138.png
1139.0,O=Cc1ccc(C(=O)O)cc1,0.0,train,../data/images/Tox21/1139.png
1140.0,CN(C)CCn1nnnc1SCC1=C(C(=O)O)N2C(=O)[C@@H](NC(=O)Cc3csc(N)n3)[C@H]2SC1,0.0,train,../data/images/Tox21/1140.png
1141.0,CCCCNC1CC(C)(C)NC(C)(C)C1,0.0,train,../data/images/Tox21/1141.png
1142.0,CCC(C(=O)NC(N)=O)c1ccccc1,0.0,train,../data/images/Tox21/1142.png
1143.0,CC/C=C\CCOC(C)=O,0.0,train,../data/images/Tox21/1143.png
1144.0,CC1(C)S[C@@H]2[C@H](NC(=O)[C@H](N)c3ccc(O)cc3)C(=O)N2[C@H]1C(=O)O,0.0,train,../data/images/Tox21/1144.png
1145.0,CCCc1nc2c(C)cc(-c3nc4ccccc4n3C)cc2n1Cc1ccc(-c2ccccc2C(=O)O)cc1,0.0,train,../data/images/Tox21/1145.png
1146.0,CCN(CC)CC(=O)Nc1c(C)cccc1C,0.0,train,../data/images/Tox21/1146.png
1147.0,COC(=O)C1=C(C#N)NC(C)=C(C(=O)OC(C)C)C1c1cccc([N+](=O)[O-])c1,0.0,train,../data/images/Tox21/1147.png
1148.0,CCOP(=S)(OCC)SCCl,0.0,train,../data/images/Tox21/1148.png
1149.0,C=CCSCC1Nc2cc(Cl)c(S(N)(=O)=O)cc2S(=O)(=O)N1,0.0,train,../data/images/Tox21/1149.png
1150.0,Cc1ccnc2ccccc12,0.0,train,../data/images/Tox21/1150.png
1151.0,OC[C@@H](O)[C@@H](O)CO,0.0,train,../data/images/Tox21/1151.png
1152.0,CCCCOC(=O)C(C)OC(=O)CCC,0.0,train,../data/images/Tox21/1152.png
1153.0,CS(C)=O,0.0,train,../data/images/Tox21/1153.png
1154.0,O=C(Oc1ccccc1)c1ccc(O)cc1,0.0,train,../data/images/Tox21/1154.png
1155.0,NC(=O)N(O)[C@@H]1C=C[C@H](Oc2cccc(Oc3ccc(F)cc3)c2)C1,0.0,train,../data/images/Tox21/1155.png
1156.0,O=C(O)c1ccc2cc(C(=O)O)ccc2c1,0.0,train,../data/images/Tox21/1156.png
1157.0,CCCCCCCCOC(=O)c1ccccc1C(=O)OCCCCCCCC,0.0,train,../data/images/Tox21/1157.png
1158.0,COCCCOCCCOC,0.0,train,../data/images/Tox21/1158.png
1159.0,Cc1nc(-c2ccc(OCC(C)C)c(C#N)c2)sc1C(=O)O,0.0,train,../data/images/Tox21/1159.png
1160.0,OC[C@H]1O[C@](O)(CO)[C@@H](O)[C@@H]1O,0.0,train,../data/images/Tox21/1160.png
1161.0,O=[N+]([O-])c1ccc(F)cc1F,0.0,train,../data/images/Tox21/1161.png
1162.0,Cn1sccc1=O,0.0,train,../data/images/Tox21/1162.png
1163.0,C[C@]12C=CC(=O)C=C1CC[C@H]1[C@@H]3C[C@@H](O)[C@](O)(C(=O)CO)[C@@]3(C)C[C@H](O)[C@@]12F,0.0,train,../data/images/Tox21/1163.png
1164.0,COC(=O)C1=C(C)NC(C)=C(C(=O)OCC(C)=O)C1c1ccccc1[N+](=O)[O-],0.0,train,../data/images/Tox21/1164.png
1165.0,C#CC(C)N(C)C(=O)Nc1ccc(Cl)cc1,0.0,train,../data/images/Tox21/1165.png
1166.0,OC(CCCN1CCCCC1)(c1ccccc1)c1ccccc1,0.0,train,../data/images/Tox21/1166.png
1167.0,Cc1cccc2sc3nncn3c12,0.0,train,../data/images/Tox21/1167.png
1168.0,CCCC(C)C(O)CC,0.0,train,../data/images/Tox21/1168.png
1169.0,CN(C1CCCCC1)C1CCCCC1,0.0,train,../data/images/Tox21/1169.png
1170.0,Nc1ccc(-c2ccc(N)c(N)c2)cc1N,0.0,train,../data/images/Tox21/1170.png
1171.0,CCOC(=N)CC(=O)OCC,0.0,train,../data/images/Tox21/1171.png
1172.0,c1ccc([C@H]2CN3CCSC3=N2)cc1,0.0,train,../data/images/Tox21/1172.png
1173.0,Cc1ccc(O)c([N+](=O)[O-])c1,0.0,train,../data/images/Tox21/1173.png
1174.0,CNC(=O)Oc1cccc(N=CN(C)C)c1,0.0,train,../data/images/Tox21/1174.png
1175.0,O=C(NC1CCN(CCc2c[nH]c3ccccc23)CC1)c1ccccc1,0.0,train,../data/images/Tox21/1175.png
1176.0,CC(=O)OCC1=C(C(=O)[O-])N2C(=O)[C@@H](NC(=O)CSc3ccncc3)[C@H]2SC1,0.0,train,../data/images/Tox21/1176.png
1177.0,C[N+](C)(C)CCOC(=O)CCC(=O)OCC[N+](C)(C)C,0.0,train,../data/images/Tox21/1177.png
1178.0,Cc1cccc(C)c1NC(=O)c1cc(S(N)(=O)=O)c(Cl)cc1O,0.0,train,../data/images/Tox21/1178.png
1179.0,Clc1cc(Cl)c(Cl)nc1Cl,0.0,train,../data/images/Tox21/1179.png
1180.0,C=CC[C@]1(O)CC[C@H]2[C@@H]3CCC4=CC(=O)CCC4=C3C=C[C@@]21C,0.0,train,../data/images/Tox21/1180.png
1181.0,CCCN1CCC[C@@H](c2cccc(O)c2)C1,0.0,train,../data/images/Tox21/1181.png
1182.0,c1ccc(SSc2ccccc2)cc1,0.0,train,../data/images/Tox21/1182.png
1183.0,CC(C)(N)C#N,0.0,train,../data/images/Tox21/1183.png
1184.0,O=C(O)c1ccc(Cl)c(Cl)c1,0.0,train,../data/images/Tox21/1184.png
1185.0,Cc1cc(O)c2c(O)c3c(O)cccc3cc2c1,0.0,train,../data/images/Tox21/1185.png
1186.0,CCCN(CCC)c1c([N+](=O)[O-])cc(C(F)(F)F)cc1[N+](=O)[O-],0.0,train,../data/images/Tox21/1186.png
1187.0,O=P(OC(CCl)CCl)(OC(CCl)CCl)OC(CCl)CCl,0.0,train,../data/images/Tox21/1187.png
1188.0,N[C@@H](Cc1cc(I)c(O)c(I)c1)C(=O)O,0.0,train,../data/images/Tox21/1188.png
1189.0,C=CC(C)(CCC=C(C)C)OC=O,0.0,train,../data/images/Tox21/1189.png
1190.0,Cc1ncc2n1-c1ccc(Cl)cc1C(c1ccccc1F)=NC2,0.0,train,../data/images/Tox21/1190.png
1191.0,CCCCOC(CC)OC(C)COC(O)CC,0.0,train,../data/images/Tox21/1191.png
1192.0,CC1(C)OC[C@@H](COC(=O)CCc2ccc(OC[C@@H](O)CNCCNC(=O)N3CCOCC3)cc2)O1,0.0,train,../data/images/Tox21/1192.png
1193.0,O=C(O)CS,0.0,train,../data/images/Tox21/1193.png
1194.0,N=C(N)NC(=N)N1CCOCC1,0.0,train,../data/images/Tox21/1194.png
1195.0,CCCCC1CCC(=O)O1,0.0,train,../data/images/Tox21/1195.png
1196.0,C=C(C)C(=O)OCCC[Si](OC)(OC)OC,0.0,train,../data/images/Tox21/1196.png
1197.0,CCC1(c2ccccc2)C(=O)NCNC1=O,0.0,train,../data/images/Tox21/1197.png
1198.0,OC(c1ccccc1)(c1ccccc1)C1CCNCC1,0.0,train,../data/images/Tox21/1198.png
1199.0,CC(=O)Nc1ccc(S(=O)(=O)Nc2cc(C)on2)cc1,0.0,train,../data/images/Tox21/1199.png
1200.0,Cc1cccc2[nH]nnc12,0.0,train,../data/images/Tox21/1200.png
1201.0,CC(C)COP(=O)(OCC(C)C)OCC(C)C,0.0,train,../data/images/Tox21/1201.png
1202.0,O=C(C(=O)c1ccccc1)c1ccccc1,0.0,train,../data/images/Tox21/1202.png
1203.0,S=C=S,0.0,train,../data/images/Tox21/1203.png
1204.0,C=C[Si](C)(C)O[Si](C)(C)C=C,0.0,train,../data/images/Tox21/1204.png
1205.0,Nc1nc(=O)c2c([nH]1)NCC(CNc1ccc(C(=O)N[C@@H](CCC(=O)[O-])C(=O)[O-])cc1)N2C=O,0.0,train,../data/images/Tox21/1205.png
1206.0,C=CC(C)CCCC(C)(C)O,0.0,train,../data/images/Tox21/1206.png
1207.0,[Fe+3],0.0,train,../data/images/Tox21/1207.png
1208.0,CCOc1nc(F)cc2nc(S(=O)(=O)Nc3c(Cl)cccc3Cl)nn12,0.0,train,../data/images/Tox21/1208.png
1209.0,[As]#[In],0.0,train,../data/images/Tox21/1209.png
1210.0,S=C1SCN(Cc2ccccc2)CN1Cc1ccccc1,0.0,train,../data/images/Tox21/1210.png
1211.0,CC(C)CC(=O)OCc1ccccc1,0.0,train,../data/images/Tox21/1211.png
1212.0,P#[In],0.0,train,../data/images/Tox21/1212.png
1213.0,CC(C)(C)c1ccc(O)cc1,0.0,train,../data/images/Tox21/1213.png
1214.0,O=c1cc[nH]c(=S)[nH]1,0.0,train,../data/images/Tox21/1214.png
1215.0,c1ccc(Nc2ccccc2)cc1,0.0,train,../data/images/Tox21/1215.png
1216.0,CCNc1nc(NC(C)CC)nc(OC)n1,0.0,train,../data/images/Tox21/1216.png
1217.0,Cc1ccc(S(=O)(=O)NC(=O)N[C@@H](C)Cc2ccccc2)cc1,0.0,train,../data/images/Tox21/1217.png
1218.0,CN(C)C1CCCCC1,0.0,train,../data/images/Tox21/1218.png
1219.0,Nc1cnn(-c2ccccc2)c(=O)c1Cl,0.0,train,../data/images/Tox21/1219.png
1220.0,Oc1ccc2c(c1)OCO2,0.0,train,../data/images/Tox21/1220.png
1221.0,OC(CCN1CCCCC1)(c1ccccc1)C1CC2C=CC1C2,0.0,train,../data/images/Tox21/1221.png
1222.0,C1=CCCC=CCC1,0.0,train,../data/images/Tox21/1222.png
1223.0,Cc1cc(N)n(-c2ccccc2)n1,0.0,train,../data/images/Tox21/1223.png
1224.0,CNc1ccccc1,0.0,train,../data/images/Tox21/1224.png
1225.0,CCCCCCCCCCCCCCCCCCOCCO,0.0,train,../data/images/Tox21/1225.png
1226.0,Cc1c2ccccc2c(C)c2c1ccc1ccccc12,1.0,train,../data/images/Tox21/1226.png
1227.0,Nc1ccc(S(=O)(=O)[N-]c2ncccn2)cc1,0.0,train,../data/images/Tox21/1227.png
1228.0,C=C(C)C(=O)OC1CC(C)CC(C)(C)C1,0.0,train,../data/images/Tox21/1228.png
1229.0,COC(=O)CCSCCC(=O)OC,0.0,train,../data/images/Tox21/1229.png
1230.0,CC(Oc1cc(Cl)ccc1Cl)C(=O)O,0.0,train,../data/images/Tox21/1230.png
1231.0,O=C(c1cc2ccccc2o1)N1CCN(Cc2ccccc2)CC1,0.0,train,../data/images/Tox21/1231.png
1232.0,CC(C)=CCC/C(C)=C/CC/C(C)=C/CCC(=O)OC/C=C(\C)CCC=C(C)C,0.0,train,../data/images/Tox21/1232.png
1233.0,CCN1CCC[C@H]1CNC(=O)c1c(OC)ccc(Br)c1OC,0.0,train,../data/images/Tox21/1233.png
1234.0,C#C[C@]1(O)CC[C@H]2[C@@H]3CCc4cc(O)ccc4[C@H]3CC[C@@]21C,1.0,train,../data/images/Tox21/1234.png
1235.0,CCCSP(=S)(OCC)Oc1ccc(Cl)cc1Cl,0.0,train,../data/images/Tox21/1235.png
1236.0,Oc1c(Cl)c(Cl)c(Cl)c(Cl)c1Cl,1.0,train,../data/images/Tox21/1236.png
1237.0,NCCC[C@H](N)C(=O)O,0.0,train,../data/images/Tox21/1237.png
1238.0,O=C(CCCCCCCCC#CI)Oc1ccccc1,0.0,train,../data/images/Tox21/1238.png
1239.0,Cc1ccc([N+](=O)[O-])cc1N,0.0,train,../data/images/Tox21/1239.png
1240.0,COc1nc(N)nc2nc[nH]c12,0.0,train,../data/images/Tox21/1240.png
1241.0,COS(=O)(=O)OC,0.0,train,../data/images/Tox21/1241.png
1242.0,CC(C)[N+](C)(CCOC(=O)C1c2ccccc2Oc2ccccc21)C(C)C,0.0,train,../data/images/Tox21/1242.png
1243.0,CN(C)C(=N)NC(=N)N,0.0,train,../data/images/Tox21/1243.png
1244.0,CCCC[Sn](CCCC)(OC(C)=O)OC(C)=O,1.0,train,../data/images/Tox21/1244.png
1245.0,CN(C)c1ccccc1,0.0,train,../data/images/Tox21/1245.png
1246.0,N#CCCNCCC#N,0.0,train,../data/images/Tox21/1246.png
1247.0,Nc1cc(Cl)cc(C(=O)O)c1Cl,0.0,train,../data/images/Tox21/1247.png
1248.0,Cc1ccccc1C(=O)Nc1cccc(OC(C)C)c1,0.0,train,../data/images/Tox21/1248.png
1249.0,C=C1/C(=C\C=C2/CCC[C@]3(C)[C@@H]([C@H](C)OCCC(C)(C)O)CC[C@@H]23)C[C@@H](O)C[C@@H]1O,1.0,train,../data/images/Tox21/1249.png
1250.0,C#C[C@]1(O)CC[C@H]2[C@@H]3CCC4=CC(=O)CC[C@]4(C)[C@H]3CC[C@@]21C,0.0,train,../data/images/Tox21/1250.png
1251.0,CCCN1CCCC[C@H]1C(=O)Nc1c(C)cccc1C,0.0,train,../data/images/Tox21/1251.png
1252.0,CC1(N)CCC(C(C)(C)N)CC1,0.0,train,../data/images/Tox21/1252.png
1253.0,O=S(=O)(O)c1cc(O)ccc1O,0.0,train,../data/images/Tox21/1253.png
1254.0,Cc1nnc(C(C)C)n1C1C[C@H]2CC[C@H](C1)N2CC[C@H](NC(=O)C1CCC(F)(F)CC1)c1ccccc1,0.0,train,../data/images/Tox21/1254.png
1255.0,CCO[Si](CCCS)(OCC)OCC,0.0,train,../data/images/Tox21/1255.png
1256.0,Cc1ccc(C(C)(C)O)cc1,0.0,train,../data/images/Tox21/1256.png
1257.0,c1ccc2c(c1)Sc1ccccc1N2CC1CN2CCC1CC2,0.0,train,../data/images/Tox21/1257.png
1258.0,Nc1ccccc1Cl,0.0,train,../data/images/Tox21/1258.png
1259.0,CC(C)=CCO,0.0,train,../data/images/Tox21/1259.png
1260.0,Oc1ccccc1,0.0,train,../data/images/Tox21/1260.png
1261.0,COC(C)(C)C,0.0,train,../data/images/Tox21/1261.png
1262.0,CCn1cc(C(=O)O)c(=O)c2cc(F)c(N3CCNCC3)nc21,0.0,train,../data/images/Tox21/1262.png
1263.0,Cc1cc(C(=O)NCCc2ccc(S(=O)(=O)NC(=O)NN3CCCCCC3)cc2)no1,0.0,train,../data/images/Tox21/1263.png
1264.0,CC(=O)c1ccc2ccc3ccccc3c2c1,1.0,train,../data/images/Tox21/1264.png
1265.0,COC(=O)[C@H](Cc1ccccc1)NC(=O)[C@@H](N)CC(=O)O,0.0,train,../data/images/Tox21/1265.png
1266.0,Cc1cc(O)c(Cl)cc1C,0.0,train,../data/images/Tox21/1266.png
1267.0,O=C(O)c1cccnc1Nc1cccc(C(F)(F)F)c1,0.0,train,../data/images/Tox21/1267.png
1268.0,O=C(O)C(=O)O,0.0,train,../data/images/Tox21/1268.png
1269.0,CCCCCCCCCCCCCCC[C@H](O)[C@@H](N)CO,0.0,train,../data/images/Tox21/1269.png
1270.0,COCC(C)N(C(=O)CCl)c1c(C)csc1C,0.0,train,../data/images/Tox21/1270.png
1271.0,C=COCCOCCOC=C,0.0,train,../data/images/Tox21/1271.png
1272.0,CC(C)=CCC/C(C)=C/CC/C(C)=C/CC/C=C(\C)CC/C=C(\C)CCC=C(C)C,0.0,train,../data/images/Tox21/1272.png
1273.0,CCCC(=O)c1ccccc1,0.0,train,../data/images/Tox21/1273.png
1274.0,CCOC(=O)C1=NOC(c2ccccc2)(c2ccccc2)C1,0.0,train,../data/images/Tox21/1274.png
1275.0,CC(=O)OC(C)OC(=O)C(C)c1ccc(-c2ccccc2)c(F)c1,0.0,train,../data/images/Tox21/1275.png
1276.0,CC(C)CCCCCOC(=O)c1ccccc1C(=O)OCCCCCC(C)C,0.0,train,../data/images/Tox21/1276.png
1277.0,O=c1cc(-c2ccccc2)oc2ccc3ccccc3c12,0.0,train,../data/images/Tox21/1277.png
1278.0,C[C@]12C=CC(=O)C=C1CC[C@@H]1[C@@H]2CC[C@]2(C)OC(=O)CC[C@@H]12,0.0,train,../data/images/Tox21/1278.png
1279.0,ClCCOCOCCCl,0.0,train,../data/images/Tox21/1279.png
1280.0,COC(=O)/C=C/c1ccccc1,0.0,train,../data/images/Tox21/1280.png
1281.0,CCCNC(C)C(=O)Nc1c(C)csc1C(=O)OC,0.0,train,../data/images/Tox21/1281.png
1282.0,[Zn+2],0.0,train,../data/images/Tox21/1282.png
1283.0,O=P(O)(OCc1ccccc1)OCc1ccccc1,0.0,train,../data/images/Tox21/1283.png
1284.0,CN(C)C,0.0,train,../data/images/Tox21/1284.png
1285.0,Nc1ccccc1[N+](=O)[O-],0.0,train,../data/images/Tox21/1285.png
1286.0,O=C([O-])CF,0.0,train,../data/images/Tox21/1286.png
1287.0,Cc1ccc(C(C)(C)C)c(O)c1,0.0,train,../data/images/Tox21/1287.png
1288.0,Nc1c(Cl)cc(Cl)cc1Cl,0.0,train,../data/images/Tox21/1288.png
1289.0,C1CCC2(CCCCO2)OC1,0.0,train,../data/images/Tox21/1289.png
1290.0,O=C(CC(C(=O)OC1CCCCC1)S(=O)(=O)[O-])OC1CCCCC1,0.0,train,../data/images/Tox21/1290.png
1291.0,CCOC(=O)Cc1ccccc1,0.0,train,../data/images/Tox21/1291.png
1292.0,NCC1CCC(C(=O)O)CC1,0.0,train,../data/images/Tox21/1292.png
1293.0,CC(C)(O)c1ccc(C(C)(C)O)cc1,0.0,train,../data/images/Tox21/1293.png
1294.0,OC(CN1CCC(Cc2ccc(F)cc2)CC1)c1ccc(Cl)cc1,0.0,train,../data/images/Tox21/1294.png
1295.0,c1ccc(CN(Cc2ccccc2)Cc2ccccc2)cc1,0.0,train,../data/images/Tox21/1295.png
1296.0,O=C(N[C@H]1CN2CCC1CC2)c1cc2ccoc2cn1,0.0,train,../data/images/Tox21/1296.png
1297.0,[Mn+2],0.0,train,../data/images/Tox21/1297.png
1298.0,C=CC(C)(C)CC(=O)OC,0.0,train,../data/images/Tox21/1298.png
1299.0,Cc1c(N)cccc1N,0.0,train,../data/images/Tox21/1299.png
1300.0,CC(=O)OC/C=C(C)/C=C/C=C(C)/C=C/C1=C(C)CCCC1(C)C,0.0,train,../data/images/Tox21/1300.png
1301.0,CCOC(=O)C(F)(F)F,0.0,train,../data/images/Tox21/1301.png
1302.0,CC(C)Cc1ccc([C@@H](C)C(=O)NS(C)(=O)=O)cc1,0.0,train,../data/images/Tox21/1302.png
1303.0,C/C=C/C=C/CO,0.0,train,../data/images/Tox21/1303.png
1304.0,O=C1c2ccccc2-c2n[nH]c3cccc1c23,1.0,train,../data/images/Tox21/1304.png
1305.0,Cc1ccc(S(=O)(=O)NC(=O)NC2CCCCCCC2)cc1,0.0,train,../data/images/Tox21/1305.png
1306.0,Cc1occc(=O)c1O,0.0,train,../data/images/Tox21/1306.png
1307.0,CC(=O)Nc1ccc(OC(C)=O)cc1,0.0,train,../data/images/Tox21/1307.png
1308.0,Clc1cccc2ccccc12,0.0,train,../data/images/Tox21/1308.png
1309.0,C=CCOCC(O)CS(=O)(=O)[O-],0.0,train,../data/images/Tox21/1309.png
1310.0,COc1cc(Cl)c(OC)cc1Cl,0.0,train,../data/images/Tox21/1310.png
1311.0,CC(C)OC(=O)Nc1ccc2[nH]c(-c3cscn3)nc2c1,1.0,train,../data/images/Tox21/1311.png
1312.0,CCc1ccc(C(=O)NN(C(=O)c2cc(C)cc(C)c2)C(C)(C)C)cc1,0.0,train,../data/images/Tox21/1312.png
1313.0,C[C@@H]1CC[C@H]2C(C)(C)[C@H]3C[C@@]12CC[C@@]3(C)O,0.0,train,../data/images/Tox21/1313.png
1314.0,Cc1ccc(Nc2nccc(N(C)c3ccc4c(C)n(C)nc4c3)n2)cc1S(N)(=O)=O,1.0,train,../data/images/Tox21/1314.png
1315.0,C=CC(=O)OCC,0.0,train,../data/images/Tox21/1315.png
1316.0,C=CC(=O)OCC1CC2CC1C1CCC(COC(=O)C=C)C21,1.0,train,../data/images/Tox21/1316.png
1317.0,CCn1cc(C(=O)O)c(=O)c2ccc(C)nc21,0.0,train,../data/images/Tox21/1317.png
1318.0,CC[Sn](Br)(CC)CC,1.0,train,../data/images/Tox21/1318.png
1319.0,ClC(Cl)Br,0.0,train,../data/images/Tox21/1319.png
1320.0,CCOC(=O)Nc1ccc2c(c1)N(C(=O)CN(C)C)c1ccccc1CC2,0.0,train,../data/images/Tox21/1320.png
1321.0,CCC1(c2ccc(N)cc2)CCC(=O)NC1=O,0.0,train,../data/images/Tox21/1321.png
1322.0,CC(Cc1ccc(O)cc1)NCC(O)c1cc(O)cc(O)c1,0.0,train,../data/images/Tox21/1322.png
1323.0,c1ccc2sc(SN(C3CCCCC3)C3CCCCC3)nc2c1,0.0,train,../data/images/Tox21/1323.png
1324.0,C[Si](C)(C)Cl,0.0,train,../data/images/Tox21/1324.png
1325.0,CN1CCCC(n2nc(Cc3ccc(Cl)cc3)c3ccccc3c2=O)CC1,0.0,train,../data/images/Tox21/1325.png
1326.0,CC(=O)Oc1c(C)cc(OCC(O)CNC(C)C)c(C)c1C,0.0,train,../data/images/Tox21/1326.png
1327.0,CCC(C)(C)OC(=O)N[C@@H](Cc1c[nH]c2ccccc12)C(=O)N[C@@H](CCSC)C(=O)N[C@@H](CC(=O)O)C(=O)N[C@@H](Cc1ccccc1)C(N)=O,0.0,train,../data/images/Tox21/1327.png
1328.0,CC(C)NCC(O)c1ccc(NS(C)(=O)=O)cc1,0.0,train,../data/images/Tox21/1328.png
1329.0,CCCCCCCCCC(=O)OC,0.0,train,../data/images/Tox21/1329.png
1330.0,CN(C)C(=O)Cl,0.0,train,../data/images/Tox21/1330.png
1331.0,BrC(Br)Br,0.0,train,../data/images/Tox21/1331.png
1332.0,O=C(O)CNC(=O)c1ccc(CO)o1,0.0,train,../data/images/Tox21/1332.png
1333.0,CCCCCC=O,0.0,train,../data/images/Tox21/1333.png
1334.0,CCOc1ccc2nc3cc(N)ccc3c(N)c2c1,1.0,train,../data/images/Tox21/1334.png
1335.0,OCC(Br)CBr,0.0,train,../data/images/Tox21/1335.png
1336.0,CCC12COCN1COC2,0.0,train,../data/images/Tox21/1336.png
1337.0,CC1(C)O[C@@H]2C[C@H]3[C@@H]4CCC5=CC(=O)CC[C@]5(C)[C@@]4(F)[C@@H](O)C[C@]3(C)[C@]2(C(=O)CCl)O1,0.0,train,../data/images/Tox21/1337.png
1338.0,O=C(O)c1cc2ccccc2cc1O,0.0,train,../data/images/Tox21/1338.png
1339.0,O=C1NCN(c2ccccc2)C12CCN(CCCOc1ccc(F)cc1)CC2,0.0,train,../data/images/Tox21/1339.png
1340.0,O=[N+]([O-])c1cccc(C(F)(F)F)c1,0.0,train,../data/images/Tox21/1340.png
1341.0,CCCCCCOC(C)=O,0.0,train,../data/images/Tox21/1341.png
1342.0,COc1ncc(F)c2nc(S(=O)(=O)Nc3c(F)cccc3F)nn12,0.0,train,../data/images/Tox21/1342.png
1343.0,CCCCC(=O)[O-],0.0,train,../data/images/Tox21/1343.png
1344.0,COc1cnc(NS(=O)(=O)c2ccc(N)cc2)nc1,0.0,train,../data/images/Tox21/1344.png
1345.0,CC1=Nc2ccccc2C1(C)C,0.0,train,../data/images/Tox21/1345.png
1346.0,CC1(C)O[C@@H]2[C@@H](CO[C@@]3(COS(N)(=O)=O)OC(C)(C)O[C@@H]23)O1,0.0,train,../data/images/Tox21/1346.png
1347.0,NS(=O)(=O)c1cc2c(cc1Cl)NC(CC1CCCC1)NS2(=O)=O,0.0,train,../data/images/Tox21/1347.png
1348.0,O=[N+]([O-])c1ccc([As](=O)(O)O)cc1,0.0,train,../data/images/Tox21/1348.png
1349.0,C[C@]12CC[C@@H]3c4ccc(O)cc4C[C@@H](CCCCCCCCCS(=O)CCCC(F)(F)C(F)(F)F)[C@H]3[C@@H]1CC[C@@H]2O,0.0,train,../data/images/Tox21/1349.png
1350.0,CCOP(=S)(OCC)Oc1ccc([N+](=O)[O-])cc1,0.0,train,../data/images/Tox21/1350.png
1351.0,CCC(Br)(CC)C(=O)NC(N)=O,0.0,train,../data/images/Tox21/1351.png
1352.0,O=C(O)CNC(=O)c1ccccc1,0.0,train,../data/images/Tox21/1352.png
1353.0,O=[N+]([O-])c1cccc(CCl)c1,0.0,train,../data/images/Tox21/1353.png
1354.0,ClCCOP(OCCCl)OCCCl,0.0,train,../data/images/Tox21/1354.png
1355.0,C/C=C1/C(=O)C[C@H]2[C@@H]3CCC4=CC(=O)CC[C@]4(C)[C@H]3CC[C@]12C,1.0,train,../data/images/Tox21/1355.png
1356.0,CCOC(=O)C1=C(C)NC(C)=C(C(=O)OCC)C1c1ccccc1/C=C/C(=O)OC(C)(C)C,1.0,train,../data/images/Tox21/1356.png
1357.0,C=C(C)[C@H]1CC=C(C)CC1,0.0,train,../data/images/Tox21/1357.png
1358.0,CCCCOC(=O)[C@@H](C)Oc1ccc(Oc2ccc(C#N)cc2F)cc1,0.0,train,../data/images/Tox21/1358.png
1359.0,CCCCCCC(CCCCCCCCCCC(=O)OCC(COC(C)=O)OC(C)=O)OC(C)=O,0.0,train,../data/images/Tox21/1359.png
1360.0,COc1ccccc1OC(=O)Oc1ccccc1OC,0.0,train,../data/images/Tox21/1360.png
1361.0,CCC(C)(CC)c1cc(NC(=O)c2c(OC)cccc2OC)on1,0.0,train,../data/images/Tox21/1361.png
1362.0,O=C(O)c1cccc(C(=O)O)c1,0.0,train,../data/images/Tox21/1362.png
1363.0,CC1(C)[C@@H](OC(=O)CCC(=O)[O-])CC[C@]2(C)[C@H]3C(=O)C=C4[C@@H]5C[C@@](C)(C(=O)[O-])CC[C@]5(C)CC[C@@]4(C)[C@]3(C)CC[C@@H]12,0.0,train,../data/images/Tox21/1363.png
1364.0,Nc1cc(S(=O)(=O)O)ccc1O,0.0,train,../data/images/Tox21/1364.png
1365.0,O=c1[nH][nH]c2ccccc12,0.0,train,../data/images/Tox21/1365.png
1366.0,CC(C)(c1ccc(OCC2CO2)cc1)c1ccc(OCC2CO2)cc1,0.0,train,../data/images/Tox21/1366.png
1367.0,CC(=O)OC1(c2ccccc2)CCN(CCc2ccccc2)CC1,0.0,train,../data/images/Tox21/1367.png
1368.0,CCN(CC)C(=O)N1CCN(C)CC1,0.0,train,../data/images/Tox21/1368.png
1369.0,Cc1c(C)c2c(c(C)c1O)CC[C@@](C)(CCC[C@H](C)CCC[C@H](C)CCCC(C)C)O2,0.0,train,../data/images/Tox21/1369.png
1370.0,C1CCN2C[C@@H]3C[C@@H](CN4CCCC[C@@H]34)[C@H]2C1,0.0,train,../data/images/Tox21/1370.png
1371.0,O=C(O)Cc1cn(-c2ccccc2)nc1-c1ccc(Cl)cc1,0.0,train,../data/images/Tox21/1371.png
1372.0,CCn1nc(C)c2c1C(=O)NCC(c1ccc(O)cc1)=N2,0.0,train,../data/images/Tox21/1372.png
1373.0,O=C(c1ccccc1)c1cc(Cl)ccc1O,0.0,train,../data/images/Tox21/1373.png
1374.0,O=C([O-])C(F)(F)C(F)(F)C(F)(F)C(F)(F)C(F)(F)C(F)(F)C(F)(F)F,0.0,train,../data/images/Tox21/1374.png
1375.0,C=C(C)C(=O)OCCCCCCCCCC,0.0,train,../data/images/Tox21/1375.png
1376.0,CN(C(=O)Cc1ccccc1)[C@H]1CC[C@@]2(CCCO2)C[C@@H]1N1CCCC1,0.0,train,../data/images/Tox21/1376.png
1377.0,O=C(O)C(c1ccc(Cl)cc1)c1ccc(Cl)cc1,0.0,train,../data/images/Tox21/1377.png
1378.0,O=C1CC(=O)NC(=O)N1,0.0,train,../data/images/Tox21/1378.png
1379.0,CC(C)CN(C[C@@H](O)[C@H](Cc1ccccc1)NC(=O)O[C@@H]1CCOC1)S(=O)(=O)c1ccc(N)cc1,0.0,train,../data/images/Tox21/1379.png
1380.0,NC1CCCCC1,0.0,train,../data/images/Tox21/1380.png
1381.0,CCN(CC)c1c([N+](=O)[O-])cc(C(F)(F)F)c(N)c1[N+](=O)[O-],0.0,train,../data/images/Tox21/1381.png
1382.0,CCSc1ccc2c(c1)N(CCCN1CCN(C)CC1)c1ccccc1S2,0.0,train,../data/images/Tox21/1382.png
1383.0,C#C[C@]1(O)CC[C@H]2[C@@H]3CCC4=CC(=O)CC[C@@H]4[C@H]3C(=C)C[C@@]21CC,0.0,train,../data/images/Tox21/1383.png
1384.0,OCc1cccnc1,0.0,train,../data/images/Tox21/1384.png
1385.0,Cc1ccc(C(C)(C)c2ccc(C)cc2)cc1,0.0,train,../data/images/Tox21/1385.png
1386.0,CCOP(=S)(OCC)Oc1cnc2ccccc2n1,0.0,train,../data/images/Tox21/1386.png
1387.0,CCCCC(CC)C(=O)Cl,0.0,train,../data/images/Tox21/1387.png
1388.0,NC(=O)CCCCC(N)=O,0.0,train,../data/images/Tox21/1388.png
1389.0,COC(=O)Nc1nc2cc(Sc3ccccc3)ccc2[nH]1,1.0,train,../data/images/Tox21/1389.png
1390.0,CC1(C)O[C@@H]2C[C@H]3[C@@H]4C[C@H](F)C5=CC(=O)CC[C@]5(C)[C@H]4[C@@H](O)C[C@]3(C)[C@]2(C(=O)CO)O1,0.0,train,../data/images/Tox21/1390.png
1391.0,Oc1ccc2c(c1)OC[C@@H](N1CCC(O)(c3ccc(F)cc3)CC1)[C@H]2O,0.0,train,../data/images/Tox21/1391.png
1392.0,NNC(=O)OCc1ccccc1,0.0,train,../data/images/Tox21/1392.png
1393.0,CCOc1ccc2c(c1)C(C)CC(C)(C)N2,0.0,train,../data/images/Tox21/1393.png
1394.0,c1nc[n-]n1,0.0,train,../data/images/Tox21/1394.png
1395.0,CN(C(=O)CN(CCO)CC(=O)N(C)C(C)(C)Cc1ccccc1)C(C)(C)Cc1ccccc1,0.0,train,../data/images/Tox21/1395.png
1396.0,CCCCC1C(=O)NC(=O)N(C2CCCCC2)C1=O,0.0,train,../data/images/Tox21/1396.png
1397.0,C#C[C@]1(O)C=C[C@H]2[C@@H]3CCC4=CC(=O)CC[C@@H]4[C@H]3CC[C@@]21CC,0.0,train,../data/images/Tox21/1397.png
1398.0,CN1CCN(C2=Nc3ccccc3Sc3ccc(Cl)cc32)CC1,0.0,train,../data/images/Tox21/1398.png
1399.0,CC(=O)OCC(=O)[C@@]1(O)CC[C@H]2[C@@H]3CCC4=CC(=O)CC[C@]4(C)[C@H]3C(=O)C[C@@]21C,0.0,train,../data/images/Tox21/1399.png
1400.0,O=C(c1ccccc1)c1ccccc1,0.0,train,../data/images/Tox21/1400.png
1401.0,COCC(O)CO,0.0,train,../data/images/Tox21/1401.png
1402.0,C=CC(=C)C,0.0,train,../data/images/Tox21/1402.png
1403.0,CCc1cccc2c3c([nH]c12)C(CC)(CC(=O)O)OCC3,0.0,train,../data/images/Tox21/1403.png
1404.0,CC(C)CCCCOC(=O)c1ccccc1C(=O)OCCCCC(C)C,0.0,train,../data/images/Tox21/1404.png
1405.0,C=CC(C)CCC=C(C)C,0.0,train,../data/images/Tox21/1405.png
1406.0,CC(C)c1c(CN(C)C(C)Cc2ccccc2)n(C)n(-c2ccccc2)c1=O,0.0,train,../data/images/Tox21/1406.png
1407.0,CC(=O)OCC1=C(C(=O)O)N2C(=O)[C@@H](N)[C@H]2SC1,0.0,train,../data/images/Tox21/1407.png
1408.0,COC(=O)c1ccc(I)cc1S(=O)(=O)[N-]C(=O)Nc1nc(C)nc(OC)n1,0.0,train,../data/images/Tox21/1408.png
1409.0,COc1ccc([C@@H]2CC(=O)c3c(O)cc(O[C@@H]4O[C@H](CO[C@@H]5O[C@@H](C)[C@H](O)[C@@H](O)[C@H]5O)[C@@H](O)[C@H](O)[C@H]4O)cc3O2)cc1OC,0.0,train,../data/images/Tox21/1409.png
1410.0,CC(=O)Nc1c(I)cc(I)c(C(=O)O)c1I,0.0,train,../data/images/Tox21/1410.png
1411.0,CCN(CC)C(=O)c1cccnc1,0.0,train,../data/images/Tox21/1411.png
1412.0,CC/C=C\C#N,0.0,train,../data/images/Tox21/1412.png
1413.0,O=C(O)COc1ccc(Cl)cc1,0.0,train,../data/images/Tox21/1413.png
1414.0,C=C(C)C(=O)OCC,0.0,train,../data/images/Tox21/1414.png
1415.0,O=C(Nc1cccc(Cl)c1)OCC#CCCl,1.0,train,../data/images/Tox21/1415.png
1416.0,Brc1cc2ccccc2c2ccccc12,0.0,train,../data/images/Tox21/1416.png
1417.0,N#CCBr,0.0,train,../data/images/Tox21/1417.png
1418.0,CCCCC(CC)COC(=O)c1c(Br)c(Br)c(Br)c(Br)c1C(=O)OCC(CC)CCCC,0.0,train,../data/images/Tox21/1418.png
1419.0,C[C@H]1[C@H]2Cc3ccc(O)cc3[C@]1(C)CCN2CCc1ccccc1,1.0,train,../data/images/Tox21/1419.png
1420.0,CNS(=O)(=O)Cc1ccc2[nH]cc(CCN(C)C)c2c1,0.0,train,../data/images/Tox21/1420.png
1421.0,C[n+]1ccn(CCO)c1,0.0,train,../data/images/Tox21/1421.png
1422.0,CNC(=O)Oc1ccccc1C1OCCO1,0.0,train,../data/images/Tox21/1422.png
1423.0,CN(C(=O)c1c(O)c2ccccc2n(C)c1=O)c1ccccc1,0.0,train,../data/images/Tox21/1423.png
1424.0,O=Cc1ccc([N+](=O)[O-])cc1,0.0,train,../data/images/Tox21/1424.png
1425.0,CC(C)(C)c1nnc(NS(=O)(=O)c2ccccc2)s1,0.0,train,../data/images/Tox21/1425.png
1426.0,CCCCCCCCCCCCOC(=O)c1ccc(O)cc1,0.0,train,../data/images/Tox21/1426.png
1427.0,CC1(C)CCC(=Cc2ccc(Cl)cc2)C1(O)Cn1cncn1,0.0,train,../data/images/Tox21/1427.png
1428.0,O=CC(=O)c1ccccc1,0.0,train,../data/images/Tox21/1428.png
1429.0,C=CC(C)(CCC=C(C)C)OC(=O)C(C)C,0.0,train,../data/images/Tox21/1429.png
1430.0,C=CCOC(=O)c1ccccc1C(=O)OCC=C,0.0,train,../data/images/Tox21/1430.png
1431.0,CC1=C(C=O)C(C)(C)CC=C1,0.0,train,../data/images/Tox21/1431.png
1432.0,C=C(C)C(=O)OCCNC(C)(C)C,0.0,train,../data/images/Tox21/1432.png
1433.0,CCC(=O)/C=C/C1C(C)=CCCC1(C)C,0.0,train,../data/images/Tox21/1433.png
1434.0,OC[C@@H](O)[C@@H](O)[C@H](O)[C@H](O)CO,0.0,train,../data/images/Tox21/1434.png
1435.0,CCC(=O)CC,0.0,train,../data/images/Tox21/1435.png
1436.0,CC(C)(C#N)/N=N/C(C)(C)C#N,0.0,train,../data/images/Tox21/1436.png
1437.0,CC[C@H](O)C(C[C@H](C)N(C)C)(c1ccccc1)c1ccccc1,0.0,train,../data/images/Tox21/1437.png
1438.0,CC1=CC(C)(C)Nc2ccccc21,0.0,train,../data/images/Tox21/1438.png
1439.0,CC(C)(C)NC[C@H](O)c1ccc(O)cc1Cl,0.0,train,../data/images/Tox21/1439.png
1440.0,CN1C[C@H](C(=O)N[C@]2(C)O[C@@]3(O)[C@@H]4CCCN4C(=O)[C@H](Cc4ccccc4)N3C2=O)C[C@@H]2c3cccc4[nH]cc(c34)C[C@H]21,0.0,train,../data/images/Tox21/1440.png
1441.0,CC(C)c1c(C(=O)Nc2ccccc2)c(-c2ccccc2)c(-c2ccc(F)cc2)n1CC[C@@H](O)C[C@@H](O)CC(=O)O,0.0,train,../data/images/Tox21/1441.png
1442.0,CC(N)=O,0.0,train,../data/images/Tox21/1442.png
1443.0,O=C1O[C@H]([C@H](O)CO)C([O-])=C1O,0.0,train,../data/images/Tox21/1443.png
1444.0,CCCCCCCCCCCCCC[P+](CCCC)(CCCC)CCCC,1.0,train,../data/images/Tox21/1444.png
1445.0,Cc1ccc(Cl)cc1,0.0,train,../data/images/Tox21/1445.png
1446.0,CC(C)(C)NSc1nc2ccccc2s1,0.0,train,../data/images/Tox21/1446.png
1447.0,O=C(NCO)NCO,0.0,train,../data/images/Tox21/1447.png
1448.0,Cc1ccc(Nc2c(F)cccc2Cl)c(CC(=O)O)c1,0.0,train,../data/images/Tox21/1448.png
1449.0,COC(=O)c1cccnc1,0.0,train,../data/images/Tox21/1449.png
1450.0,CCCCCCCCCCCCCCCCO,0.0,train,../data/images/Tox21/1450.png
1451.0,CCCOC(=O)c1ccccc1C(=O)OCCC,0.0,train,../data/images/Tox21/1451.png
1452.0,CCCOc1ccc(C(=O)OCCN(CC)CC)cc1N,0.0,train,../data/images/Tox21/1452.png
1453.0,COC1=C(OC)C(=O)C(CCCCCCCCCCO)=C(C)C1=O,1.0,train,../data/images/Tox21/1453.png
1454.0,CCCCCCCCCCCCCCCC(=O)NCCO,0.0,train,../data/images/Tox21/1454.png
1455.0,COC1CC(=C(c2cccs2)c2cccs2)C[N+](C)(C)C1,0.0,train,../data/images/Tox21/1455.png
1456.0,C=CCOC(C)=O,0.0,train,../data/images/Tox21/1456.png
1457.0,CC(C)OC(=O)c1ccccc1C(=O)OC(C)C,0.0,train,../data/images/Tox21/1457.png
1458.0,Nc1ncnc2c1ncn2[C@@H]1O[C@@H]2COP(=O)(O)O[C@H]2[C@H]1O,0.0,train,../data/images/Tox21/1458.png
1459.0,CC(C)(C)NCC(O)c1ccccc1Cl,0.0,train,../data/images/Tox21/1459.png
1460.0,CN1C[C@@H]2C[C@H]1CN2c1cc2c(cc1F)c(=O)c(C(=O)O)cn2C1CC1,0.0,train,../data/images/Tox21/1460.png
1461.0,O=C1CCCCC1Cl,0.0,train,../data/images/Tox21/1461.png
1462.0,CC(C)CCCCCCOC(=O)CCCCC(=O)OCCCCCCC(C)C,0.0,train,../data/images/Tox21/1462.png
1463.0,CCCCCCCCCCCCCBr,0.0,train,../data/images/Tox21/1463.png
1464.0,CC1(C)O[C@@H]2C[C@H]3[C@@H]4C[C@H](F)C5=CC(=O)C=C[C@]5(C)[C@H]4[C@@H](O)C[C@]3(C)[C@]2(C(=O)CO)O1,0.0,train,../data/images/Tox21/1464.png
1465.0,COC(c1ccccc1)(c1ccccc1)[C@H](Oc1nc(C)cc(C)n1)C(=O)O,0.0,train,../data/images/Tox21/1465.png
1466.0,CC/N=c1/cc2oc3cc(NCC)c(C)cc3c(-c3ccccc3C(=O)OCC)c-2cc1C,1.0,train,../data/images/Tox21/1466.png
1467.0,O=C(O)c1ccccc1-n1cc(C(=O)O)c(=O)c2cc(Nc3c(F)cc(F)cc3Cl)c(Cl)cc21,0.0,train,../data/images/Tox21/1467.png
1468.0,N#C[S-],0.0,train,../data/images/Tox21/1468.png
1469.0,CC(C)COC(=O)C=Cc1ccccc1,0.0,train,../data/images/Tox21/1469.png
1470.0,CC(=O)N(C)C,0.0,train,../data/images/Tox21/1470.png
1471.0,CCCCCCCCNC,0.0,train,../data/images/Tox21/1471.png
1472.0,COCCOC(=O)c1ccccc1C(=O)OCCOC,0.0,train,../data/images/Tox21/1472.png
1473.0,Oc1c(Cl)cc(Cl)cc1Cl,0.0,train,../data/images/Tox21/1473.png
1474.0,CCCCCCCCCCCCOCC1CO1,0.0,train,../data/images/Tox21/1474.png
1475.0,OC[C@H]1O[C@H](O[C@]2(CCl)O[C@H](CCl)[C@@H](O)[C@@H]2O)[C@H](O)[C@@H](O)[C@H]1Cl,0.0,train,../data/images/Tox21/1475.png
1476.0,Clc1cccc(Cl)c1N=C1NCCN1,0.0,train,../data/images/Tox21/1476.png
1477.0,O=C1c2cccc3c2[C@H](CCC3)CN1[C@@H]1CN2CCC1CC2,0.0,train,../data/images/Tox21/1477.png
1478.0,c1ccc(OP(Oc2ccccc2)Oc2ccccc2)cc1,0.0,train,../data/images/Tox21/1478.png
1479.0,COc1ccc(Br)c(C)c1,0.0,train,../data/images/Tox21/1479.png
1480.0,NC(=S)C(N)=S,0.0,train,../data/images/Tox21/1480.png
1481.0,Nc1c2c(nc3ccccc13)CCCC2,0.0,train,../data/images/Tox21/1481.png
1482.0,Nc1cccc(S(=O)(=O)c2cccc(N)c2)c1,0.0,train,../data/images/Tox21/1482.png
1483.0,CCCOc1ccc2nc(NC(=O)OC)sc2c1,1.0,train,../data/images/Tox21/1483.png
1484.0,Cc1cccnc1,0.0,train,../data/images/Tox21/1484.png
1485.0,OCCCCCO,0.0,train,../data/images/Tox21/1485.png
1486.0,CCCCCCCCC(=O)OCC,0.0,train,../data/images/Tox21/1486.png
1487.0,O=C1CCCC=CCCCCCCCCCC1,0.0,train,../data/images/Tox21/1487.png
1488.0,O=C(O)CCCCCCCCCCC(=O)O,0.0,train,../data/images/Tox21/1488.png
1489.0,Cc1c(NC(=O)c2cccnc2)c(=O)n(-c2ccccc2)n1C,0.0,train,../data/images/Tox21/1489.png
1490.0,c1cc[cH-]c1,0.0,train,../data/images/Tox21/1490.png
1491.0,CC(C)=CC=O,0.0,train,../data/images/Tox21/1491.png
1492.0,Cc1ccc(Cl)c(N)c1Cl,0.0,train,../data/images/Tox21/1492.png
1493.0,CCCCON=O,0.0,train,../data/images/Tox21/1493.png
1494.0,C[C@]12C=CC(=O)C=C1CC[C@@H]1[C@@H]2[C@@H](O)C[C@@]2(C)[C@H]1CC[C@]2(O)C(=O)COC(=O)CCC(=O)O,0.0,train,../data/images/Tox21/1494.png
1495.0,Cc1cccc(C)c1NC(=O)CC12CCCN1CCC2,0.0,train,../data/images/Tox21/1495.png
1496.0,CCCCCCCCCCCCN(CCCCCCCCCCCC)CCCCCCCCCCCC,0.0,train,../data/images/Tox21/1496.png
1497.0,OC1OC[C@@H](O)[C@H](O)[C@@H]1O,0.0,train,../data/images/Tox21/1497.png
1498.0,CCC(C)c1cc([N+](=O)[O-])cc([N+](=O)[O-])c1OC(=O)OC(C)C,1.0,train,../data/images/Tox21/1498.png
1499.0,O=C1OC(=O)c2cc(-c3ccc4c(c3)C(=O)OC4=O)ccc21,0.0,train,../data/images/Tox21/1499.png
1500.0,O=P(O)(O)CCCl,0.0,train,../data/images/Tox21/1500.png
1501.0,CC1=C(O)C(=O)CO1,0.0,train,../data/images/Tox21/1501.png
1502.0,CCc1cccc(CC)c1N,0.0,train,../data/images/Tox21/1502.png
1503.0,CCOCn1c(-c2ccc(Cl)cc2)c(C#N)c(Br)c1C(F)(F)F,1.0,train,../data/images/Tox21/1503.png
1504.0,CCCCCC(C)OC(=O)COc1ccc(Cl)c2cccnc12,0.0,train,../data/images/Tox21/1504.png
1505.0,O=C1O[C@H]([C@H](O)CO)C(O)=C1O,0.0,train,../data/images/Tox21/1505.png
1506.0,Nc1ccc([N+](=O)[O-])cc1N,0.0,train,../data/images/Tox21/1506.png
1507.0,C=COCC1CCC(CO)CC1,0.0,train,../data/images/Tox21/1507.png
1508.0,C[C@@H](Oc1ccc(CNC(=O)c2cccnc2Oc2ccc3c(c2)OCO3)c(F)c1)C(=O)O,0.0,train,../data/images/Tox21/1508.png
1509.0,CC(=O)CC(=O)Nc1ccccc1,0.0,train,../data/images/Tox21/1509.png
1510.0,Nc1ccc(Oc2ccc(N)c(N)c2)cc1,0.0,train,../data/images/Tox21/1510.png
1511.0,CCOC(=O)C1=C(COCCN)NC(C)=C(C(=O)OC)C1c1ccccc1Cl,1.0,train,../data/images/Tox21/1511.png
1512.0,CN(C)CCOC(=O)C(c1ccccc1)C1(O)CCCC1,0.0,train,../data/images/Tox21/1512.png
1513.0,O=C(O)c1c(Cl)ccc(Cl)c1Cl,0.0,train,../data/images/Tox21/1513.png
1514.0,COc1ccccc1N1CCN(CC(O)COc2cccc3ccccc23)CC1,0.0,train,../data/images/Tox21/1514.png
1515.0,CCOc1ccccc1OCC,0.0,train,../data/images/Tox21/1515.png
1516.0,NC(=O)Nc1ccc([As](=O)(O)O)cc1,0.0,train,../data/images/Tox21/1516.png
1517.0,CCCCN(CCCC)CCCCCCN(CCCC)CCCC,0.0,train,../data/images/Tox21/1517.png
1518.0,CC(C)(C#N)C(C)(C)C#N,0.0,train,../data/images/Tox21/1518.png
1519.0,CC1(C)C2=CCCC(C)(C)[C@]23CC[C@H]1C3,0.0,train,../data/images/Tox21/1519.png
1520.0,CCCCC(CC)COC(=O)CCCCCCCCC(=O)OCC(CC)CCCC,0.0,train,../data/images/Tox21/1520.png
1521.0,CCN1CCC[C@H]1CNC(=O)c1c(O)c(Cl)cc(Cl)c1OC,0.0,train,../data/images/Tox21/1521.png
1522.0,CCNC(=O)C1CC(C)CCC1C(C)C,0.0,train,../data/images/Tox21/1522.png
1523.0,CC[N+](CC)(CC(=O)Nc1c(C)cccc1C)Cc1ccccc1,0.0,train,../data/images/Tox21/1523.png
1524.0,CNC(C)CC1CCCCC1,0.0,train,../data/images/Tox21/1524.png
1525.0,CC(COCC(C)OC(=O)c1ccccc1)OC(=O)c1ccccc1,0.0,train,../data/images/Tox21/1525.png
1526.0,CCCCCCCCCCCCCCCCCCCCCC(=O)Nc1ccn([C@@H]2O[C@H](CO)[C@@H](O)[C@@H]2O)c(=O)n1,1.0,train,../data/images/Tox21/1526.png
1527.0,O=C(c1ccc(Cl)cc1)c1ccc(Cl)cc1,0.0,train,../data/images/Tox21/1527.png
1528.0,C=C(C)C(N)=O,0.0,train,../data/images/Tox21/1528.png
1529.0,C[C@]12CCC(=O)C=C1C=C[C@@H]1[C@@H]2CC[C@@]2(C)[C@H]1CC[C@@]21CCC(=O)O1,0.0,train,../data/images/Tox21/1529.png
1530.0,Cc1cc(Cl)ccc1OC(C)C(=O)O,0.0,train,../data/images/Tox21/1530.png
1531.0,C[C@@H](O)[C@H]1C(=O)N2C(C(=O)O)=C(S[C@@H]3CN[C@H](CNS(N)(=O)=O)C3)[C@H](C)[C@H]12,0.0,train,../data/images/Tox21/1531.png
1532.0,COC(CC(C)CCCC(C)(C)O)OC,0.0,train,../data/images/Tox21/1532.png
1533.0,CCCOC(=O)c1ccccc1,0.0,train,../data/images/Tox21/1533.png
1534.0,O=NN1CCNCC1,0.0,train,../data/images/Tox21/1534.png
1535.0,COC(=O)/C=C\C(=O)OC,0.0,train,../data/images/Tox21/1535.png
1536.0,CCCCC(CC)CO[N+](=O)[O-],0.0,train,../data/images/Tox21/1536.png
1537.0,N=C(N)c1ccc(OCCCCCOc2ccc(C(=N)N)cc2)cc1,0.0,train,../data/images/Tox21/1537.png
1538.0,COc1ccc(Cc2nccc3cc(OC)c(OC)cc23)cc1OC,0.0,train,../data/images/Tox21/1538.png
1539.0,CCCCCCCCCCOc1cc2c(O)c(C(=O)OCC)cnc2cc1OCC,0.0,train,../data/images/Tox21/1539.png
1540.0,CSCCCN=C=S,1.0,train,../data/images/Tox21/1540.png
1541.0,COC(=O)CCCC(=O)O,0.0,train,../data/images/Tox21/1541.png
1542.0,COc1ccc(-c2noc(CC(=O)O)c2-c2ccc(OC)cc2)cc1,0.0,train,../data/images/Tox21/1542.png
1543.0,CC[C@@]1([C@@H]2O[C@@H]([C@H]3O[C@@](O)(CO)[C@H](C)C[C@@H]3C)C[C@@H]2C)CC[C@H]([C@]2(C)CC[C@]3(C[C@H](O)[C@@H](C)[C@@H]([C@@H](C)[C@@H](OC)[C@H](C)C(=O)[O-])O3)O2)O1,0.0,train,../data/images/Tox21/1543.png
1544.0,Cc1ccc(Cl)c(Nc2ccccc2C(=O)[O-])c1Cl,1.0,train,../data/images/Tox21/1544.png
1545.0,CCC(=O)c1cccc(Cl)c1,0.0,train,../data/images/Tox21/1545.png
1546.0,Cc1ccc([N+](=O)[O-])c(C)c1,0.0,train,../data/images/Tox21/1546.png
1547.0,CC(C)CCOCc1ccccc1,0.0,train,../data/images/Tox21/1547.png
1548.0,CCNc1nc(NC(C)C)nc(SC)n1,0.0,train,../data/images/Tox21/1548.png
1549.0,O=C(CCCN1CCC(n2c(=O)[nH]c3ccccc32)CC1)c1ccc(F)cc1,0.0,train,../data/images/Tox21/1549.png
1550.0,CC(=O)c1cnccn1,0.0,train,../data/images/Tox21/1550.png
1551.0,Brc1ccc(Oc2ccc(Br)cc2Br)c(Br)c1,0.0,train,../data/images/Tox21/1551.png
1552.0,Nc1nc(Cl)cc(Cl)n1,0.0,train,../data/images/Tox21/1552.png
1553.0,C=C(C)C#N,0.0,train,../data/images/Tox21/1553.png
1554.0,C=CC(C)(O)CC/C=C(\C)CC,0.0,train,../data/images/Tox21/1554.png
1555.0,C=C(C)C(=O)OCCOC(=O)C(=C)C,0.0,train,../data/images/Tox21/1555.png
1556.0,O=[N+]([O-])c1ccc(CCO)cc1,0.0,train,../data/images/Tox21/1556.png
1557.0,CCC1(c2ccccc2)C(=O)NC(=O)N(C)C1=O,0.0,train,../data/images/Tox21/1557.png
1558.0,COP(=S)(OC)SCn1nnc2ccccc2c1=O,0.0,train,../data/images/Tox21/1558.png
1559.0,CCCC(CCC)C(=O)O[C@H]1C[C@H]2CC[C@@H](C1)[N+]2(C)C,0.0,train,../data/images/Tox21/1559.png
1560.0,Nc1ccc2cc3ccc(N)cc3nc2c1,1.0,train,../data/images/Tox21/1560.png
1561.0,O=C(O)CCC/C=C\C[C@@H]1[C@@H](/C=C/[C@@H](O)COc2cccc(C(F)(F)F)c2)[C@H](O)C[C@@H]1O,0.0,train,../data/images/Tox21/1561.png
1562.0,C=CC(=O)OCCCCCC(C)C,0.0,train,../data/images/Tox21/1562.png
1563.0,CC(=O)Nc1ccccc1,0.0,train,../data/images/Tox21/1563.png
1564.0,O=C1c2ccccc2C(=O)c2cc(Cl)ccc21,0.0,train,../data/images/Tox21/1564.png
1565.0,CN(CCCl)CCCl,1.0,train,../data/images/Tox21/1565.png
1566.0,C=CC(=O)N1CCOCC1,0.0,train,../data/images/Tox21/1566.png
1567.0,O=c1[nH]ncc2ccccc12,0.0,train,../data/images/Tox21/1567.png
1568.0,c1ccc2c(c1)-c1cccc3cccc-2c13,0.0,train,../data/images/Tox21/1568.png
1569.0,CCCC(=O)Nc1ncnc2c1ncn2[C@@H]1O[C@@H]2COP(=O)(O)O[C@H]2[C@H]1OC(=O)CCC,0.0,train,../data/images/Tox21/1569.png
1570.0,COc1ccc(C(=O)Nc2ccccc2)cc1[N+](=O)[O-],0.0,train,../data/images/Tox21/1570.png
1571.0,C=CC(=O)OCCCCCCOC(=O)C=C,1.0,train,../data/images/Tox21/1571.png
1572.0,CCO[Si](CCC#N)(OCC)OCC,0.0,train,../data/images/Tox21/1572.png
1573.0,O=S(=O)([O-])c1ccc2cc(O)c(S(=O)(=O)[O-])cc2c1,0.0,train,../data/images/Tox21/1573.png
1574.0,CC(Cc1ccc2c(c1)OCO2)NO,0.0,train,../data/images/Tox21/1574.png
1575.0,O=CN1CCOCC1,0.0,train,../data/images/Tox21/1575.png
1576.0,COc1cc(NS(C)(=O)=O)ccc1Nc1c2ccccc2nc2ccccc12,1.0,train,../data/images/Tox21/1576.png
1577.0,O=C(CS(=O)Cc1ccco1)NC/C=C\COc1cc(CN2CCCCC2)ccn1,0.0,train,../data/images/Tox21/1577.png
1578.0,C=CC(C)=CCC=C(C)C,0.0,train,../data/images/Tox21/1578.png
1579.0,CC(O)Cn1cnc2c1c(=O)n(C)c(=O)n2C,0.0,train,../data/images/Tox21/1579.png
1580.0,[NH4+],0.0,train,../data/images/Tox21/1580.png
1581.0,CCOP(O)OCC,0.0,train,../data/images/Tox21/1581.png
1582.0,Cc1ccccc1C(N)=O,0.0,train,../data/images/Tox21/1582.png
1583.0,CNC1CCCN(c2c(F)cc3c(=O)c(C(=O)O)cn(C4CC4)c3c2OC)C1,0.0,train,../data/images/Tox21/1583.png
1584.0,O=C(O)CCC(=O)c1ccc(-c2ccccc2)cc1,0.0,train,../data/images/Tox21/1584.png
1585.0,Cc1nc2ccccc2c(=O)o1,0.0,train,../data/images/Tox21/1585.png
1586.0,CC(C)CC(=O)C1C(=O)c2ccccc2C1=O,0.0,train,../data/images/Tox21/1586.png
1587.0,Fc1ccccc1[C@@H](F)CO[C@H]1CC[C@H](Nc2[nH]cnc3nncc2-3)CC1,0.0,train,../data/images/Tox21/1587.png
1588.0,CN(C)CCOCCN(C)CCO,0.0,train,../data/images/Tox21/1588.png
1589.0,c1ccc(OCc2ccc(CCCN3CCOCC3)cc2)cc1,0.0,train,../data/images/Tox21/1589.png
1590.0,C=C/C(C)=C/C/C=C(\C)CCC=C(C)C,0.0,train,../data/images/Tox21/1590.png
1591.0,CC(=O)N[C@@H]1C(O[C@H]2O[C@H](C(=O)O)C(O)[C@H](O)[C@H]2O)[C@H](O)[C@@H](CO)O[C@H]1O[C@@H]1C(C(=O)O)O[C@@H](O[C@H]2[C@H](O)[C@@H](CO)OC(O)[C@@H]2NC(C)=O)[C@H](O)[C@H]1O,0.0,train,../data/images/Tox21/1591.png
1592.0,CCN(CC)CCOC(=O)c1cccnc1,0.0,train,../data/images/Tox21/1592.png
1593.0,Cc1cc(-c2ccccc2)nnc1NCCN1CCOCC1,0.0,train,../data/images/Tox21/1593.png
1594.0,COc1cc(Cc2cnc(N)nc2N)cc(OC)c1OC,0.0,train,../data/images/Tox21/1594.png
1595.0,CCCCC(CC)COC(=O)c1ccc(N(C)C)cc1,0.0,train,../data/images/Tox21/1595.png
1596.0,CC1(C)[C@@H](O[C@H]2O[C@H](C(=O)O)[C@@H](O)[C@H](O)[C@H]2O[C@@H]2O[C@H](C(=O)O)[C@@H](O)[C@H](O)[C@H]2O)CC[C@]2(C)[C@H]3C(=O)C=C4[C@@H]5C[C@@](C)(C(=O)O)CC[C@]5(C)CC[C@@]4(C)[C@]3(C)CC[C@@H]12,0.0,train,../data/images/Tox21/1596.png
1597.0,Nc1ccccc1-c1ccccc1,0.0,train,../data/images/Tox21/1597.png
1598.0,Cc1nc2ccc(Cl)cc2[nH]1,0.0,train,../data/images/Tox21/1598.png
1599.0,CCC(C)C(=O)OCCc1ccccc1,0.0,train,../data/images/Tox21/1599.png
1600.0,O=S(=O)(Cl)c1ccccc1,0.0,train,../data/images/Tox21/1600.png
1601.0,CCC(C)(C)c1ccc(O)cc1,0.0,train,../data/images/Tox21/1601.png
1602.0,N#CCCOCCOCCC#N,0.0,train,../data/images/Tox21/1602.png
1603.0,BrCCCCCBr,0.0,train,../data/images/Tox21/1603.png
1604.0,Oc1c(Cl)cccc1Cl,0.0,train,../data/images/Tox21/1604.png
1605.0,Clc1ccc(C(Cl)(Cl)Cl)cc1,0.0,train,../data/images/Tox21/1605.png
1606.0,CNCCS(=O)(=O)[O-],0.0,train,../data/images/Tox21/1606.png
1607.0,Nc1cccc(Cl)c1,0.0,train,../data/images/Tox21/1607.png
1608.0,Cc1cc(-c2cc(C)c(N)c(C)c2)cc(C)c1N,0.0,train,../data/images/Tox21/1608.png
1609.0,CC(C)(C)C(=O)C1C(=O)c2ccccc2C1=O,0.0,train,../data/images/Tox21/1609.png
1610.0,CC(=O)OCC(=O)[C@@]12OC(C)(C)O[C@@H]1C[C@H]1[C@@H]3C[C@H](F)C4=CC(=O)C=C[C@]4(C)[C@@]3(F)[C@@H](O)C[C@@]12C,0.0,train,../data/images/Tox21/1610.png
1611.0,O=C(O)CC[N+](=O)[O-],0.0,train,../data/images/Tox21/1611.png
1612.0,Cc1ccc(C(C)C)c(O)c1,0.0,train,../data/images/Tox21/1612.png
1613.0,CCC(C)OC(=O)N1CCCCC1CCO,0.0,train,../data/images/Tox21/1613.png
1614.0,C=C(C)C(=O)OCCOC1CC2CC1C1C=CCC21,0.0,train,../data/images/Tox21/1614.png
1615.0,N=c1ccn2c(n1)O[C@H]1[C@H](O)[C@@H](CO)O[C@H]12,1.0,train,../data/images/Tox21/1615.png
1616.0,Cc1ccc(C(=O)c2ccc(CC(=O)[O-])n2C)cc1,0.0,train,../data/images/Tox21/1616.png
1617.0,Nc1ccn([C@H]2CS[C@@H](CO)O2)c(=O)n1,0.0,train,../data/images/Tox21/1617.png
1618.0,COC(C(=O)O)c1ccccc1,0.0,train,../data/images/Tox21/1618.png
1619.0,CCOC(=O)c1ccc(N(C)C)cc1,0.0,train,../data/images/Tox21/1619.png
1620.0,CCCCCCn1cc[n+](C)c1,0.0,train,../data/images/Tox21/1620.png
1621.0,O=C(O)c1c2ccccc2cc2ccccc12,0.0,train,../data/images/Tox21/1621.png
1622.0,Nc1ccc([N+](=O)[O-])cc1[N+](=O)[O-],0.0,train,../data/images/Tox21/1622.png
1623.0,CC(COc1ccc(C(C)(C)C)cc1)OS(=O)OCCCl,0.0,train,../data/images/Tox21/1623.png
1624.0,C=CCCCCCCCCC=O,0.0,train,../data/images/Tox21/1624.png
1625.0,CCC1OCC(COc2ccc(Oc3ccccc3)cc2)O1,0.0,train,../data/images/Tox21/1625.png
1626.0,Nc1cccc([N+](=O)[O-])c1,0.0,train,../data/images/Tox21/1626.png
1627.0,C#CC(C)(O)CC(C)C,0.0,train,../data/images/Tox21/1627.png
1628.0,COc1ccc2[nH]cc(CCN(C(C)C)C(C)C)c2c1,0.0,train,../data/images/Tox21/1628.png
1629.0,CC[N+](CC)(CC)CCOC(=O)C(C1CCCC1)C1CCCC1,0.0,train,../data/images/Tox21/1629.png
1630.0,Oc1ccc(C(c2ccc(O)cc2)(C(F)(F)F)C(F)(F)F)cc1,1.0,train,../data/images/Tox21/1630.png
1631.0,C=CCCCCCCCCC(=O)O,0.0,train,../data/images/Tox21/1631.png
1632.0,CCCCCCCCP(=O)(O)O,0.0,train,../data/images/Tox21/1632.png
1633.0,CN1CC[C@@]23CCCC[C@@H]2[C@@H]1Cc1ccc(O)cc13,0.0,train,../data/images/Tox21/1633.png
1634.0,CC(=O)OCC(C)OC(C)=O,0.0,train,../data/images/Tox21/1634.png
1635.0,CO[C@@H]1[C@@H](OC)[C@H](C)[C@@](O)(CC(=O)[O-])O[C@H]1[C@H](C)[C@H]1O[C@@]2(CC[C@@](C)([C@H]3CC[C@@](C)([C@@H]4O[C@@H]([C@H]5O[C@](C)(O)[C@H](C)C[C@@H]5C)C[C@@H]4OC4C[C@H](OC)[C@@H](OC)[C@H](C)O4)O3)O2)C[C@H](O)[C@H]1C,1.0,train,../data/images/Tox21/1635.png
1636.0,CCCCCC(C)=O,0.0,train,../data/images/Tox21/1636.png
1637.0,OCc1ccccc1O,0.0,train,../data/images/Tox21/1637.png
1638.0,CCn1nc(C(=O)O)c(=O)c2cc3c(cc21)OCO3,0.0,train,../data/images/Tox21/1638.png
1639.0,Cc1ccc(S(=O)(=O)[O-])cc1,0.0,train,../data/images/Tox21/1639.png
1640.0,Cc1ccc(Cl)cc1Cl,0.0,train,../data/images/Tox21/1640.png
1641.0,COC(=O)CCCCCCCCC(=O)OC,0.0,train,../data/images/Tox21/1641.png
1642.0,CC(C)C[C@H](NC(=O)[C@H](CCc1ccccc1)NC(=O)CN1CCOCC1)C(=O)N[C@@H](Cc1ccccc1)C(=O)N[C@@H](CC(C)C)C(=O)[C@@]1(C)CO1,1.0,train,../data/images/Tox21/1642.png
1643.0,O=C1c2c(O)ccc(O)c2C(=O)c2c(NCCNCCO)ccc(NCCNCCO)c21,1.0,train,../data/images/Tox21/1643.png
1644.0,O=C(c1ccccc1O)c1ccccc1O,0.0,train,../data/images/Tox21/1644.png
1645.0,CCc1cc(S(=O)(=O)[O-])c2cc(C(C)C)cccc1-2,0.0,train,../data/images/Tox21/1645.png
1646.0,O=C1NC(=O)C(=O)C(=O)N1,0.0,train,../data/images/Tox21/1646.png
1647.0,c1ccc2c(c1)Oc1ccccc1O2,0.0,train,../data/images/Tox21/1647.png
1648.0,CC(=O)[C@]1(O)Cc2c(O)c3c(c(O)c2[C@@H](O[C@H]2C[C@H](N)[C@H](O)[C@H](C)O2)C1)C(=O)c1c(O)cccc1C3=O,1.0,train,../data/images/Tox21/1648.png
1649.0,S=C=NCc1ccccc1,1.0,train,../data/images/Tox21/1649.png
1650.0,CC(C)(C)NCC(O)c1ccc(O)c(CO)n1,0.0,train,../data/images/Tox21/1650.png
1651.0,CC1CCCC(=O)C1=O,0.0,train,../data/images/Tox21/1651.png
1652.0,CC(CCc1ccccc1)NC(C)C(O)c1ccc(O)cc1,0.0,train,../data/images/Tox21/1652.png
1653.0,CCCCCCCC/C=C\CCCCCCCC(=O)OCC,0.0,train,../data/images/Tox21/1653.png
1654.0,CCOC(=O)COc1ccc(C)cc1,0.0,train,../data/images/Tox21/1654.png
1655.0,CCC1(CC)C(=O)NC(=O)N(C)C1=O,0.0,train,../data/images/Tox21/1655.png
1656.0,CCCCCCCCCCOC(=O)c1ccccc1C(=O)OCCCCCCCCCC,0.0,train,../data/images/Tox21/1656.png
1657.0,Nc1c(Cl)cc(Cl)cc1[N+](=O)[O-],0.0,train,../data/images/Tox21/1657.png
1658.0,N#Cc1ccc(C(c2ccc(C#N)cc2)n2cncn2)cc1,0.0,train,../data/images/Tox21/1658.png
1659.0,COc1ccc(N)c([N+](=O)[O-])c1,0.0,train,../data/images/Tox21/1659.png
1660.0,CC(=O)[C@H]1[C@H](C#N)C[C@H]2[C@@H]3CC=C4C[C@@H](O)CC[C@]4(C)[C@H]3CC[C@@]21C,0.0,train,../data/images/Tox21/1660.png
1661.0,O=C(NC(=O)c1c(F)cccc1F)Nc1cc(Cl)c(F)c(Cl)c1F,0.0,train,../data/images/Tox21/1661.png
1662.0,CC/C=C\CC/C=C/C(OCC)OCC,0.0,train,../data/images/Tox21/1662.png
1663.0,c1ccc2[nH]ccc2c1,0.0,train,../data/images/Tox21/1663.png
1664.0,Nc1ccccc1C(=O)OCC=Cc1ccccc1,0.0,train,../data/images/Tox21/1664.png
1665.0,COc1cc(S(=O)(=O)Nc2ccccc2)c(OC)cc1N,0.0,train,../data/images/Tox21/1665.png
1666.0,COC(C)(OC)OC,0.0,train,../data/images/Tox21/1666.png
1667.0,Cn1c(=N)[nH]c2[nH]cnc2c1=O,0.0,train,../data/images/Tox21/1667.png
1668.0,CC(=O)N[C@@H](CC(=O)N[C@@H](CCC(=O)O)C(=O)O)C(=O)O,0.0,train,../data/images/Tox21/1668.png
1669.0,CCN(Cc1ccc(Cl)nc1)/C(=C/[N+](=O)[O-])NC,0.0,train,../data/images/Tox21/1669.png
1670.0,CNC(=O)Oc1cc(C)c(N(C)C)c(C)c1,0.0,train,../data/images/Tox21/1670.png
1671.0,CN1[C@@H]2CC[C@H]1C[C@@H](OC(c1ccccc1)c1ccccc1)C2,0.0,train,../data/images/Tox21/1671.png
1672.0,Nc1cc(Cl)ccc1O,1.0,train,../data/images/Tox21/1672.png
1673.0,COc1ccc2c(c1OC)CN1CCc3cc4c(cc3C1C2)OCO4,0.0,train,../data/images/Tox21/1673.png
1674.0,O=CC=O,0.0,train,../data/images/Tox21/1674.png
1675.0,Cc1ccc(C(C)c2ccc(C)c(C)c2)cc1C,0.0,train,../data/images/Tox21/1675.png
1676.0,CC(C)c1ccc(CO)cc1,0.0,train,../data/images/Tox21/1676.png
1677.0,Cl[C@H]1[C@H](Cl)[C@@H](Cl)[C@H](Cl)[C@H](Cl)[C@H]1Cl,0.0,train,../data/images/Tox21/1677.png
1678.0,CC[C@H]1OC(=O)C[C@@H](O)[C@H](C)[C@@H](O[C@@H]2O[C@H](C)[C@@H](O[C@H]3C[C@@](C)(O)[C@@H](O)[C@H](C)O3)[C@H](N(C)C)[C@H]2O)[C@@H](CC=O)C[C@@H](C)C(=O)C=CC(C)=C[C@@H]1CO[C@@H]1O[C@H](C)[C@@H](O)[C@@H](OC)[C@H]1OC,0.0,train,../data/images/Tox21/1678.png
1679.0,C[C@]12CC[C@H]3[C@@H](CC[C@@]45O[C@@H]4C(O)=C(C#N)C[C@]35C)[C@@H]1CC[C@@H]2O,1.0,train,../data/images/Tox21/1679.png
1680.0,Cc1ccccc1S(=O)(=O)[O-],0.0,train,../data/images/Tox21/1680.png
1681.0,Cc1c(C(C)C)c(=O)n(-c2ccccc2)n1C,0.0,train,../data/images/Tox21/1681.png
1682.0,CCCCC(CC)COC(=O)C(C#N)=C(c1ccccc1)c1ccccc1,0.0,train,../data/images/Tox21/1682.png
1683.0,O[C@@H]1CO[C@H]2[C@@H]1OC[C@@H]2O,0.0,train,../data/images/Tox21/1683.png
1684.0,CCCCCCCC/C=C\CCCCCCCC(=O)OCCO,0.0,train,../data/images/Tox21/1684.png
1685.0,OB(O)O,0.0,train,../data/images/Tox21/1685.png
1686.0,Cc1cccc(Oc2ccccc2)c1,0.0,train,../data/images/Tox21/1686.png
1687.0,CN1CCCC(CC2c3ccccc3Sc3ccccc32)C1,0.0,train,../data/images/Tox21/1687.png
1688.0,COc1cccc(OC)c1C(=O)N[C@@H]1C(=O)N2[C@@H]1SC(C)(C)[C@@H]2C(=O)[O-],0.0,train,../data/images/Tox21/1688.png
1689.0,Cc1cc(Cc2ccc(N)c(C)c2)ccc1N,0.0,train,../data/images/Tox21/1689.png
1690.0,Cc1cccc(C)c1NC(=O)C1CCCCN1C,0.0,train,../data/images/Tox21/1690.png
1691.0,O=Cc1ccccc1[N+](=O)[O-],1.0,train,../data/images/Tox21/1691.png
1692.0,CN(CCOc1ccc(NS(C)(=O)=O)cc1)CCc1ccc(NS(C)(=O)=O)cc1,0.0,train,../data/images/Tox21/1692.png
1693.0,CCN1CCCC1CNC(=O)c1cc(S(N)(=O)=O)ccc1OC,0.0,train,../data/images/Tox21/1693.png
1694.0,COCCOC(=O)CC#N,0.0,train,../data/images/Tox21/1694.png
1695.0,CC1COc2ccccc2N1C(=O)C(Cl)Cl,1.0,train,../data/images/Tox21/1695.png
1696.0,N=C1NC(=N)c2cc3ccccc3cc21,1.0,train,../data/images/Tox21/1696.png
1697.0,CCC1NC(=O)c2cc(S(N)(=O)=O)c(Cl)cc2N1,0.0,train,../data/images/Tox21/1697.png
1698.0,NNc1ccc(C(=O)O)cc1,0.0,train,../data/images/Tox21/1698.png
1699.0,CCN(CC)CCO,0.0,train,../data/images/Tox21/1699.png
1700.0,CC[C@H]1OC(=O)[C@H](C)[C@@H](O[C@H]2C[C@@](C)(OC)[C@@H](O)[C@H](C)O2)[C@H](C)[C@@H](O[C@@H]2O[C@H](C)C[C@H](N(C)C)[C@H]2O)[C@](C)(O)C[C@@H](C)C(=O)[C@H](C)[C@@H](O)[C@]1(C)O,0.0,train,../data/images/Tox21/1700.png
1701.0,CC(C)(O)CCCC1=CCC(C=O)CC1,0.0,train,../data/images/Tox21/1701.png
1702.0,CC(CNC1CCCCC1)OC(=O)c1ccccc1,0.0,train,../data/images/Tox21/1702.png
1703.0,Cc1onc(-c2ccccc2Cl)c1C(=O)N[C@@H]1C(=O)N2[C@@H]1SC(C)(C)[C@@H]2C(=O)[O-],0.0,train,../data/images/Tox21/1703.png
1704.0,COC(=O)c1ccccc1C(=O)OC,0.0,train,../data/images/Tox21/1704.png
1705.0,CCNC(=O)C(C)OC(=O)Nc1ccccc1,0.0,train,../data/images/Tox21/1705.png
1706.0,Nc1c(CC(=O)[O-])cccc1C(=O)c1ccc(Br)cc1,0.0,train,../data/images/Tox21/1706.png
1707.0,C#C[C@]1(O)CC[C@H]2[C@@H]3CCC4=CC(=O)CCC4=C3C=C[C@@]21CC,0.0,train,../data/images/Tox21/1707.png
1708.0,OCCOCCN1CCN(C(c2ccccc2)c2ccc(Cl)cc2)CC1,0.0,train,../data/images/Tox21/1708.png
1709.0,Cc1cnc2c(C(=O)O)c(Cl)ccc2c1,0.0,train,../data/images/Tox21/1709.png
1710.0,O=C(O)Cc1c(Cl)ccc(Cl)c1Cl,0.0,train,../data/images/Tox21/1710.png
1711.0,CCOc1ccc2nc(S(N)(=O)=O)sc2c1,0.0,train,../data/images/Tox21/1711.png
1712.0,COCCOCCOCCO,0.0,train,../data/images/Tox21/1712.png
1713.0,O=P1(NCCCl)OCCCN1CCCl,0.0,train,../data/images/Tox21/1713.png
1714.0,CCCSC(=O)N(CCC)CCC,0.0,train,../data/images/Tox21/1714.png
1715.0,Clc1c(Cl)c(Cl)c(Cl)c(Cl)c1Cl,0.0,train,../data/images/Tox21/1715.png
1716.0,CC(CC(C#N)(c1ccccc1)c1ccccc1)N(C)C,0.0,train,../data/images/Tox21/1716.png
1717.0,CCc1ccc(CCOc2ccc(CC3SC(=O)NC3=O)cc2)nc1,0.0,train,../data/images/Tox21/1717.png
1718.0,CCC(=O)NCCC1CCc2ccc3c(c21)CCO3,0.0,train,../data/images/Tox21/1718.png
1719.0,CC(C)(C)C(=O)Cl,0.0,train,../data/images/Tox21/1719.png
1720.0,N#CC(Cl)Cl,0.0,train,../data/images/Tox21/1720.png
1721.0,COc1ccc2c3c1O[C@H]1[C@@H](O)C=C[C@H]4[C@@H](C2)NCC[C@@]341,0.0,train,../data/images/Tox21/1721.png
1722.0,CC[Hg]Sc1ccccc1C(=O)[O-],1.0,train,../data/images/Tox21/1722.png
1723.0,CC1=C(/C=C/C(C)=C/C=C/C(C)=C/C=C\C=C(C)\C=C\C=C(C)\C=C\C2=C(C)C(=O)CCC2(C)C)C(C)(C)CCC1=O,0.0,train,../data/images/Tox21/1723.png
1724.0,CC[n+]1c(-c2ccccc2)c2cc(N)ccc2c2ccc(N)cc21,1.0,train,../data/images/Tox21/1724.png
1725.0,O=C(Nc1cccc2c(=O)cc(-c3nnn[nH]3)oc12)c1ccc(OCCCCc2ccccc2)cc1,0.0,train,../data/images/Tox21/1725.png
1726.0,Nc1c(Br)cc([N+](=O)[O-])cc1[N+](=O)[O-],0.0,train,../data/images/Tox21/1726.png
1727.0,COc1c(C)c2c(c(O)c1C/C=C(\C)CCC(=O)O)C(=O)OC2,1.0,train,../data/images/Tox21/1727.png
1728.0,CNC(C)Cc1ccccc1OC,0.0,train,../data/images/Tox21/1728.png
1729.0,Cc1cn([C@H]2C[C@H](O)[C@@H](CO)O2)c(=O)[nH]c1=O,0.0,train,../data/images/Tox21/1729.png
1730.0,CCCCOCCCC,0.0,train,../data/images/Tox21/1730.png
1731.0,CC1=C(CC=O)C(C)(C)CCC1,0.0,train,../data/images/Tox21/1731.png
1732.0,C=CC(=O)OCC1CCCO1,0.0,train,../data/images/Tox21/1732.png
1733.0,CCCCC(=O)OCC(=O)[C@]1(O)Cc2c(O)c3c(c(O)c2[C@@H](O[C@H]2C[C@H](NC(=O)C(F)(F)F)[C@H](O)[C@H](C)O2)C1)C(=O)c1c(OC)cccc1C3=O,1.0,train,../data/images/Tox21/1733.png
1734.0,Cn1c(NCCN(CCO)CCCc2ccc([N+](=O)[O-])cc2)cc(=O)n(C)c1=O,0.0,train,../data/images/Tox21/1734.png
1735.0,CCOC(=O)CC(C)C,0.0,train,../data/images/Tox21/1735.png
1736.0,CC(C)CC(O)CC(C)C,0.0,train,../data/images/Tox21/1736.png
1737.0,CCN(CC)S(=O)(=O)c1ccc(C(=O)O)cc1,0.0,train,../data/images/Tox21/1737.png
1738.0,NC(=O)c1ccccc1N,0.0,train,../data/images/Tox21/1738.png
1739.0,C=C(C)C1CC=C(C)CC1,0.0,train,../data/images/Tox21/1739.png
1740.0,CCCCN1C(=O)c2ccccc2C1=O,0.0,train,../data/images/Tox21/1740.png
1741.0,COP(=O)(OC)O/C(C)=C/C(=O)N(C)C,0.0,train,../data/images/Tox21/1741.png
1742.0,CNCC(O)c1ccc(OC(=O)C(C)(C)C)c(OC(=O)C(C)(C)C)c1,0.0,train,../data/images/Tox21/1742.png
1743.0,CCCCN,0.0,train,../data/images/Tox21/1743.png
1744.0,OCCOCCOCCO,0.0,train,../data/images/Tox21/1744.png
1745.0,Cc1ccc(C=C2C(=O)C3CCC2C3(C)C)cc1,0.0,train,../data/images/Tox21/1745.png
1746.0,CS(=O)(=O)O,0.0,train,../data/images/Tox21/1746.png
1747.0,CCc1nc(C)c[nH]1,0.0,train,../data/images/Tox21/1747.png
1748.0,CCC(=O)c1ccc(Cl)cc1,0.0,train,../data/images/Tox21/1748.png
1749.0,Cc1cccc(N)c1N,0.0,train,../data/images/Tox21/1749.png
1750.0,CC(C)(C)NCC(O)COc1ccc(NC(=O)NC2CCCCC2)cc1,0.0,train,../data/images/Tox21/1750.png
1751.0,NC(=O)[C@H]1O[C@@H](O)[C@H](O)[C@@H](O)[C@@H]1O,0.0,train,../data/images/Tox21/1751.png
1752.0,CC(C)OC(=O)C(C)(C)Oc1ccc(C(=O)c2ccc(Cl)cc2)cc1,0.0,train,../data/images/Tox21/1752.png
1753.0,CCCCOC(=O)c1ccccc1,0.0,train,../data/images/Tox21/1753.png
1754.0,Cc1ccc2ccccc2c1[N+](=O)[O-],0.0,train,../data/images/Tox21/1754.png
1755.0,COc1ccc2c(c1)[C@@]13CCCCC1[C@@H](C2)N(C)CC3,0.0,train,../data/images/Tox21/1755.png
1756.0,Cc1cccc(C)c1NC(=O)NC1=CCCN1C,0.0,train,../data/images/Tox21/1756.png
1757.0,C[C@@H](O)C(=O)O,0.0,train,../data/images/Tox21/1757.png
1758.0,O=c1[nH]c2cc(Cl)ccc2o1,0.0,train,../data/images/Tox21/1758.png
1759.0,O=[N+]([O-])C(Cl)(Cl)Cl,0.0,train,../data/images/Tox21/1759.png
1760.0,CCCNCC(O)COc1ccccc1C(=O)CCc1ccccc1,0.0,train,../data/images/Tox21/1760.png
1761.0,CC(C)C(=O)OCCOc1ccccc1,0.0,train,../data/images/Tox21/1761.png
1762.0,CC(C)NC(=O)c1ccccc1N,0.0,train,../data/images/Tox21/1762.png
1763.0,CC1(C)S[C@@H]2[C@H](NC(=O)[C@H](NC(=O)N3CCN(S(C)(=O)=O)C3=O)c3ccccc3)C(=O)N2[C@H]1C(=O)O,0.0,train,../data/images/Tox21/1763.png
1764.0,O=[N+]([O-])c1cc(C(F)(F)F)c(Cl)c([N+](=O)[O-])c1Nc1ncc(C(F)(F)F)cc1Cl,1.0,train,../data/images/Tox21/1764.png
1765.0,CN(C)CCCN1c2ccccc2CCc2ccccc21,0.0,train,../data/images/Tox21/1765.png
1766.0,Cc1ncc([C@@H](CCCCCCc2ccc3c(n2)NCCC3)CC(=O)O)cn1,0.0,train,../data/images/Tox21/1766.png
1767.0,CCC(C)C=O,0.0,train,../data/images/Tox21/1767.png
1768.0,CCOc1ccc(N)c([N+](=O)[O-])c1,0.0,train,../data/images/Tox21/1768.png
1769.0,CCc1nn(CCCN2CCN(c3cccc(Cl)c3)CC2)c(=O)n1CCOc1ccccc1,0.0,train,../data/images/Tox21/1769.png
1770.0,CC(=O)OCCc1ccccc1,0.0,train,../data/images/Tox21/1770.png
1771.0,Oc1cccc(Cl)c1,0.0,train,../data/images/Tox21/1771.png
1772.0,O=C(c1ccc(F)cc1)C1CCN(CCn2c(=S)[nH]c3ccccc3c2=O)CC1,0.0,train,../data/images/Tox21/1772.png
1773.0,CCOC(=O)NC(C)(C)Cc1ccc(Cl)cc1,0.0,train,../data/images/Tox21/1773.png
1774.0,CC(=O)OCC(=O)[C@H]1CC[C@H]2[C@@H]3CCC4=CC(=O)CC[C@]4(C)[C@H]3CC[C@]12C,0.0,train,../data/images/Tox21/1774.png
1775.0,COc1ccc(CCN(C)CCCN2CCc3cc(OC)c(OC)cc3CC2=O)cc1OC,0.0,train,../data/images/Tox21/1775.png
1776.0,CC(C)=CCN1CC[C@]2(C)c3cc(O)ccc3C[C@H]1[C@H]2C,0.0,train,../data/images/Tox21/1776.png
1777.0,CC(=O)Nc1ccc(OC(=O)c2ccccc2O)cc1,0.0,train,../data/images/Tox21/1777.png
1778.0,CN1C(=O)CC(c2ccccc2)C1=O,0.0,train,../data/images/Tox21/1778.png
1779.0,CON(C)C(=O)Nc1ccc(Cl)cc1,0.0,train,../data/images/Tox21/1779.png
1780.0,CCCCc1ncc(/C=C(\Cc2cccs2)C(=O)O)n1Cc1ccc(C(=O)O)cc1,0.0,train,../data/images/Tox21/1780.png
1781.0,COc1cc2nc(N3CCN(C(=O)C4COc5ccccc5O4)CC3)nc(N)c2cc1OC,0.0,train,../data/images/Tox21/1781.png
1782.0,CC(=O)N[C@@H](CCC(=O)O)C(=O)O,0.0,train,../data/images/Tox21/1782.png
1783.0,O=C(Oc1ccccc1)c1ccccc1O,0.0,train,../data/images/Tox21/1783.png
1784.0,CO[C@H]1C[C@H](O[C@@H]2C(C)=CC[C@@H]3C[C@@H](C[C@]4(CC[C@H](C)[C@@H](C5CCCCC5)O4)O3)OC(=O)[C@@H]3C=C(C)/C(=N/O)[C@H]4OCC(=CC=C[C@@H]2C)[C@]43O)O[C@@H](C)[C@@H]1O,0.0,train,../data/images/Tox21/1784.png
1785.0,CN(C)CCC=C1c2ccccc2CCc2ccccc21,0.0,train,../data/images/Tox21/1785.png
1786.0,CNCC[C@@H](Oc1ccccc1C)c1ccccc1,0.0,train,../data/images/Tox21/1786.png
1787.0,Nc1cccc2c(O)nnc(O)c12,0.0,train,../data/images/Tox21/1787.png
1788.0,CC(C)CP(=S)([S-])CC(C)C,0.0,train,../data/images/Tox21/1788.png
1789.0,Clc1cccc(C(c2ccc3nc[nH]c3c2)n2ccnc2)c1,0.0,train,../data/images/Tox21/1789.png
1790.0,O=C(O)Cc1cccc2ccccc12,0.0,train,../data/images/Tox21/1790.png
1791.0,O=C1NCCN1c1ncc([N+](=O)[O-])s1,0.0,train,../data/images/Tox21/1791.png
1792.0,CCCCN(CCCC)N=O,0.0,train,../data/images/Tox21/1792.png
1793.0,c1ccc(CCc2ccccc2)cc1,0.0,train,../data/images/Tox21/1793.png
1794.0,CCCCOCCOC(C)=O,0.0,train,../data/images/Tox21/1794.png
1795.0,CCCCCCCCOC(=O)c1ccc(O)cc1,0.0,train,../data/images/Tox21/1795.png
1796.0,CCOCCOCCOCCO,0.0,train,../data/images/Tox21/1796.png
1797.0,CCCCCC[C@@H](O)C/C=C\CCCCCCCC(=O)O,0.0,train,../data/images/Tox21/1797.png
1798.0,CCCCCCCCCCC=O,0.0,train,../data/images/Tox21/1798.png
1799.0,C=CCCl,0.0,train,../data/images/Tox21/1799.png
1800.0,O=C(OCCCCCCOC(=O)c1ccccc1)c1ccccc1,0.0,train,../data/images/Tox21/1800.png
1801.0,O=C([O-])[C@H](O)[C@H](O)[C@@H](O)[C@H](O)[C@H](O)CO,0.0,train,../data/images/Tox21/1801.png
1802.0,NC[C@H]1O[C@H](O[C@H]2[C@H](O)[C@@H](O[C@H]3O[C@H](CO)[C@@H](O)[C@H](N)[C@H]3O)[C@H](N)C[C@@H]2N)[C@H](O)[C@@H](O)[C@@H]1O,0.0,train,../data/images/Tox21/1802.png
1803.0,CCC(=O)N(c1ccccc1)C1CCN(C(C)Cc2ccccc2)CC1,0.0,train,../data/images/Tox21/1803.png
1804.0,C=CC(=O)OC,0.0,train,../data/images/Tox21/1804.png
1805.0,O=S(=O)([O-])c1ccc(O)cc1,0.0,train,../data/images/Tox21/1805.png
1806.0,CCCCOC(=O)CCCCC(=O)OCCCC,0.0,train,../data/images/Tox21/1806.png
1807.0,NCCCC[C@H](NC(=O)[C@@H]1CCCN1C(=O)[C@@H]1CSSC[C@H](NC(=O)CNC(=O)CNC(=O)CN)C(=O)N[C@@H](Cc2ccc(O)cc2)C(=O)N[C@@H](Cc2ccccc2)C(=O)N[C@@H](CCC(N)=O)C(=O)N[C@@H](CC(N)=O)C(=O)N1)C(=O)NCC(N)=O,0.0,train,../data/images/Tox21/1807.png
1808.0,O=C(O[C@H]1C[C@H]2CC[C@@H](C1)[N+]21CCCC1)C(O)(c1ccccc1)c1ccccc1,0.0,train,../data/images/Tox21/1808.png
1809.0,CC(C)(O)C(=O)c1ccccc1,0.0,train,../data/images/Tox21/1809.png
1810.0,CC(C)c1cccc(C(C)C)c1O,0.0,train,../data/images/Tox21/1810.png
1811.0,CC1=CC(=O)CC(C)(C)C1,0.0,train,../data/images/Tox21/1811.png
1812.0,Cc1nc(N(C)C)nc(OC(=O)N(C)C)c1C,0.0,train,../data/images/Tox21/1812.png
1813.0,CC1(C)C2CC[C@]3(C)[C@H](C(=O)C=C4[C@@H]5C[C@@](C)(C(=O)O)CC[C@]5(C)CC[C@]43C)[C@@]2(C)CC[C@@H]1O[C@H]1O[C@H](C(=O)[O-])[C@@H](O)[C@H](O)[C@H]1O[C@@H]1O[C@H](C(=O)O)[C@@H](O)[C@H](O)[C@H]1O,0.0,train,../data/images/Tox21/1813.png
1814.0,C=C[Si]1(C)O[Si](C)(C=C)O[Si](C)(C=C)O[Si](C)(C=C)O1,0.0,train,../data/images/Tox21/1814.png
1815.0,C[C@@]12CCC[C@H]1[C@@H]1CC[C@H]3C[C@@H](O)CC[C@]3(C)[C@H]1CC2,0.0,train,../data/images/Tox21/1815.png
1816.0,C=CC(C)(O)CCCC(C)CCCC(C)CCCC(C)C,0.0,train,../data/images/Tox21/1816.png
1817.0,NCC(O)c1cccc(O)c1,0.0,train,../data/images/Tox21/1817.png
1818.0,CC1=NN(c2cccc(S(=O)(=O)O)c2)C(=O)C1,0.0,train,../data/images/Tox21/1818.png
1819.0,CCOc1ccc2[nH]cc(C(=O)NCc3ccccc3)c(=O)c2n1,0.0,train,../data/images/Tox21/1819.png
1820.0,CS(=O)(=O)NC(=O)c1cc(Oc2ccc(C(F)(F)F)cc2Cl)ccc1[N+](=O)[O-],0.0,train,../data/images/Tox21/1820.png
1821.0,Nc1nc2ccccc2s1,0.0,train,../data/images/Tox21/1821.png
1822.0,OCC(O)c1ccccc1,0.0,train,../data/images/Tox21/1822.png
1823.0,OCCNCCO,0.0,train,../data/images/Tox21/1823.png
1824.0,CC(N)CCCC(C)(C)O,0.0,train,../data/images/Tox21/1824.png
1825.0,c1ccc2c(c1)ccc1ncccc12,1.0,train,../data/images/Tox21/1825.png
1826.0,CC(C)S,0.0,train,../data/images/Tox21/1826.png
1827.0,CCN(CC)N(O)N=O,0.0,train,../data/images/Tox21/1827.png
1828.0,CN[C@H]1CCc2cc(OC)c(OC)c(OC)c2-c2ccc(OC)c(=O)cc21,1.0,train,../data/images/Tox21/1828.png
1829.0,Nc1nc2nc[nH]c2c(=S)[nH]1,1.0,train,../data/images/Tox21/1829.png
1830.0,NCCNCCNCCN,0.0,train,../data/images/Tox21/1830.png
1831.0,Cc1cc(C)c(/N=N/c2c(O)c(S(=O)(=O)[O-])cc3cc(S(=O)(=O)[O-])ccc23)cc1C,0.0,train,../data/images/Tox21/1831.png
1832.0,Cl/C=C\Cl,0.0,train,../data/images/Tox21/1832.png
1833.0,O=C(Nc1ccc2c(O)c(N=Nc3ccc(N=Nc4ccc(S(=O)(=O)[O-])cc4)cc3)c(S(=O)(=O)[O-])cc2c1)c1ccccc1,0.0,train,../data/images/Tox21/1833.png
1834.0,C[C@@H]1CC(=O)NN=C1c1ccc(NN=C(C#N)C#N)cc1,1.0,train,../data/images/Tox21/1834.png
1835.0,CC=CC(=O)O,0.0,train,../data/images/Tox21/1835.png
1836.0,CCCCCCC(O)CCCCCCCCCCC(=O)O,0.0,train,../data/images/Tox21/1836.png
1837.0,C=CCC1(C(C)CCC)C(=O)N=C([S-])NC1=O,0.0,train,../data/images/Tox21/1837.png
1838.0,II,0.0,train,../data/images/Tox21/1838.png
1839.0,COc1ccc(CN(CCN(C)C)c2ccccn2)cc1,0.0,train,../data/images/Tox21/1839.png
1840.0,O=C(O)CNC(=O)c1ccccc1I,0.0,train,../data/images/Tox21/1840.png
1841.0,Cc1ccc(-c2nc3ccc(C)cn3c2CC(=O)N(C)C)cc1,0.0,train,../data/images/Tox21/1841.png
1842.0,CCOC(=O)COc1ccc(Cl)cc1Cl,0.0,train,../data/images/Tox21/1842.png
1843.0,COc1cc(C(=O)NC2CCCNC2)cc(OC)c1OC,0.0,train,../data/images/Tox21/1843.png
1844.0,CN(C)CCCN,0.0,train,../data/images/Tox21/1844.png
1845.0,O=C1OC(=O)c2cccc3cccc1c23,0.0,train,../data/images/Tox21/1845.png
1846.0,CC(=O)Nc1ccc(OC(=O)c2ccccc2OC(C)=O)cc1,0.0,train,../data/images/Tox21/1846.png
1847.0,O=[N+]([O-])c1ccccc1Cl,0.0,train,../data/images/Tox21/1847.png
1848.0,CCC(C)(CCC(C)C)C(=O)[O-],0.0,train,../data/images/Tox21/1848.png
1849.0,C=C(C)CS(=O)(=O)[O-],0.0,train,../data/images/Tox21/1849.png
1850.0,CCC(=O)C=Cc1ccc(OC)cc1,0.0,train,../data/images/Tox21/1850.png
1851.0,CCCCC(CC)COC(=O)c1ccccc1C(=O)O,0.0,train,../data/images/Tox21/1851.png
1852.0,Cn1cc(-c2ccccc2)c(=O)c(-c2cccc(C(F)(F)F)c2)c1,0.0,train,../data/images/Tox21/1852.png
1853.0,C#CCO,0.0,train,../data/images/Tox21/1853.png
1854.0,Brc1cc(-c2ccc(Br)c(Br)c2Br)cc(Br)c1Br,0.0,train,../data/images/Tox21/1854.png
1855.0,CC1(O)CCC(C(C)(C)O)CC1,0.0,train,../data/images/Tox21/1855.png
1856.0,CC(=O)Oc1cc(C(C)C)c(OCCN(C)C)cc1C,0.0,train,../data/images/Tox21/1856.png
1857.0,C=C[C@]1(C)C[C@@H](OC(=O)CSC(C)(C)CNC(=O)[C@H](N)C(C)C)[C@]2(C)[C@H](C)CC[C@]3(CCC(=O)[C@H]32)[C@@H](C)[C@@H]1O,0.0,train,../data/images/Tox21/1857.png
1858.0,CCC(C(=O)NC(=O)NC(C)=O)c1ccccc1,0.0,train,../data/images/Tox21/1858.png
1859.0,c1ccc(Cc2ccccc2)cc1,0.0,train,../data/images/Tox21/1859.png
1860.0,CC1(C)CC(N)CC(C)(CN)C1,0.0,train,../data/images/Tox21/1860.png
1861.0,CCCCN(CCCC)CC(O)c1cc(Cl)cc2c1-c1ccc(Cl)cc1/C2=C/c1ccc(Cl)cc1,0.0,train,../data/images/Tox21/1861.png
1862.0,Cc1cc(SC2=C(O)C[C@@](CCc3ccc(N)cc3)(C(C)C)OC2=O)c(C(C)(C)C)cc1CO,0.0,train,../data/images/Tox21/1862.png
1863.0,CN(C)c1ccc(C(=N)c2ccc(N(C)C)cc2)cc1,1.0,train,../data/images/Tox21/1863.png
1864.0,CC(C)(C)NC(=O)[C@H]1CC[C@H]2[C@@H]3CC=C4C=C(C(=O)O)CC[C@]4(C)[C@H]3CC[C@]12C,0.0,train,../data/images/Tox21/1864.png
1865.0,CCc1cccc(N(C)C(=N)Nc2cccc3ccccc23)c1,0.0,train,../data/images/Tox21/1865.png
1866.0,Cc1cc2c(cc1S(N)(=O)=O)S(=O)(=O)CCC2,0.0,train,../data/images/Tox21/1866.png
1867.0,c1cc(N(CC2CO2)CC2CO2)ccc1OCC1CO1,1.0,train,../data/images/Tox21/1867.png
1868.0,CC[C@]1(O)C[C@@H]2CN(CCc3c([nH]c4ccccc34)[C@@](C(=O)OC)(c3cc4c(cc3OC)N(C)[C@H]3[C@@](O)(C(=O)OC)[C@H](OC(C)=O)[C@]5(CC)C=CCN6CC[C@]43[C@@H]65)C2)C1,1.0,train,../data/images/Tox21/1868.png
1869.0,NC(=O)Nc1nc2ccccc2[nH]1,0.0,train,../data/images/Tox21/1869.png
1870.0,CC[N+](C)(CC)CCOC(=O)C(O)(c1ccccc1)C1CCCCC1,0.0,train,../data/images/Tox21/1870.png
1871.0,CN1[C@@H]2CC[C@H]1C[C@@H](OC(=O)C(CO)c1ccccc1)C2,0.0,train,../data/images/Tox21/1871.png
1872.0,COCCO,0.0,train,../data/images/Tox21/1872.png
1873.0,OCCOCCO,0.0,train,../data/images/Tox21/1873.png
1874.0,COC(=O)/C=C(\C)OP(=O)(OC)OC,0.0,train,../data/images/Tox21/1874.png
1875.0,COc1cc(CNC(=O)CCCC/C=C/C(C)C)ccc1O,0.0,train,../data/images/Tox21/1875.png
1876.0,Cc1ncc([N+](=O)[O-])n1CC(C)O,0.0,train,../data/images/Tox21/1876.png
1877.0,COC(=O)c1cncn1C(C)c1ccccc1,0.0,train,../data/images/Tox21/1877.png
1878.0,O=S1(=O)OCCO1,0.0,train,../data/images/Tox21/1878.png
1879.0,CC(COCCO)OCCO,0.0,train,../data/images/Tox21/1879.png
1880.0,NC(=O)c1ncn([C@@H]2O[C@H](CO)[C@@H](O)[C@H]2O)c1N,0.0,train,../data/images/Tox21/1880.png
1881.0,O=[N+]([O-])c1ccccc1O,0.0,train,../data/images/Tox21/1881.png
1882.0,CCCCOc1cc(C(=O)OCCN(CC)CC)ccc1N,0.0,train,../data/images/Tox21/1882.png
1883.0,N[C@@H](CCC(=O)O)C(=O)O,0.0,train,../data/images/Tox21/1883.png
1884.0,O=C(O)C(F)(F)C(F)(F)C(F)(F)C(F)(F)C(F)(F)C(F)(F)C(F)(F)F,0.0,train,../data/images/Tox21/1884.png
1885.0,CCOC(=O)Nc1ccc(NCc2ccc(F)cc2)nc1N,0.0,train,../data/images/Tox21/1885.png
1886.0,C[N+](C)(C)CC(=O)[O-],0.0,train,../data/images/Tox21/1886.png
1887.0,OCC(CO)n1cnc(-c2ccc(F)cc2)c1-c1ccnc(Oc2ccccc2)n1,0.0,train,../data/images/Tox21/1887.png
1888.0,CC(C)c1ccccc1O,0.0,train,../data/images/Tox21/1888.png
1889.0,Nn1cnnc1,0.0,train,../data/images/Tox21/1889.png
1890.0,CCCCOCCOC(=O)COc1ccc(Cl)cc1Cl,0.0,train,../data/images/Tox21/1890.png
1891.0,O=C1CCC(C2CCCCC2)CC1,0.0,train,../data/images/Tox21/1891.png
1892.0,C=CCOc1nc(OCC=C)nc(OCC=C)n1,0.0,train,../data/images/Tox21/1892.png
1893.0,Cc1c(C)c2c(c(C)c1O)CCC(C)(COc1ccc(CC3SC(=O)NC3=O)cc1)O2,1.0,train,../data/images/Tox21/1893.png
1894.0,Clc1ccc([C@@H]2C[C@H]3CC[C@@H]2N3)cn1,0.0,train,../data/images/Tox21/1894.png
1895.0,C=CN1CCCC1=O,0.0,train,../data/images/Tox21/1895.png
1896.0,NC(=O)CCCCC1CCSS1,0.0,train,../data/images/Tox21/1896.png
1897.0,O=[N+]([O-])O[C@@H]1CO[C@H]2[C@@H]1OC[C@@H]2O,0.0,train,../data/images/Tox21/1897.png
1898.0,CO[C@H]1C=CO[C@@]2(C)Oc3c(C)c(O)c4c(O)c(c5c(nc6cc(C)ccn65)c4c3C2=O)NC(=O)C(C)=CC=C[C@H](C)[C@H](O)[C@@H](C)[C@@H](O)[C@@H](C)[C@H](OC(C)=O)[C@@H]1C,0.0,train,../data/images/Tox21/1898.png
1899.0,O=C(NCNC(=O)NC1C(=O)NC(=O)N1CO)NC1C(=O)NC(=O)N1CO,0.0,train,../data/images/Tox21/1899.png
1900.0,N#C[Fe-2](C#N)(C#N)(C#N)(C#N)N=O,0.0,train,../data/images/Tox21/1900.png
1901.0,CC(=O)SC[C@@H](C)C(=O)N1CCC[C@H]1C(=O)N[C@@H](Cc1ccccc1)C(=O)O,0.0,train,../data/images/Tox21/1901.png
1902.0,Cc1cc2c3c(c1)C(c1ccccc1)=N[C@@H](NC(=O)c1ccncc1)C(=O)N3CC2,0.0,train,../data/images/Tox21/1902.png
1903.0,CCCCCCCCCCCCCN1CC(C)OC(C)C1,0.0,train,../data/images/Tox21/1903.png
1904.0,CCCCOc1ccc(C(=O)CCN2CCCCC2)cc1,0.0,train,../data/images/Tox21/1904.png
1905.0,CC(C(=O)O)c1ccc(C(=O)c2ccccc2)s1,0.0,train,../data/images/Tox21/1905.png
1906.0,Clc1cc2c(cc1Cl)Oc1cc(Cl)c(Cl)cc1O2,0.0,train,../data/images/Tox21/1906.png
1907.0,CCCCCC[N+](=O)[O-],0.0,train,../data/images/Tox21/1907.png
1908.0,Nc1cc(Cl)c(-c2cc(Cl)c(N)cc2Cl)cc1Cl,1.0,train,../data/images/Tox21/1908.png
1909.0,Nc1ccc(/N=N\c2ccccc2)c(N)c1,0.0,train,../data/images/Tox21/1909.png
1910.0,c1cc(CCCc2ccncc2)ccn1,0.0,train,../data/images/Tox21/1910.png
1911.0,CCN1C[C@]2(COC)[C@H](O)C[C@H](OC)[C@]34C1[C@H]([C@H](OC)[C@H]23)[C@]1(OC(C)=O)[C@H]2[C@@H](OC(=O)c3ccccc3)[C@](O)(C[C@H]24)[C@@H](OC)[C@@H]1O,0.0,train,../data/images/Tox21/1911.png
1912.0,[O-]c1cc(Cl)c(Cl)cc1Cl,0.0,train,../data/images/Tox21/1912.png
1913.0,CC(C)=O,0.0,train,../data/images/Tox21/1913.png
1914.0,C(=C/C=N/c1ccccc1)\C=C\Nc1ccccc1,0.0,train,../data/images/Tox21/1914.png
1915.0,CCCCCC(=O)OCC,0.0,train,../data/images/Tox21/1915.png
1916.0,O=C(O)c1cccc([N+](=O)[O-])c1,0.0,train,../data/images/Tox21/1916.png
1917.0,C=CS(=O)(=O)[O-],0.0,train,../data/images/Tox21/1917.png
1918.0,O=[N+]([O-])c1ccc(F)c([N+](=O)[O-])c1,0.0,train,../data/images/Tox21/1918.png
1919.0,CC1(C)C(O)C(C)(C)C1O,0.0,train,../data/images/Tox21/1919.png
1920.0,C(=Cc1ccncc1)c1ccccc1,0.0,train,../data/images/Tox21/1920.png
1921.0,CO[Si](CCCNCCN)(OC)OC,0.0,train,../data/images/Tox21/1921.png
1922.0,COc1ccc(OC)c(OC)c1,0.0,train,../data/images/Tox21/1922.png
1923.0,COC(=O)C(C)Oc1ccc(Oc2ncc(C(F)(F)F)cc2Cl)cc1,0.0,train,../data/images/Tox21/1923.png
1924.0,CCC(C)c1cc([N+](=O)[O-])cc([N+](=O)[O-])c1OC(=O)C=C(C)C,1.0,train,../data/images/Tox21/1924.png
1925.0,COP(OC)OC,0.0,train,../data/images/Tox21/1925.png
1926.0,Cc1cc(C)cc(N)c1,0.0,train,../data/images/Tox21/1926.png
1927.0,Nc1ccc(S(N)(=O)=O)cc1,0.0,train,../data/images/Tox21/1927.png
1928.0,CCC(Cl)CC(Cl)C(Cl)C(Cl)C(Cl)C(C)Cl,0.0,train,../data/images/Tox21/1928.png
1929.0,CCCC(=O)C(C)=O,0.0,train,../data/images/Tox21/1929.png
1930.0,O=C(O)C[C@H](NC(=O)OCc1ccccc1)C(=O)O,0.0,train,../data/images/Tox21/1930.png
1931.0,CCCCCCCCN(C)C,0.0,train,../data/images/Tox21/1931.png
1932.0,C[C@@H]1[C@@H]2Cc3ccc(O)cc3[C@@]1(C)CCN2CC1CC1,0.0,train,../data/images/Tox21/1932.png
1933.0,CCCCCCCCCCCl,0.0,train,../data/images/Tox21/1933.png
1934.0,BrCCCBr,0.0,train,../data/images/Tox21/1934.png
1935.0,Oc1ccc(Cl)cc1,0.0,train,../data/images/Tox21/1935.png
1936.0,CO[Si](OC)(OC)OC,0.0,train,../data/images/Tox21/1936.png
1937.0,Cc1ccc(/N=N/c2c(O)c(C(=O)[O-])cc3ccccc23)c(S(=O)(=O)[O-])c1,0.0,train,../data/images/Tox21/1937.png
1938.0,CC(C)N1CCN(c2ccc(OC[C@H]3CO[C@](Cn4cncn4)(c4ccc(Cl)cc4Cl)O3)cc2)CC1,0.0,train,../data/images/Tox21/1938.png
1939.0,C=CC[N+]1([C@H]2C[C@H]3[C@@H]4CC[C@H]5C[C@H](OC(C)=O)[C@@H](N6CCCCC6)C[C@]5(C)[C@H]4CC[C@]3(C)[C@H]2OC(=O)CC)CCCCC1,0.0,train,../data/images/Tox21/1939.png
1940.0,O=c1n(CCO)c(=O)n(CCO)c(=O)n1CCO,0.0,train,../data/images/Tox21/1940.png
1941.0,CCC=CC#N,0.0,train,../data/images/Tox21/1941.png
1942.0,CC(C)C1=CC2=CC[C@@H]3[C@](C)(CCC[C@@]3(C)C(=O)O)[C@H]2CC1,0.0,train,../data/images/Tox21/1942.png
1943.0,CCN(CC)C(=O)Nc1ccc(OCC(O)CNC(C)(C)C)c(C(C)=O)c1,0.0,train,../data/images/Tox21/1943.png
1944.0,CCC(CC)CO,0.0,train,../data/images/Tox21/1944.png
1945.0,COc1cc(C(C)(C)C)c(O)c(C(C)(C)C)c1,0.0,train,../data/images/Tox21/1945.png
1946.0,C=C(C)CCC[C@H](C)CCO,0.0,train,../data/images/Tox21/1946.png
1947.0,CC(C)[N+](=O)[O-],0.0,train,../data/images/Tox21/1947.png
1948.0,NC(=O)c1cc([N+](=O)[O-])cc([N+](=O)[O-])c1,0.0,train,../data/images/Tox21/1948.png
1949.0,NCCCN1CCN(CCCN)CC1,0.0,train,../data/images/Tox21/1949.png
1950.0,CN(C)C=O,0.0,train,../data/images/Tox21/1950.png
1951.0,O=[N+]([O-])c1ccccc1CCO,0.0,train,../data/images/Tox21/1951.png
1952.0,CCCCC(=O)O,0.0,train,../data/images/Tox21/1952.png
1953.0,Clc1cccc(-c2cc(Cl)cc(Cl)c2)c1,0.0,train,../data/images/Tox21/1953.png
1954.0,COCC(=O)N(c1c(C)cccc1C)C(C)C(=O)OC,0.0,train,../data/images/Tox21/1954.png
1955.0,COc1cc(OC)c(C(=O)CCCN2CCCC2)c(OC)c1,0.0,train,../data/images/Tox21/1955.png
1956.0,ClC(Cl)c1ccccc1,0.0,train,../data/images/Tox21/1956.png
1957.0,CC12CCCC=C1C(=O)OC2=O,0.0,train,../data/images/Tox21/1957.png
1958.0,COc1cccc2c1cc([N+](=O)[O-])c1c(C(=O)[O-])cc3c(c12)OCO3,1.0,train,../data/images/Tox21/1958.png
1959.0,O=c1c(O)c(O)c1=O,0.0,train,../data/images/Tox21/1959.png
1960.0,CN1[C@@H]2CC[C@H]1C[C@@H](OC(=O)C(O)c1ccccc1)C2,0.0,train,../data/images/Tox21/1960.png
1961.0,C=CCN=C=S,0.0,train,../data/images/Tox21/1961.png
1962.0,CCOc1ccc(S(=O)(=O)O)c2cccnc12,0.0,train,../data/images/Tox21/1962.png
1963.0,Cc1c(C2(c3cc(Br)c(O)c(Br)c3C)OS(=O)(=O)c3ccccc32)cc(Br)c(O)c1Br,0.0,train,../data/images/Tox21/1963.png
1964.0,CCn1cc(C(=O)O)c(=O)c2cc(F)c(N3CCNC(C)C3)c(F)c21,0.0,train,../data/images/Tox21/1964.png
1965.0,CCOP(=S)(OCC)Oc1nc(Cl)c(Cl)cc1Cl,0.0,train,../data/images/Tox21/1965.png
1966.0,COC(=O)[C@]1(C)CCC[C@@]2(C)[C@H]1CC=C1C=C(C(C)C)CC[C@@H]12,0.0,train,../data/images/Tox21/1966.png
1967.0,CCN(CC)CCNC(=O)COc1ccc(Cl)cc1,0.0,train,../data/images/Tox21/1967.png
1968.0,C[C@]12CCC(=O)C=C1C=C[C@@H]1[C@@H]2CC[C@@]2(C)[C@H]1CC[C@@]2(O)CCC(=O)[O-],0.0,train,../data/images/Tox21/1968.png
1969.0,CC(C)N(Cc1ccccc1)C(=O)C(C)(C)C,0.0,train,../data/images/Tox21/1969.png
1970.0,CC(=N\O)/C(C)=N/O,0.0,train,../data/images/Tox21/1970.png
1971.0,CO/N=C(\C(=O)N[C@@H]1C(=O)N2C(C(=O)O)=C(CSC(=O)c3ccco3)CS[C@H]12)c1csc(N)n1,0.0,train,../data/images/Tox21/1971.png
1972.0,CC(C)(c1ccccc1)c1ccccc1,0.0,train,../data/images/Tox21/1972.png
1973.0,CCCC/C=C/CCCCO,0.0,train,../data/images/Tox21/1973.png
1974.0,NC(=O)c1ccccc1O,0.0,train,../data/images/Tox21/1974.png
1975.0,CNC(=O)[C@H]1O[C@@H](n2cnc3c(NCc4cc(Cl)ccc4OCc4cc(C)no4)ncnc32)[C@H](O)[C@@H]1N,0.0,train,../data/images/Tox21/1975.png
1976.0,CCCCOC(=O)C(C)Oc1ccc(Oc2ccc(C(F)(F)F)cn2)cc1,0.0,train,../data/images/Tox21/1976.png
1977.0,C1CCC2OC2C1,0.0,train,../data/images/Tox21/1977.png
1978.0,NC(=O)c1cn(Cc2c(F)cccc2F)nn1,0.0,train,../data/images/Tox21/1978.png
1979.0,Cc1ccc(/C=N/n2c(-c3ccccc3)csc2=S)cc1,0.0,train,../data/images/Tox21/1979.png
1980.0,CC(=O)OCc1ccco1,0.0,train,../data/images/Tox21/1980.png
1981.0,CN1CCN(CCCN2c3ccccc3Sc3ccc(S(=O)(=O)N(C)C)cc32)CC1,0.0,train,../data/images/Tox21/1981.png
1982.0,N#C[C@@H]1CC(F)(F)CN1C(=O)CNC1CC2CCC(C1)N2c1ncccn1,0.0,train,../data/images/Tox21/1982.png
1983.0,CCOc1cccc([C@]2(N3CCN(c4ccccc4)CC3)CC[C@@H](C)CC2)c1,0.0,train,../data/images/Tox21/1983.png
1984.0,CCc1ccccc1N,0.0,train,../data/images/Tox21/1984.png
1985.0,CC(=O)OC(C)OC(C)=O,0.0,train,../data/images/Tox21/1985.png
1986.0,NCCCN(CCO)CCO,0.0,train,../data/images/Tox21/1986.png
1987.0,Clc1ccccc1,0.0,train,../data/images/Tox21/1987.png
1988.0,O=C(O)c1cn(C2CC2)c2cc(N3CCNCC3)c(F)cc2c1=O,0.0,train,../data/images/Tox21/1988.png
1989.0,CC(C)N(C(=O)CCl)c1ccccc1,1.0,train,../data/images/Tox21/1989.png
1990.0,CCOC(=O)CCC(=O)O[C@H]1[C@H](O[C@@H]2[C@@H](C)[C@H](O[C@H]3C[C@@](C)(OC)[C@@H](O)[C@H](C)O3)[C@@H](C)C(=O)O[C@H](CC)[C@@](C)(O)[C@H](O)[C@@H](C)C(=O)[C@H](C)C[C@@]2(C)O)O[C@H](C)C[C@@H]1N(C)C,0.0,train,../data/images/Tox21/1990.png
1991.0,O=C([O-])CCl,0.0,train,../data/images/Tox21/1991.png
1992.0,CCN(C(=O)N(CC)c1ccccc1)c1ccccc1,0.0,train,../data/images/Tox21/1992.png
1993.0,O=C(C=Cc1ccc(O)c(O)c1)O[C@@H]1C[C@@](OC(=O)C=Cc2ccc(O)c(O)c2)(C(=O)O)C[C@@H](O)[C@@H]1O,0.0,train,../data/images/Tox21/1993.png
1994.0,C[C@@H](O)[C@H]1C(=O)N2C(C(=O)O)=C([C@H]3CCCO3)S[C@H]12,0.0,train,../data/images/Tox21/1994.png
1995.0,CCC(C)(C)C1CCC(=O)CC1,0.0,train,../data/images/Tox21/1995.png
1996.0,CC(CO)Oc1ccccc1,0.0,train,../data/images/Tox21/1996.png
1997.0,O=C(O)COc1ccc(CCNS(=O)(=O)c2ccccc2)s1,0.0,train,../data/images/Tox21/1997.png
1998.0,O=C(O)c1cccnc1C(=O)O,0.0,train,../data/images/Tox21/1998.png
1999.0,C=C(C)[C@H]1CC=C(C)C(=O)C1,0.0,train,../data/images/Tox21/1999.png
2000.0,CC(C(=O)O)c1ccc(N2Cc3ccccc3C2=O)cc1,0.0,train,../data/images/Tox21/2000.png
2001.0,c1coc(CNc2[nH]cnc3ncnc2-3)c1,0.0,train,../data/images/Tox21/2001.png
2002.0,CCC#N,0.0,train,../data/images/Tox21/2002.png
2003.0,COc1cc2[nH]c(C)c(CCN3CCN(c4ccccc4)CC3)c2cc1OC,0.0,train,../data/images/Tox21/2003.png
2004.0,O=C(O)Cc1ccccc1,0.0,train,../data/images/Tox21/2004.png
2005.0,CC(C)CC(C)(C)C,0.0,train,../data/images/Tox21/2005.png
2006.0,CC(C)NCC1CCc2cc(CO)c([N+](=O)[O-])cc2N1,0.0,train,../data/images/Tox21/2006.png
2007.0,Cc1ccc(C(C)C)cc1O,0.0,train,../data/images/Tox21/2007.png
2008.0,CCOc1ccc(NC(=S)Nc2ccc(OCC)cc2)cc1,0.0,train,../data/images/Tox21/2008.png
2009.0,CCCC(CCC)C(N)=O,0.0,train,../data/images/Tox21/2009.png
2010.0,CCC(NC(C)C)C(O)c1ccc(O)c(O)c1,0.0,train,../data/images/Tox21/2010.png
2011.0,Nc1ccc(S(=O)(=O)NC(=O)c2ccccc2)cc1,0.0,train,../data/images/Tox21/2011.png
2012.0,CC(C)Oc1ccccc1O,0.0,train,../data/images/Tox21/2012.png
2013.0,Cc1cc(C)c(S(=O)(=O)[O-])cc1N=Nc1cc(S(=O)(=O)[O-])c2ccccc2c1O,0.0,train,../data/images/Tox21/2013.png
2014.0,Cc1nc(NS(=O)(=O)c2ccc(N)cc2)nc(C)c1Br,0.0,train,../data/images/Tox21/2014.png
2015.0,CC(Cc1ccc(C(C)(C)C)cc1)CN1C[C@@H](C)O[C@@H](C)C1,0.0,train,../data/images/Tox21/2015.png
2016.0,CNC(C)CCC=C(C)C,0.0,train,../data/images/Tox21/2016.png
2017.0,CCCCC(=O)O[C@]1(C(=O)CO)[C@H](C)C[C@H]2[C@@H]3CCC4=CC(=O)C=C[C@]4(C)[C@@]3(F)[C@@H](O)C[C@@]21C,0.0,train,../data/images/Tox21/2017.png
2018.0,COc1c(N2C[C@@H]3CCCN[C@@H]3C2)c(F)cc2c(=O)c(C(=O)O)cn(C3CC3)c12,0.0,train,../data/images/Tox21/2018.png
2019.0,CCCCNc1ccccc1,0.0,train,../data/images/Tox21/2019.png
2020.0,CNC(=S)[S-],0.0,train,../data/images/Tox21/2020.png
2021.0,CC(C)CC(O)Cc1ccccc1,0.0,train,../data/images/Tox21/2021.png
2022.0,CCCC(=O)OCc1ccccc1,0.0,train,../data/images/Tox21/2022.png
2023.0,C=C1CC[C@H]2C[C@@H]1C2(C)C,0.0,train,../data/images/Tox21/2023.png
2024.0,CCCCC1CCC(O)CC1,0.0,train,../data/images/Tox21/2024.png
2025.0,NC[C@H]1O[C@H](O[C@H]2[C@H](O)[C@@H](O[C@H]3O[C@H](CO)[C@@H](O)[C@H](N)[C@H]3O)[C@H](N)C[C@@H]2N)[C@H](N)C[C@@H]1O,0.0,train,../data/images/Tox21/2025.png
2026.0,O=C1CN(N=Cc2ccc([N+](=O)[O-])o2)C(=O)N1,0.0,train,../data/images/Tox21/2026.png
2027.0,CCC(=O)[O-],0.0,train,../data/images/Tox21/2027.png
2028.0,C=CC(=O)NC(C)(C)C,0.0,train,../data/images/Tox21/2028.png
2029.0,Cc1nccn1CC1CCc2c(c3ccccc3n2C)C1=O,0.0,train,../data/images/Tox21/2029.png
2030.0,NC(=O)c1ccc([N+](=O)[O-])cc1Cl,0.0,train,../data/images/Tox21/2030.png
2031.0,C=CCOC(=O)CCCCCC,0.0,train,../data/images/Tox21/2031.png
2032.0,CC(C)(C1CCC(O)CC1)C1CCC(O)CC1,0.0,train,../data/images/Tox21/2032.png
2033.0,Cc1ccco1,0.0,train,../data/images/Tox21/2033.png
2034.0,CC[C@H](C)COC(=O)/C=C/c1ccc(/N=C/c2ccc(OC)cc2)cc1,0.0,train,../data/images/Tox21/2034.png
2035.0,N#Cc1c[nH]cc1-c1cccc2c1OC(F)(F)O2,1.0,train,../data/images/Tox21/2035.png
2036.0,CC(C)Oc1cc(-n2nc(C(C)(C)C)oc2=O)c(Cl)cc1Cl,0.0,train,../data/images/Tox21/2036.png
2037.0,Nc1nc(=O)[nH]cc1F,0.0,train,../data/images/Tox21/2037.png
2038.0,CC(C)C(O)C(C)(C)CO,0.0,train,../data/images/Tox21/2038.png
2039.0,CN1C(C(=O)Nc2ccccn2)=C(O)c2ccccc2S1(=O)=O,0.0,train,../data/images/Tox21/2039.png
2040.0,CCn1c2ccccc2c2cc([N+](=O)[O-])ccc21,1.0,train,../data/images/Tox21/2040.png
2041.0,CCC(C)=O,0.0,train,../data/images/Tox21/2041.png
2042.0,CCN(CC)CCNC(=O)c1cc(Br)c(N)cc1OC,0.0,train,../data/images/Tox21/2042.png
2043.0,CN1CCC(=C2c3ccccc3CCc3sccc32)CC1,0.0,train,../data/images/Tox21/2043.png
2044.0,O=[N+]([O-])c1ccc2[nH]ncc2c1,0.0,train,../data/images/Tox21/2044.png
2045.0,CNC(=C[N+](=O)[O-])NCCSCc1csc(CN(C)C)n1,0.0,train,../data/images/Tox21/2045.png
2046.0,C#CC(C)(C)O,0.0,train,../data/images/Tox21/2046.png
2047.0,CCC(C)CO,0.0,train,../data/images/Tox21/2047.png
2048.0,CCCCCCCCCCCC(=O)OCC(O)CO,0.0,train,../data/images/Tox21/2048.png
2049.0,CC#Cc1cc(C)nc(Nc2ccccc2)n1,0.0,train,../data/images/Tox21/2049.png
2050.0,N#Cc1ccc(N(CC(N)=O)CC(F)(F)F)cc1C(F)(F)F,0.0,train,../data/images/Tox21/2050.png
2051.0,Cc1ccnc(NS(=O)(=O)c2ccc(N)cc2)n1,0.0,train,../data/images/Tox21/2051.png
2052.0,Nc1ccc(N)cc1,0.0,train,../data/images/Tox21/2052.png
2053.0,O=C1NC(=O)[C@@H]2CC=CC[C@H]12,0.0,train,../data/images/Tox21/2053.png
2054.0,Cc1ccc(Br)cc1,0.0,train,../data/images/Tox21/2054.png
2055.0,CCC(Cl)CCl,0.0,train,../data/images/Tox21/2055.png
2056.0,NC(=O)OCCCc1ccccc1,0.0,train,../data/images/Tox21/2056.png
2057.0,C=COC(=O)C(C)(CC)CCC(C)C,0.0,train,../data/images/Tox21/2057.png
2058.0,COc1cc(C[C@@H]2NCCc3cc(O)c(O)cc32)cc(OC)c1OC,0.0,train,../data/images/Tox21/2058.png
2059.0,CCOC(=O)CC(CC(=O)OCC)(OC(C)=O)C(=O)OCC,0.0,train,../data/images/Tox21/2059.png
2060.0,CO[C@H]1C[C@H](O[C@H]2[C@H](C)[C@@H](O[C@@H]3O[C@H](C)C[C@H](N(C)C)[C@H]3OC(C)=O)[C@@H](C)C[C@]3(CO3)C(=O)[C@H](C)[C@@H](OC(C)=O)[C@@H](C)[C@@H](C)OC(=O)[C@@H]2C)O[C@@H](C)[C@@H]1OC(C)=O,0.0,train,../data/images/Tox21/2060.png
2061.0,O[C@H]1[C@H]2[C@H](O)CCCN2C[C@H]1O,0.0,train,../data/images/Tox21/2061.png
2062.0,CC(C)(CC(=O)O)C(=O)O,0.0,train,../data/images/Tox21/2062.png
2063.0,O=C(Oc1ccccc1)c1ccccc1C(=O)Oc1ccccc1,0.0,train,../data/images/Tox21/2063.png
2064.0,Fc1cccc(Cl)c1CCl,0.0,train,../data/images/Tox21/2064.png
2065.0,O=Cc1ccc(Cl)cc1,0.0,train,../data/images/Tox21/2065.png
2066.0,COC(=O)C(C)N(C(=O)Cc1ccccc1)c1c(C)cccc1C,0.0,train,../data/images/Tox21/2066.png
2067.0,COc1ccc(C)cc1[N+](=O)[O-],0.0,train,../data/images/Tox21/2067.png
2068.0,O=C1OC[C@H](Cc2cccc(O)c2)[C@H]1Cc1cccc(O)c1,0.0,train,../data/images/Tox21/2068.png
2069.0,CC1C(C)(C)C2=C(C(=O)CCC2)C1(C)C,0.0,train,../data/images/Tox21/2069.png
2070.0,CCC1CCC(CCC(=O)O)C1,0.0,train,../data/images/Tox21/2070.png
2071.0,C=CC(C)(C)C,0.0,train,../data/images/Tox21/2071.png
2072.0,COc1ccc(C[C@H](N)C(=O)N[C@H]2[C@@H](O)[C@H](n3cnc4c(N(C)C)ncnc43)O[C@@H]2CO)cc1,1.0,train,../data/images/Tox21/2072.png
2073.0,CC(C)(C)N,0.0,train,../data/images/Tox21/2073.png
2074.0,Clc1cccc(C(Cl)(Cl)Cl)n1,0.0,train,../data/images/Tox21/2074.png
2075.0,CCN(CC)C(=O)C(Cl)=C(C)OP(=O)(OC)OC,0.0,train,../data/images/Tox21/2075.png
2076.0,O=C(O)CCCCC(=O)O,0.0,train,../data/images/Tox21/2076.png
2077.0,C[C@]12CC[C@@H]3c4ccc(OC(=O)c5ccccc5)cc4CC[C@H]3[C@@H]1CC[C@@H]2O,0.0,train,../data/images/Tox21/2077.png
2078.0,CC(=O)[C@H]1CC[C@H]2[C@@H]3C=CC4=CC(=O)CC[C@@]4(C)[C@@H]3CC[C@]12C,0.0,train,../data/images/Tox21/2078.png
2079.0,CC(C)(C)NCC(O)CSc1nc(-c2ccc(C(N)=O)s2)cs1,0.0,train,../data/images/Tox21/2079.png
2080.0,O=[N+]([O-])c1cccc2cccc([N+](=O)[O-])c12,0.0,train,../data/images/Tox21/2080.png
2081.0,Cc1cccc(C)c1N,0.0,train,../data/images/Tox21/2081.png
2082.0,COc1ccc2c(C(=O)c3ccc(Cl)cc3)c(C)n(CC(=O)O)c2c1,0.0,train,../data/images/Tox21/2082.png
2083.0,CC(C)(C)CC(C)(C)c1ccc(OCCO)cc1,0.0,train,../data/images/Tox21/2083.png
2084.0,CC1=NN(c2ccccc2)C(=O)C1,0.0,train,../data/images/Tox21/2084.png
2085.0,C[C@@H](CN(C)C)CN1c2ccccc2Sc2ccccc21,0.0,train,../data/images/Tox21/2085.png
2086.0,O=C(O)CCCCCCCCCCCC(=O)O,0.0,train,../data/images/Tox21/2086.png
2087.0,Nc1cccc2c(N)cccc12,0.0,train,../data/images/Tox21/2087.png
2088.0,Cc1ccccc1CCl,0.0,train,../data/images/Tox21/2088.png
2089.0,NC(=O)CC[C@H](Nc1ccc([N+](=O)[O-])cc1)C(=O)O,0.0,train,../data/images/Tox21/2089.png
2090.0,CC(Cc1cccc(C(F)(F)F)c1)NCCOC(=O)c1ccccc1,0.0,train,../data/images/Tox21/2090.png
2091.0,O=C(O)COCC(=O)O,0.0,train,../data/images/Tox21/2091.png
2092.0,Cn1cc[n+](C)c1,0.0,train,../data/images/Tox21/2092.png
2093.0,Nc1ccc(-c2ccccc2)cc1,0.0,train,../data/images/Tox21/2093.png
2094.0,O=C(O)[C@H](O)[C@@H](O)[C@H](O)[C@H](O)CO,0.0,train,../data/images/Tox21/2094.png
2095.0,NS(=O)(=O)c1cc2c(cc1C(F)(F)F)NCNS2(=O)=O,0.0,train,../data/images/Tox21/2095.png
2096.0,CCCCC[Si](OCC)(OCC)OCC,0.0,train,../data/images/Tox21/2096.png
2097.0,Cc1c(Cl)cccc1[N+](=O)[O-],0.0,train,../data/images/Tox21/2097.png
2098.0,Cc1cccc(Nc2ccncc2S(=O)(=O)NC(=O)NC(C)C)c1,0.0,train,../data/images/Tox21/2098.png
2099.0,CNC(=O)Oc1ccc2c(c1)[C@]1(C)CCN(C)[C@@H]1N2C,0.0,train,../data/images/Tox21/2099.png
2100.0,CC(C)(O)c1ccc(CNC(=O)c2cccnc2Oc2ccc3nonc3c2)cc1,0.0,train,../data/images/Tox21/2100.png
2101.0,Cc1ccccc1,0.0,train,../data/images/Tox21/2101.png
2102.0,CCCCN(CCCC)C(=S)S[Ni]SC(=S)N(CCCC)CCCC,0.0,train,../data/images/Tox21/2102.png
2103.0,C[N+]1(C)CCN(CC(O)(c2ccccc2)C2CCCCC2)CC1,0.0,train,../data/images/Tox21/2103.png
2104.0,O=[N+]([O-])c1cccc(O)c1,0.0,train,../data/images/Tox21/2104.png
2105.0,NCCOCCN,0.0,train,../data/images/Tox21/2105.png
2106.0,O=C(OC[C@H]1O[C@@H](OC(=O)c2cc(O)c(O)c(OC(=O)c3cc(O)c(O)c(O)c3)c2)[C@H](OC(=O)c2cc(O)c(O)c(OC(=O)c3cc(O)c(O)c(O)c3)c2)[C@@H](OC(=O)c2cc(O)c(O)c(OC(=O)c3cc(O)c(O)c(O)c3)c2)[C@@H]1OC(=O)c1cc(O)c(O)c(OC(=O)c2cc(O)c(O)c(O)c2)c1)c1cc(O)c(O)c(OC(=O)c2cc(O)c(O)c(O)c2)c1,1.0,train,../data/images/Tox21/2106.png
2107.0,O=C(O)c1cc(-c2ccccc2)nc2ccccc12,0.0,train,../data/images/Tox21/2107.png
2108.0,CN(N=O)C(=N)N[N+](=O)[O-],1.0,train,../data/images/Tox21/2108.png
2109.0,COC(N)=O,0.0,train,../data/images/Tox21/2109.png
2110.0,CCCCCc1cccc(=O)o1,0.0,train,../data/images/Tox21/2110.png
2111.0,C[C@]12CC[C@H](O)CC1=CC[C@@H]1[C@@H]2CC[C@]2(C)C(=O)CC[C@@H]12,0.0,train,../data/images/Tox21/2111.png
2112.0,CC1=C(C(=O)Nc2ccccc2)S(=O)(=O)CCO1,1.0,train,../data/images/Tox21/2112.png
2113.0,CC1=CC(=O)c2ccccc2C1=O,1.0,train,../data/images/Tox21/2113.png
2114.0,CN(C)[C@@H]1C(O)=C(C(N)=O)C(=O)[C@@]2(O)C(O)=C3C(=O)c4c(O)cccc4[C@@](C)(O)[C@H]3C[C@@H]12,0.0,train,../data/images/Tox21/2114.png
2115.0,Cc1ccccc1N1CCN(CCc2nnc3n2CCCC3)CC1,0.0,train,../data/images/Tox21/2115.png
2116.0,CSSc1ccoc1C,0.0,train,../data/images/Tox21/2116.png
2117.0,O=C1CN=C(c2ccccc2)c2cc(Cl)ccc2N1,0.0,train,../data/images/Tox21/2117.png
2118.0,O=C(O)C(Cc1cc(I)c(O)c(I)c1)c1ccccc1,0.0,train,../data/images/Tox21/2118.png
2119.0,CN(C)CCc1c[nH]c2ccccc12,0.0,train,../data/images/Tox21/2119.png
2120.0,CCC(=O)C(CC(C)N(C)C)(c1ccccc1)c1ccccc1,0.0,train,../data/images/Tox21/2120.png
2121.0,O=C(O)c1ccccc1OP(=O)(O)O,0.0,train,../data/images/Tox21/2121.png
2122.0,O=C1C(Cl)=C(Cl)C(=O)C(Cl)=C1Cl,1.0,train,../data/images/Tox21/2122.png
2123.0,Nc1ccc2cc(S(=O)(=O)O)ccc2c1,0.0,train,../data/images/Tox21/2123.png
2124.0,CCCCCCCCCCCCOS(=O)(=O)[O-],0.0,train,../data/images/Tox21/2124.png
2125.0,CC(=O)c1cc(C)oc1C,0.0,train,../data/images/Tox21/2125.png
2126.0,[Be+2],0.0,train,../data/images/Tox21/2126.png
2127.0,CC1CC(O)CC(C)(C)C1,0.0,train,../data/images/Tox21/2127.png
2128.0,CN(C)C(=O)NC1(c2ccccc2)CCN(CCC[C@@]2(c3ccc(Cl)c(Cl)c3)CCCN(C(=O)c3ccccc3)C2)CC1,0.0,train,../data/images/Tox21/2128.png
2129.0,CCCCCCCCCCCCO,0.0,train,../data/images/Tox21/2129.png
2130.0,OCC(O)COc1ccc(Cl)cc1,0.0,train,../data/images/Tox21/2130.png
2131.0,CCOc1ccc2c(c1)C(C)=CC(C)(C)N2,0.0,train,../data/images/Tox21/2131.png
2132.0,C[Si](NC1CCCCC1)(NC1CCCCC1)NC1CCCCC1,0.0,train,../data/images/Tox21/2132.png
2133.0,COc1cc([C@@H]2c3cc4c(cc3C(O[C@@H]3O[C@@H]5CO[C@@H](C)O[C@H]5[C@H](O)[C@H]3O)C3COC(=O)[C@@H]32)OCO4)cc(OC)c1OP(=O)(O)O,1.0,train,../data/images/Tox21/2133.png
2134.0,Nc1ccc(S(=O)(=O)Nc2ccccc2)cc1,0.0,train,../data/images/Tox21/2134.png
2135.0,CC(C(=O)O)c1ccc2c(c1)Cc1cccnc1O2,0.0,train,../data/images/Tox21/2135.png
2136.0,CCC(=O)OCc1ccc(OC)cc1,0.0,train,../data/images/Tox21/2136.png
2137.0,OCCc1ccccc1,0.0,train,../data/images/Tox21/2137.png
2138.0,O=S(=O)(O)NC1CCCCC1,0.0,train,../data/images/Tox21/2138.png
2139.0,c1ccc(CSCc2ccccc2)cc1,0.0,train,../data/images/Tox21/2139.png
2140.0,C=CCCC(=O)O,0.0,train,../data/images/Tox21/2140.png
2141.0,COC(=O)C=C(C)CCC=C(C)C,0.0,train,../data/images/Tox21/2141.png
2142.0,COC(=O)NC(=S)Nc1ccccc1NC(=S)NC(=O)OC,0.0,train,../data/images/Tox21/2142.png
2143.0,CC1=C2N=C(C=C3N=C(C(C)=C4N([Co+]C[C@H]5O[C@@H](n6cnc7c(N)ncnc76)[C@H](O)[C@@H]5O)C(C(CC(N)=O)C4(C)CCC(=O)NCC(C)OP(=O)([O-])O[C@H]4[C@@H](O)[C@@H](n5cnc6cc(C)c(C)cc65)O[C@@H]4CO)C4(C)N=C1C(CCC(N)=O)C4(C)CC(N)=O)C(CCC(N)=O)C3(C)C)C(CCC(N)=O)C2(C)CC(N)=O,0.0,train,../data/images/Tox21/2143.png
2144.0,CC/C=C\CC/C=C/CO,0.0,train,../data/images/Tox21/2144.png
2145.0,Nc1ccc2cc(S(=O)(=O)O)cc(O)c2c1,0.0,train,../data/images/Tox21/2145.png
2146.0,c1ccc2sc(SSN3CCOCC3)nc2c1,0.0,train,../data/images/Tox21/2146.png
2147.0,O=C(O)c1ccc(C(=O)O)c(C(=O)O)c1,0.0,train,../data/images/Tox21/2147.png
2148.0,CCCCCCCCC(=O)O,0.0,train,../data/images/Tox21/2148.png
2149.0,[O-]c1c(Cl)cc(Cl)cc1Sc1cc(Cl)cc(Cl)c1[O-],1.0,train,../data/images/Tox21/2149.png
2150.0,Cc1ccc(-c2ccccc2)cc1,0.0,train,../data/images/Tox21/2150.png
2151.0,O=C1CCCN1C1CCCCC1,0.0,train,../data/images/Tox21/2151.png
2152.0,CCCOCC(C)OCC(C)O,0.0,train,../data/images/Tox21/2152.png
2153.0,C[N+](C)(CCCCCC[N+](C)(C)C1c2ccccc2-c2ccccc21)C1c2ccccc2-c2ccccc21,0.0,train,../data/images/Tox21/2153.png
2154.0,Cn1cc(S(C)=O)c(=O)c2ccc(F)cc21,0.0,train,../data/images/Tox21/2154.png
2155.0,COc1ccc(-c2ccc3cc(C(=O)O)ccc3c2)cc1C12CC3CC(CC(C3)C1)C2,1.0,train,../data/images/Tox21/2155.png
2156.0,Oc1c(Cl)cc(Cl)c(Cl)c1Cl,1.0,train,../data/images/Tox21/2156.png
2157.0,CCCCCCBr,0.0,train,../data/images/Tox21/2157.png
2158.0,C1CC(COCC2CO2)CCC1COCC1CO1,0.0,train,../data/images/Tox21/2158.png
2159.0,CN1[C@@H]2CCC[C@H]1C[C@@H](NC(=O)c1nn(C)c3ccccc13)C2,0.0,train,../data/images/Tox21/2159.png
2160.0,CCCCCCCCCC(=O)N[O-],0.0,train,../data/images/Tox21/2160.png
2161.0,O=C([O-])C(Cl)Cl,0.0,train,../data/images/Tox21/2161.png
2162.0,CS(=O)(=O)c1ccc(C2=C(c3ccccc3)C(=O)OC2)cc1,0.0,train,../data/images/Tox21/2162.png
2163.0,C[N+](C)(C)Cc1ccccc1,0.0,train,../data/images/Tox21/2163.png
2164.0,N[C@@H](CS)C(=O)O,0.0,train,../data/images/Tox21/2164.png
2165.0,Cc1ccc(S(=O)(=O)[O-])cc1C,0.0,train,../data/images/Tox21/2165.png
2166.0,Cc1cccc[n+]1[O-],0.0,train,../data/images/Tox21/2166.png
2167.0,O=c1c(-c2ccc(O)cc2)coc2cc(O)cc(O)c12,1.0,train,../data/images/Tox21/2167.png
2168.0,ClCBr,0.0,train,../data/images/Tox21/2168.png
2169.0,C=CCCCCCCCCCCCCCCCC,0.0,train,../data/images/Tox21/2169.png
2170.0,CN(C)c1nc(N(C)C)nc(N(C)C)n1,0.0,train,../data/images/Tox21/2170.png
2171.0,Brc1c(Br)c(Br)c(Br)c(Br)c1Br,0.0,train,../data/images/Tox21/2171.png
2172.0,Cc1cc(S(=O)(=O)[O-])ccc1/N=N/c1c(O)ccc2ccccc12,0.0,train,../data/images/Tox21/2172.png
2173.0,CC=CC(=O)N(CC)c1ccccc1C,0.0,train,../data/images/Tox21/2173.png
2174.0,CS(=O)(=O)OCC(O)C(O)COS(C)(=O)=O,0.0,train,../data/images/Tox21/2174.png
2175.0,CCCCCCCCN(C)CCCCCCCC,0.0,train,../data/images/Tox21/2175.png
2176.0,Nc1ccc([N+](=O)[O-])cc1O,0.0,train,../data/images/Tox21/2176.png
2177.0,COc1cc(CC(C)C)cc(OC)c1OC,0.0,train,../data/images/Tox21/2177.png
2178.0,COC(=O)Nc1nc2cc(C(=O)c3cccs3)ccc2[nH]1,1.0,train,../data/images/Tox21/2178.png
2179.0,COC(=O)CC(C(C)=O)C(=O)OC,0.0,train,../data/images/Tox21/2179.png
2180.0,Nc1cc([N+](=O)[O-])ccc1O,0.0,train,../data/images/Tox21/2180.png
2181.0,CCC[n+]1ccn(C)c1C,0.0,train,../data/images/Tox21/2181.png
2182.0,Cc1nn(-c2cc(NS(C)(=O)=O)c(Cl)cc2Cl)c(=O)n1C(F)F,0.0,train,../data/images/Tox21/2182.png
2183.0,OCCSCCO,0.0,train,../data/images/Tox21/2183.png
2184.0,CN(C)CCCN(C)CCCN(C)C,0.0,train,../data/images/Tox21/2184.png
2185.0,CCOC(=O)c1c(C)n(C)c2ccc(O)cc12,0.0,train,../data/images/Tox21/2185.png
2186.0,CCCCCCCCCCCCCO,0.0,train,../data/images/Tox21/2186.png
2187.0,CN(C)c1ccc(N=NS(=O)(=O)[O-])cc1,0.0,train,../data/images/Tox21/2187.png
2188.0,[SbH6+3],0.0,train,../data/images/Tox21/2188.png
2189.0,O=C(c1ccc(F)cc1)C1CCN(CCn2c(=O)[nH]c3ccccc3c2=O)CC1,0.0,train,../data/images/Tox21/2189.png
2190.0,O=C(CCCN1CCC(O)(c2ccc(Cl)cc2)CC1)c1ccc(F)cc1,0.0,train,../data/images/Tox21/2190.png
2191.0,O=C(NCCO[N+](=O)[O-])c1cccnc1,0.0,train,../data/images/Tox21/2191.png
2192.0,CCCCOC(=O)C(=O)OCCCC,0.0,train,../data/images/Tox21/2192.png
2193.0,O=C(C(Cl)(Cl)Cl)C(Cl)(Cl)Cl,0.0,train,../data/images/Tox21/2193.png
2194.0,O=C(O)CCCCCCNC1c2ccccc2CCc2ccccc21,0.0,train,../data/images/Tox21/2194.png
2195.0,CCCCCCCCCCCCCCCO,0.0,train,../data/images/Tox21/2195.png
2196.0,CCCCCCCCCCCCCCCC(=O)OC(C)C,0.0,train,../data/images/Tox21/2196.png
2197.0,Cc1ccc(N(CCO)CCO)cc1,0.0,train,../data/images/Tox21/2197.png
2198.0,CCOP(OCC)OCC,0.0,train,../data/images/Tox21/2198.png
2199.0,CC(C)CN(C[C@@H](OP(=O)([O-])[O-])[C@H](Cc1ccccc1)NC(=O)O[C@H]1CCOC1)S(=O)(=O)c1ccc(N)cc1,0.0,train,../data/images/Tox21/2199.png
2200.0,CC(C)OC(=O)c1ccccc1,0.0,train,../data/images/Tox21/2200.png
2201.0,CCc1oc2ccccc2c1C(=O)c1cc(Br)c(O)c(Br)c1,1.0,train,../data/images/Tox21/2201.png
2202.0,Cc1ccc(C)c(S(=O)(=O)[O-])c1,0.0,train,../data/images/Tox21/2202.png
2203.0,CC(C)c1c(C(=O)Nc2ccccc2)c(-c2ccccc2)c(-c2ccc(F)cc2)n1CC[C@@H](O)C[C@@H](O)CC(=O)[O-],0.0,train,../data/images/Tox21/2203.png
2204.0,CCC1(c2cnc[nH]2)Cc2ccccc2C1,0.0,train,../data/images/Tox21/2204.png
2205.0,C=COC(C)=O,0.0,train,../data/images/Tox21/2205.png
2206.0,C=C(C)C(=O)OCCO,0.0,train,../data/images/Tox21/2206.png
2207.0,COC(=O)C(c1ccccc1)C1CCCCN1,0.0,train,../data/images/Tox21/2207.png
2208.0,O=C(CCCN1CCN(c2ccccn2)CC1)c1ccc(F)cc1,0.0,train,../data/images/Tox21/2208.png
2209.0,CC(=O)CCl,0.0,train,../data/images/Tox21/2209.png
2210.0,CN1C(C(=O)Nc2ccccn2)=C(O)c2sccc2S1(=O)=O,0.0,train,../data/images/Tox21/2210.png
2211.0,O=[Cr](=O)([O-])O[Cr](=O)(=O)[O-],1.0,train,../data/images/Tox21/2211.png
2212.0,NCCN1CCOCC1,0.0,train,../data/images/Tox21/2212.png
2213.0,COC(=O)C(C)N(C(=O)c1ccco1)c1c(C)cccc1C,0.0,train,../data/images/Tox21/2213.png
2214.0,O=C1/C(=C2\Nc3ccc(S(=O)(=O)O)cc3C2=O)Nc2ccc(S(=O)(=O)O)cc21,0.0,train,../data/images/Tox21/2214.png
2215.0,O=[N+]([O-])c1ccc(Cl)c(Cl)c1,0.0,train,../data/images/Tox21/2215.png
2216.0,Clc1nc2ccccc2nc1Cl,0.0,train,../data/images/Tox21/2216.png
2217.0,CC(C)(C)OCC1CO1,0.0,train,../data/images/Tox21/2217.png
2218.0,CCOCN(C(=O)CCl)c1c(C)cccc1CC,0.0,train,../data/images/Tox21/2218.png
2219.0,CC(CN)CCCN,0.0,train,../data/images/Tox21/2219.png
2220.0,CC(C)CCC[C@@H](C)[C@H]1CC(=O)C2=C3CC[C@H]4C[C@@H](O)CC[C@]4(C)[C@H]3CC[C@@]21C,0.0,train,../data/images/Tox21/2220.png
2221.0,C1CNCCN1,0.0,train,../data/images/Tox21/2221.png
2222.0,NC(=O)c1ccncc1,0.0,train,../data/images/Tox21/2222.png
2223.0,O=C(c1ccc(O)cc1O)c1ccc(O)cc1O,1.0,train,../data/images/Tox21/2223.png
2224.0,CC(C)C[C@@H](NC(=O)[C@@H](O)[C@H](N)Cc1ccccc1)C(=O)O,0.0,train,../data/images/Tox21/2224.png
2225.0,C[C@]12CC[C@H]3[C@@H](CCC4=CC(=O)CC[C@@]43C)[C@@H]1CC[C@@H]2C(=O)CO,0.0,train,../data/images/Tox21/2225.png
2226.0,N#Cc1ccc(Cl)cc1,0.0,train,../data/images/Tox21/2226.png
2227.0,CCCCCCOC(=O)c1ccccc1C(=O)OCCCCCC,0.0,train,../data/images/Tox21/2227.png
2228.0,CCOC(=O)c1ccc(OC(=O)CCCCCNC(=N)N)cc1,0.0,train,../data/images/Tox21/2228.png
2229.0,COC(=O)CC(=O)OC,0.0,train,../data/images/Tox21/2229.png
2230.0,CC(C)(C)S,0.0,train,../data/images/Tox21/2230.png
2231.0,CCCCCCCCCOS(=O)(=O)[O-],0.0,train,../data/images/Tox21/2231.png
2232.0,C1CCOC1,0.0,train,../data/images/Tox21/2232.png
2233.0,C=C(C)C(=O)OCCOP(=O)(O)O,0.0,train,../data/images/Tox21/2233.png
2234.0,C=CCCCCCCCCOC(C)=O,0.0,train,../data/images/Tox21/2234.png
2235.0,C=CC(C)(O)CCC=C(C)C,0.0,train,../data/images/Tox21/2235.png
2236.0,Nc1ccc(-c2ccc(F)cc2)cc1,0.0,train,../data/images/Tox21/2236.png
2237.0,NCC1(Cc2noc(=O)[nH]2)CCCCC1,0.0,train,../data/images/Tox21/2237.png
2238.0,COc1cc2c(cc1OC)C(C(C(=O)N(CCc1ccc(OC)c(OC)c1OC)CCc1ccc(OC)c(OC)c1OC)c1ccccc1)=NCC2,0.0,train,../data/images/Tox21/2238.png
2239.0,O=NN(CCO)CCO,0.0,train,../data/images/Tox21/2239.png
2240.0,CCCC(=O)OC/C=C(\C)CCC=C(C)C,0.0,train,../data/images/Tox21/2240.png
2241.0,O=C(O)c1cc(O)c(O)c(O)c1,0.0,train,../data/images/Tox21/2241.png
2242.0,COc1cc(C)ccc1C(C)C,0.0,train,../data/images/Tox21/2242.png
2243.0,C1CCC2=NCCCN2CC1,0.0,train,../data/images/Tox21/2243.png
2244.0,CN1CCc2c(c3ccccc3n2Cc2ccccc2)C1,0.0,train,../data/images/Tox21/2244.png
2245.0,CC(=O)c1ccccc1[N+](=O)[O-],0.0,train,../data/images/Tox21/2245.png
2246.0,O=C(O)c1cccc(Cl)c1,0.0,train,../data/images/Tox21/2246.png
2247.0,CNCCCN1c2ccccc2CCc2ccccc21,0.0,train,../data/images/Tox21/2247.png
2248.0,OCCCCCCCCCCCCBr,1.0,train,../data/images/Tox21/2248.png
2249.0,C=C1C[C@]23CC[C@H]4[C@](C)(CCC[C@@]4(C)C(=O)O[C@@H]4O[C@H](CO)[C@@H](O)[C@H](O)[C@H]4O)[C@@H]2C[C@@H](O[C@@H]2O[C@H](CO)[C@@H](O)[C@H](O[C@@H]4O[C@H](CO)[C@@H](O)[C@H](O)[C@H]4O)[C@H]2OC2O[C@H](CO)[C@@H](O)[C@H](O)[C@H]2O)[C@@H]1C3,0.0,train,../data/images/Tox21/2249.png
2250.0,CC[N+]1(C)CCCC1,0.0,train,../data/images/Tox21/2250.png
2251.0,CSc1ccc(C(=O)C(C)(C)N2CCOCC2)cc1,0.0,train,../data/images/Tox21/2251.png
2252.0,CC[C@]1(O)C[C@H]2CN(CCc3c([nH]c4ccccc34)[C@@](C(=O)OC)(c3cc4c(cc3OC)N(C)[C@H]3[C@@](O)(C(N)=O)[C@H](O)[C@]5(CC)C=CCN6CC[C@]43[C@@H]65)C2)C1,1.0,train,../data/images/Tox21/2252.png
2253.0,COC(=O)c1c(Cl)c(Cl)c(C(=O)OC)c(Cl)c1Cl,0.0,train,../data/images/Tox21/2253.png
2254.0,Cc1ccc2c(c1)C1CN(C)CCC1N2,0.0,train,../data/images/Tox21/2254.png
2255.0,C[C@@H](N)C(=O)c1ccccc1,0.0,train,../data/images/Tox21/2255.png
2256.0,COc1ccc(C(=O)/C(Br)=C\C(=O)O)cc1,1.0,train,../data/images/Tox21/2256.png
2257.0,C[N+](C)(C)CC[N+]1(C)Cc2c(Cl)c(Cl)c(Cl)c(Cl)c2C1,0.0,train,../data/images/Tox21/2257.png
2258.0,CCCN(CCc1cccs1)[C@H]1CCc2c(O)cccc2C1,0.0,train,../data/images/Tox21/2258.png
2259.0,O=C(OCCOCCO)c1ccccc1Nc1cccc(C(F)(F)F)c1,0.0,train,../data/images/Tox21/2259.png
2260.0,CC1(C)C(=O)NC(=O)NC1=O,0.0,train,../data/images/Tox21/2260.png
2261.0,C=CCc1ccccc1O,0.0,train,../data/images/Tox21/2261.png
2262.0,CC(CCc1ccc(O)cc1)NCC(O)c1ccc(O)cc1,0.0,train,../data/images/Tox21/2262.png
2263.0,CN(C)Cc1ccccc1O,0.0,train,../data/images/Tox21/2263.png
2264.0,[2H]C([2H])([2H])[C@H](N)Cc1ccccc1,0.0,train,../data/images/Tox21/2264.png
2265.0,NCCNc1cccc2ccccc12,1.0,train,../data/images/Tox21/2265.png
2266.0,CC/C(=C(/CC)c1ccc(O)cc1)c1ccc(O)cc1,1.0,train,../data/images/Tox21/2266.png
2267.0,O=C(O)[C@H](O)[C@@H](O)C(=O)O,0.0,train,../data/images/Tox21/2267.png
2268.0,CC[C@]12CCCN3CCc4c(n(c5ccccc45)[C@@](O)(C(=O)OC)C1)[C@@H]32,0.0,train,../data/images/Tox21/2268.png
2269.0,CS(=O)(=O)c1ccc([C@@H](O)[C@@H](CO)NC(=O)C(Cl)Cl)cc1,0.0,train,../data/images/Tox21/2269.png
2270.0,COc1ccc2ccccc2c1,0.0,train,../data/images/Tox21/2270.png
2271.0,Nc1nc2ccc([N+](=O)[O-])cc2s1,0.0,train,../data/images/Tox21/2271.png
2272.0,CN(C)C(=O)Nc1ccc(Oc2ccc(Cl)cc2)cc1,0.0,train,../data/images/Tox21/2272.png
2273.0,CC(=O)OC1CN2CCC1CC2,0.0,train,../data/images/Tox21/2273.png
2274.0,O=[N+]([O-])c1nccn1CO[C@@H](CO)[C@H](O)CO,0.0,train,../data/images/Tox21/2274.png
2275.0,Clc1ccc(C(Cl)(Cl)Cl)cn1,0.0,train,../data/images/Tox21/2275.png
2276.0,CC(=O)[C@@]1(O)CC[C@H]2[C@@H]3C=C(Cl)C4=CC(=O)CC[C@]4(C)[C@H]3CC[C@@]21C,0.0,train,../data/images/Tox21/2276.png
2277.0,CCOc1ccc(OCC)c(Cl)c1,0.0,train,../data/images/Tox21/2277.png
2278.0,Oc1ccc(CCNCCCCCCNCCc2ccccc2)cc1O,0.0,train,../data/images/Tox21/2278.png
2279.0,O=C(O[C@@H](C(=O)O)[C@@H](OC(=O)c1ccccc1)C(=O)O)c1ccccc1,0.0,train,../data/images/Tox21/2279.png
2280.0,O=S1(=O)OCC2C(CO1)C1(Cl)C(Cl)=C(Cl)C2(Cl)C1(Cl)Cl,0.0,train,../data/images/Tox21/2280.png
2281.0,CCOC(=O)[C@@](C)(N)Cc1ccc(O)c(O)c1,0.0,train,../data/images/Tox21/2281.png
2282.0,CC(C)(C)CC(C)(C)c1ccc(O)c(-n2nc3ccccc3n2)c1,0.0,train,../data/images/Tox21/2282.png
2283.0,C=C(C)C(=O)OCC[N+](C)(C)C,0.0,train,../data/images/Tox21/2283.png
2284.0,O=C(Nc1ccccc1)Nc1ccccc1,0.0,train,../data/images/Tox21/2284.png
2285.0,O=CO[AlH3](OC=O)OC=O,0.0,train,../data/images/Tox21/2285.png
2286.0,NC(=O)CC[C@@H](N)C(=O)O,0.0,train,../data/images/Tox21/2286.png
2287.0,CC(C)=CCCC(C)CC(=O)O,0.0,train,../data/images/Tox21/2287.png
2288.0,CCCCCCCCCCCC,0.0,train,../data/images/Tox21/2288.png
2289.0,CCCCCCCCN1CCCC1=O,0.0,train,../data/images/Tox21/2289.png
2290.0,CCCCOP(=O)(O)OCCCC,0.0,train,../data/images/Tox21/2290.png
2291.0,O=c1n(CC2CO2)c(=O)n(CC2CO2)c(=O)n1CC1CO1,1.0,train,../data/images/Tox21/2291.png
2292.0,ClC=CCl,0.0,train,../data/images/Tox21/2292.png
2293.0,COc1cc(C=O)ccc1O,0.0,train,../data/images/Tox21/2293.png
2294.0,C=CCCC=C,0.0,train,../data/images/Tox21/2294.png
2295.0,CC(N)Cc1ccc(O)cc1,0.0,train,../data/images/Tox21/2295.png
2296.0,COP(N)(=O)SC,0.0,train,../data/images/Tox21/2296.png
2297.0,C[C@]12CCC(=O)C[C@@H]1CC[C@@H]1[C@@H]2CC[C@]2(C)C=CC[C@@H]12,0.0,train,../data/images/Tox21/2297.png
2298.0,[PbH2+2],0.0,train,../data/images/Tox21/2298.png
2299.0,CC(C)NNC(=O)c1ccncc1,0.0,train,../data/images/Tox21/2299.png
2300.0,C/C(=N\O)c1ccc(OCC(=O)N2CCCCC2)cc1,0.0,train,../data/images/Tox21/2300.png
2301.0,CC(=O)C1CCOC1=O,0.0,train,../data/images/Tox21/2301.png
2302.0,O=C(O)CCSCCC(=O)O,0.0,train,../data/images/Tox21/2302.png
2303.0,O=C(O)CCC(=O)C(=O)O,0.0,train,../data/images/Tox21/2303.png
2304.0,CC(C(=O)O)c1cccc(C(=O)c2ccccc2)c1,0.0,train,../data/images/Tox21/2304.png
2305.0,O=C(CCN1CCN2CCCC2C1)N1c2ccccc2Sc2ccc(Cl)cc21,0.0,train,../data/images/Tox21/2305.png
2306.0,C(=C(c1ccccc1)c1ccccc1)c1ccccc1,0.0,train,../data/images/Tox21/2306.png
2307.0,c1ccc2c(c1)CCc1ccccc1N2,0.0,train,../data/images/Tox21/2307.png
2308.0,Cc1cccc(Nc2ncccc2C(=O)O)c1C,0.0,train,../data/images/Tox21/2308.png
2309.0,C=Cc1ccc(C=C)cc1,0.0,train,../data/images/Tox21/2309.png
2310.0,NC(=O)c1ccc[n+]([C@@H]2O[C@H](COP(=O)([O-])OP(=O)(O)OC[C@H]3O[C@@H](n4cnc5c(N)ncnc54)[C@H](O)[C@@H]3O)[C@@H](O)[C@H]2O)c1,0.0,train,../data/images/Tox21/2310.png
2311.0,CC/C=C\CCOC(=O)CCCCC,0.0,train,../data/images/Tox21/2311.png
2312.0,CCCCCCCCCCCCN(C)C,0.0,train,../data/images/Tox21/2312.png
2313.0,O=C(CCCN1CCC(O)(c2cccc(C(F)(F)F)c2)CC1)c1ccc(F)cc1,0.0,train,../data/images/Tox21/2313.png
2314.0,Nc1ncn([C@@H]2O[C@H](CO)[C@@H](O)[C@H]2O)c(=O)n1,1.0,train,../data/images/Tox21/2314.png
2315.0,Nc1nnnn1-c1ccccc1,0.0,train,../data/images/Tox21/2315.png
2316.0,NS(=O)(=O)c1cc(C(=O)O)cc(N2CCCC2)c1Oc1ccccc1,0.0,train,../data/images/Tox21/2316.png
2317.0,CCOC(=O)OCC,0.0,train,../data/images/Tox21/2317.png
2318.0,ClCCOCCOCCCl,0.0,train,../data/images/Tox21/2318.png
2319.0,CCCCCCCCCCCCCCCC/C=C/C1CC(=O)OC1=O,0.0,train,../data/images/Tox21/2319.png
2320.0,Nc1ccc(Sc2ccc(N)cc2)cc1,0.0,train,../data/images/Tox21/2320.png
2321.0,CC(C)(OO)c1ccccc1,0.0,train,../data/images/Tox21/2321.png
2322.0,Cc1c(C(=O)NCCO)[n+]([O-])c2ccccc2[n+]1[O-],0.0,train,../data/images/Tox21/2322.png
2323.0,CCNc1nc(Cl)nc(NC(C)(C)C)n1,0.0,train,../data/images/Tox21/2323.png
2324.0,CN1CCC(Nc2ncc3ncnc(Nc4ccc(F)c(Cl)c4)c3n2)CC1,1.0,train,../data/images/Tox21/2324.png
2325.0,O=C1OC(=O)c2c(Br)c(Br)c(Br)c(Br)c21,0.0,train,../data/images/Tox21/2325.png
2326.0,COC(=O)CC(C)CCC=C(C)C,0.0,train,../data/images/Tox21/2326.png
2327.0,CC(C)(C)NCC(O)c1ccc(O)c(CO)c1,0.0,train,../data/images/Tox21/2327.png
2328.0,CN(CCO)CC(O)Cn1cnc2c1c(=O)n(C)c(=O)n2C,0.0,train,../data/images/Tox21/2328.png
2329.0,CCO[Si](CC(C)C)(OCC)OCC,0.0,train,../data/images/Tox21/2329.png
2330.0,c1ccc2c(c1)ccc1ccccc12,0.0,train,../data/images/Tox21/2330.png
2331.0,CCOP(=O)(Sc1ccccc1)Sc1ccccc1,0.0,train,../data/images/Tox21/2331.png
2332.0,Cl/C(=C\n1cncn1)c1ccc(Cl)cc1Cl,0.0,train,../data/images/Tox21/2332.png
2333.0,CC(C)N(CCO)C(C)C,0.0,train,../data/images/Tox21/2333.png
2334.0,CCC(C)(CCC(C)C)C(=O)O,0.0,train,../data/images/Tox21/2334.png
2335.0,N=C(N)NCCCCNC(=N)N,0.0,train,../data/images/Tox21/2335.png
2336.0,Cc1ccc(N)cc1O,0.0,train,../data/images/Tox21/2336.png
2337.0,ClCc1ccccn1,0.0,train,../data/images/Tox21/2337.png
2338.0,C=C(C)C(=O)OCC1CCCO1,0.0,train,../data/images/Tox21/2338.png
2339.0,FC(F)OC(Cl)C(F)(F)F,0.0,train,../data/images/Tox21/2339.png
2340.0,CCNP(=S)(OC)O/C(C)=C/C(=O)OC(C)C,0.0,train,../data/images/Tox21/2340.png
2341.0,CCOc1ccc(NC(C)=O)cc1,0.0,train,../data/images/Tox21/2341.png
2342.0,CC(=O)NC1CCSC1=O,0.0,train,../data/images/Tox21/2342.png
2343.0,CCCCC(F)(F)[C@@]1(O)CC[C@H]2[C@@H](CC(=O)[C@@H]2CCCCCCC(=O)O)O1,0.0,train,../data/images/Tox21/2343.png
2344.0,Cc1ccc(C2(O)CCN(CCCC(=O)c3ccc(F)cc3)CC2)cc1,0.0,train,../data/images/Tox21/2344.png
2345.0,COCC(=O)Nc1cc(Sc2ccccc2)ccc1N=C(NC(=O)OC)NC(=O)OC,1.0,train,../data/images/Tox21/2345.png
2346.0,c1ccc(OCC2CO2)cc1,0.0,train,../data/images/Tox21/2346.png
2347.0,Cc1ncc(CNC(=O)N(CCCl)N=O)c(N)n1,0.0,train,../data/images/Tox21/2347.png
2348.0,CCOC(=O)C1(c2ccccc2)CCN(CCC(C#N)(c2ccccc2)c2ccccc2)CC1,1.0,train,../data/images/Tox21/2348.png
2349.0,CCOc1ccc(C[C@H]2NC(=O)CCSSC[C@@H](C(=O)N3CCC[C@H]3C(=O)N[C@@H](CCCN)C(=O)NCC(N)=O)NC(=O)[C@H](CC(N)=O)NC(=O)[C@H]([C@@H](C)O)NC(=O)[C@H]([C@@H](C)CC)NC2=O)cc1,0.0,train,../data/images/Tox21/2349.png
2350.0,CCCCCCCCC1CCC(=O)O1,0.0,train,../data/images/Tox21/2350.png
2351.0,O=C1c2ccccc2C(=O)N1SC(Cl)(Cl)Cl,1.0,train,../data/images/Tox21/2351.png
2352.0,CC(C)(c1cc(Br)c(OCC(Br)CBr)c(Br)c1)c1cc(Br)c(OCC(Br)CBr)c(Br)c1,0.0,train,../data/images/Tox21/2352.png
2353.0,CCCCN=C=O,0.0,train,../data/images/Tox21/2353.png
2354.0,O=C([O-])c1cc(C(=O)O)cc(S(=O)(=O)O)c1,0.0,train,../data/images/Tox21/2354.png
2355.0,C=C1C(=O)O[C@H]2[C@H]1CCC(C)=CCC[C@@]1(C)O[C@@H]21,1.0,train,../data/images/Tox21/2355.png
2356.0,C=C[C@@H](C)CCC=C(C)C,0.0,train,../data/images/Tox21/2356.png
2357.0,CCC(C)(C)c1cc(-n2nc3ccccc3n2)c(O)c(C(C)(C)CC)c1,0.0,train,../data/images/Tox21/2357.png
2358.0,CCC(C)(C#N)/N=N/C(C)(C#N)CC,0.0,train,../data/images/Tox21/2358.png
2359.0,C=CCOC(=O)C(=C)C,0.0,train,../data/images/Tox21/2359.png
2360.0,O=C1OC2(c3cc(Br)c([O-])cc3Oc3c2cc(Br)c([O-])c3[Hg]O)c2ccccc21,0.0,train,../data/images/Tox21/2360.png
2361.0,C[C@]12CCC(=O)C(O)=C1CC[C@@H]1[C@@H]2CC[C@]2(C)C(=O)CC[C@@H]12,0.0,train,../data/images/Tox21/2361.png
2362.0,CC(C)(C)NC(=O)[C@H]1CC[C@H]2[C@@H]3CC[C@H]4NC(=O)C=C[C@]4(C)[C@H]3CC[C@]12C,0.0,train,../data/images/Tox21/2362.png
2363.0,O=[N+]([O-])OCC(CO[N+](=O)[O-])(CO[N+](=O)[O-])CO[N+](=O)[O-],0.0,train,../data/images/Tox21/2363.png
2364.0,CC1(c2ccccc2)OC(C(=O)O)=CC1=O,0.0,train,../data/images/Tox21/2364.png
2365.0,CCCCCCCC/C=C\CCCCCCCC(=O)OC(CO)CO,0.0,train,../data/images/Tox21/2365.png
2366.0,CCC1(CC)C(=O)C=CNC1=O,0.0,train,../data/images/Tox21/2366.png
2367.0,N[C@@H](COP(=O)(O)O)C(=O)O,0.0,train,../data/images/Tox21/2367.png
2368.0,CCCC(C)(COC(N)=O)COC(=O)NC(C)C,0.0,train,../data/images/Tox21/2368.png
2369.0,c1ccc(OCCOc2ccccc2)cc1,0.0,train,../data/images/Tox21/2369.png
2370.0,c1cncc([C@@H]2CCCCN2)c1,0.0,train,../data/images/Tox21/2370.png
2371.0,CN1C(C)(C)CC(O)CC1(C)C,0.0,train,../data/images/Tox21/2371.png
2372.0,CCCCCCCCCO,0.0,train,../data/images/Tox21/2372.png
2373.0,[NH3+]c1ccccc1,0.0,train,../data/images/Tox21/2373.png
2374.0,CC(C)(C)c1ccc(N)cc1,0.0,train,../data/images/Tox21/2374.png
2375.0,Cc1cc([N+](=O)[O-])c(O)c([N+](=O)[O-])c1,0.0,train,../data/images/Tox21/2375.png
2376.0,Nc1ccc(-c2ccc(N)c(Cl)c2)cc1Cl,1.0,train,../data/images/Tox21/2376.png
2377.0,NC(=O)OCC(COC(N)=O)c1ccccc1,0.0,train,../data/images/Tox21/2377.png
2378.0,NC1(c2ccccc2)CCCCC1,0.0,train,../data/images/Tox21/2378.png
2379.0,FC(F)(F)C(=NOCC1OCCO1)c1ccc(Cl)cc1,0.0,train,../data/images/Tox21/2379.png
2380.0,C[C@H](N)C(=O)c1ccccc1,0.0,train,../data/images/Tox21/2380.png
2381.0,COC=O,0.0,train,../data/images/Tox21/2381.png
2382.0,O=C(O)C(Cl)(Cl)Cl,0.0,train,../data/images/Tox21/2382.png
2383.0,CC1(C)CC(=O)CC(C)(C)N1[O],0.0,train,../data/images/Tox21/2383.png
2384.0,O=[N+]([O-])c1ccccc1[N+](=O)[O-],0.0,train,../data/images/Tox21/2384.png
2385.0,CC(C)(C)c1ccccc1,0.0,train,../data/images/Tox21/2385.png
2386.0,CCN(CC#N)c1cccc(C)c1,0.0,train,../data/images/Tox21/2386.png
2387.0,O=S(=O)([O-])CCCS(=O)(=O)[O-],0.0,train,../data/images/Tox21/2387.png
2388.0,CC(C)c1ccc(S(=O)(=O)[O-])cc1,0.0,train,../data/images/Tox21/2388.png
2389.0,CC(=O)NC(Cc1ccccc1)C(=O)O,0.0,train,../data/images/Tox21/2389.png
2390.0,NC(=O)NNc1ccccc1,0.0,train,../data/images/Tox21/2390.png
2391.0,Nc1ccc(Oc2ccc(N)cc2)cc1,0.0,train,../data/images/Tox21/2391.png
2392.0,CC(C)(Cl)[N+](=O)[O-],0.0,train,../data/images/Tox21/2392.png
2393.0,C[C@H](NCCc1ccc(O)cc1)[C@H](O)c1ccc(O)cc1,0.0,train,../data/images/Tox21/2393.png
2394.0,NC(=O)c1ccccc1[N+](=O)[O-],0.0,train,../data/images/Tox21/2394.png
2395.0,CNC(=O)ON=C(SC)C(=O)N(C)C,0.0,train,../data/images/Tox21/2395.png
2396.0,O=C(O)c1ccc(OCCCOc2ccc(C(=O)O)cc2)cc1,0.0,train,../data/images/Tox21/2396.png
2397.0,Nc1nc(N)nc(Cl)n1,0.0,train,../data/images/Tox21/2397.png
2398.0,CC(=O)OCC(=O)[C@H]1CC[C@H]2[C@@H]3CC[C@H]4C[C@H](O)CC[C@]4(C)[C@H]3C(=O)C[C@]12C,0.0,train,../data/images/Tox21/2398.png
2399.0,CCN(CCCCOC(=O)c1ccc(OC)c(OC)c1)C(C)Cc1ccc(OC)cc1,0.0,train,../data/images/Tox21/2399.png
2400.0,Cc1ccccc1Br,0.0,train,../data/images/Tox21/2400.png
2401.0,NC[C@H]1CC[C@H](C(=O)Oc2ccc(CCC(=O)O)cc2)CC1,0.0,train,../data/images/Tox21/2401.png
2402.0,O=c1[nH]cc(F)c(=O)[nH]1,1.0,train,../data/images/Tox21/2402.png
2403.0,N#CCc1ccccc1[N+](=O)[O-],0.0,train,../data/images/Tox21/2403.png
2404.0,CC(C)OC(=O)COc1ccc(Cl)cc1Cl,0.0,train,../data/images/Tox21/2404.png
2405.0,CC(N)Cc1ccc2c(c1)OCO2,0.0,train,../data/images/Tox21/2405.png
2406.0,CC(S)C(C)S,0.0,train,../data/images/Tox21/2406.png
2407.0,CC1(C)C(=O)NC(=O)N1CO,0.0,train,../data/images/Tox21/2407.png
2408.0,CC(C)COC(=O)COc1cc(Cl)c(Cl)cc1Cl,0.0,train,../data/images/Tox21/2408.png
2409.0,COc1cc(C(=O)N2CCOCC2)cc(OC)c1OC,0.0,train,../data/images/Tox21/2409.png
2410.0,CCCCC(CC)C(=O)OC(C)C,0.0,train,../data/images/Tox21/2410.png
2411.0,COC(=O)C1=C(C)NC(C)=C(C(=O)OC)C1c1ccccc1[N+](=O)[O-],0.0,train,../data/images/Tox21/2411.png
2412.0,CN(C)CCOCCO,0.0,train,../data/images/Tox21/2412.png
2413.0,N=C(N)c1ccccc1,0.0,train,../data/images/Tox21/2413.png
2414.0,CC(=O)O[C@H]1C[C@H](O[C@H]2[C@@H](O)C[C@H](O[C@H]3[C@@H](O)C[C@H](OC4CC[C@@]5(C)C(CC[C@@H]6[C@@H]5CC[C@]5(C)[C@@H](C7=CC(=O)OC7)[C@@H](O)C[C@]65O)C4)O[C@@H]3C)O[C@@H]2C)O[C@H](C)[C@H]1O[C@@H]1O[C@H](CO)[C@@H](O)[C@H](O)[C@H]1O,1.0,train,../data/images/Tox21/2414.png
2415.0,CC/C=C\CCOC(=O)CC,0.0,train,../data/images/Tox21/2415.png
2416.0,C(=C/c1ccccc1)\CN1CCN(C(c2ccccc2)c2ccccc2)CC1,0.0,train,../data/images/Tox21/2416.png
2417.0,O=C(O)c1cccc(C(F)(F)F)c1,0.0,train,../data/images/Tox21/2417.png
2418.0,Cc1ccc(S(=O)(=O)NC(=O)NN2CCCCCC2)cc1,0.0,train,../data/images/Tox21/2418.png
2419.0,CCCCCCCCCCCCCCCl,0.0,train,../data/images/Tox21/2419.png
2420.0,C#C[C@]1(OC(C)=O)CC[C@H]2[C@@H]3CCC4=C[C@@H](OC(C)=O)CC[C@@H]4[C@H]3CC[C@@]21C,1.0,train,../data/images/Tox21/2420.png
2421.0,NCc1cccc(CN)c1,0.0,train,../data/images/Tox21/2421.png
2422.0,Oc1ccc(Cl)cc1Cc1ccccc1,0.0,train,../data/images/Tox21/2422.png
2423.0,O=C1NCCN1,0.0,train,../data/images/Tox21/2423.png
2424.0,O=C(OCc1ccccc1)c1ccccc1,0.0,train,../data/images/Tox21/2424.png
2425.0,CN(C)CCOc1ccccc1Cc1ccccc1,0.0,train,../data/images/Tox21/2425.png
2426.0,CCOC(=O)[C@H](CCc1ccccc1)N[C@H]1CCCN2CCC[C@@H](C(=O)O)N2C1=O,0.0,train,../data/images/Tox21/2426.png
2427.0,CC(C)(C)c1ccc(CCC=O)cc1,0.0,train,../data/images/Tox21/2427.png
2428.0,O=C1CCCN1CCO,0.0,train,../data/images/Tox21/2428.png
2429.0,CNC(=O)ON=CC(C)(C)SC,0.0,train,../data/images/Tox21/2429.png
2430.0,CCN(CC)N=O,0.0,train,../data/images/Tox21/2430.png
2431.0,NC1=NC(=O)C(c2ccccc2)O1,0.0,train,../data/images/Tox21/2431.png
2432.0,C=CC[C@]1(O)CC[C@H]2[C@@H]3CCC4=CCCC[C@@H]4[C@H]3CC[C@@]21C,0.0,train,../data/images/Tox21/2432.png
2433.0,COc1cccc(OC)c1,0.0,train,../data/images/Tox21/2433.png
2434.0,S=C(NC1CCCCC1)NC1CCCCC1,0.0,train,../data/images/Tox21/2434.png
2435.0,Cc1cccc(C(C)(C)C)c1O,0.0,train,../data/images/Tox21/2435.png
2436.0,CCNC1(c2cccs2)CCCCC1=O,0.0,train,../data/images/Tox21/2436.png
2437.0,O=C(Nc1cccc(C(F)(F)F)c1)c1cc(Br)cc(Br)c1O,1.0,train,../data/images/Tox21/2437.png
2438.0,O=S(=O)(O)c1ccc(Cl)cc1,0.0,train,../data/images/Tox21/2438.png
2439.0,O=S(=O)(Oc1ccc(Cl)cc1)c1ccc(Cl)cc1,0.0,train,../data/images/Tox21/2439.png
2440.0,C=CC(=O)[O-],0.0,train,../data/images/Tox21/2440.png
2441.0,C[Si](Cn1cncn1)(c1ccc(F)cc1)c1ccc(F)cc1,0.0,train,../data/images/Tox21/2441.png
2442.0,c1ccc2cc(CC3=NCCN3)ccc2c1,0.0,train,../data/images/Tox21/2442.png
2443.0,CCCCCC1C(=O)CCC1CC(=O)OC,0.0,train,../data/images/Tox21/2443.png
2444.0,CCCCc1ccc2c(n1)[C@@H](c1ccc(OC)cc1C[C@H](C)C(=O)[O-])[C@H](C(=O)[O-])[C@H]2c1ccc2c(c1)OCO2,0.0,train,../data/images/Tox21/2444.png
2445.0,C=CCCCCCCCCC(=O)OCCCC,0.0,train,../data/images/Tox21/2445.png
2446.0,CCS(=O)(=O)CCn1c([N+](=O)[O-])cnc1C,0.0,train,../data/images/Tox21/2446.png
2447.0,CC(O)(P(=O)([O-])O)P(=O)([O-])O,0.0,train,../data/images/Tox21/2447.png
2448.0,CCN1CCCC1CNC(=O)c1cc(S(=O)(=O)CC)ccc1OC,0.0,train,../data/images/Tox21/2448.png
2449.0,Clc1ccc(Cl)c(Cl)c1Cl,0.0,train,../data/images/Tox21/2449.png
2450.0,CCC1(C)CC(=O)NC(=O)C1,0.0,train,../data/images/Tox21/2450.png
2451.0,O=Cc1cc(O)ccc1Br,0.0,train,../data/images/Tox21/2451.png
2452.0,O=C1C(O)=C([C@H]2CC[C@H](c3ccc(Cl)cc3)CC2)C(=O)c2ccccc21,1.0,train,../data/images/Tox21/2452.png
2453.0,COc1c(O)cc2c(c1O)[C@@H]1O[C@H](CO)[C@@H](O)[C@H](O)[C@H]1OC2=O,0.0,train,../data/images/Tox21/2453.png
2454.0,CC(C)Cc1ccc([C@H](C)C(=O)O)cc1,0.0,train,../data/images/Tox21/2454.png
2455.0,Cc1ccc([N+](=O)[O-])cc1C,0.0,train,../data/images/Tox21/2455.png
2456.0,c1ccc(C[n+]2cccc3ccccc32)cc1,0.0,train,../data/images/Tox21/2456.png
2457.0,CC1CC(=O)CC(C)(C)C1,0.0,train,../data/images/Tox21/2457.png
2458.0,ON=C1C=CC(=NO)C=C1,0.0,train,../data/images/Tox21/2458.png
2459.0,C=CCOC(=O)/C=C\C(=O)OCC=C,0.0,train,../data/images/Tox21/2459.png
2460.0,C=CCOC(=O)CCCCCCCC,0.0,train,../data/images/Tox21/2460.png
2461.0,CC1=C(/C=C/C(C)=C/C=C/C(C)=C/CO)C(C)(C)CCC1,0.0,train,../data/images/Tox21/2461.png
2462.0,CC(C)OP(=O)(CP(=O)(OC(C)C)OC(C)C)OC(C)C,0.0,train,../data/images/Tox21/2462.png
2463.0,Clc1cc(Cl)cc(Cl)c1,0.0,train,../data/images/Tox21/2463.png
2464.0,CCOC(=O)CS,1.0,train,../data/images/Tox21/2464.png
2465.0,CC(=O)N=c1sc(S(N)(=O)=O)nn1C,0.0,train,../data/images/Tox21/2465.png
2466.0,Nc1nc[nH]n1,0.0,train,../data/images/Tox21/2466.png
2467.0,Cc1onc(-c2ccccc2)c1-c1ccc(S(N)(=O)=O)cc1,0.0,train,../data/images/Tox21/2467.png
2468.0,C[C@]12CC[C@H]3[C@@H](CCC4=CC(=O)CC[C@@]43C)[C@@H]1CC[C@@H]2OC(=O)CCc1ccccc1,0.0,train,../data/images/Tox21/2468.png
2469.0,CC(C)OC(=O)Nc1cccc(Cl)c1,0.0,train,../data/images/Tox21/2469.png
2470.0,Cc1cccc([N+](=O)[O-])c1C(=O)O,0.0,train,../data/images/Tox21/2470.png
2471.0,CCSCCCl,0.0,train,../data/images/Tox21/2471.png
2472.0,C[C@]12CC[C@H]3[C@@H](CCC4=CC(=O)CC[C@@H]43)[C@@H]1CC[C@@H]2O,0.0,train,../data/images/Tox21/2472.png
2473.0,C=C(C)c1cccc(C(=C)C)c1,0.0,train,../data/images/Tox21/2473.png
2474.0,CC1=NC(C)OC1C,0.0,train,../data/images/Tox21/2474.png
2475.0,CC(C)C(=O)OCC(C)(C)C(OC(=O)C(C)C)C(C)C,0.0,train,../data/images/Tox21/2475.png
2476.0,C/C=C/C=C/CCCCCCCO,0.0,train,../data/images/Tox21/2476.png
2477.0,CN1C(CSCC(F)(F)F)Nc2cc(Cl)c(S(N)(=O)=O)cc2S1(=O)=O,0.0,train,../data/images/Tox21/2477.png
2478.0,N#C/C(=C1/SC[C@@H](c2ccc(Cl)cc2Cl)S1)n1ccnc1,0.0,train,../data/images/Tox21/2478.png
2479.0,NC(=O)C(c1ccccc1)(c1ccccc1)[C@@H]1CCN(CCc2ccc3c(c2)CCO3)C1,0.0,train,../data/images/Tox21/2479.png
2480.0,CCN(CC)c1ccccc1,0.0,train,../data/images/Tox21/2480.png
2481.0,[Cr+3],0.0,train,../data/images/Tox21/2481.png
2482.0,CC(C(=O)O)c1ccc(CC2CCCC2=O)cc1,0.0,train,../data/images/Tox21/2482.png
2483.0,O=[N+]([O-])c1ccc(F)c(Cl)c1,0.0,train,../data/images/Tox21/2483.png
2484.0,C=CC(=O)OCCO,0.0,train,../data/images/Tox21/2484.png
2485.0,CC#N,0.0,train,../data/images/Tox21/2485.png
2486.0,C=CC(O)CCCCC,0.0,train,../data/images/Tox21/2486.png
2487.0,CCCCCCCCOC(=O)c1ccc(C(=O)OCCCCCCCC)c(C(=O)OCCCCCCCC)c1,0.0,train,../data/images/Tox21/2487.png
2488.0,c1ccc2c(c1)Oc1ccccc1S2,0.0,train,../data/images/Tox21/2488.png
2489.0,CCCCN1CCCC[C@H]1C(=O)Nc1c(C)cccc1C,0.0,train,../data/images/Tox21/2489.png
2490.0,CO[Si](C)(OC)OC,0.0,train,../data/images/Tox21/2490.png
2491.0,CC(C)(C)CCCCCCOC(=O)c1ccccc1C(=O)OCCCCCCC(C)(C)C,0.0,train,../data/images/Tox21/2491.png
2492.0,CC/C=C/CCCCCCCCCCOC(C)=O,0.0,train,../data/images/Tox21/2492.png
2493.0,CC[C@H]1OC(=O)C[C@@H](O)[C@H](C)[C@@H](O[C@@H]2O[C@H](C)[C@@H](O)[C@H](N(C)C)[C@H]2O)[C@@H](CCN2C[C@H](C)C[C@H](C)C2)C[C@@H](C)C(=O)C=CC(C)=C[C@@H]1CO[C@@H]1O[C@H](C)[C@@H](O)[C@@H](OC)[C@H]1OC,0.0,train,../data/images/Tox21/2493.png
2494.0,CCC(C)(C)C1CCC(O)CC1,0.0,train,../data/images/Tox21/2494.png
2495.0,Nc1ccc(Cl)c(N)c1,0.0,train,../data/images/Tox21/2495.png
2496.0,COc1ccc(Cl)cc1C(=O)NCCc1ccc(S(=O)(=O)NC(=O)NC2CCCCC2)cc1,0.0,train,../data/images/Tox21/2496.png
2497.0,c1ccc2sc(SNC3CCCCC3)nc2c1,0.0,train,../data/images/Tox21/2497.png
2498.0,CCCCCCCCc1ccc(O)cc1,0.0,train,../data/images/Tox21/2498.png
2499.0,CCSC(=O)N(CC)C1CCCCC1,0.0,train,../data/images/Tox21/2499.png
2500.0,COCC(C)O,0.0,train,../data/images/Tox21/2500.png
2501.0,C=CCOc1c(Br)cc(Br)cc1Br,0.0,train,../data/images/Tox21/2501.png
2502.0,CC(=O)OCc1ccc2c(c1)OCO2,0.0,train,../data/images/Tox21/2502.png
2503.0,O=S1OCCO1,0.0,train,../data/images/Tox21/2503.png
2504.0,CCCCOCCOC(=O)COc1cc(Cl)c(Cl)cc1Cl,0.0,train,../data/images/Tox21/2504.png
2505.0,c1ccc2ncccc2c1,0.0,train,../data/images/Tox21/2505.png
2506.0,O=C1CCCc2ccccc21,0.0,train,../data/images/Tox21/2506.png
2507.0,CCCCCCCCCCCCCCCCI,0.0,train,../data/images/Tox21/2507.png
2508.0,O=C/C=C/c1ccccc1,0.0,train,../data/images/Tox21/2508.png
2509.0,c1ccc2c(c1)c1cccc3ccc4cccc2c4c31,1.0,train,../data/images/Tox21/2509.png
2510.0,Cc1ccc(N)c(C)c1,0.0,train,../data/images/Tox21/2510.png
2511.0,COc1ccc(/C=N\NC(=O)c2ccncc2)c(C(=O)O)c1OC,0.0,train,../data/images/Tox21/2511.png
2512.0,CC[N+](CC)(CC)CC,0.0,train,../data/images/Tox21/2512.png
2513.0,C[N+]1(CCC(C(N)=O)(c2ccccc2)c2ccccc2)CCCCC1,0.0,train,../data/images/Tox21/2513.png
2514.0,CCC(C)(C)C1CCCCC1OC(C)=O,0.0,train,../data/images/Tox21/2514.png
2515.0,Nc1ccc(S(=O)(=O)Nc2ccnn2-c2ccccc2)cc1,0.0,train,../data/images/Tox21/2515.png
2516.0,CCN(CC)CCOC[C@H]1O[C@@H](O)[C@H](OCCN(CC)CC)[C@@H](O)[C@@H]1O,0.0,train,../data/images/Tox21/2516.png
2517.0,CCC(=O)N(c1ccccc1)C1CCN(CCc2cccs2)CC1,0.0,train,../data/images/Tox21/2517.png
2518.0,CCCC(=O)N1CCCN(c2nc(N)c3cc(OC)c(OC)cc3n2)CC1,0.0,train,../data/images/Tox21/2518.png
2519.0,OCC1(CO)COCOC1,0.0,train,../data/images/Tox21/2519.png
2520.0,CC(C)(C)OC=O,0.0,train,../data/images/Tox21/2520.png
2521.0,c1ccoc1,0.0,train,../data/images/Tox21/2521.png
2522.0,Cc1ccc(N=Nc2c(O)ccc(N=Nc3ccc(S(=O)(=O)[O-])cc3)c2O)c(C)c1,0.0,train,../data/images/Tox21/2522.png
2523.0,CCCc1nn(C)c2c(=O)[nH]c(-c3cc(S(=O)(=O)N4CCN(C)CC4)ccc3OCC)nc12,0.0,train,../data/images/Tox21/2523.png
2524.0,O=S(=O)([O-])OOS(=O)(=O)[O-],0.0,train,../data/images/Tox21/2524.png
2525.0,Nc1ccc(C(=O)O)cc1,0.0,train,../data/images/Tox21/2525.png
2526.0,O=C1CCCCCCCCCCCN1,0.0,train,../data/images/Tox21/2526.png
2527.0,Cc1ccc(C)c(O)c1C,0.0,train,../data/images/Tox21/2527.png
2528.0,CC(C)(C)C(O)C(Oc1ccc(Cl)cc1)n1cncn1,0.0,train,../data/images/Tox21/2528.png
2529.0,CC(=O)C=Cc1ccccc1,0.0,train,../data/images/Tox21/2529.png
2530.0,COC(=O)c1ccc(O)cc1,0.0,train,../data/images/Tox21/2530.png
2531.0,COc1cc2nc(N(C)CCCNC(=O)C3CCCO3)nc(N)c2cc1OC,0.0,train,../data/images/Tox21/2531.png
2532.0,CC(=O)OCCOCCOCCOC(C)=O,0.0,train,../data/images/Tox21/2532.png
2533.0,CC(C)(C)C(O)/C(=C\c1ccc(Cl)cc1Cl)n1cncn1,0.0,train,../data/images/Tox21/2533.png
2534.0,NNC(N)=S,0.0,train,../data/images/Tox21/2534.png
2535.0,CN1C(CCl)Nc2cc(Cl)c(S(N)(=O)=O)cc2S1(=O)=O,0.0,train,../data/images/Tox21/2535.png
2536.0,Oc1ccccc1O,0.0,train,../data/images/Tox21/2536.png
2537.0,CC1=CCC(O)(C(C)C)CC1,0.0,train,../data/images/Tox21/2537.png
2538.0,CN(C)c1cccc(O)c1,0.0,train,../data/images/Tox21/2538.png
2539.0,O=C(O)/C=C(\CC(=O)O)C(=O)O,0.0,train,../data/images/Tox21/2539.png
2540.0,Oc1ccc(Cc2ccccc2O)cc1,0.0,train,../data/images/Tox21/2540.png
2541.0,CNC(=S)NC,0.0,train,../data/images/Tox21/2541.png
2542.0,C[C@H]1[C@@H]2Cc3ccc(O)cc3[C@@]1(C)CCN2C,0.0,train,../data/images/Tox21/2542.png
2543.0,Cc1cccc(C)c1NC1=NCCCS1,0.0,train,../data/images/Tox21/2543.png
2544.0,Nc1cc(C(Cl)=C(Cl)Cl)c(S(N)(=O)=O)cc1S(N)(=O)=O,0.0,train,../data/images/Tox21/2544.png
2545.0,C/C=C(\C)C=O,0.0,train,../data/images/Tox21/2545.png
2546.0,O=C(C1CCCCC1)N1CC(=O)N2CCc3ccccc3C2C1,0.0,train,../data/images/Tox21/2546.png
2547.0,O=C1CCCCO1,0.0,train,../data/images/Tox21/2547.png
2548.0,CCN(CC)CCn1c(=O)c(Cc2ccc(OC)cc2)nc2ccccc21,0.0,train,../data/images/Tox21/2548.png
2549.0,NC[C@H]1O[C@H](O[C@H]2[C@H](O[C@@H]3O[C@H](CO)[C@@H](O)[C@H]3O)C(O)[C@H](N)C[C@@H]2N)[C@H](N)[C@@H](O)[C@@H]1O,0.0,train,../data/images/Tox21/2549.png
2550.0,NNC(=O)c1cccc(C(=O)NN)c1,0.0,train,../data/images/Tox21/2550.png
2551.0,CCCCC(=O)N(Cc1ccc(-c2ccccc2-c2nnn[nH]2)cc1)[C@@H](C(=O)O)C(C)C,0.0,train,../data/images/Tox21/2551.png
2552.0,CCCCOC(=O)CCCCCCCC(=O)OCCCC,0.0,train,../data/images/Tox21/2552.png
2553.0,ClC(Cl)=C(Cl)C(Cl)=C(Cl)Cl,0.0,train,../data/images/Tox21/2553.png
2554.0,CCOC(=O)OC(C)OC(=O)[C@@H]1N2C(=O)[C@@H](NC(=O)[C@H](N)c3ccccc3)[C@H]2SC1(C)C,0.0,train,../data/images/Tox21/2554.png
2555.0,c1coc(-c2nc3ccccc3[nH]2)c1,0.0,train,../data/images/Tox21/2555.png
2556.0,O=S(=O)(c1ccc(Cl)cc1)c1cc(Cl)c(Cl)cc1Cl,1.0,train,../data/images/Tox21/2556.png
2557.0,CC(C)(Cl)Cl,0.0,train,../data/images/Tox21/2557.png
2558.0,Cc1c(C)c2c(c(C)c1OC(=O)c1cccnc1)CC[C@@](C)(CCC[C@H](C)CCC[C@H](C)CCCC(C)C)O2,0.0,train,../data/images/Tox21/2558.png
2559.0,CC1OC(=O)C(C)OC1=O,0.0,train,../data/images/Tox21/2559.png
2560.0,CC/C=C\CCCCCCCCCCOC(C)=O,0.0,train,../data/images/Tox21/2560.png
2561.0,CCCCCCCCCCCCOCCCN,0.0,train,../data/images/Tox21/2561.png
2562.0,CN(C)Cc1cc(C(C)(C)C)c(O)c(C(C)(C)C)c1,0.0,train,../data/images/Tox21/2562.png
2563.0,O=C(CCl)c1ccccc1,0.0,train,../data/images/Tox21/2563.png
2564.0,COC(=O)c1ccc(CBr)cc1,0.0,train,../data/images/Tox21/2564.png
2565.0,CCCCCCO,0.0,train,../data/images/Tox21/2565.png
2566.0,CCCC(C)C(=O)OCC,0.0,train,../data/images/Tox21/2566.png
2567.0,CC(C)C#N,0.0,train,../data/images/Tox21/2567.png
2568.0,CN(C)CCC#N,0.0,train,../data/images/Tox21/2568.png
2569.0,O=C(O)CCN(C1(C(=O)NO)CCCC1)S(=O)(=O)c1ccc(Oc2ccc(F)cc2)cc1,0.0,train,../data/images/Tox21/2569.png
2570.0,CC#CCC(C)[C@H](O)/C=C/C1[C@H](O)C[C@@H]2C/C(=C\CCCC(=O)O)C[C@H]12,0.0,train,../data/images/Tox21/2570.png
2571.0,C=CC(C)(CCC=C(C)C)OC(=O)c1ccccc1,0.0,train,../data/images/Tox21/2571.png
2572.0,CC(C)C(O)(c1ccc(OC(F)(F)F)cc1)c1cncnc1,0.0,train,../data/images/Tox21/2572.png
2573.0,c1ccc(-c2ccc(-c3ccccc3)cc2)cc1,0.0,train,../data/images/Tox21/2573.png
2574.0,Cn1cnc2c1c(=O)[nH]c(=O)n2C,0.0,train,../data/images/Tox21/2574.png
2575.0,Cc1nc(C)c(C)nc1C,0.0,train,../data/images/Tox21/2575.png
2576.0,Cc1ccc(O)cc1,0.0,train,../data/images/Tox21/2576.png
2577.0,CC=C1CC2C=CC1C2,0.0,train,../data/images/Tox21/2577.png
2578.0,NC(=O)NC(N)=O,0.0,train,../data/images/Tox21/2578.png
2579.0,CC[C@H](OC(C)=O)C(C[C@@H](C)NC)(c1ccccc1)c1ccccc1,0.0,train,../data/images/Tox21/2579.png
2580.0,CCCCCCCCCC(=O)N(C)C,0.0,train,../data/images/Tox21/2580.png
2581.0,C=CC(C)(CCC=C(C)C)OC(=O)C=Cc1ccccc1,0.0,train,../data/images/Tox21/2581.png
2582.0,CN1CCN(C(c2ccccc2)c2ccc(Cl)cc2)CC1,0.0,train,../data/images/Tox21/2582.png
2583.0,C/C(=N\NC(=O)Nc1cc(F)cc(F)c1)c1ncccc1C(=O)[O-],0.0,train,../data/images/Tox21/2583.png
2584.0,Br[Ca]Br,0.0,train,../data/images/Tox21/2584.png
2585.0,CCc1cccc(C)c1N,0.0,train,../data/images/Tox21/2585.png
2586.0,CC(=O)CCC(C)=O,0.0,train,../data/images/Tox21/2586.png
2587.0,Oc1cc(Cl)ccc1Cl,0.0,train,../data/images/Tox21/2587.png
2588.0,CC1=C(C(=O)OCCN(Cc2ccccc2)c2ccccc2)C(c2cccc([N+](=O)[O-])c2)C(P2(=O)OCC(C)(C)CO2)=C(C)N1,0.0,train,../data/images/Tox21/2588.png
2589.0,CC(=O)OC1C2(C)CCC(C2)C1(C)C,0.0,train,../data/images/Tox21/2589.png
2590.0,COC(=O)c1ccc(OC)cc1,0.0,train,../data/images/Tox21/2590.png
2591.0,CC(C)OC(=S)[S-],0.0,train,../data/images/Tox21/2591.png
2592.0,CC(C)Br,0.0,train,../data/images/Tox21/2592.png
2593.0,C=C(C)C(=O)Nc1ccc(Cl)c(Cl)c1,1.0,train,../data/images/Tox21/2593.png
2594.0,CCC(C)C(C(=O)OCC[N+](C)(CC)CC)c1ccccc1,0.0,train,../data/images/Tox21/2594.png
2595.0,CN(C)c1ccncc1,0.0,train,../data/images/Tox21/2595.png
2596.0,O=C(O)CCCCCCCCCCCBr,0.0,train,../data/images/Tox21/2596.png
2597.0,Cn1c(=O)c2c(ncn2CCO)n(C)c1=O,0.0,train,../data/images/Tox21/2597.png
2598.0,Nc1ccc(O)c(N)c1,0.0,train,../data/images/Tox21/2598.png
2599.0,O=C(O)c1ccc(O)cc1,0.0,train,../data/images/Tox21/2599.png
2600.0,CCCCCCCCCCCCCCCC(=O)O[C@@H]1CC(C)=C(/C=C/C(C)=C/C=C/C(C)=C/C=C\C=C(C)\C=C\C=C(C)\C=C\C2=C(C)C[C@@H](OC(=O)CCCCCCCCCCCCCCC)CC2(C)C)C(C)(C)C1,0.0,train,../data/images/Tox21/2600.png
2601.0,CCCC=NO,0.0,train,../data/images/Tox21/2601.png
2602.0,O=C(CCl)NCO,0.0,train,../data/images/Tox21/2602.png
2603.0,CN1CCN(c2c(F)cc3c(=O)c(C(=O)O)cn4c3c2SCC4)CC1,0.0,train,../data/images/Tox21/2603.png
2604.0,Cc1ccccc1NC(=N)Nc1ccccc1C,0.0,train,../data/images/Tox21/2604.png
2605.0,Cc1c(C)n(Cc2ccccc2)c2ccc(C(=O)OCCN(C)C)cc12,0.0,train,../data/images/Tox21/2605.png
2606.0,COc1cc2nc(N3CCN(C(=O)C4CCCO4)CC3)nc(N)c2cc1OC,0.0,train,../data/images/Tox21/2606.png
2607.0,Clc1cccc(Cl)c1Cl,0.0,train,../data/images/Tox21/2607.png
2608.0,C[Sn](C)(Cl)Cl,0.0,train,../data/images/Tox21/2608.png
2609.0,NCCCN1CCOCC1,0.0,train,../data/images/Tox21/2609.png
2610.0,CCN(CC)CCSC(=O)C(c1ccccc1)c1ccccc1,0.0,train,../data/images/Tox21/2610.png
2611.0,CC1=CC[C@H]2C[C@@H]1C2(C)C,0.0,train,../data/images/Tox21/2611.png
2612.0,CCOC1Oc2ccc(OS(C)(=O)=O)cc2C1(C)C,0.0,train,../data/images/Tox21/2612.png
2613.0,CC(=O)c1ccc2c(c1)N(CCCN(C)C)c1ccccc1S2,0.0,train,../data/images/Tox21/2613.png
2614.0,CC(C)(O)c1ccc(CNC(=O)c2cccnc2Oc2ccc(F)cc2)cc1,0.0,train,../data/images/Tox21/2614.png
2615.0,O=C(O)COc1ccccc1,0.0,train,../data/images/Tox21/2615.png
2616.0,CCOC(=O)NCCC[Si](OCC)(OCC)OCC,0.0,train,../data/images/Tox21/2616.png
2617.0,C=C[C@H]1CN2CC[C@H]1C[C@H]2[C@H](O)c1ccnc2ccc(OC)cc12,0.0,train,../data/images/Tox21/2617.png
2618.0,O=C(O[C@@H]1Cc2c(O)cc(O)cc2O[C@@H]1c1cc(O)c(O)c(O)c1)c1cc(O)c(O)c(O)c1,0.0,train,../data/images/Tox21/2618.png
2619.0,O=C1CC2CC1C1CCCC21,0.0,train,../data/images/Tox21/2619.png
2620.0,O=C1c2ccccc2C(=O)C1(O)O,1.0,train,../data/images/Tox21/2620.png
2621.0,OCCN1C[C@H](O)[C@@H](O)[C@H](O)[C@H]1CO,0.0,train,../data/images/Tox21/2621.png
2622.0,Nc1ccc(O)c(C(=O)O)c1,0.0,train,../data/images/Tox21/2622.png
2623.0,CC(C)OCCO,0.0,train,../data/images/Tox21/2623.png
2624.0,CCCc1nc(C(C)(C)O)c(C(=O)OCc2oc(=O)oc2C)n1Cc1ccc(-c2ccccc2-c2nn[nH]n2)cc1,0.0,train,../data/images/Tox21/2624.png
2625.0,CC(=O)Nc1ccc2c(c1)Cc1ccccc1-2,0.0,train,../data/images/Tox21/2625.png
2626.0,C[C@H]1CCCC(=O)CCCC=Cc2cc(O)cc(O)c2C(=O)O1,1.0,train,../data/images/Tox21/2626.png
2627.0,O=[Se]=O,1.0,train,../data/images/Tox21/2627.png
2628.0,Cc1ncsc1CCCl,0.0,train,../data/images/Tox21/2628.png
2629.0,CCCSP(=O)(OCC)Oc1ccc(Br)cc1Cl,0.0,train,../data/images/Tox21/2629.png
2630.0,CC(Cl)CCl,0.0,train,../data/images/Tox21/2630.png
2631.0,OCCN(CCO)c1nc(N2CCCCC2)c2nc(N(CCO)CCO)nc(N3CCCCC3)c2n1,1.0,train,../data/images/Tox21/2631.png
2632.0,O=C(Cl)c1ccccc1[N+](=O)[O-],0.0,train,../data/images/Tox21/2632.png
2633.0,COC1=CC(=O)O[C@@H](/C=C/c2ccccc2)C1,0.0,train,../data/images/Tox21/2633.png
2634.0,CC(C)c1ccc2ncccc2c1,0.0,train,../data/images/Tox21/2634.png
2635.0,CCCCOCCOCCOCCO,0.0,train,../data/images/Tox21/2635.png
2636.0,NC(=S)NNC(N)=S,0.0,train,../data/images/Tox21/2636.png
2637.0,Nc1ncnc2c1ncn2[C@H]1CC[C@@H](CO)O1,0.0,train,../data/images/Tox21/2637.png
2638.0,COc1cc(N)c(Cl)cc1C(=O)NC1CN2CCC1CC2,0.0,train,../data/images/Tox21/2638.png
2639.0,CC(=O)CCC(=O)[O-],0.0,train,../data/images/Tox21/2639.png
2640.0,CC(N)=S,0.0,train,../data/images/Tox21/2640.png
2641.0,Cc1ccccc1C=O,0.0,train,../data/images/Tox21/2641.png
2642.0,C[N+]1([O-])CCOCC1,0.0,train,../data/images/Tox21/2642.png
2643.0,CCCCOC(=O)COc1ccc(Cl)cc1Cl,0.0,train,../data/images/Tox21/2643.png
2644.0,ON=C1CCCCC1,0.0,train,../data/images/Tox21/2644.png
2645.0,CC(C)[C@@H]1CC[C@@H](C)CC1=O,0.0,train,../data/images/Tox21/2645.png
2646.0,CC(CN1c2ccccc2Sc2ccccc21)N(C)C,0.0,train,../data/images/Tox21/2646.png
2647.0,Cc1cccc(Br)c1,0.0,train,../data/images/Tox21/2647.png
2648.0,CCCOCCOCCO,0.0,train,../data/images/Tox21/2648.png
2649.0,C=CC(C)(O)CC/C=C(\C)CCC=C(C)C,0.0,train,../data/images/Tox21/2649.png
2650.0,CC[C@H](N)c1ccccc1,0.0,train,../data/images/Tox21/2650.png
2651.0,Cl[Sb](Cl)Cl,1.0,train,../data/images/Tox21/2651.png
2652.0,CC[N+](=O)[O-],0.0,train,../data/images/Tox21/2652.png
2653.0,COc1cc(/C=C/C(=O)CC(=O)/C=C/c2ccc(O)c(OC)c2)ccc1O,1.0,train,../data/images/Tox21/2653.png
2654.0,CC(C=O)Cc1ccc2c(c1)OCO2,0.0,train,../data/images/Tox21/2654.png
2655.0,CNC(=O)C[C@@H](N)C(=O)N[C@@H](C(=O)N[C@@H]1C(=O)N2[C@@H]1SC(C)(C)[C@@H]2C(=O)O)c1ccc(O)cc1,0.0,train,../data/images/Tox21/2655.png
2656.0,COc1ccccc1OCC(O)COC(N)=O,0.0,train,../data/images/Tox21/2656.png
2657.0,CC(=O)OC/C=C(/C)CCC=C(C)C,0.0,train,../data/images/Tox21/2657.png
2658.0,CC(C)(C)OC(=O)c1ccc(O)cc1,0.0,train,../data/images/Tox21/2658.png
2659.0,C#CCC1=C(C)[C@H](OC(=O)[C@H]2[C@H](C=C(C)C)C2(C)C)CC1=O,0.0,train,../data/images/Tox21/2659.png
2660.0,Cc1ccc(N)cc1S(=O)(=O)O,0.0,train,../data/images/Tox21/2660.png
2661.0,CS(=O)(=O)c1ccc(Cl)cc1,0.0,train,../data/images/Tox21/2661.png
2662.0,CN(C)C(=O)Nc1cccc(OC(=O)NC(C)(C)C)c1,0.0,train,../data/images/Tox21/2662.png
2663.0,CCN(N=O)C(N)=O,0.0,train,../data/images/Tox21/2663.png
2664.0,O=S(=O)(O)c1cc(I)c(O)c2ncccc12,0.0,train,../data/images/Tox21/2664.png
2665.0,S=C1NCCN1,0.0,train,../data/images/Tox21/2665.png
2666.0,c1cnc2c(c1)ccc1cccnc12,1.0,train,../data/images/Tox21/2666.png
2667.0,Oc1ccc(Cl)c2cccnc12,0.0,train,../data/images/Tox21/2667.png
2668.0,BrCC1CO1,0.0,train,../data/images/Tox21/2668.png
2669.0,Cn1c(N)c(N=O)c(=O)n(C)c1=O,0.0,train,../data/images/Tox21/2669.png
2670.0,C=CCOC(=O)c1ccc(C(=O)OCC=C)c(C(=O)OCC=C)c1,0.0,train,../data/images/Tox21/2670.png
2671.0,C=CC(OCC)OCC,0.0,train,../data/images/Tox21/2671.png
2672.0,COC1=CC=C2[C@H]3Cc4ccc(OC)c5c4[C@@]2(CCN3C)[C@H]1O5,0.0,train,../data/images/Tox21/2672.png
2673.0,O=Cc1ccc2c(c1)OCO2,0.0,train,../data/images/Tox21/2673.png
2674.0,C=CC1(C)CC(OC(=O)CO)C2(C)C(C)CCC3(CCC(=O)C32)C(C)C1O,0.0,train,../data/images/Tox21/2674.png
2675.0,COc1ccc(OC)c(Cl)c1,0.0,train,../data/images/Tox21/2675.png
2676.0,N#CCC(=O)O,0.0,train,../data/images/Tox21/2676.png
2677.0,N[C@@H](C(=O)N[C@@H]1C(=O)N2C(C(=O)O)=C(CSc3c[nH]nn3)CS[C@H]12)c1ccc(O)cc1,0.0,train,../data/images/Tox21/2677.png
2678.0,CCCCCCCCCCCCCCCC(=O)OC[C@H](O)[C@H]1OC(=O)C(O)=C1O,0.0,train,../data/images/Tox21/2678.png
2679.0,CCN(O)CC,0.0,train,../data/images/Tox21/2679.png
2680.0,OCC1(CO)COC(C(Cl)(Cl)Cl)OC1,0.0,train,../data/images/Tox21/2680.png
2681.0,O=C(O)CNC(=O)c1ccc([N+](=O)[O-])cc1,0.0,train,../data/images/Tox21/2681.png
2682.0,Brc1c(NC2=NCCN2)ccc2nccnc12,0.0,train,../data/images/Tox21/2682.png
2683.0,CCCCC(CC)COP(=O)(Oc1ccccc1)Oc1ccccc1,0.0,train,../data/images/Tox21/2683.png
2684.0,CCOP(=S)(OCC)Oc1nc(Cl)n(C(C)C)n1,0.0,train,../data/images/Tox21/2684.png
2685.0,C[C@]12C[C@H]3S[C@H]3C[C@@H]1CC[C@@H]1[C@@H]2CC[C@]2(C)[C@@H](O)CC[C@@H]12,0.0,train,../data/images/Tox21/2685.png
2686.0,C=CC(=O)OCCOCC(CC)(COCCOC(=O)C=C)COCCOC(=O)C=C,0.0,train,../data/images/Tox21/2686.png
2687.0,CC(C)=CCCC(C)C=O,0.0,train,../data/images/Tox21/2687.png
2688.0,N#CCNCC#N,0.0,train,../data/images/Tox21/2688.png
2689.0,CCCCS(=O)(=O)Cl,0.0,train,../data/images/Tox21/2689.png
2690.0,CC(C)c1cccc(C(C)C)c1,0.0,train,../data/images/Tox21/2690.png
2691.0,CC1=NN(c2cc(Cl)c(S(=O)(=O)[O-])cc2Cl)C(=O)C1/N=N/c1ccc(S(=O)(=O)[O-])cc1,0.0,train,../data/images/Tox21/2691.png
2692.0,Nc1cccc(N)c1,0.0,train,../data/images/Tox21/2692.png
2693.0,CSc1ccc(C(=O)c2[nH]c(=O)[nH]c2C)cc1,0.0,train,../data/images/Tox21/2693.png
2694.0,OC[C@H]1O[C@@H](Oc2ccc(O)cc2)[C@H](O)[C@@H](O)[C@@H]1O,0.0,train,../data/images/Tox21/2694.png
2695.0,Nc1ccc(C(=O)OCCCOC(=O)c2ccc(N)cc2)cc1,0.0,train,../data/images/Tox21/2695.png
2696.0,CCCCCCCCCCCCCCBr,0.0,train,../data/images/Tox21/2696.png
2697.0,O=C(O)C=Cc1ccc(C=CC(=O)O)cc1,0.0,train,../data/images/Tox21/2697.png
2698.0,CN[C@@H]1[C@@H](O)[C@@H](O[C@@H]2[C@@H](O)[C@H](OC3OC(CN)=CCC3N)[C@@H](N)C[C@H]2N)OC[C@]1(C)O,0.0,train,../data/images/Tox21/2698.png
2699.0,O=C(OCCO)c1ccccc1O,0.0,train,../data/images/Tox21/2699.png
2700.0,NCc1ccc(S(N)(=O)=O)cc1,0.0,train,../data/images/Tox21/2700.png
2701.0,C=C(C)[C@@H]1CC[C@@H](C)C[C@@H]1O,0.0,train,../data/images/Tox21/2701.png
2702.0,NC(=O)NC1NC(=O)NC1=O,0.0,train,../data/images/Tox21/2702.png
2703.0,CCCCn1cc[n+](C)c1C,0.0,train,../data/images/Tox21/2703.png
2704.0,C[N+](C)(C)CCCCCC[N+](C)(C)C,0.0,train,../data/images/Tox21/2704.png
2705.0,CCCCSP(=O)(SCCCC)SCCCC,0.0,train,../data/images/Tox21/2705.png
2706.0,CC1(C)C(C(=O)OC(C#N)c2cccc(Oc3ccccc3)c2)C1(C)C,0.0,train,../data/images/Tox21/2706.png
2707.0,CC(C)O[Ti](OCCN(CCO)CCO)(OCCN(CCO)CCO)OC(C)C,0.0,train,../data/images/Tox21/2707.png
2708.0,O=C(O)c1cc(/N=N/c2ccc(S(=O)(=O)Nc3ccccn3)cc2)ccc1O,0.0,train,../data/images/Tox21/2708.png
2709.0,CCOc1ccc(N)cc1,0.0,train,../data/images/Tox21/2709.png
2710.0,Cc1nnc(C(=O)NC(C)(C)c2nc(C(=O)NCc3ccc(F)cc3)c(O)c(=O)n2C)o1,0.0,train,../data/images/Tox21/2710.png
2711.0,C[Si](C)(C)O[Si](C)(C)O[Si](C)(C)C,0.0,train,../data/images/Tox21/2711.png
2712.0,COc1cc(NC(C)CCCN)c2ncccc2c1,0.0,train,../data/images/Tox21/2712.png
2713.0,N#C[C@@H]1C[C@@H]2C[C@@H]2N1C(=O)[C@@H](N)C12CC3CC(CC(O)(C3)C1)C2,0.0,train,../data/images/Tox21/2713.png
2714.0,CC(=O)OCC(=O)[C@@]1(O)CC[C@H]2[C@@H]3CCC4=CC(=O)C=C[C@]4(C)[C@H]3[C@@H](O)C[C@@]21C,0.0,train,../data/images/Tox21/2714.png
2715.0,CN1CCN(C2=Nc3ccccc3Cc3ccccc32)CC1,0.0,train,../data/images/Tox21/2715.png
2716.0,CC(C)OB(OC(C)C)OC(C)C,0.0,train,../data/images/Tox21/2716.png
2717.0,CCOC(=O)c1ccccc1C,0.0,train,../data/images/Tox21/2717.png
2718.0,CCCCCCCCC1CO1,0.0,train,../data/images/Tox21/2718.png
2719.0,O=C(O)c1cc(C(=O)O)cc(C(=O)O)c1,0.0,train,../data/images/Tox21/2719.png
2720.0,CCCCCc1ccc(Cl)cc1,0.0,train,../data/images/Tox21/2720.png
2721.0,Cc1nnc(NS(=O)(=O)c2ccc(N)cc2)s1,0.0,train,../data/images/Tox21/2721.png
2722.0,NS(=O)(=O)c1ccc(C(=O)O)cc1,0.0,train,../data/images/Tox21/2722.png
2723.0,CCCCCC[n+]1ccccc1,0.0,train,../data/images/Tox21/2723.png
2724.0,CC(C)CCCCCOC(=O)CCCCC(=O)OCCCCCC(C)C,0.0,train,../data/images/Tox21/2724.png
2725.0,O=C(O)CSCC(=O)NC1CCSC1=O,0.0,train,../data/images/Tox21/2725.png
2726.0,CCCCOCCO,0.0,train,../data/images/Tox21/2726.png
2727.0,Cc1cccc(C)c1NC(=O)c1ccccc1C(=O)O,0.0,train,../data/images/Tox21/2727.png
2728.0,C#CCN(C)Cc1ccccc1,0.0,train,../data/images/Tox21/2728.png
2729.0,Cl[Zr](Cl)(C1=CC=CC1)C1C=CC=C1,0.0,train,../data/images/Tox21/2729.png
2730.0,O=S(=O)([O-])C(F)(F)C(F)(F)C(F)(F)C(F)(F)C(F)(F)C(F)(F)F,0.0,train,../data/images/Tox21/2730.png
2731.0,Cc1cccc(C#N)c1,0.0,train,../data/images/Tox21/2731.png
2732.0,Clc1nc(Cl)c(Cl)c(Cl)c1Cl,0.0,train,../data/images/Tox21/2732.png
2733.0,CC(C)(C)c1cccc(C(C)(C)C)c1O,0.0,train,../data/images/Tox21/2733.png
2734.0,S=c1[nH]c2ccccc2[nH]1,0.0,train,../data/images/Tox21/2734.png
2735.0,CC1(C)[C@H](/C=C(\Cl)C(F)(F)F)[C@@H]1C(=O)O[C@H](C#N)c1cccc(Oc2ccccc2)c1,0.0,train,../data/images/Tox21/2735.png
2736.0,CCCCCCCc1ccc(O)cc1,0.0,train,../data/images/Tox21/2736.png
2737.0,OCCOc1cccc(OCCO)c1,0.0,train,../data/images/Tox21/2737.png
2738.0,CCCCC(CC)COC(C)=O,0.0,train,../data/images/Tox21/2738.png
2739.0,CN(C)CCCNCCCN,0.0,train,../data/images/Tox21/2739.png
2740.0,CC1=CCC(C(C)C)C=C1,0.0,train,../data/images/Tox21/2740.png
2741.0,C=CC(=O)CCCCC,0.0,train,../data/images/Tox21/2741.png
2742.0,CCN(CC)Cc1cc(Nc2ccnc3cc(Cl)ccc23)ccc1O,0.0,train,../data/images/Tox21/2742.png
2743.0,CCc1ccc(O)cc1,0.0,train,../data/images/Tox21/2743.png
2744.0,O=C([O-])c1ccccc1C(=O)O,0.0,train,../data/images/Tox21/2744.png
2745.0,O=S(=O)(O)c1ccc2ccccc2c1,0.0,train,../data/images/Tox21/2745.png
2746.0,O=C(c1ccccc1)C1CCC1,0.0,train,../data/images/Tox21/2746.png
2747.0,Cc1occc1S,0.0,train,../data/images/Tox21/2747.png
2748.0,COC(C)(C)CC(C)=O,0.0,train,../data/images/Tox21/2748.png
2749.0,Cc1c(COC(=O)C2C(/C=C(\Cl)C(F)(F)F)C2(C)C)cccc1-c1ccccc1,0.0,train,../data/images/Tox21/2749.png
2750.0,CN1[C@@H]2CC[C@H]1C[C@@H](O)C2,0.0,train,../data/images/Tox21/2750.png
2751.0,CC(C)CCO,0.0,train,../data/images/Tox21/2751.png
2752.0,c1ccc2c(c1)Sc1ccccc1N2CCN1CCCC1,0.0,train,../data/images/Tox21/2752.png
2753.0,O=C([O-])CC(S[Au])C(=O)[O-],0.0,train,../data/images/Tox21/2753.png
2754.0,NS(=O)(=O)Cc1noc2ccccc12,0.0,train,../data/images/Tox21/2754.png
2755.0,CCCCCCCCCCOC(C)=O,0.0,train,../data/images/Tox21/2755.png
2756.0,CCCCCOC(=O)Nc1nc(=O)n([C@@H]2O[C@H](C)[C@@H](O)[C@H]2O)cc1F,0.0,train,../data/images/Tox21/2756.png
2757.0,CCCCOCCOCCOCCOCCO,0.0,train,../data/images/Tox21/2757.png
2758.0,COP(=S)(Cl)OC,0.0,train,../data/images/Tox21/2758.png
2759.0,CC(C)C=O,0.0,train,../data/images/Tox21/2759.png
2760.0,CC(C)(C)c1n[nH]c(=S)n(N)c1=O,0.0,train,../data/images/Tox21/2760.png
2761.0,CCCCC(=O)O[C@]1(C(=O)CO)CC[C@H]2[C@@H]3CCC4=CC(=O)CC[C@]4(C)[C@H]3[C@@H](O)C[C@@]21C,0.0,train,../data/images/Tox21/2761.png
2762.0,O=C(O)CBr,0.0,train,../data/images/Tox21/2762.png
2763.0,COc1ccc(OC)c(C[C@H](C)N)c1,0.0,train,../data/images/Tox21/2763.png
2764.0,C[n+]1ccn(Cc2ccccc2)c1,0.0,train,../data/images/Tox21/2764.png
2765.0,IC(I)I,0.0,train,../data/images/Tox21/2765.png
2766.0,NC(=O)CI,0.0,train,../data/images/Tox21/2766.png
2767.0,CC(C)C[C@H](NC(=O)[C@@H](Cc1c[nH]c2ccccc12)NC(=O)[C@H](Cc1ccc(O)cc1)NC(=O)[C@H](CO)NC(=O)[C@H](Cc1c[nH]c2ccccc12)NC(=O)[C@H](Cc1c[nH]cn1)NC(=O)[C@@H]1CCC(=O)N1)C(=O)N[C@@H](CCCNC(=N)N)C(=O)N1CCC[C@@H]1C(=O)NCC(N)=O,0.0,train,../data/images/Tox21/2767.png
2768.0,Cc1nc([N+](=O)[O-])cn1-c1ccc([N+](=O)[O-])cc1,0.0,train,../data/images/Tox21/2768.png
2769.0,O=[N+]([O-])c1ccc2c3c(cccc13)CC2,0.0,train,../data/images/Tox21/2769.png
2770.0,Oc1cccc2cccnc12,1.0,train,../data/images/Tox21/2770.png
2771.0,CCCCCCCCOC(=O)c1cc(O)c(O)c(O)c1,1.0,train,../data/images/Tox21/2771.png
2772.0,NNC(=O)c1cccnc1,0.0,train,../data/images/Tox21/2772.png
2773.0,CC(C)Cc1nccs1,0.0,train,../data/images/Tox21/2773.png
2774.0,CNC(C)=O,0.0,train,../data/images/Tox21/2774.png
2775.0,C=C(Cl)CSC(=S)N(CC)CC,0.0,train,../data/images/Tox21/2775.png
2776.0,COc1cccc(O)c1O,0.0,train,../data/images/Tox21/2776.png
2777.0,O=C(C(=O)c1ccco1)c1ccco1,0.0,train,../data/images/Tox21/2777.png
2778.0,CCC(=O)[N-]S(=O)(=O)c1ccc(-c2c(-c3ccccc3)noc2C)cc1,0.0,train,../data/images/Tox21/2778.png
2779.0,c1ccc(CNc2[nH]cnc3ncnc2-3)cc1,0.0,train,../data/images/Tox21/2779.png
2780.0,O=C([O-])C1=NN(c2ccc(S(=O)(=O)O)cc2)C(=O)C1,0.0,train,../data/images/Tox21/2780.png
2781.0,Cl[Nd](Cl)Cl,0.0,train,../data/images/Tox21/2781.png
2782.0,O=C(c1ccccc1)C1(O)CCCCC1,0.0,train,../data/images/Tox21/2782.png
2783.0,N#Cc1ccccc1C#N,0.0,train,../data/images/Tox21/2783.png
2784.0,CC1=C(CC(=O)O)c2cc(F)ccc2/C1=C\c1ccc(S(C)(=O)=O)cc1,0.0,train,../data/images/Tox21/2784.png
2785.0,BrC(Br)C(Br)Br,0.0,train,../data/images/Tox21/2785.png
2786.0,CC(C)OC(=O)Cc1ccccc1,0.0,train,../data/images/Tox21/2786.png
2787.0,O=C(C[C@@H]1NCCC[C@H]1O)Cn1cnc2cc(Br)c(Cl)cc2c1=O,0.0,train,../data/images/Tox21/2787.png
2788.0,NC(=S)NC(N)=S,0.0,train,../data/images/Tox21/2788.png
2789.0,C=C1C[C@H]2[C@@H]3C=C(C)C4=CC(=O)CC[C@]4(C)[C@H]3CC[C@]2(C)[C@@]1(OC(C)=O)C(C)=O,0.0,train,../data/images/Tox21/2789.png
2790.0,Nc1cnn([C@@H]2O[C@H](CO)[C@@H](O)[C@H]2O)c(=O)n1,1.0,train,../data/images/Tox21/2790.png
2791.0,CC(C)c1ccc(S(=O)(=O)O)cc1,0.0,train,../data/images/Tox21/2791.png
2792.0,CCNc1nc(Cl)nc(NC(C)C)n1,0.0,train,../data/images/Tox21/2792.png
2793.0,CC(C)(C)NC(N)=O,0.0,train,../data/images/Tox21/2793.png
2794.0,NC=O,0.0,train,../data/images/Tox21/2794.png
2795.0,OC(Cn1cncn1)(c1ccc(F)cc1)c1ccccc1F,0.0,train,../data/images/Tox21/2795.png
2796.0,CC1CC(=O)O1,0.0,train,../data/images/Tox21/2796.png
2797.0,O=C1NC(=O)[C@H]2[C@@H]1[C@@H]1C=C[C@H]2C1,0.0,train,../data/images/Tox21/2797.png
2798.0,CCC(=O)OC(OP(=O)(CCCCc1ccccc1)CC(=O)N1C[C@H](C2CCCCC2)C[C@H]1C(=O)[O-])C(C)C,0.0,train,../data/images/Tox21/2798.png
2799.0,CCCCCC(=O)OCCc1ccccc1,0.0,train,../data/images/Tox21/2799.png
2800.0,COc1ccc2cc1Oc1cc3c(cc1OC)CC[N+](C)(C)[C@H]3Cc1ccc(cc1)Oc1c(OC)c(OC)cc3c1[C@@H](C2)[N+](C)(C)CC3,0.0,train,../data/images/Tox21/2800.png
2801.0,CCc1nccnc1CC,0.0,train,../data/images/Tox21/2801.png
2802.0,CCC(O)OCCCOC,0.0,train,../data/images/Tox21/2802.png
2803.0,C=C(C)CNCC,0.0,train,../data/images/Tox21/2803.png
2804.0,CO[Si](C)(C)OC,0.0,train,../data/images/Tox21/2804.png
2805.0,CC(C)CCCCCCCOP(=O)(Oc1ccccc1)Oc1ccccc1,0.0,train,../data/images/Tox21/2805.png
2806.0,CCCCCCCCS,0.0,train,../data/images/Tox21/2806.png
2807.0,Cc1nnc(-c2ccccc2)c(=O)n1N,0.0,train,../data/images/Tox21/2807.png
2808.0,COc1cc2[nH]c(=O)[nH]c(=O)c2cc1OC,0.0,train,../data/images/Tox21/2808.png
2809.0,CC(C)CC(N(C)C)C1(c2ccc(Cl)cc2)CCC1,0.0,train,../data/images/Tox21/2809.png
2810.0,CSc1nnc(C(C)(C)C)c(=O)n1N,0.0,train,../data/images/Tox21/2810.png
2811.0,CC(=O)c1ccc([N+](=O)[O-])cc1,0.0,train,../data/images/Tox21/2811.png
2812.0,CN[C@@H]1[C@H](O[C@H]2[C@H](O[C@H]3[C@H](O)[C@@H](O)[C@H](NC(=N)N)[C@@H](O)[C@@H]3NC(=N)N)O[C@@H](C)[C@]2(O)C=O)O[C@@H](CO)[C@H](O)[C@H]1O,0.0,train,../data/images/Tox21/2812.png
2813.0,CCC(=O)OCC(=O)[C@@]1(OC(=O)CC)[C@@H](C)C[C@H]2[C@@H]3CCC4=CC(=O)C=C[C@]4(C)[C@@]3(Cl)[C@@H](O)C[C@@]21C,0.0,train,../data/images/Tox21/2813.png
2814.0,CCN(CCN)c1cccc(C)c1,0.0,train,../data/images/Tox21/2814.png
2815.0,CCC(C)(C)C,0.0,train,../data/images/Tox21/2815.png
2816.0,CCC(=O)c1c(O)cc(O)cc1O,0.0,train,../data/images/Tox21/2816.png
2817.0,COCCOc1cc2cc(C(=O)NC3CCN(C(C)C)CC3)n(CC(=O)Nc3ccc(Cl)cn3)c2cn1,0.0,train,../data/images/Tox21/2817.png
2818.0,CCN(CC)CCOC(=O)c1ccc(N)cc1,0.0,train,../data/images/Tox21/2818.png
2819.0,CCC(CO)(CO)COCC(CC)(CO)CO,0.0,train,../data/images/Tox21/2819.png
2820.0,Nc1nc(N)nc(-c2cc(Cl)ccc2Cl)n1,0.0,train,../data/images/Tox21/2820.png
2821.0,CCOP(=S)(Oc1cnc(C(C)(C)C)nc1)OC(C)C,0.0,train,../data/images/Tox21/2821.png
2822.0,CO[C@H]1C=CO[C@@]2(C)Oc3c(C)c(O)c4c(O)c(c(/C=N/N5CCN(C)CC5)c(O)c4c3C2=O)NC(=O)C(C)=CC=C[C@H](C)[C@H](O)[C@@H](C)[C@@H](O)[C@@H](C)[C@H](OC(C)=O)[C@@H]1C,0.0,train,../data/images/Tox21/2822.png
2823.0,CC(=O)OCC=Cc1ccccc1,0.0,train,../data/images/Tox21/2823.png
2824.0,NC(=O)[O-],0.0,train,../data/images/Tox21/2824.png
2825.0,OC1OCCOC1O,0.0,train,../data/images/Tox21/2825.png
2826.0,FC(F)(F)c1cccc(C2=CCN(CCc3ccc4ccccc4c3)CC2)c1,0.0,train,../data/images/Tox21/2826.png
2827.0,CCCCc1cc2ccccc2c(OCCN(C)C)n1,0.0,train,../data/images/Tox21/2827.png
2828.0,c1ccc2c(c1)sc1ccccc12,0.0,train,../data/images/Tox21/2828.png
2829.0,CC(=O)OCC(COC(C)=O)OC(C)=O,0.0,train,../data/images/Tox21/2829.png
2830.0,Oc1ccc2c(c1)Cc1ccccc1-2,1.0,train,../data/images/Tox21/2830.png
2831.0,Cc1cc(C)c(C(=O)O)c(C)c1,0.0,train,../data/images/Tox21/2831.png
2832.0,N#CSCSC#N,1.0,train,../data/images/Tox21/2832.png
2833.0,Oc1ccc(Cc2ccccc2)cc1,0.0,train,../data/images/Tox21/2833.png
2834.0,COc1cc(Nc2c(C#N)cnc3cc(OCCCN4CCN(C)CC4)c(OC)cc23)c(Cl)cc1Cl,1.0,train,../data/images/Tox21/2834.png
2835.0,C#CCC(Cc1cnc2nc(N)nc(N)c2n1)c1ccc(C(=O)N[C@@H](CCC(=O)O)C(=O)O)cc1,1.0,train,../data/images/Tox21/2835.png
2836.0,Cc1ccc(/C(=C\CN2CCCC2)c2ccccn2)cc1,0.0,train,../data/images/Tox21/2836.png
2837.0,O=NN([O-])c1ccccc1,0.0,train,../data/images/Tox21/2837.png
2838.0,Cc1ccc(C(=O)C(C)CN2CCCCC2)cc1,0.0,train,../data/images/Tox21/2838.png
2839.0,CCCCCCCCS(=O)(=O)Cl,0.0,train,../data/images/Tox21/2839.png
2840.0,O=C(Nc1ccc(S(=O)(=O)N2CCOCC2)cc1)c1cc(Cl)ccc1NS(=O)(=O)c1ccc(Cl)s1,1.0,train,../data/images/Tox21/2840.png
2841.0,CC(=O)c1c(C)cc(C(C)(C)C)cc1C,0.0,train,../data/images/Tox21/2841.png
2842.0,CCO[Si](CCCNC(N)=O)(OCC)OCC,0.0,train,../data/images/Tox21/2842.png
2843.0,CN(N=O)c1ccccc1,0.0,train,../data/images/Tox21/2843.png
2844.0,NC(=S)N/N=C/c1cccnc1,0.0,train,../data/images/Tox21/2844.png
2845.0,CCCCNC(=O)OCC#CI,1.0,train,../data/images/Tox21/2845.png
2846.0,C=C(C)C(=O)O,0.0,train,../data/images/Tox21/2846.png
2847.0,CC(C)COC(=O)CCCCC(=O)OCC(C)C,0.0,train,../data/images/Tox21/2847.png
2848.0,CCC(=O)c1ccccc1,0.0,train,../data/images/Tox21/2848.png
2849.0,C#CC(O)C(CC)CCCC,0.0,train,../data/images/Tox21/2849.png
2850.0,CC(=O)O[C@]1(C(C)=O)CC[C@H]2[C@@H]3C[C@H](C)C4=CC(=O)CC[C@]4(C)[C@H]3CC[C@@]21C,0.0,train,../data/images/Tox21/2850.png
2851.0,CCCCCCCCCCCC(=O)N(CCO)CCO,0.0,train,../data/images/Tox21/2851.png
2852.0,CC/C=C1/OC(=O)c2ccccc21,0.0,train,../data/images/Tox21/2852.png
2853.0,CC[C@@H](C(=O)[C@@H](C)[C@@H](O)[C@H](C)CCc1ccc(C)c(O)c1C(=O)[O-])[C@H]1O[C@](CC)([C@H]2CC[C@](O)(CC)[C@H](C)O2)C[C@@H]1C,1.0,train,../data/images/Tox21/2853.png
2854.0,CC(C)(CO)[C@@H](O)C(=O)NCCCC(=O)[O-],0.0,train,../data/images/Tox21/2854.png
2855.0,CC1(C)OC(=O)NC1=O,0.0,train,../data/images/Tox21/2855.png
2856.0,C[C@]12O[C@H](C[C@]1(O)CO)n1c3ccccc3c3c4c(c5c6ccccc6n2c5c31)CNC4=O,1.0,train,../data/images/Tox21/2856.png
2857.0,CCCC[N+]1(C)[C@@H]2C[C@@H](OC(=O)[C@H](CO)c3ccccc3)C[C@H]1[C@@H]1O[C@@H]12,0.0,train,../data/images/Tox21/2857.png
2858.0,[Na]I,0.0,train,../data/images/Tox21/2858.png
2859.0,OCCc1ccccn1,0.0,train,../data/images/Tox21/2859.png
2860.0,COc1ccc(CCN(C)CCCC(C#N)(c2ccc(OC)c(OC)c2)C(C)C)cc1OC,0.0,train,../data/images/Tox21/2860.png
2861.0,CC1CCc2nccnc21,0.0,train,../data/images/Tox21/2861.png
2862.0,CC(O)C(=O)O[Hg]c1ccccc1,1.0,train,../data/images/Tox21/2862.png
2863.0,COc1ccc(CCN(C)CCCC(C#N)(c2cc(OC)c(OC)c(OC)c2)C(C)C)cc1OC,0.0,train,../data/images/Tox21/2863.png
2864.0,CCCCCCCCCCCCCCCCCl,0.0,train,../data/images/Tox21/2864.png
2865.0,CC(C)Nc1cccnc1N1CCN(C(=O)c2cc3cc(NS(C)(=O)=O)ccc3[nH]2)CC1,0.0,train,../data/images/Tox21/2865.png
2866.0,CCOP(=S)(OCC)SCSCC,0.0,train,../data/images/Tox21/2866.png
2867.0,CC(=O)O[C@@H]1C[C@H]2CC[C@]1(C)C2(C)C,0.0,train,../data/images/Tox21/2867.png
2868.0,CN(C)CCCN1c2ccccc2Sc2ccccc21,0.0,train,../data/images/Tox21/2868.png
2869.0,CO/N=C(\C(=O)N[C@@H]1C(=O)N2C(C(=O)[O-])=C(C[n+]3ccc(N)n3CCO)CS[C@H]12)c1csc(N)n1,0.0,train,../data/images/Tox21/2869.png
2870.0,CCCC=C(C=O)CC,0.0,train,../data/images/Tox21/2870.png
2871.0,CCN1CC(CCN2CCOCC2)C(c2ccccc2)(c2ccccc2)C1=O,0.0,train,../data/images/Tox21/2871.png
2872.0,O=S1(=O)CC=CC1,0.0,train,../data/images/Tox21/2872.png
2873.0,CC(=O)OCC(=O)[C@@]1(O)CC[C@H]2[C@@H]3CCC4=CC(=O)C=C[C@]4(C)[C@@]3(F)[C@@H](O)C[C@@]21C,0.0,train,../data/images/Tox21/2873.png
2874.0,O=S(=O)(c1ccc(Cl)cc1)c1ccc(Cl)cc1,0.0,train,../data/images/Tox21/2874.png
2875.0,Nc1ccc(NCCO)c([N+](=O)[O-])c1,0.0,train,../data/images/Tox21/2875.png
2876.0,CC1(C)CCC(NC(=O)[C@@H](N)CCC(=O)O)CC1,0.0,train,../data/images/Tox21/2876.png
2877.0,CN(C)CCCN1c2ccccc2Sc2ccc(C(F)(F)F)cc21,1.0,train,../data/images/Tox21/2877.png
2878.0,CN1CCCC1=O,0.0,train,../data/images/Tox21/2878.png
2879.0,Cc1c(Cn2ccnc2)c2ccccc2n1CCC(=O)O,0.0,train,../data/images/Tox21/2879.png
2880.0,CCOC(=O)c1ncn2c1CN(C)C(=O)c1c(I)cccc1-2,0.0,train,../data/images/Tox21/2880.png
2881.0,N=C1C=CC(=C(c2ccc(N)cc2)c2ccc(N)cc2)C=C1,1.0,train,../data/images/Tox21/2881.png
2882.0,CCN(CC)CC(=O)Nc1c(C)cc(C)cc1C,0.0,train,../data/images/Tox21/2882.png
2883.0,Cn1nnc2c(C(N)=O)ncn2c1=O,0.0,train,../data/images/Tox21/2883.png
2884.0,CCCC(=O)OCCC(C)C,0.0,train,../data/images/Tox21/2884.png
2885.0,CC(=O)C=Cc1ccco1,0.0,train,../data/images/Tox21/2885.png
2886.0,CCCCC[C@@H](O)C1C(=O)OC(C)[C@H](O)C=CC=CC=CC=CC=C(C)C(O)C(O)C(O)C[C@H](O)C[C@H](O)C[C@H](O)C[C@H](O)C[C@@H]1O,0.0,train,../data/images/Tox21/2886.png
2887.0,CC(C)(C)C(=O)C(Oc1ccc(Cl)cc1)n1cncn1,0.0,train,../data/images/Tox21/2887.png
2888.0,O=C(O)CN1C(=O)c2cccc3cccc(c23)C1=O,0.0,train,../data/images/Tox21/2888.png
2889.0,CCc1nccnc1C,0.0,train,../data/images/Tox21/2889.png
2890.0,ClC(Cl)(Cl)c1ccc(C(Cl)(Cl)Cl)cc1,0.0,train,../data/images/Tox21/2890.png
2891.0,CCCCc1ccc(O)cc1,0.0,train,../data/images/Tox21/2891.png
2892.0,C/C=C/C=C/C(=O)[O-],0.0,train,../data/images/Tox21/2892.png
2893.0,CCCCCC/C=C/CCCCCCCC(=O)O,0.0,train,../data/images/Tox21/2893.png
2894.0,OC[C@@H](O)[C@H]1O[C@@H]2O[C@H](C(Cl)(Cl)Cl)O[C@@H]2[C@H]1O,0.0,train,../data/images/Tox21/2894.png
2895.0,CCCCC(C)C(=O)O,0.0,train,../data/images/Tox21/2895.png
2896.0,COC1=CC(=O)O[C@@H](/C=C/c2ccc3c(c2)OCO3)C1,0.0,train,../data/images/Tox21/2896.png
2897.0,CN1C2CCC1CC(OC(c1ccccc1)c1ccc(Cl)cc1)C2,1.0,train,../data/images/Tox21/2897.png
2898.0,O=C(Cl)c1ccccc1F,0.0,train,../data/images/Tox21/2898.png
2899.0,CCCCCCCCCCCCCC(=O)OCC,0.0,train,../data/images/Tox21/2899.png
2900.0,S=C=Nc1ccccc1,0.0,train,../data/images/Tox21/2900.png
2901.0,CCNC(=O)NCc1cccc(Cl)c1,0.0,train,../data/images/Tox21/2901.png
2902.0,O=[N+]([O-])c1ccc2ncccc2c1,0.0,train,../data/images/Tox21/2902.png
2903.0,CC(C)C[C@H](NC(=O)[C@H](Cc1ccccc1)NC(=O)c1cnccn1)B(O)O,1.0,train,../data/images/Tox21/2903.png
2904.0,c1ccc2c(c1)CCCC2,0.0,train,../data/images/Tox21/2904.png
2905.0,NP(N)(=O)NC(=O)c1ccc(F)cc1,0.0,train,../data/images/Tox21/2905.png
2906.0,CON(C)C(=O)Nc1ccc(Br)cc1,0.0,train,../data/images/Tox21/2906.png
2907.0,CCCCCCCCCCCC(=O)OCC,0.0,train,../data/images/Tox21/2907.png
2908.0,CCCC(=O)O[C@]1(C(=O)COC(C)=O)CC[C@H]2[C@@H]3C[C@H](F)C4=CC(=O)C=C[C@]4(C)[C@@]3(F)[C@@H](O)C[C@@]21C,0.0,train,../data/images/Tox21/2908.png
2909.0,CCC(=O)N(c1ccccc1)C1CCN(CCc2ccccc2)CC1,0.0,train,../data/images/Tox21/2909.png
2910.0,CCCCCC/C=C/C=O,0.0,train,../data/images/Tox21/2910.png
2911.0,OC[C@@H](O)C(O)[C@H](O)CO,0.0,train,../data/images/Tox21/2911.png
2912.0,C[C@@H]1C[C@H]2C3C[C@H](F)C4=CC(=O)C=CC4(C)[C@@]3(F)[C@@H](O)CC2(C)[C@@]1(O)C(=O)COC(=O)C(C)(C)C,0.0,train,../data/images/Tox21/2912.png
2913.0,OCC(O)CS,0.0,train,../data/images/Tox21/2913.png
2914.0,Cc1[nH]c(=O)n(C(C)(C)C)c(=O)c1Cl,0.0,train,../data/images/Tox21/2914.png
2915.0,CCCCCCCCCOC(=O)c1ccccc1C(=O)OCCCCCCCCC,0.0,train,../data/images/Tox21/2915.png
2916.0,C1CC2OC2CC1C1CO1,0.0,train,../data/images/Tox21/2916.png
2917.0,Oc1ncnc2[nH]ncc12,0.0,train,../data/images/Tox21/2917.png
2918.0,O=S(=O)(O)c1ccccc1,0.0,train,../data/images/Tox21/2918.png
2919.0,CO[Si](CCCNCCC[Si](OC)(OC)OC)(OC)OC,0.0,train,../data/images/Tox21/2919.png
2920.0,CCc1cccc(O)c1,0.0,train,../data/images/Tox21/2920.png
2921.0,CO[C@@H]1[C@@H](O[C@@H]2O[C@H](C)[C@@H](O[C@H]3C[C@@](C)(O)[C@@H](OC(=O)CC(C)C)[C@H](C)O3)[C@H](N(C)C)[C@H]2O)[C@@H](CC=O)C[C@@H](C)[C@@H](O)C=CC=CC[C@@H](C)OC(=O)C[C@H]1O,0.0,train,../data/images/Tox21/2921.png
2922.0,c1ccc(-c2cccc(-c3ccccc3)c2)cc1,0.0,train,../data/images/Tox21/2922.png
2923.0,CC(C)c1cccc(C(C)C)c1NC(=O)[N-]S(=O)(=O)c1cc(C(C)(C)O)co1,0.0,train,../data/images/Tox21/2923.png
2924.0,CC1(C)[C@H](C(=O)O[C@H](C#N)c2cccc(Oc3ccccc3)c2)[C@@H]1/C=C(\Cl)C(F)(F)F,0.0,train,../data/images/Tox21/2924.png
2925.0,Cc1ccccc1O,0.0,train,../data/images/Tox21/2925.png
2926.0,CCCC(=O)C(CC)Sc1ccoc1C,0.0,train,../data/images/Tox21/2926.png
2927.0,CCCCCCCCCCC=CC#N,0.0,train,../data/images/Tox21/2927.png
2928.0,CO/N=C(\C(=O)N[C@@H]1C(=O)N2C(C(=O)[O-])=C(CSc3nc(C)c(CC(=O)[O-])s3)CS[C@H]12)c1csc(N)n1,0.0,train,../data/images/Tox21/2928.png
2929.0,CC(C(=O)O)c1ccc(C(=O)c2cccs2)cc1,0.0,train,../data/images/Tox21/2929.png
2930.0,CCc1ccccc1,0.0,train,../data/images/Tox21/2930.png
2931.0,Nc1ccc(F)cc1F,0.0,train,../data/images/Tox21/2931.png
2932.0,OC(CCN1CCCCC1)(c1ccccc1)C1CCCCC1,0.0,train,../data/images/Tox21/2932.png
2933.0,CN(C)c1ccc(C(=C2C=CC(=[N+](C)C)C=C2)c2c(O)c(S(=O)(=O)[O-])cc3cc(S(=O)(=O)[O-])ccc23)cc1,0.0,train,../data/images/Tox21/2933.png
2934.0,Cc1cccc2nccnc12,0.0,train,../data/images/Tox21/2934.png
2935.0,CCCCCCOc1ccccc1C(N)=O,0.0,train,../data/images/Tox21/2935.png
2936.0,CCOC(=O)CC(=O)c1cc(F)c(Cl)nc1Cl,0.0,train,../data/images/Tox21/2936.png
2937.0,Clc1sc(Cl)c(Cl)c1Cl,0.0,train,../data/images/Tox21/2937.png
2938.0,CC(C)(O)C#N,0.0,train,../data/images/Tox21/2938.png
2939.0,Cc1cc(=O)nc(C(C)C)[nH]1,0.0,train,../data/images/Tox21/2939.png
2940.0,CC(C)(C)NCC(O)COc1cccc2c1CCC(=O)N2,0.0,train,../data/images/Tox21/2940.png
2941.0,CN(C)N=Nc1ccccc1,0.0,train,../data/images/Tox21/2941.png
2942.0,Nc1nc(-c2ccc([N+](=O)[O-])cc2)cs1,0.0,train,../data/images/Tox21/2942.png
2943.0,CC[C@H]1OC(=O)[C@H](C)[C@@H](O[C@H]2C[C@@](C)(OC)[C@@H](O)[C@H](C)O2)C(C)[C@@H](O[C@@H]2O[C@H](C)C[C@H](N(C)C)[C@H]2O)[C@](C)(OC)C[C@@H](C)C(=O)[C@H](C)[C@@H](O)[C@]1(C)O,0.0,train,../data/images/Tox21/2943.png
2944.0,C=Cc1ccc(S(=O)(=O)[O-])cc1,0.0,train,../data/images/Tox21/2944.png
2945.0,O=C(O)c1ccc(C(=O)O)cc1,0.0,train,../data/images/Tox21/2945.png
2946.0,CN(C)C=Nc1c(I)cc(I)c(CCC(=O)[O-])c1I,0.0,train,../data/images/Tox21/2946.png
2947.0,C[C@]12CC[C@H](O)C[C@H]1CC[C@@H]1[C@@H]2CC[C@]2(C)[C@@H](c3ccc(=O)oc3)C[C@H]3O[C@]132,1.0,train,../data/images/Tox21/2947.png
2948.0,c1ccc(C2CC2)c(OCC2=NCCN2)c1,0.0,train,../data/images/Tox21/2948.png
2949.0,CCCCCOc1ccc(C2SC(=O)NC2=O)cc1OCC,0.0,train,../data/images/Tox21/2949.png
2950.0,CC1=CCC2C(C1)C2(C)C,0.0,train,../data/images/Tox21/2950.png
2951.0,CCCCCCCCCCCOC(=O)c1ccccc1C(=O)OCCCCCCCCCCC,0.0,train,../data/images/Tox21/2951.png
2952.0,CCCCCC,0.0,train,../data/images/Tox21/2952.png
2953.0,CCCCCCCCCCCCS,0.0,train,../data/images/Tox21/2953.png
2954.0,CC(C)(C#N)c1cc(Cn2cncn2)cc(C(C)(C)C#N)c1,0.0,train,../data/images/Tox21/2954.png
2955.0,C1CCN(CN2CCCCC2)CC1,0.0,train,../data/images/Tox21/2955.png
2956.0,CCCSSCCC,0.0,train,../data/images/Tox21/2956.png
2957.0,CC(=O)C=CC1=C(C)CCCC1(C)C,0.0,train,../data/images/Tox21/2957.png
2958.0,O=C1OC(CN2CCOCC2)CN1N=Cc1ccc([N+](=O)[O-])o1,0.0,train,../data/images/Tox21/2958.png
2959.0,O=C(Cl)C(Cl)Cl,0.0,train,../data/images/Tox21/2959.png
2960.0,CC[C@@H]([C@H](C)O)n1ncn(-c2ccc(N3CCN(c4ccc(OCC5CO[C@@](Cn6cncn6)(c6ccc(F)cc6F)C5)cc4)CC3)cc2)c1=O,0.0,train,../data/images/Tox21/2960.png
2961.0,O=c1cc(-c2ccccc2)oc2ccccc12,0.0,train,../data/images/Tox21/2961.png
2962.0,O=C(O)Cc1ccc(Cl)cc1Cl,0.0,train,../data/images/Tox21/2962.png
2963.0,C=CCCC,0.0,train,../data/images/Tox21/2963.png
2964.0,c1ccc2c(c1)ccc1cc3c(ccc4ccccc43)cc12,1.0,train,../data/images/Tox21/2964.png
2965.0,Cc1cc(NC(=O)C(=O)O)cc(C)c1Oc1ccc(O)c2c1CCC2,0.0,train,../data/images/Tox21/2965.png
2966.0,OCc1ccco1,0.0,train,../data/images/Tox21/2966.png
2967.0,O=C(O)c1ccc2cc(O)ccc2c1,0.0,train,../data/images/Tox21/2967.png
2968.0,O=[N+]([O-])c1cccc(S(=O)(=O)NCCNS(=O)(=O)c2cccc([N+](=O)[O-])c2)c1,0.0,train,../data/images/Tox21/2968.png
2969.0,CCCCCCCCCCCCCCCC(=O)OC[C@@H](COP(=O)([O-])OCC[N+](C)(C)C)OC(=O)CCCCCCCCCCCCCCC,0.0,train,../data/images/Tox21/2969.png
2970.0,CCNC(=O)/C=C/c1cccc(Br)c1,0.0,train,../data/images/Tox21/2970.png
2971.0,CO[C@H]1O[C@H](CO)[C@@H](O)[C@H](O)[C@H]1O,0.0,train,../data/images/Tox21/2971.png
2972.0,Nc1ccc([As](=O)(O)O)cc1,0.0,train,../data/images/Tox21/2972.png
2973.0,O=C(O)[C@@H]1[C@H]2C[C@H]3c4[nH]c5ccccc5c4CCN3C[C@@H]2CC[C@@H]1O,0.0,train,../data/images/Tox21/2973.png
2974.0,O=c1oc2c(O)c(O)cc3c(=O)oc4c(O)c(O)cc1c4c23,0.0,train,../data/images/Tox21/2974.png
2975.0,CC(C)CCCC(C)(C)O,0.0,train,../data/images/Tox21/2975.png
2976.0,Cc1cccc(O)c1,0.0,train,../data/images/Tox21/2976.png
2977.0,C=C[Si](OC(=C)C)(OC(=C)C)OC(=C)C,0.0,train,../data/images/Tox21/2977.png
2978.0,CC(C)(C)C(=O)OCC(=O)[C@H]1CC[C@H]2[C@@H]3CCC4=CC(=O)CC[C@]4(C)[C@H]3CC[C@]12C,0.0,train,../data/images/Tox21/2978.png
2979.0,CCC(=O)c1ccc2c(c1)N(CCCN(C)C)c1ccccc1S2,0.0,train,../data/images/Tox21/2979.png
2980.0,Cc1ccc(OP(=O)(Oc2ccccc2)Oc2ccccc2)cc1,0.0,train,../data/images/Tox21/2980.png
2981.0,CC(=O)OC/C=C(\C)CCC=C(C)C,0.0,train,../data/images/Tox21/2981.png
2982.0,O=C1c2ccccc2CCc2ccccc21,0.0,train,../data/images/Tox21/2982.png
2983.0,O=C(CCN1CCN(CCO)CC1)N1c2ccccc2Sc2ccc(C(F)(F)F)cc21,0.0,train,../data/images/Tox21/2983.png
2984.0,[C-]#N,0.0,train,../data/images/Tox21/2984.png
2985.0,O=C(CCl)C(Cl)Cl,1.0,train,../data/images/Tox21/2985.png
2986.0,CCCCCCOC(=O)CC,0.0,train,../data/images/Tox21/2986.png
2987.0,Cc1cc(S(=O)(=O)O)c(N)cc1Cl,0.0,train,../data/images/Tox21/2987.png
2988.0,CN(C)CCN(Cc1ccc(Cl)cc1)c1ccccn1,0.0,train,../data/images/Tox21/2988.png
2989.0,CCN(CC)c1ccc2c(C)cc(=O)oc2c1,1.0,train,../data/images/Tox21/2989.png
2990.0,CCC[C@@H]1C[C@@H](C(=O)N[C@@H]([C@H]2O[C@H](SC)[C@H](O)[C@@H](O)[C@H]2O)[C@H](C)Cl)N(C)C1,0.0,train,../data/images/Tox21/2990.png
2991.0,C[SiH](O[Si](C)(C)C)O[Si](C)(C)C,0.0,train,../data/images/Tox21/2991.png
2992.0,CCCC[n+]1ccccc1C,0.0,train,../data/images/Tox21/2992.png
2993.0,COCc1ccc(COC)cc1,0.0,train,../data/images/Tox21/2993.png
2994.0,Oc1ccc(Cl)cc1C1CCCC1,0.0,train,../data/images/Tox21/2994.png
2995.0,CCCCCCC/C=C/C=O,0.0,train,../data/images/Tox21/2995.png
2996.0,Cc1cc(O)c(C(=O)N[C@@H](C(=O)N[C@@H]2C(=O)N3C(C(=O)O)=C(CSc4nnnn4C)CS[C@H]23)c2ccc(O)cc2)cn1,0.0,train,../data/images/Tox21/2996.png
2997.0,Cc1ccc(O)c(C(=O)c2ccccc2)c1,0.0,train,../data/images/Tox21/2997.png
2998.0,CCCCCCC1(C)CCC(=O)O1,0.0,train,../data/images/Tox21/2998.png
2999.0,O=P(c1ccccc1)(c1ccccc1)c1ccccc1,0.0,train,../data/images/Tox21/2999.png
3000.0,COc1nc(C)nc(Cl)c1NC1=NCCN1,0.0,train,../data/images/Tox21/3000.png
3001.0,CCC(Cl)CCC(Cl)C(Cl)CC(Cl)C(Cl)C(Cl)CCl,0.0,train,../data/images/Tox21/3001.png
3002.0,C/C=C(/CC[C@@H](C)[C@H]1CC[C@H]2C3=CC[C@H]4[C@H](C)[C@@H](O)CC[C@]4(C)[C@H]3CC[C@]12C)C(C)C,0.0,train,../data/images/Tox21/3002.png
3003.0,C#C[C@]1(O)CC[C@H]2[C@@H]3CCC4=CC(=O)CC[C@@H]4[C@H]3CC[C@@]21CC,0.0,train,../data/images/Tox21/3003.png
3004.0,COc1c2ccoc2cc2oc(=O)ccc12,0.0,train,../data/images/Tox21/3004.png
3005.0,CC(C)COC(=O)c1ccccc1,0.0,train,../data/images/Tox21/3005.png
3006.0,CC1(C)C[C@@H]1C(=O)N/C(=C\CCCCSC[C@H](N)C(=O)O)C(=O)[O-],0.0,train,../data/images/Tox21/3006.png
3007.0,C[N+](C)(C)CCOC(N)=O,0.0,train,../data/images/Tox21/3007.png
3008.0,c1ccc2c(c1)Nc1ccccc1S2,0.0,train,../data/images/Tox21/3008.png
3009.0,CC(C)(C)c1cc(CCC(=O)NN)cc(C(C)(C)C)c1O,0.0,train,../data/images/Tox21/3009.png
3010.0,Nc1ccc(/N=N/c2ccc(-c3ccc(/N=N/c4c(S(=O)(=O)[O-])cc5cc(S(=O)(=O)[O-])c(/N=N/c6ccccc6)c(O)c5c4N)cc3)cc2)c(N)c1,0.0,train,../data/images/Tox21/3010.png
3011.0,Clc1ccc(C(OCCN2CCCCC2)c2ccccc2)cc1,0.0,train,../data/images/Tox21/3011.png
3012.0,O=C([O-])P(=O)([O-])[O-],0.0,train,../data/images/Tox21/3012.png
3013.0,c1ccncc1,0.0,train,../data/images/Tox21/3013.png
3014.0,CCCCCCCCOc1ccc(C(=O)c2ccccc2)c(O)c1,0.0,train,../data/images/Tox21/3014.png
3015.0,CCC(=O)OCc1ccccc1,0.0,train,../data/images/Tox21/3015.png
3016.0,CC(C)(C)c1ccc(S)cc1,0.0,train,../data/images/Tox21/3016.png
3017.0,C1CSCCS1,0.0,train,../data/images/Tox21/3017.png
3018.0,O=[N+]([O-])[O-],0.0,train,../data/images/Tox21/3018.png
3019.0,CCCCCOC(=O)c1ccccc1C(=O)OCCCCC,0.0,train,../data/images/Tox21/3019.png
3020.0,COC(=O)C1=C(C)NC(C)=C(C(=O)OC(C)C)C1c1cccc2nonc12,0.0,train,../data/images/Tox21/3020.png
3021.0,CN(C)C/C=C(/c1ccc(Br)cc1)c1cccnc1,0.0,train,../data/images/Tox21/3021.png
3022.0,CC[C@@H](CO)NC(=O)[C@@H]1C=C2c3cccc4c3c(cn4C)C[C@H]2N(C)C1,0.0,train,../data/images/Tox21/3022.png
3023.0,C/C=C/C[C@@H](C)[C@@H](O)[C@H]1C(=O)N[C@@H](CC)C(=O)N(C)CC(=O)N(C)[C@@H](CC(C)C)C(=O)N[C@@H](C(C)C)C(=O)N(C)[C@@H](CC(C)C)C(=O)N[C@@H](C)C(=O)N[C@H](C)C(=O)N(C)[C@@H](CC(C)C)C(=O)N(C)[C@@H](CC(C)C)C(=O)N(C)[C@@H](C(C)C)C(=O)N1C,0.0,train,../data/images/Tox21/3023.png
3024.0,CC(=O)OCc1ccccc1,0.0,train,../data/images/Tox21/3024.png
3025.0,O=C=Nc1ccc(Cl)c(Cl)c1,0.0,train,../data/images/Tox21/3025.png
3026.0,N#CCCl,0.0,train,../data/images/Tox21/3026.png
3027.0,CC(C)(c1ccc(O)cc1)c1ccc(O)cc1,0.0,train,../data/images/Tox21/3027.png
3028.0,OCCCCCCO,0.0,train,../data/images/Tox21/3028.png
3029.0,C[C@@]12C(=O)OC(=O)[C@]1(C)C1CCC2O1,1.0,train,../data/images/Tox21/3029.png
3030.0,c1ccc(CNCc2ccccc2)cc1,0.0,train,../data/images/Tox21/3030.png
3031.0,COc1c2c(cc3c1OCO3)CCN(C)C2,0.0,train,../data/images/Tox21/3031.png
3032.0,COc1cccc2sc(N)nc12,0.0,train,../data/images/Tox21/3032.png
3033.0,CCCCCC(=O)CC,0.0,train,../data/images/Tox21/3033.png
3034.0,N#CCCSCCC#N,0.0,train,../data/images/Tox21/3034.png
3035.0,CCCCCCCCCCCCCCCCCC(=O)OCC(O)CO,0.0,train,../data/images/Tox21/3035.png
3036.0,FC(F)(F)C(F)(F)C(F)(F)C(F)(F)C(F)(F)F,0.0,train,../data/images/Tox21/3036.png
3037.0,CCOC(=O)[C@H](CCc1ccccc1)N[C@@H](C)C(=O)N1Cc2ccccc2C[C@H]1C(=O)O,0.0,train,../data/images/Tox21/3037.png
3038.0,CC(C)C[P+](C)(CC(C)C)CC(C)C,0.0,train,../data/images/Tox21/3038.png
3039.0,C=CC(=O)NC(C)(C)CS(=O)(=O)[O-],0.0,train,../data/images/Tox21/3039.png
3040.0,Nc1cc(N)cc(C(=O)O)c1,0.0,train,../data/images/Tox21/3040.png
3041.0,COC(Cc1ccccc1)OC,0.0,train,../data/images/Tox21/3041.png
3042.0,COC(=O)COc1ccc(Cl)cc1Cl,0.0,train,../data/images/Tox21/3042.png
3043.0,O=[N+]([O-])c1ccccc1-c1ccccc1,0.0,train,../data/images/Tox21/3043.png
3044.0,Brc1cc(Br)c(Oc2cc(Br)c(Br)cc2Br)cc1Br,0.0,train,../data/images/Tox21/3044.png
3045.0,Cc1ccc2c(c1N)C(=O)c1ccccc1C2=O,0.0,train,../data/images/Tox21/3045.png
3046.0,CCCCCCCC/C=C\CCCCCCCC(=O)O,0.0,train,../data/images/Tox21/3046.png
3047.0,O=C(O)c1cccc(Cl)c1Cl,0.0,train,../data/images/Tox21/3047.png
3048.0,CC(=O)OCC(=O)[C@@]1(O)CC[C@H]2[C@@H]3CCC4=CC(=O)CC[C@]4(C)C3=CC[C@@]21C,0.0,train,../data/images/Tox21/3048.png
3049.0,CCCN(CCC)c1c([N+](=O)[O-])cc(S(C)(=O)=O)cc1[N+](=O)[O-],0.0,train,../data/images/Tox21/3049.png
3050.0,Cc1cc(-c2ccc(/N=N/c3ccc4c(S(=O)(=O)[O-])cc(S(=O)(=O)[O-])c(N)c4c3O)c(C)c2)ccc1/N=N/c1ccc2c(S(=O)(=O)[O-])cc(S(=O)(=O)[O-])c(N)c2c1O,0.0,train,../data/images/Tox21/3050.png
3051.0,Cc1ccnc2c1NC(=O)c1cccnc1N2C1CC1,0.0,train,../data/images/Tox21/3051.png
3052.0,CCCc1ccc(C(=O)O)cc1,0.0,train,../data/images/Tox21/3052.png
3053.0,N=C(N)NS(=O)(=O)c1ccc(N)cc1,0.0,train,../data/images/Tox21/3053.png
3054.0,c1cnccn1,0.0,train,../data/images/Tox21/3054.png
3055.0,COc1nc(C)nc(N)n1,0.0,train,../data/images/Tox21/3055.png
3056.0,CCCCC(CC)COC(=O)CCCCC(=O)OCC(CC)CCCC,0.0,train,../data/images/Tox21/3056.png
3057.0,O=c1oc2ccccc2c(O)c1C(CC(O)c1ccc(-c2ccc(Br)cc2)cc1)c1ccccc1,1.0,train,../data/images/Tox21/3057.png
3058.0,C=CC(Cl)CCl,0.0,train,../data/images/Tox21/3058.png
3059.0,FC(F)(F)c1ccc(Cl)c(Cl)c1,0.0,train,../data/images/Tox21/3059.png
3060.0,CCC(=O)O[C@]1(C(=O)SCF)[C@H](C)C[C@H]2C3C[C@H](F)C4=CC(=O)C=C[C@]4(C)[C@@]3(F)[C@@H](O)C[C@@]21C,0.0,train,../data/images/Tox21/3060.png
3061.0,CN(C)CCOC(C)(c1ccccc1)c1ccccn1,0.0,train,../data/images/Tox21/3061.png
3062.0,COC(=O)c1ccccc1C(=O)O,0.0,train,../data/images/Tox21/3062.png
3063.0,Cc1ccc2c(c1)C(=O)c1ccccc1C2=O,0.0,train,../data/images/Tox21/3063.png
3064.0,CCCCCCCO,0.0,train,../data/images/Tox21/3064.png
3065.0,CCCCCCCCn1sc(Cl)c(Cl)c1=O,1.0,train,../data/images/Tox21/3065.png
3066.0,CCC(=O)OC(C)c1ccccc1,0.0,train,../data/images/Tox21/3066.png
3067.0,CN(C)c1ccc(C(c2ccccc2)c2ccc(N(C)C)cc2)cc1,0.0,train,../data/images/Tox21/3067.png
3068.0,Oc1ccc(Cl)cc1Cl,0.0,train,../data/images/Tox21/3068.png
3069.0,OCC(O)CO,0.0,train,../data/images/Tox21/3069.png
3070.0,CC(C)(O)CCc1ccccc1,0.0,train,../data/images/Tox21/3070.png
3071.0,CCCc1cc(C(N)=S)ccn1,0.0,train,../data/images/Tox21/3071.png
3072.0,O=C(Nc1ccc(Cl)cc1)Nc1ccc(Cl)c(Cl)c1,1.0,train,../data/images/Tox21/3072.png
3073.0,CN1CCC(=C2c3ccccc3C=Cc3ccccc32)CC1,0.0,train,../data/images/Tox21/3073.png
3074.0,O=C=Nc1ccc(Cc2ccc(N=C=O)cc2)cc1,0.0,train,../data/images/Tox21/3074.png
3075.0,CC(N)C(=O)OC(C)(C)Cc1ccc(Cl)cc1,0.0,train,../data/images/Tox21/3075.png
3076.0,c1ccc2occc2c1,0.0,train,../data/images/Tox21/3076.png
3077.0,Cc1cc(C)n(CO)n1,0.0,train,../data/images/Tox21/3077.png
3078.0,CC(C)(COC(=O)c1ccccc1)COC(=O)c1ccccc1,0.0,train,../data/images/Tox21/3078.png
3079.0,C[Hg]Cl,1.0,train,../data/images/Tox21/3079.png
3080.0,Nc1ncnc(Nc2ccc(Cl)cc2)n1,0.0,train,../data/images/Tox21/3080.png
3081.0,CCCCCCCCCCOC(=O)c1ccccc1C(=O)OCCCCCCCC,0.0,train,../data/images/Tox21/3081.png
3082.0,C[Si](C)=O,0.0,train,../data/images/Tox21/3082.png
3083.0,OCC1CCC(CO)CC1,0.0,train,../data/images/Tox21/3083.png
3084.0,C=CN1CCCCCC1=O,0.0,train,../data/images/Tox21/3084.png
3085.0,CC(=O)O[C@]1(C(C)=O)CC[C@H]2[C@@H]3C=C(Cl)C4=CC(=O)[C@@H]5C[C@@H]5[C@]4(C)[C@H]3CC[C@@]21C,0.0,train,../data/images/Tox21/3085.png
3086.0,CCC(O)OC(O)CC,0.0,train,../data/images/Tox21/3086.png
3087.0,c1cc2c(c(NC3=NCCN3)c1)CCCC2,0.0,train,../data/images/Tox21/3087.png
3088.0,Oc1ccc(C2(c3ccc(O)cc3)c3ccccc3-c3ccccc32)cc1,1.0,train,../data/images/Tox21/3088.png
3089.0,NCC(O)c1ccc(O)cc1,0.0,train,../data/images/Tox21/3089.png
3090.0,CCOC(=O)CP(=O)(OCC)OCC,0.0,train,../data/images/Tox21/3090.png
3091.0,Cc1ccc(-c2ncc(Cl)cc2-c2ccc(S(C)(=O)=O)cc2)cn1,0.0,train,../data/images/Tox21/3091.png
3092.0,Cl[Ba]Cl,0.0,train,../data/images/Tox21/3092.png
3093.0,O=C(c1ccc(O)cc1)c1ccc(O)cc1O,0.0,train,../data/images/Tox21/3093.png
3094.0,Nc1ccc(S(=O)(=O)Nc2nccs2)cc1,0.0,train,../data/images/Tox21/3094.png
3095.0,CN(C)CCCOc1nn(Cc2ccccc2)c2ccccc12,0.0,train,../data/images/Tox21/3095.png
3096.0,NCCCCCCNCCCCCCN,0.0,train,../data/images/Tox21/3096.png
3097.0,Cc1nc2sccn2c(=O)c1CCN1CCC(=C(c2ccc(F)cc2)c2ccc(F)cc2)CC1,0.0,train,../data/images/Tox21/3097.png
3098.0,CNC(=O)N(C)c1nnc(C(C)(C)C)s1,0.0,train,../data/images/Tox21/3098.png
3099.0,ClCC(Br)CBr,0.0,train,../data/images/Tox21/3099.png
3100.0,Cc1ncc(C[n+]2csc(CCO)c2C)c(N)n1,0.0,train,../data/images/Tox21/3100.png
3101.0,OCCC(F)(F)C(F)(F)C(F)(F)C(F)(F)C(F)(F)C(F)(F)C(F)(F)C(F)(F)F,0.0,train,../data/images/Tox21/3101.png
3102.0,O=C(NC(=O)c1cc(F)c(F)cc1Cl)Nc1cc(F)ccc1N1CCC(C(=O)O)CC1,0.0,train,../data/images/Tox21/3102.png
3103.0,O=C(O)c1cc(C(=O)O)cc(S(=O)(=O)[O-])c1,0.0,train,../data/images/Tox21/3103.png
3104.0,CC(C(=O)O)c1ccc2c(c1)[nH]c1ccc(Cl)cc12,0.0,train,../data/images/Tox21/3104.png
3105.0,CCOC(=O)CC,0.0,train,../data/images/Tox21/3105.png
3106.0,OCc1c2ccccc2cc2ccccc12,0.0,train,../data/images/Tox21/3106.png
3107.0,CC(c1ccc(O)cc1)c1ccc(O)cc1,0.0,train,../data/images/Tox21/3107.png
3108.0,CCCCCCOC(=O)CCCCCCCC(=O)OCCCCCC,0.0,train,../data/images/Tox21/3108.png
3109.0,C=CCOC(=O)CCC1CCCCC1,0.0,train,../data/images/Tox21/3109.png
3110.0,O=C1Cc2cc(CCN3CCN(c4nsc5ccccc45)CC3)c(Cl)cc2N1,0.0,train,../data/images/Tox21/3110.png
3111.0,CCN1CCCC1=O,0.0,train,../data/images/Tox21/3111.png
3112.0,CCOc1cc(C=O)ccc1O,0.0,train,../data/images/Tox21/3112.png
3113.0,CCN(CC)c1cc(C)nc2ncnn12,0.0,train,../data/images/Tox21/3113.png
3114.0,CC(C)(O)[C@@H]1[C@H]2OC(=O)[C@@H]1[C@]1(O)C[C@H]3O[C@]34C(=O)O[C@H]2[C@]14C,0.0,train,../data/images/Tox21/3114.png
3115.0,CCn1cc(C(=O)O)c(=O)c2cc(F)c(N3CCN(C)CC3)cc21,0.0,train,../data/images/Tox21/3115.png
3116.0,CCC(=O)C(=O)CC,0.0,train,../data/images/Tox21/3116.png
3117.0,CC(=O)[C@H]1CC[C@H]2[C@@H]3CC=C4C[C@@H](O)CC[C@]4(C)[C@H]3CC[C@]12C,0.0,train,../data/images/Tox21/3117.png
3118.0,c1ccc(CN2CCNCC2)cc1,0.0,train,../data/images/Tox21/3118.png
3119.0,C=C(C)C(=O)NCCCN(C)C,0.0,train,../data/images/Tox21/3119.png
3120.0,COc1ccc([C@@H]2CC(=O)c3c(O)cc(O[C@@H]4O[C@H](CO[C@@H]5O[C@@H](C)[C@H](O)[C@@H](O)[C@H]5O)[C@@H](O)[C@H](O)[C@H]4O)cc3O2)cc1O,0.0,train,../data/images/Tox21/3120.png
3121.0,CCCCCCN,0.0,train,../data/images/Tox21/3121.png
3122.0,ClCC(Cl)Cl,0.0,train,../data/images/Tox21/3122.png
3123.0,CCC(C)(CCC(C)C)C(=O)O[Sn](C)(C)OC(=O)C(C)(CC)CCC(C)C,0.0,train,../data/images/Tox21/3123.png
3124.0,CCCCCCOc1ccc(O)cc1,1.0,train,../data/images/Tox21/3124.png
3125.0,NC(=O)CN1CCCC1=O,0.0,train,../data/images/Tox21/3125.png
3126.0,Cl[C@H]1[C@H](Cl)[C@@H](Cl)[C@H](Cl)[C@@H](Cl)[C@@H]1Cl,0.0,train,../data/images/Tox21/3126.png
3127.0,CCCCCCCCCCCCCCCC(=O)OC,0.0,train,../data/images/Tox21/3127.png
3128.0,O=S(=O)(O)c1ccccc1O,0.0,train,../data/images/Tox21/3128.png
3129.0,CNC(=O)[C@H](Cc1c[nH]c2ccccc12)NC(=O)[C@@H](CC(=O)NO)CC(C)C,0.0,train,../data/images/Tox21/3129.png
3130.0,CCOc1ccc(C(C)(C)COCc2cccc(Oc3ccccc3)c2)cc1,0.0,train,../data/images/Tox21/3130.png
3131.0,CCN1CCCC1CNC(=O)c1cc(S(=O)(=O)CC)c(N)cc1OC,0.0,train,../data/images/Tox21/3131.png
3132.0,CCCCCCCCCOC(=O)CCCCC(=O)OCCCCCCC,0.0,train,../data/images/Tox21/3132.png
3133.0,CC(Cl)COP(=O)(OCC(C)Cl)OCC(C)Cl,0.0,train,../data/images/Tox21/3133.png
3134.0,CCCCC(CC)COC(=O)OOC(C)(C)C,0.0,train,../data/images/Tox21/3134.png
3135.0,Cc1cc(O)c2c3c4c(cc(O)c13)C(C)(C)C(=O)c1c(O)cc(O)c(c1-4)C2=O,1.0,train,../data/images/Tox21/3135.png
3136.0,FC(F)(F)COCC(F)(F)F,0.0,train,../data/images/Tox21/3136.png
3137.0,CN(C)CCCNCCC#N,0.0,train,../data/images/Tox21/3137.png
3138.0,CCN1C(=O)NC(c2ccccc2)C1=O,0.0,train,../data/images/Tox21/3138.png
3139.0,C[C@]12CC[C@H]3[C@@H](CCC4=C(Cl)C(=O)CC[C@@]43C)[C@@H]1CC[C@@H]2O,0.0,train,../data/images/Tox21/3139.png
3140.0,Cc1cccc(CN2CCN(C(c3ccccc3)c3ccc(Cl)cc3)CC2)c1,0.0,train,../data/images/Tox21/3140.png
3141.0,O=C(O)c1nn(Cc2ccc(Cl)cc2Cl)c2ccccc12,0.0,train,../data/images/Tox21/3141.png
3142.0,CCOC(=O)Nc1cccc(OC(=O)Nc2ccccc2)c1,0.0,train,../data/images/Tox21/3142.png
3143.0,O=C(O)CC(O)(CC(=O)O)C(=O)O,0.0,train,../data/images/Tox21/3143.png
3144.0,ICCc1ccccc1,0.0,train,../data/images/Tox21/3144.png
3145.0,COS(C)(=O)=O,0.0,train,../data/images/Tox21/3145.png
3146.0,C=C1[C@H](CO)[C@@H](O)C[C@@H]1n1cnc2c(=O)[nH]c(N)nc21,0.0,train,../data/images/Tox21/3146.png
3147.0,Cc1cccn2c(=O)c(-c3nnn[n-]3)cnc12,0.0,train,../data/images/Tox21/3147.png
3148.0,COC(=O)c1ccccc1C,0.0,train,../data/images/Tox21/3148.png
3149.0,O=c1[nH]c(=O)c2c[nH]nc2[nH]1,0.0,train,../data/images/Tox21/3149.png
3150.0,O=C([O-])c1cc2cc(Cc3cccnc3)ccc2o1,0.0,train,../data/images/Tox21/3150.png
3151.0,CCOCCn1c(N2CCCN(C)CC2)nc2ccccc21,0.0,train,../data/images/Tox21/3151.png
3152.0,CCC(=O)O[C@]1(C(=O)CCl)[C@@H](C)C[C@H]2[C@@H]3CCC4=CC(=O)C=C[C@]4(C)[C@@]3(F)[C@@H](O)C[C@@]21C,0.0,train,../data/images/Tox21/3152.png
3153.0,COc1cc2c(cc1OC)[C@@H](c1ccccc1)CN(C)CC2,0.0,train,../data/images/Tox21/3153.png
3154.0,CCCCCCCC/C=C\CCCCCCCC(=O)OC[C@@H](O)[C@H]1OC[C@H](O)[C@H]1O,0.0,train,../data/images/Tox21/3154.png
3155.0,Clc1ccc(Sc2cc(Cl)c(Cl)cc2Cl)cc1,0.0,train,../data/images/Tox21/3155.png
3156.0,O=C(O)c1cc(C(=O)O)cc([N+](=O)[O-])c1,0.0,train,../data/images/Tox21/3156.png
3157.0,Nc1nc(=O)c2nc(CNc3ccc(C(=O)N[C@@H](CCC(=O)O)C(=O)O)cc3)cnc2[nH]1,0.0,train,../data/images/Tox21/3157.png
3158.0,C#CC1(O)CCCCC1,0.0,train,../data/images/Tox21/3158.png
3159.0,Cl[Dy](Cl)Cl,0.0,train,../data/images/Tox21/3159.png
3160.0,OB(O)O[Hg]c1ccccc1,1.0,train,../data/images/Tox21/3160.png
3161.0,Nc1c(CC(=O)[O-])cccc1C(=O)c1ccccc1,0.0,train,../data/images/Tox21/3161.png
3162.0,CC(C)N(c1ccccc1)C(C)C,0.0,train,../data/images/Tox21/3162.png
3163.0,C[C@H]1O[C@H](O[C@H]2[C@H](O)[C@@H](O)[C@@H](O[C@H]3[C@H](O)[C@@H](O)[C@H](O)O[C@@H]3CO)O[C@@H]2CO)[C@H](O)[C@@H](O)[C@@H]1N[C@H]1C=C(CO)[C@@H](O)[C@H](O)[C@H]1O,0.0,train,../data/images/Tox21/3163.png
3164.0,CC(=O)Oc1cccc(C(=O)O)c1OC(C)=O,0.0,train,../data/images/Tox21/3164.png
3165.0,COc1cccc2c1C(=O)c1c(O)c3c(c(O)c1C2=O)C[C@@](O)(C(C)=O)C[C@@H]3O[C@H]1C[C@H](N)[C@H](O)[C@H](C)O1,1.0,train,../data/images/Tox21/3165.png
3166.0,O=S(=O)([O-])CCN1CCN(CCO)CC1,0.0,train,../data/images/Tox21/3166.png
3167.0,C=CC(=O)NCOCCCC,0.0,train,../data/images/Tox21/3167.png
3168.0,CCCCCCCCC(=O)Cl,0.0,train,../data/images/Tox21/3168.png
3169.0,CN(C)c1ccc(/N=N/c2ccccc2C(=O)O)cc1,0.0,train,../data/images/Tox21/3169.png
3170.0,C[C@H](CN1CCCC1)C(=O)c1ccc(C(F)(F)F)cc1,0.0,train,../data/images/Tox21/3170.png
3171.0,O=c1nn[nH]c2ccccc12,0.0,train,../data/images/Tox21/3171.png
3172.0,O=C(O)c1ccc([N+](=O)[O-])cc1,0.0,train,../data/images/Tox21/3172.png
3173.0,COc1ccc(C2CNC(=O)C2)cc1OC1CCCC1,0.0,train,../data/images/Tox21/3173.png
3174.0,O[C@@H](CNC[C@H](O)[C@H]1CCc2cc(F)ccc2O1)[C@@H]1CCc2cc(F)ccc2O1,0.0,train,../data/images/Tox21/3174.png
3175.0,CCN(CC)C(C)CN1c2ccccc2Sc2ccccc21,0.0,train,../data/images/Tox21/3175.png
3176.0,CCCCC(CC)(CO)CO,0.0,train,../data/images/Tox21/3176.png
3177.0,Nc1cc(S(=O)(=O)[O-])cc2cc(S(=O)(=O)O)cc(O)c12,0.0,train,../data/images/Tox21/3177.png
3178.0,NC1=NC(=O)N2CC12,0.0,train,../data/images/Tox21/3178.png
3179.0,C=C(C)C(=O)OCCOc1ccccc1,0.0,train,../data/images/Tox21/3179.png
3180.0,CCC(C)(C)CC,0.0,train,../data/images/Tox21/3180.png
3181.0,Cc1ncc(CO)c(C=O)c1O,0.0,train,../data/images/Tox21/3181.png
3182.0,CCCCC(CC)COC(=O)COc1ccc(Cl)cc1Cl,0.0,train,../data/images/Tox21/3182.png
3183.0,CN(C)CCc1c[nH]c2cccc(OP(=O)(O)O)c12,0.0,train,../data/images/Tox21/3183.png
3184.0,CCCCOc1ccc(N)cc1,0.0,train,../data/images/Tox21/3184.png
3185.0,CC(=O)Nc1c(I)c(C(=O)[O-])c(I)c(N(C)C(C)=O)c1I,0.0,train,../data/images/Tox21/3185.png
3186.0,O=Cc1ccc(Cl)c([N+](=O)[O-])c1,0.0,train,../data/images/Tox21/3186.png
3187.0,C[C@@H]1[C@H](O)[C@@H](C)C=CC=CCCC=CC=CC=CC=C[C@H](O[C@H]2O[C@@H](C)[C@H](O)[C@@H](N)[C@H]2O)CC2O[C@](O)(C[C@@H](O)[C@H](O)CC[C@@H](O)C[C@@H](O)C[C@@H](O)CC(=O)O[C@H]1C)C[C@H](O)[C@H]2C(=O)O,0.0,train,../data/images/Tox21/3187.png
3188.0,NCCOCCOCCN,0.0,train,../data/images/Tox21/3188.png
3189.0,COC(=O)[C@H]1[C@H]2C[C@@H]3c4[nH]c5cc(OC)ccc5c4CCN3C[C@H]2C[C@@H](OC(=O)COc2ccc(OC)cc2)[C@@H]1OC,0.0,train,../data/images/Tox21/3189.png
3190.0,COC(=O)CC#N,0.0,train,../data/images/Tox21/3190.png
3191.0,CCCC1([C@H](O)C/C=C/[C@H]2[C@H](O)CC(=O)[C@@H]2CCCCCCC(=O)OC)CCC1,1.0,train,../data/images/Tox21/3191.png
3192.0,CCCCCCCCCl,0.0,train,../data/images/Tox21/3192.png
3193.0,CCn1cc(C(=O)O)c(=O)c2cc3c(cc21)OCO3,0.0,train,../data/images/Tox21/3193.png
3194.0,NC(N)=Nc1nc(CSCC/C(N)=N\S(N)(=O)=O)cs1,0.0,train,../data/images/Tox21/3194.png
3195.0,CCN(CC)CC,0.0,train,../data/images/Tox21/3195.png
3196.0,O=C1NS(=O)(=O)c2ccccc21,0.0,train,../data/images/Tox21/3196.png
3197.0,O=Cc1c(Cl)cccc1Cl,0.0,train,../data/images/Tox21/3197.png
3198.0,Cc1ccccc1CCO,0.0,train,../data/images/Tox21/3198.png
3199.0,Nc1nc(N)nc(-c2ccccc2)n1,0.0,train,../data/images/Tox21/3199.png
3200.0,O=Cc1ccc(F)c(Br)c1,0.0,train,../data/images/Tox21/3200.png
3201.0,CCNS(=O)(=O)C(F)(F)C(F)(F)C(F)(F)C(F)(F)C(F)(F)C(F)(F)C(F)(F)C(F)(F)F,0.0,train,../data/images/Tox21/3201.png
3202.0,C=CCSSCC=C,1.0,train,../data/images/Tox21/3202.png
3203.0,CCCCCCCC/C=C\CCCCCCCC(=O)OC,0.0,train,../data/images/Tox21/3203.png
3204.0,Cc1ccc(S(=O)(=O)[N-]Cl)cc1,0.0,train,../data/images/Tox21/3204.png
3205.0,S=C(SSC(=S)N1CCCCC1)N1CCCCC1,0.0,train,../data/images/Tox21/3205.png
3206.0,CCC(C)Nc1c([N+](=O)[O-])cc(C(C)(C)C)cc1[N+](=O)[O-],0.0,train,../data/images/Tox21/3206.png
3207.0,O=C(O)c1ccc(O)c(O)c1,0.0,train,../data/images/Tox21/3207.png
3208.0,Cl[C@H]1[C@H](Cl)[C@@H](Cl)[C@@H](Cl)[C@H](Cl)[C@H]1Cl,0.0,train,../data/images/Tox21/3208.png
3209.0,CC(C)NCC(O)COc1cccc2[nH]ccc12,0.0,train,../data/images/Tox21/3209.png
3210.0,CCCCOCCOCCO,0.0,train,../data/images/Tox21/3210.png
3211.0,CN(C(=O)CO)c1c(I)c(C(=O)NCC(O)CO)c(I)c(C(=O)NCC(O)CO)c1I,0.0,train,../data/images/Tox21/3211.png
3212.0,Oc1ccc(O)c2c(O)cccc12,0.0,train,../data/images/Tox21/3212.png
3213.0,C=CCOCC(CO)(COCC=C)COCC=C,0.0,train,../data/images/Tox21/3213.png
3214.0,CC(C)NC(=N)NC(=N)Nc1ccc(Cl)cc1,0.0,train,../data/images/Tox21/3214.png
3215.0,CC(C)(S)C(=O)N[C@@H](CS)C(=O)O,0.0,train,../data/images/Tox21/3215.png
3216.0,C[N+]1(CC2COC(c3ccccc3)(C3CCCCC3)O2)CCCCC1,0.0,train,../data/images/Tox21/3216.png
3217.0,S=P(N1CC1)(N1CC1)N1CC1,1.0,train,../data/images/Tox21/3217.png
3218.0,COP(=O)(OC)OC=C(Cl)Cl,0.0,train,../data/images/Tox21/3218.png
3219.0,Cn1ccc2cc3c(cc21)CCN3C(=O)Nc1cccnc1,0.0,train,../data/images/Tox21/3219.png
3220.0,CCN(CC)C(=O)[C@@H]1C=C2c3cccc4[nH]cc(c34)C[C@H]2N(C)C1,0.0,train,../data/images/Tox21/3220.png
3221.0,Nc1nc(=O)c(Br)c(-c2ccccc2)[nH]1,0.0,train,../data/images/Tox21/3221.png
3222.0,CNC(=O)Oc1ccccc1C(C)C,0.0,train,../data/images/Tox21/3222.png
3223.0,CC(=O)O[C@H]1C[C@@H]2CC[C@@H]3[C@H](CC[C@@]4(C)[C@H]3C[C@H]([N+]3(C)CCCCC3)[C@@H]4OC(C)=O)[C@@]2(C)C[C@@H]1N1CCCCC1,0.0,train,../data/images/Tox21/3223.png
3224.0,C1CN(SSN2CCOCC2)CCO1,0.0,train,../data/images/Tox21/3224.png
3225.0,CC(=O)OC(C)C[N+](C)(C)C,0.0,train,../data/images/Tox21/3225.png
3226.0,CCC(=O)Nc1cccc(N)c1,0.0,train,../data/images/Tox21/3226.png
3227.0,O=C(O)c1cc(=O)c2ccccc2o1,0.0,train,../data/images/Tox21/3227.png
3228.0,O=C(O)c1cc(/N=N/c2ccc([N+](=O)[O-])cc2)ccc1O,0.0,train,../data/images/Tox21/3228.png
3229.0,O=[N+]([O-])c1ccc(O)cc1,0.0,train,../data/images/Tox21/3229.png
3230.0,CCCC(C(=O)OCCN(CC)CC)(c1ccccc1)c1ccccc1,0.0,train,../data/images/Tox21/3230.png
3231.0,COS(=O)(=O)C(F)(F)F,0.0,train,../data/images/Tox21/3231.png
3232.0,CCC(C)c1cccc(C(C)CC)c1O,0.0,train,../data/images/Tox21/3232.png
3233.0,CCN(Cc1cccc(S(=O)(=O)[O-])c1)c1ccc(C(=C2C=CC(=[N+](CC)Cc3cccc(S(=O)(=O)[O-])c3)C=C2)c2ccc(O)cc2S(=O)(=O)[O-])cc1,0.0,train,../data/images/Tox21/3233.png
3234.0,C[C@]12C[C@H](O)[C@H]3[C@@H](CCC4=CC(=O)CC[C@@]43C)[C@@H]1CC[C@@H]2C(=O)CO,0.0,train,../data/images/Tox21/3234.png
3235.0,CCCCC(O)c1ccccc1,0.0,train,../data/images/Tox21/3235.png
3236.0,COc1ccc(C(=O)c2ccc(C)cc2)c(O)c1,0.0,train,../data/images/Tox21/3236.png
3237.0,Cn1cnc([N+](=O)[O-])c1Sc1ncnc2nc[nH]c12,1.0,train,../data/images/Tox21/3237.png
3238.0,O=C(O)Cn1c(=O)n(Cc2ccc(Br)cc2F)c(=O)c2ccc(Cl)cc21,0.0,train,../data/images/Tox21/3238.png
3239.0,O=c1[nH]c(=O)n([C@H]2C[C@H](O)[C@@H](CO)O2)cc1F,1.0,train,../data/images/Tox21/3239.png
3240.0,OCCBr,0.0,train,../data/images/Tox21/3240.png
3241.0,O=C(O)CC(Cl)C(=O)O,0.0,train,../data/images/Tox21/3241.png
3242.0,C=C1CC[C@@H]2[C@](C)(CO)[C@H](O)CC[C@@]2(C)[C@@H]1C/C=C1/C(=O)OC[C@H]1O,0.0,train,../data/images/Tox21/3242.png
3243.0,O=C([O-])CN(CCN(CC(=O)[O-])CC(=O)[O-])CC(=O)[O-],0.0,train,../data/images/Tox21/3243.png
3244.0,COP(C)(=O)OC,0.0,train,../data/images/Tox21/3244.png
3245.0,C/C=C(\C)C(=O)OCCc1ccccc1,0.0,train,../data/images/Tox21/3245.png
3246.0,COP(=O)(OC)OC(c1ccc(Cl)cc1)P(=O)(OC)OC,0.0,train,../data/images/Tox21/3246.png
3247.0,O=[N+]([O-])OCCN(CCO[N+](=O)[O-])CCO[N+](=O)[O-],0.0,train,../data/images/Tox21/3247.png
3248.0,CC1=CC(=O)CCC1,0.0,train,../data/images/Tox21/3248.png
3249.0,CN(C(=O)Cc1ccc(Cl)c(Cl)c1)[C@H]1CC[C@@]2(CCCO2)C[C@@H]1N1CCCC1,0.0,train,../data/images/Tox21/3249.png
3250.0,CCCCC(CC)CO[PH](=O)OCC(CC)CCCC,0.0,train,../data/images/Tox21/3250.png
3251.0,CC(=O)CN(CC(C)=O)N=O,0.0,train,../data/images/Tox21/3251.png
3252.0,c1cc2c3c(c1)ccc1cccc(c13)C2,0.0,train,../data/images/Tox21/3252.png
3253.0,CCCCNCC,0.0,train,../data/images/Tox21/3253.png
3254.0,O=P1(N(CCCl)CCCl)NCCCO1,0.0,train,../data/images/Tox21/3254.png
3255.0,O=C1NC(=O)[C@@]2(CCOc3ccc(F)cc32)N1,0.0,train,../data/images/Tox21/3255.png
3256.0,O=C(O)CO,0.0,train,../data/images/Tox21/3256.png
3257.0,CCCCCCCCCCCCSCCOCCO,0.0,train,../data/images/Tox21/3257.png
3258.0,COP(=O)(OC)OC,0.0,train,../data/images/Tox21/3258.png
3259.0,CCCCc1ccc(C(=O)O)nc1,0.0,train,../data/images/Tox21/3259.png
3260.0,Cc1ccc(=O)n(-c2ccccc2)c1,0.0,train,../data/images/Tox21/3260.png
3261.0,CC(=O)CC(C)C,0.0,train,../data/images/Tox21/3261.png
3262.0,CC1(C)C(=O)N(Cl)C(=O)N1Cl,0.0,train,../data/images/Tox21/3262.png
3263.0,CC(C)NCC(O)c1ccc(O)c(O)c1,0.0,train,../data/images/Tox21/3263.png
3264.0,CCCCOC(=O)CCC(C)=O,0.0,train,../data/images/Tox21/3264.png
3265.0,CC(C)(C)NC[C@H](O)COc1cccc2c1CCCC2=O,0.0,train,../data/images/Tox21/3265.png
3266.0,Cl[Si](Cl)(c1ccccc1)c1ccccc1,0.0,train,../data/images/Tox21/3266.png
3267.0,NS(=O)(=O)c1cc(-c2nnn[nH]2)c(NCc2cccs2)cc1Cl,0.0,train,../data/images/Tox21/3267.png
3268.0,CO[C@@]1(NC(=O)C(C(=O)[O-])c2ccc(O)cc2)C(=O)N2C(C(=O)[O-])=C(CSc3nnnn3C)CO[C@@H]21,0.0,train,../data/images/Tox21/3268.png
3269.0,Cc1ccc(C(=O)Nc2ccc(S(=O)(=O)O)c3cc(S(=O)(=O)O)cc(S(=O)(=O)O)c23)cc1NC(=O)c1cccc(NC(=O)Nc2cccc(C(=O)Nc3cc(C(=O)Nc4ccc(S(=O)(=O)O)c5cc(S(=O)(=O)O)cc(S(=O)(=O)O)c45)ccc3C)c2)c1,0.0,train,../data/images/Tox21/3269.png
3270.0,CN[C@@H]1[C@@H](O[C@H]2O[C@H](CO)[C@@H](N)[C@H](O)[C@H]2O)O[C@H]2C[C@@H](N)[C@@H](O[C@H]3[C@H](O)[C@@H](O)[C@H](N)C[C@@H]3N)O[C@@H]2[C@@H]1O,0.0,train,../data/images/Tox21/3270.png
3271.0,C=CCCCCCC,0.0,train,../data/images/Tox21/3271.png
3272.0,CCC(CO)CO,0.0,train,../data/images/Tox21/3272.png
3273.0,O=c1[nH]c(=O)n([C@H]2C[C@H](O)[C@@H](CO)O2)cc1I,0.0,train,../data/images/Tox21/3273.png
3274.0,N#CC(c1ccc(Cl)cc1)c1c(Cl)cc(-n2ncc(=O)[nH]c2=O)cc1Cl,1.0,train,../data/images/Tox21/3274.png
3275.0,CC(C)N(C(=O)COc1nnc(C(F)(F)F)s1)c1ccc(F)cc1,0.0,train,../data/images/Tox21/3275.png
3276.0,Nc1c2ccccc2nc2ccccc12,1.0,train,../data/images/Tox21/3276.png
3277.0,NS(=O)(=O)C(F)(F)C(F)(F)C(F)(F)C(F)(F)C(F)(F)C(F)(F)C(F)(F)C(F)(F)F,1.0,train,../data/images/Tox21/3277.png
3278.0,COC(=O)c1ccccc1N,0.0,train,../data/images/Tox21/3278.png
3279.0,CC(=O)CC(=O)Nc1ccc(S(=O)(=O)[O-])cc1,0.0,train,../data/images/Tox21/3279.png
3280.0,CC(C)CCC(=O)O[C@H]1CC[C@H]2[C@@H]3CCC4=CC(=O)CC[C@]4(C)[C@H]3CC[C@]12C,0.0,train,../data/images/Tox21/3280.png
3281.0,C=CC(=O)CC,0.0,train,../data/images/Tox21/3281.png
3282.0,O=C1c2ccccc2C(=O)N1CCc1noc(-c2ccc(CN3CCCCCC3)s2)n1,0.0,train,../data/images/Tox21/3282.png
3283.0,CC/C=C\CCCCCO,0.0,train,../data/images/Tox21/3283.png
3284.0,Cc1ccc(N)c([N+](=O)[O-])c1,0.0,train,../data/images/Tox21/3284.png
3285.0,C#CC(C)(C)NC(=O)c1cc(Cl)cc(Cl)c1,0.0,train,../data/images/Tox21/3285.png
3286.0,O=Cc1cccc(Br)c1,0.0,train,../data/images/Tox21/3286.png
3287.0,CCOC(=O)C1=C[C@@H](OC(CC)CC)[C@H](NC(C)=O)[C@@H](N)C1,0.0,train,../data/images/Tox21/3287.png
3288.0,c1ccc(C2(c3ccccc3)CC2C2=NCCN2)cc1,0.0,train,../data/images/Tox21/3288.png
3289.0,CC[C@H]1C[C@H]2[C@@H]3CCC4=CC(=O)CC[C@@H]4[C@H]3CC[C@]2(C)[C@H]1O,0.0,train,../data/images/Tox21/3289.png
3290.0,CC(=O)CCCCn1c(=O)c2c(ncn2C)n(C)c1=O,0.0,train,../data/images/Tox21/3290.png
3291.0,[Fe+2],0.0,train,../data/images/Tox21/3291.png
3292.0,CCc1nnc(NS(=O)(=O)c2ccc(N)cc2)s1,0.0,train,../data/images/Tox21/3292.png
3293.0,CC(=O)OCC(=O)Nc1cc(C#N)cc(NC(=O)COC(C)=O)c1Cl,0.0,train,../data/images/Tox21/3293.png
3294.0,C=CC(=O)OCCN(C)C,0.0,train,../data/images/Tox21/3294.png
3295.0,Nc1ccc(-c2ccc(N)cc2)cc1,0.0,train,../data/images/Tox21/3295.png
3296.0,CC(C)NC[C@@H](O)COc1cccc2ccccc12,0.0,train,../data/images/Tox21/3296.png
3297.0,CCCCNC(C)(C)[PH](=O)O,0.0,train,../data/images/Tox21/3297.png
3298.0,C[C@]12N[C@H](Cc3ccccc31)c1ccccc12,0.0,train,../data/images/Tox21/3298.png
3299.0,O=C1OCCO1,0.0,train,../data/images/Tox21/3299.png
3300.0,CC[C@@]1(O)C(=O)OCc2c1cc1n(c2=O)Cc2cc3c(CN(C)C)c(O)ccc3nc2-1,1.0,train,../data/images/Tox21/3300.png
3301.0,COc1cc(OC)nc(Sc2cccc(Cl)c2C(=O)[O-])n1,0.0,train,../data/images/Tox21/3301.png
3302.0,CC(C)(Oc1ccc(Cl)cc1)C(=O)O,0.0,train,../data/images/Tox21/3302.png
3303.0,CCOCCC(=O)OCC,0.0,train,../data/images/Tox21/3303.png
3304.0,COc1ccc2c(c1)C(=O)N(CCc1ccc(S(=O)(=O)NC(=O)NC3CCCCC3)cc1)C(=O)C2(C)C,0.0,train,../data/images/Tox21/3304.png
3305.0,CC1(C)S[C@@H]2[C@H](NC(=O)[C@@H](c3ccccc3)S(=O)(=O)[O-])C(=O)N2[C@H]1C(=O)[O-],0.0,train,../data/images/Tox21/3305.png
3306.0,O=[N+]([O-])c1ccc(Oc2ccc(C(F)(F)F)cc2[N+](=O)[O-])cc1,0.0,train,../data/images/Tox21/3306.png
3307.0,COc1ccc(OC)c(NC(=O)CC(C)=O)c1,0.0,train,../data/images/Tox21/3307.png
3308.0,CC(=O)OCC(CCn1cnc2cnc(N)nc21)COC(C)=O,0.0,train,../data/images/Tox21/3308.png
3309.0,O=S(=O)(O)c1ccc(O)c2ncccc12,0.0,train,../data/images/Tox21/3309.png
3310.0,O=c1c(-c2ccccc2)c1-c1ccccc1,1.0,train,../data/images/Tox21/3310.png
3311.0,O=C(O)c1cc(I)cc(I)c1I,0.0,train,../data/images/Tox21/3311.png
3312.0,Brc1cc(Oc2cc(Br)c(Br)c(Br)c2Br)c(Br)c(Br)c1Br,0.0,train,../data/images/Tox21/3312.png
3313.0,Clc1ccc(C2(Cn3cncn3)OCCO2)c(Cl)c1,0.0,train,../data/images/Tox21/3313.png
3314.0,O=C(O)c1ccco1,0.0,train,../data/images/Tox21/3314.png
3315.0,C[C@]12CCC(=O)C=C1CC[C@@H]1[C@@H]2CC[C@@]2(C)[C@H]1CC[C@]2(O)C(=O)CO,0.0,train,../data/images/Tox21/3315.png
3316.0,c1cc(-c2ccncc2)ccn1,0.0,train,../data/images/Tox21/3316.png
3317.0,COP(=O)(OC)C(O)C(Cl)(Cl)Cl,0.0,train,../data/images/Tox21/3317.png
3318.0,CCC(C)c1ccccc1O,0.0,train,../data/images/Tox21/3318.png
3319.0,O=C(C=Cc1ccccc1)OCCCc1ccccc1,0.0,train,../data/images/Tox21/3319.png
3320.0,CC1(C)COP(Oc2ccccc2)OC1,0.0,train,../data/images/Tox21/3320.png
3321.0,CC(C)C(OC(=O)c1ccccc1)C(C)(C)COC(=O)c1ccccc1,0.0,train,../data/images/Tox21/3321.png
3322.0,CCOC(=O)Nc1ccc2c(c1)N(C(=O)CCN1CCOCC1)c1ccccc1S2,0.0,train,../data/images/Tox21/3322.png
3323.0,CC(Cl)(Cl)C(=O)[O-],0.0,train,../data/images/Tox21/3323.png
3324.0,c1nc[nH]n1,0.0,train,../data/images/Tox21/3324.png
3325.0,c1ccc(C(O[C@H]2CCCN(CCc3ccc4c(c3)OCO4)C2)c2ccccc2)cc1,0.0,train,../data/images/Tox21/3325.png
3326.0,CCN(C)N=O,0.0,train,../data/images/Tox21/3326.png
3327.0,CCNc1nc(NCC)nc(SC)n1,0.0,train,../data/images/Tox21/3327.png
3328.0,c1ccc2cc(Nc3ccc(Nc4ccc5ccccc5c4)cc3)ccc2c1,0.0,train,../data/images/Tox21/3328.png
3329.0,COCN(COC)c1nc(N(COC)COC)nc(N(COC)COC)n1,0.0,train,../data/images/Tox21/3329.png
3330.0,CN1Cc2c(N)cccc2C(c2ccccc2)C1,0.0,train,../data/images/Tox21/3330.png
3331.0,O=C/C=C/c1ccco1,0.0,train,../data/images/Tox21/3331.png
3332.0,COc1ccc(C2NC(=S)N3C(c4ccc(OC)c(OC)c4)NC(=S)N23)cc1OC,0.0,train,../data/images/Tox21/3332.png
3333.0,CCCOC(C(=O)OC1CCN(C)CC1)(c1ccccc1)c1ccccc1,0.0,train,../data/images/Tox21/3333.png
3334.0,ClC1=C(Cl)C1(Cl)Cl,0.0,train,../data/images/Tox21/3334.png
3335.0,O=C1O[C@H]([C@@H](O)CO)C(O)=C1O,0.0,train,../data/images/Tox21/3335.png
3336.0,O=[N+]([O-])O[C@H]1CO[C@H]2[C@@H]1OC[C@H]2O[N+](=O)[O-],0.0,train,../data/images/Tox21/3336.png
3337.0,Fc1ccc(Oc2ccnc3cc(Cl)cc(Cl)c23)cc1,1.0,train,../data/images/Tox21/3337.png
3338.0,C[C@H](Cc1ccc(O)c(O)c1)[C@@H](C)Cc1ccc(O)c(O)c1,0.0,train,../data/images/Tox21/3338.png
3339.0,CCCCCCC1CCC(=O)O1,0.0,train,../data/images/Tox21/3339.png
3340.0,CC[C@@H](N)CO,0.0,train,../data/images/Tox21/3340.png
3341.0,NC(Cc1ccc(Cl)cc1)C(=O)O,0.0,train,../data/images/Tox21/3341.png
3342.0,O=S(=O)([O-])CO,0.0,train,../data/images/Tox21/3342.png
3343.0,CC(C)(C)C(=O)CC(=O)C(C)(C)C,0.0,train,../data/images/Tox21/3343.png
3344.0,NC(N)=O,0.0,train,../data/images/Tox21/3344.png
3345.0,C/C(Cl)=C/CCl,0.0,train,../data/images/Tox21/3345.png
3346.0,C[C@]12CCC(=O)C=C1CC[C@@H]1[C@@H]2CC[C@]2(C)C(=O)CC[C@@H]12,0.0,train,../data/images/Tox21/3346.png
3347.0,Cn1c(=O)c2c(ncn2C)n(C)c1=O,0.0,train,../data/images/Tox21/3347.png
3348.0,CC(C)=CCOc1c2occc2cc2ccc(=O)oc12,0.0,train,../data/images/Tox21/3348.png
3349.0,C=CCO,0.0,train,../data/images/Tox21/3349.png
3350.0,O=[N+]([O-])c1ccc(Cl)cc1,0.0,train,../data/images/Tox21/3350.png
3351.0,CCN(CC)c1cc2[o+]c3cc(N(CC)CC)c(C)cc3c(-c3ccc(S(=O)(=O)[O-])cc3S(=O)(=O)[O-])c2cc1C,0.0,train,../data/images/Tox21/3351.png
3352.0,CC(C)(C)c1ccc(C=O)cc1,0.0,train,../data/images/Tox21/3352.png
3353.0,CN1C(=O)C(C)(C2=CCCCC2)C(=O)N=C1O,0.0,train,../data/images/Tox21/3353.png
3354.0,CCCCCCCCCCCCCCCC(=O)OCC(COC(=O)CCCCCCCCCCCCCCC)OC(=O)CCCCCCCCCCCCCCC,0.0,train,../data/images/Tox21/3354.png
3355.0,O=C(O)COc1ccc(Cl)cc1Cl,0.0,train,../data/images/Tox21/3355.png
3356.0,CC/C=C\C/C=C\C/C=C\CCCCCCCC(=O)O,0.0,train,../data/images/Tox21/3356.png
3357.0,CC(C)(C)NCC(O)c1cc(O)cc(O)c1,0.0,train,../data/images/Tox21/3357.png
3358.0,O=C(O)c1nc(Cl)c(Cl)c(Cl)c1Cl,0.0,train,../data/images/Tox21/3358.png
3359.0,CCOC(=O)Cc1cccc2ccccc12,0.0,train,../data/images/Tox21/3359.png
3360.0,CCCCC(=O)O[C@]1(C(=O)CO)[C@@H](C)C[C@H]2[C@@H]3CCC4=CC(=O)C=C[C@]4(C)[C@@]3(F)[C@@H](O)C[C@@]21C,0.0,train,../data/images/Tox21/3360.png
3361.0,Cc1cn[nH]c1,0.0,train,../data/images/Tox21/3361.png
3362.0,Nc1ccc(S(=O)(=O)[O-])cc1,0.0,train,../data/images/Tox21/3362.png
3363.0,O=C([O-])CNc1ccccc1,0.0,train,../data/images/Tox21/3363.png
3364.0,COc1ccc(/C=N/NC(=O)c2ccncc2)cc1OC,0.0,train,../data/images/Tox21/3364.png
3365.0,CON(C)C(=O)Nc1ccc(Br)c(Cl)c1,0.0,train,../data/images/Tox21/3365.png
3366.0,NC(=O)NNC(N)=O,0.0,train,../data/images/Tox21/3366.png
3367.0,FC(F)(F)C(F)(F)C(F)(F)C(F)(F)C(F)(F)C(F)(F)CCI,0.0,train,../data/images/Tox21/3367.png
3368.0,CCCCCCCOC(=O)c1ccc(O)cc1,0.0,train,../data/images/Tox21/3368.png
3369.0,O=C1c2ccccc2Cc2ccccc21,0.0,train,../data/images/Tox21/3369.png
3370.0,Nc1nc(=S)[nH][nH]1,0.0,train,../data/images/Tox21/3370.png
3371.0,O=C(O)COc1ccc2ccccc2c1,0.0,train,../data/images/Tox21/3371.png
3372.0,O=C1C(=O)c2cccc3cccc1c23,1.0,train,../data/images/Tox21/3372.png
3373.0,COC(=O)c1cc(C(=O)OC)cc(S(=O)(=O)[O-])c1,0.0,train,../data/images/Tox21/3373.png
3374.0,OCC(O)CN1CCN(c2ccccc2)CC1,0.0,train,../data/images/Tox21/3374.png
3375.0,CC(=O)[C@@]1(O)CC[C@H]2[C@@H]3C[C@H](C)C4=CC(=O)C=C[C@]4(C)[C@@]3(F)[C@@H](O)C[C@@]21C,0.0,train,../data/images/Tox21/3375.png
3376.0,N=C(N)Nc1ccc(C(=O)Oc2ccc3cc(C(=N)N)ccc3c2)cc1,0.0,train,../data/images/Tox21/3376.png
3377.0,COc1nn(CSP(=S)(OC)OC)c(=O)s1,0.0,train,../data/images/Tox21/3377.png
3378.0,O=C(NC(=O)c1c(F)cccc1F)Nc1ccc(Cl)cc1,0.0,train,../data/images/Tox21/3378.png
3379.0,C=C[C@H]1CN2CCC1C[C@@H]2[C@@H](O)c1ccnc2ccc(OC)cc12,0.0,train,../data/images/Tox21/3379.png
3380.0,CN(C)CC[C@@H](c1ccc(Br)cc1)c1ccccn1,0.0,train,../data/images/Tox21/3380.png
3381.0,O=C1c2cccc(O)c2C(=O)c2c(O)cccc21,0.0,train,../data/images/Tox21/3381.png
3382.0,C=CC1(C)OC(=O)N(c2cc(Cl)cc(Cl)c2)C1=O,0.0,train,../data/images/Tox21/3382.png
3383.0,CCCCOCN(C(=O)CCl)c1c(CC)cccc1CC,0.0,train,../data/images/Tox21/3383.png
3384.0,CC(=O)CC(=O)N(C)C,0.0,train,../data/images/Tox21/3384.png
3385.0,CC(=O)N1C[C@H](O)C[C@H]1C(=O)O,0.0,train,../data/images/Tox21/3385.png
3386.0,O=C/C(Cl)=C(/Cl)C(=O)O,1.0,train,../data/images/Tox21/3386.png
3387.0,O=c1c(-c2ccc(O)cc2)coc2cc(O)ccc12,0.0,train,../data/images/Tox21/3387.png
3388.0,O=P([O-])([O-])OP(=O)([O-])[O-],0.0,train,../data/images/Tox21/3388.png
3389.0,CC(C)[C@H](N)C(=O)OCC(CO)OCn1cnc2c(=O)nc(N)[nH]c21,0.0,train,../data/images/Tox21/3389.png
3390.0,CCCC1CCC(=O)O1,0.0,train,../data/images/Tox21/3390.png
3391.0,Cc1ccc2nc(N)[nH]c(=O)c2c1Sc1ccncc1,1.0,train,../data/images/Tox21/3391.png
3392.0,CC(=O)CC(=O)Nc1ccc2[nH]c(=O)[nH]c2c1,0.0,train,../data/images/Tox21/3392.png
3393.0,CCCC[N+]1(C)CCCCC1,0.0,train,../data/images/Tox21/3393.png
3394.0,CC(C)C(C)(N)C#N,0.0,train,../data/images/Tox21/3394.png
3395.0,CC(=O)CC(=O)OC(C)(C)C,0.0,train,../data/images/Tox21/3395.png
3396.0,CCCCNCC(O)c1ccc(O)cc1,0.0,train,../data/images/Tox21/3396.png
3397.0,O=S(=O)([O-])SSS(=O)(=O)[O-],0.0,train,../data/images/Tox21/3397.png
3398.0,CCO[Si](C)(CCCOCC1CO1)OCC,0.0,train,../data/images/Tox21/3398.png
3399.0,N#CNC(=N)N,0.0,train,../data/images/Tox21/3399.png
3400.0,CC(C)C(=O)OCC(C)(C)C(O)C(C)C,0.0,train,../data/images/Tox21/3400.png
3401.0,CC[C@H]1CN2CCc3cc(OC)c(OC)cc3[C@@H]2C[C@@H]1C[C@H]1NCCc2cc(OC)c(OC)cc21,0.0,train,../data/images/Tox21/3401.png
3402.0,CCC(C(=O)OCCN(CC)CC)c1ccccc1,0.0,train,../data/images/Tox21/3402.png
3403.0,CC(C[N+](C)(C)C)OC(N)=O,0.0,train,../data/images/Tox21/3403.png
3404.0,CCN(CC)c1ccc2c(-c3ccccc3C(=O)O)c3ccc(N(CC)CC)cc3[o+]c2c1,0.0,train,../data/images/Tox21/3404.png
3405.0,CCCCCCCC(=O)Cl,0.0,train,../data/images/Tox21/3405.png
3406.0,CCCCCc1ccc(C)cc1O,0.0,train,../data/images/Tox21/3406.png
3407.0,Oc1nc(O)nc(O)n1,0.0,train,../data/images/Tox21/3407.png
3408.0,O=C(Cc1ccccc1)OCc1ccccc1,0.0,train,../data/images/Tox21/3408.png
3409.0,[O-][N+](=Nc1ccccc1)c1ccccc1,0.0,train,../data/images/Tox21/3409.png
3410.0,C[N+](C)(C)CC(O)CC(=O)[O-],0.0,train,../data/images/Tox21/3410.png
3411.0,CC(=O)Nc1ccc(N)cc1,0.0,train,../data/images/Tox21/3411.png
3412.0,CCOC(N)=O,0.0,train,../data/images/Tox21/3412.png
3413.0,O=C1CCCCCCCCCCC1,0.0,train,../data/images/Tox21/3413.png
3414.0,O=C(Nc1cccc(C2=NCCN2)c1)Nc1cccc(C2=NCCN2)c1,0.0,train,../data/images/Tox21/3414.png
3415.0,CNc1ncnc2[nH]cnc12,0.0,train,../data/images/Tox21/3415.png
3416.0,O=C(O)c1ccc2[nH]cc(CCCCN3CC=C(c4ccccc4)CC3)c2c1,0.0,train,../data/images/Tox21/3416.png
3417.0,c1csc(SSc2cccs2)c1,0.0,train,../data/images/Tox21/3417.png
3418.0,CC(=O)O[C@@]12CO[C@@H]1C[C@H](O)[C@@]1(C)C(=O)[C@H](O)C3=C(C)[C@@H](OC(=O)[C@H](O)[C@@H](NC(=O)OC(C)(C)C)c4ccccc4)C[C@@](O)([C@@H](OC(=O)c4ccccc4)[C@H]21)C3(C)C,1.0,train,../data/images/Tox21/3418.png
3419.0,[Co+2],0.0,train,../data/images/Tox21/3419.png
3420.0,CC1(C)CC(O)CC(C)(C)N1[O],0.0,train,../data/images/Tox21/3420.png
3421.0,CO/N=C(\C(=O)N[C@@H]1C(=O)N2C(C(=O)[O-])=C(CSc3nc(=O)c([O-])nn3C)CS[C@H]12)c1csc(N)n1,0.0,train,../data/images/Tox21/3421.png
3422.0,CNC(=O)N(C)c1nc2ccccc2s1,0.0,train,../data/images/Tox21/3422.png
3423.0,C=CC(=C)CCCC(C)(C)OC(C)=O,0.0,train,../data/images/Tox21/3423.png
3424.0,OCC1CO1,0.0,train,../data/images/Tox21/3424.png
3425.0,Clc1cc(Cl)c(-c2cc(Cl)c(Cl)cc2Cl)cc1Cl,0.0,train,../data/images/Tox21/3425.png
3426.0,CC(=O)/C=C/C1C(C)=CCC(C)C1(C)C,0.0,train,../data/images/Tox21/3426.png
3427.0,CN(C)C(=O)COC(=O)Cc1ccc(OC(=O)c2ccc(NC(=N)N)cc2)cc1,0.0,train,../data/images/Tox21/3427.png
3428.0,CC(=O)N[C@@H](C=O)[C@H](O)[C@H](O)[C@@H](O)CO,0.0,train,../data/images/Tox21/3428.png
3429.0,[S-]c1ccccc1,0.0,train,../data/images/Tox21/3429.png
3430.0,O=C1C[C@@H]2OCC=C3CN4CC[C@]56c7ccccc7N1[C@H]5[C@H]2[C@H]3C[C@H]46,0.0,train,../data/images/Tox21/3430.png
3431.0,CC(C)Cc1ccc(C(C)C(=O)O)cc1,0.0,train,../data/images/Tox21/3431.png
3432.0,CC[C@@H](C(=O)O)[C@@H]1O[C@@H]([C@@H](C)[C@H](O)[C@H](C)C(=O)[C@H](CC)[C@H]2O[C@]3(C=C[C@@H](O)[C@]4(CC[C@@](C)([C@H]5CC[C@](O)(CC)[C@H](C)O5)O4)O3)[C@H](C)C[C@@H]2C)[C@@H](C)C[C@@H]1C,1.0,train,../data/images/Tox21/3432.png
3433.0,Cc1cc([N+](=O)[O-])ccc1N,0.0,train,../data/images/Tox21/3433.png
3434.0,C=C(C#N)CCC#N,0.0,train,../data/images/Tox21/3434.png
3435.0,O=C(O)c1ccccc1C(=O)OCc1ccccc1,0.0,train,../data/images/Tox21/3435.png
3436.0,CCCCCCC(CO)CCCC,0.0,train,../data/images/Tox21/3436.png
3437.0,Nc1ccc(/N=N/c2ccc(N)cc2)cc1,0.0,train,../data/images/Tox21/3437.png
3438.0,CC1=CCC(=C(C)C)CC1,0.0,train,../data/images/Tox21/3438.png
3439.0,CCN(CC)C(=S)SSC(=S)N(CC)CC,0.0,train,../data/images/Tox21/3439.png
3440.0,CCCCCCC=O,0.0,train,../data/images/Tox21/3440.png
3441.0,CN1CCN(C(=O)C2CCCCC2)CC1,0.0,train,../data/images/Tox21/3441.png
3442.0,CCOP(=S)(Oc1ccc([N+](=O)[O-])cc1)c1ccccc1,0.0,train,../data/images/Tox21/3442.png
3443.0,O=S(=O)(Oc1ccc(Cl)cc1Cl)c1ccccc1,0.0,train,../data/images/Tox21/3443.png
3444.0,Cc1c(O)cccc1O,0.0,train,../data/images/Tox21/3444.png
3445.0,C1COCO1,0.0,train,../data/images/Tox21/3445.png
3446.0,CCCCNC(=O)n1c(NC(=O)OC)nc2ccccc21,1.0,train,../data/images/Tox21/3446.png
3447.0,COC(=O)c1ccc(C(=O)OC)c(C(=O)OC)c1,0.0,train,../data/images/Tox21/3447.png
3448.0,O=C1C[N+]([O-])=C(c2ccccc2)c2cc(Cl)ccc2N1,0.0,train,../data/images/Tox21/3448.png
3449.0,C=CC(=C)CCC=C(C)C,0.0,train,../data/images/Tox21/3449.png
3450.0,c1ccc2nccnc2c1,0.0,train,../data/images/Tox21/3450.png
3451.0,CCCCCC(O)/C=C/C=O,0.0,train,../data/images/Tox21/3451.png
3452.0,CN(C)CCN(C)CCN(C)C,0.0,train,../data/images/Tox21/3452.png
3453.0,O=NN1CCCCC1,0.0,train,../data/images/Tox21/3453.png
3454.0,CCC(=O)Nc1ccc(Cl)c(Cl)c1,0.0,train,../data/images/Tox21/3454.png
3455.0,Cc1c(C)c2c(c(C)c1OC(=O)CCC(=O)O)CC[C@@](C)(CCC[C@H](C)CCC[C@H](C)CCCC(C)C)O2,0.0,train,../data/images/Tox21/3455.png
3456.0,Cl[Ni]Cl,0.0,train,../data/images/Tox21/3456.png
3457.0,CCCCCCCCCCCC#N,0.0,train,../data/images/Tox21/3457.png
3458.0,CN1C(=O)CC(=O)N(c2ccccc2)c2cc(Cl)ccc21,0.0,train,../data/images/Tox21/3458.png
3459.0,CCC(C)=NO,0.0,train,../data/images/Tox21/3459.png
3460.0,CNc1ccc([N+](=O)[O-])cc1,0.0,train,../data/images/Tox21/3460.png
3461.0,O=C(Cn1ccnc1[N+](=O)[O-])NCCO,0.0,train,../data/images/Tox21/3461.png
3462.0,CC(C)c1ccc2sc3ccccc3c(=O)c2c1,0.0,train,../data/images/Tox21/3462.png
3463.0,Nc1nc2cc(Cl)ccc2o1,0.0,train,../data/images/Tox21/3463.png
3464.0,CCN[C@@H](C)Cc1ccccc1,0.0,train,../data/images/Tox21/3464.png
3465.0,Cc1ccccc1N,0.0,train,../data/images/Tox21/3465.png
3466.0,Nc1cccc(O)c1,0.0,train,../data/images/Tox21/3466.png
3467.0,C[C@]12C=CC(=O)C=C1[C@@H](F)C[C@@H]1[C@@H]2[C@@H](O)C[C@@]2(C)[C@H]1CC[C@]2(O)C(=O)CO,0.0,train,../data/images/Tox21/3467.png
3468.0,CCCC1COC(Cn2cncn2)(c2ccc(Cl)cc2Cl)O1,0.0,train,../data/images/Tox21/3468.png
3469.0,C=C(C)C(=O)OCC1CO1,0.0,train,../data/images/Tox21/3469.png
3470.0,O=S(=O)(O)c1ccc(O)cc1,0.0,train,../data/images/Tox21/3470.png
3471.0,CN(CC(=O)N1CCOCC1)Cc1c(Cl)cccc1NC(=O)c1ccccc1,0.0,train,../data/images/Tox21/3471.png
3472.0,CC(=O)CCC=C(C)CC/C=C(\C)CC/C=C(\C)CCC=C(C)C,0.0,train,../data/images/Tox21/3472.png
3473.0,CCCCCCCC/C=C\CCCCCCCC(=O)NCc1ccc(O)c(OC)c1,0.0,train,../data/images/Tox21/3473.png
3474.0,O=Nc1ccc(O)cc1,0.0,train,../data/images/Tox21/3474.png
3475.0,O=C(Nc1ccc(Cl)c(Cl)c1)c1cc(Cl)cc(Cl)c1O,1.0,train,../data/images/Tox21/3475.png
3476.0,CCC(C)n1c(=O)[nH]c(C)c(Br)c1=O,0.0,train,../data/images/Tox21/3476.png
3477.0,COc1cc(C=CC(=O)N2CCN(CC(=O)N3CCCC3)CC2)cc(OC)c1OC,0.0,train,../data/images/Tox21/3477.png
3478.0,COc1cc(CCN)cc(OC)c1OC,0.0,train,../data/images/Tox21/3478.png
3479.0,O=C1CC[C@@H](C(=O)O)N1,0.0,train,../data/images/Tox21/3479.png
3480.0,CC(=O)Oc1ccc(C(c2ccc(OC(C)=O)cc2)c2ccccn2)cc1,1.0,train,../data/images/Tox21/3480.png
3481.0,CC(C)Oc1ccc2c(=O)c(-c3ccccc3)coc2c1,0.0,train,../data/images/Tox21/3481.png
3482.0,CN1CC(O)C2=C/C(=N/NC(N)=O)C(=O)C=C21,0.0,train,../data/images/Tox21/3482.png
3483.0,O=C1CC[C@H](C(=O)N2CCCCC2)N1,0.0,train,../data/images/Tox21/3483.png
3484.0,CCCCCCOC(=O)CCCCC,0.0,train,../data/images/Tox21/3484.png
3485.0,CC(=O)Oc1ccc(C)cc1,0.0,train,../data/images/Tox21/3485.png
3486.0,O=S(=O)([O-])CCS,0.0,train,../data/images/Tox21/3486.png
3487.0,ClCCCCCCCl,0.0,train,../data/images/Tox21/3487.png
3488.0,S=C(SSSSSSC(=S)N1CCCCC1)N1CCCCC1,0.0,train,../data/images/Tox21/3488.png
3489.0,COc1ccc(C(=O)c2cccc(O)c2)c(OC)c1,0.0,train,../data/images/Tox21/3489.png
3490.0,Cc1cc(NS(=O)(=O)c2ccc(N)cc2)no1,0.0,train,../data/images/Tox21/3490.png
3491.0,CC(C)CCCC(=O)O,0.0,train,../data/images/Tox21/3491.png
3492.0,COc1ccccc1OCC(O)CO,0.0,train,../data/images/Tox21/3492.png
3493.0,Cc1c(C(N)=O)cc([N+](=O)[O-])cc1[N+](=O)[O-],0.0,train,../data/images/Tox21/3493.png
3494.0,Oc1cc(Cl)c(Cl)cc1Cl,0.0,train,../data/images/Tox21/3494.png
3495.0,C=CC(=O)NCNC(=O)C=C,0.0,train,../data/images/Tox21/3495.png
3496.0,C/C=C(\C)C(=O)OCC/C=C\CC,0.0,train,../data/images/Tox21/3496.png
3497.0,CN(C)NC(=O)CCC(=O)O,0.0,train,../data/images/Tox21/3497.png
3498.0,CCCCCCCCCCCCOC(C)=O,0.0,train,../data/images/Tox21/3498.png
3499.0,CC(=O)OC(C)(C)C,0.0,train,../data/images/Tox21/3499.png
3500.0,CCCc1c(OCCCCc2nnn[nH]2)ccc(C(C)=O)c1O,1.0,train,../data/images/Tox21/3500.png
3501.0,Cc1ccc(N)cc1Cl,0.0,train,../data/images/Tox21/3501.png
3502.0,CCCBr,0.0,train,../data/images/Tox21/3502.png
3503.0,O=C(c1ccc(OCCN2CCCCC2)cc1)c1c(-c2ccc(O)cc2)sc2cc(O)ccc12,1.0,train,../data/images/Tox21/3503.png
3504.0,CC(C)(COP(=O)([O-])OP(=O)([O-])OC[C@H]1O[C@@H](n2cnc3c(N)ncnc32)[C@H](O)[C@@H]1OP(=O)([O-])O)C(O)C(=O)NCCC(=O)NCCS,0.0,train,../data/images/Tox21/3504.png
3505.0,C/C=C(\C)C(=O)OCc1ccccc1,0.0,train,../data/images/Tox21/3505.png
3506.0,CC(C)=CCC/C(C)=C/COC=O,0.0,train,../data/images/Tox21/3506.png
3507.0,O=P(Oc1ccccc1)(Oc1ccccc1)Oc1ccccc1,0.0,train,../data/images/Tox21/3507.png
3508.0,CC(C#N)CCC#N,0.0,train,../data/images/Tox21/3508.png
3509.0,N[C@@H]1CONC1=O,0.0,train,../data/images/Tox21/3509.png
3510.0,CN[C@]1(c2ccccc2Cl)CCCCC1=O,0.0,train,../data/images/Tox21/3510.png
3511.0,C=CCc1ccc(O)c(OC)c1,0.0,train,../data/images/Tox21/3511.png
3512.0,CCOCCOCCOCC,0.0,train,../data/images/Tox21/3512.png
3513.0,CC(=O)O[Hg]c1ccccc1,1.0,train,../data/images/Tox21/3513.png
3514.0,COC1=CC(=O)C[C@@H](C)[C@]12Oc1c(Cl)c(OC)cc(OC)c1C2=O,1.0,train,../data/images/Tox21/3514.png
3515.0,CN(N=O)C(N)=O,0.0,train,../data/images/Tox21/3515.png
3516.0,C[N+]1(CCCCC[N+]2(C)CCCC2)CCCC1,0.0,train,../data/images/Tox21/3516.png
3517.0,CN1CCN(CCC(=O)N2c3ccccc3Sc3ccc(C(F)(F)F)cc32)CC1,0.0,train,../data/images/Tox21/3517.png
3518.0,COP(=O)(O)OP(=O)(O)OC,0.0,train,../data/images/Tox21/3518.png
3519.0,CC(=O)O[C@H]1C[C@@H]2CC[C@@H]3[C@H](CC[C@@]4(C)[C@H]3C[C@H]([N+]3(C)CCCCC3)[C@@H]4OC(C)=O)[C@@]2(C)C[C@@H]1[N+]1(C)CCCCC1,0.0,train,../data/images/Tox21/3519.png
3520.0,CCCCC(CC)C(=O)[O-],0.0,train,../data/images/Tox21/3520.png
3521.0,C#CCN1C(=O)COc2cc(F)c(N3C(=O)C4=C(CCCC4)C3=O)cc21,0.0,train,../data/images/Tox21/3521.png
3522.0,CC(C)=CCC1=C(O)C(=O)c2ccccc2C1=O,1.0,train,../data/images/Tox21/3522.png
3523.0,CCc1ccc(Br)cc1,0.0,train,../data/images/Tox21/3523.png
3524.0,CC(=O)c1ccc2c(c1)CCCC2,0.0,train,../data/images/Tox21/3524.png
3525.0,FC(F)(F)c1ccccc1-n1ccnc1,0.0,train,../data/images/Tox21/3525.png
3526.0,CCCCCCC[N+](CC)(CC)CCCCc1ccc(Cl)cc1,0.0,train,../data/images/Tox21/3526.png
3527.0,OCc1cc(C(O)CNCCCCCCOCCCCc2ccccc2)ccc1O,0.0,train,../data/images/Tox21/3527.png
3528.0,CCN(CC)CCOC(=O)C1(C2CCCCC2)CCCCC1,0.0,train,../data/images/Tox21/3528.png
3529.0,O=c1[nH]c2ccc(S(=O)CCN3CCC(Cc4ccc(F)cc4)CC3)cc2o1,0.0,train,../data/images/Tox21/3529.png
3530.0,C[C@]12C=CC(=O)C=C1CC[C@@H]1[C@@H]2C(=O)C[C@@]2(C)[C@H]1CC[C@]2(O)C(=O)CO,0.0,train,../data/images/Tox21/3530.png
3531.0,O=C(CS)Nc1ccccc1,1.0,train,../data/images/Tox21/3531.png
3532.0,COP(=S)(OC)Oc1c(Cl)cc(C)cc1Cl,0.0,train,../data/images/Tox21/3532.png
3533.0,COc1ccccc1Oc1c(NS(=O)(=O)c2ccc(C(C)(C)C)cc2)nc(-c2ncccn2)nc1OCCO,0.0,train,../data/images/Tox21/3533.png
3534.0,CCC(=O)C1CC(C(C)C)CC=C1C,0.0,train,../data/images/Tox21/3534.png
3535.0,CCOP(=S)(OCC)Oc1ncn(-c2ccccc2)n1,0.0,train,../data/images/Tox21/3535.png
3536.0,CNC[C@H](O)[C@@H](O)[C@H](O)[C@H](O)CO,0.0,train,../data/images/Tox21/3536.png
3537.0,CC(=O)Nc1cccc(O)c1,0.0,train,../data/images/Tox21/3537.png
3538.0,Cc1cc(C(C)(C)c2ccc(O)c(C)c2)ccc1O,1.0,train,../data/images/Tox21/3538.png
3539.0,NCC1CCCC(CN)C1,0.0,train,../data/images/Tox21/3539.png
3540.0,Cc1ncc(CO)c(CO)c1O,0.0,train,../data/images/Tox21/3540.png
3541.0,C[n+]1ccccc1/C=N/O,0.0,train,../data/images/Tox21/3541.png
3542.0,COc1cc(Br)c(C[N+]2(CCOCCC3CCC4CC3C4(C)C)CCOCC2)cc1OC,0.0,train,../data/images/Tox21/3542.png
3543.0,O=C(CBr)c1ccc(O)cc1,0.0,train,../data/images/Tox21/3543.png
3544.0,O=C(O)CNC(=O)CNC(=O)CNC(=O)CSC(=O)c1ccccc1,0.0,train,../data/images/Tox21/3544.png
3545.0,CN1C(=O)CN=C(c2ccccc2)c2cc(Cl)ccc21,0.0,train,../data/images/Tox21/3545.png
3546.0,CC(=O)c1ccccn1,0.0,train,../data/images/Tox21/3546.png
3547.0,O=CNc1ccccc1,0.0,train,../data/images/Tox21/3547.png
3548.0,Brc1ccc(Oc2cc(Br)c(Br)cc2Br)c(Br)c1,0.0,train,../data/images/Tox21/3548.png
3549.0,CC(C)C(=O)Nc1ccc([N+](=O)[O-])c(C(F)(F)F)c1,0.0,train,../data/images/Tox21/3549.png
3550.0,CCCCCCCCCCC(CO)CCCCCCCC,0.0,train,../data/images/Tox21/3550.png
3551.0,[S-]c1nc2ccccc2s1,0.0,train,../data/images/Tox21/3551.png
3552.0,CC(C)OP(=S)(OC(C)C)SCCNS(=O)(=O)c1ccccc1,0.0,train,../data/images/Tox21/3552.png
3553.0,CC(=O)CC(C)(C)O,0.0,train,../data/images/Tox21/3553.png
3554.0,Cc1ccc(N=C=O)cc1N=C=O,0.0,train,../data/images/Tox21/3554.png
3555.0,C=C1CCC=C(C)CC[C@@H]2[C@@H]1CC2(C)C,0.0,train,../data/images/Tox21/3555.png
3556.0,O=C([O-])[C@H](O)[C@@H](O)[C@H](O)[C@H](O)CO,0.0,train,../data/images/Tox21/3556.png
3557.0,COc1ccc(OC(F)(F)F)cc1CN[C@H]1CCCN[C@H]1c1ccccc1,0.0,train,../data/images/Tox21/3557.png
3558.0,O=C(O)CCNC(=O)c1ccccc1,0.0,train,../data/images/Tox21/3558.png
3559.0,O=C(CS(=O)C(c1ccccc1)c1ccccc1)NO,0.0,train,../data/images/Tox21/3559.png
3560.0,CC(C)(CO)CO,0.0,train,../data/images/Tox21/3560.png
3561.0,COC(=O)[C@H]1[C@H]2C[C@@H]3c4[nH]c5cc(OC)ccc5c4CCN3C[C@H]2C[C@@H](OC(=O)C=Cc2cc(OC)c(OC)c(OC)c2)[C@@H]1OC,0.0,train,../data/images/Tox21/3561.png
3562.0,Cc1ncc([N+](=O)[O-])n1C,0.0,train,../data/images/Tox21/3562.png
3563.0,Cc1ccccc1-n1c(CF)nc2ccc(N)cc2c1=O,0.0,train,../data/images/Tox21/3563.png
3564.0,Clc1nc(C(Cl)(Cl)Cl)c(Cl)c(Cl)c1Cl,0.0,train,../data/images/Tox21/3564.png
3565.0,CC(C)C(=O)OCC(=O)[C@@]12O[C@H](C3CCCCC3)O[C@@H]1C[C@H]1[C@@H]3CCC4=CC(=O)C=C[C@]4(C)[C@H]3[C@@H](O)C[C@@]12C,0.0,train,../data/images/Tox21/3565.png
3566.0,CN(C)CCOC(c1ccc(Cl)cc1)c1ccccn1,0.0,train,../data/images/Tox21/3566.png
3567.0,O=C(O)CCC(=O)O,0.0,train,../data/images/Tox21/3567.png
3568.0,c1ccc2cc3ccccc3cc2c1,0.0,train,../data/images/Tox21/3568.png
3569.0,CC(COc1ccccc1)NC(C)C(O)c1ccc(O)cc1,0.0,train,../data/images/Tox21/3569.png
3570.0,CCOC(=O)CC(C(C)=O)C(C)=O,0.0,train,../data/images/Tox21/3570.png
3571.0,NN,0.0,train,../data/images/Tox21/3571.png
3572.0,CCCNC(C)C(=O)Nc1ccccc1C,0.0,train,../data/images/Tox21/3572.png
3573.0,CCCCCCCC(=O)Oc1c(Br)cc(C#N)cc1Br,0.0,train,../data/images/Tox21/3573.png
3574.0,N=C(N)NCCC[C@H](NC(=O)[C@@H]1CCCN1C(=O)[C@@H]1CSSCCC(=O)N[C@@H](Cc2ccc(O)cc2)C(=O)N[C@@H](Cc2ccccc2)C(=O)N[C@@H](CCC(N)=O)C(=O)N[C@@H](CC(N)=O)C(=O)N1)C(=O)NCC(N)=O,0.0,train,../data/images/Tox21/3574.png
3575.0,CC(C)(C)c1cc(C(C)(C)C)c(O)c(C(C)(C)C)c1,0.0,train,../data/images/Tox21/3575.png
3576.0,OCCO,0.0,train,../data/images/Tox21/3576.png
3577.0,Oc1ccc(-c2ccc(O)cc2)cc1,1.0,train,../data/images/Tox21/3577.png
3578.0,[O-]c1ccccc1,0.0,train,../data/images/Tox21/3578.png
3579.0,O=C(NNCS(=O)(=O)[O-])c1ccncc1,0.0,train,../data/images/Tox21/3579.png
3580.0,CCOC(=O)C1=NN(c2ccccc2)C(=O)C1,0.0,train,../data/images/Tox21/3580.png
3581.0,O=C1c2ccccc2C(=O)C1c1nc2ccccc2c(Br)c1O,0.0,train,../data/images/Tox21/3581.png
3582.0,CCCCOC(=O)CCCCCCCCC(=O)OCCCC,0.0,train,../data/images/Tox21/3582.png
3583.0,CCCCCCCCCCCCCCCCCC#N,0.0,train,../data/images/Tox21/3583.png
3584.0,OC(c1ccc(F)cc1)(c1cncnc1)c1ccccc1Cl,0.0,train,../data/images/Tox21/3584.png
3585.0,COc1ccc2c3c1O[C@H]1[C@@H](O)C=C[C@H]4[C@@H](C2)N(C)CC[C@@]341,0.0,train,../data/images/Tox21/3585.png
3586.0,CC1=CC2C3CC(C=C3C)C2C1,0.0,train,../data/images/Tox21/3586.png
3587.0,CN(C)C(=O)NC1(c2ccccc2)CCN(CC[C@@]2(c3ccc(F)c(F)c3)CN(C(=O)c3ccccc3)CCO2)CC1,0.0,train,../data/images/Tox21/3587.png
3588.0,CCC(C)(O)CCC=C(C)C,0.0,train,../data/images/Tox21/3588.png
3589.0,CCCCc1c(C)nc(NCC)nc1O,0.0,train,../data/images/Tox21/3589.png
3590.0,Cc1c(N)cccc1Cl,0.0,train,../data/images/Tox21/3590.png
3591.0,C[C@H](/C=C/[C@H](C)C(C)(C)O)[C@H]1CC[C@H]2/C(=C/C=C3C[C@@H](O)C[C@H](O)C3)CCC[C@]12C,0.0,train,../data/images/Tox21/3591.png
3592.0,N#Cc1ccc(C(=O)O)cc1,0.0,train,../data/images/Tox21/3592.png
3593.0,CC(C)(O)c1cnn2c(-c3ccc(F)c(-c4c(F)cccc4C#N)c3)cnc2n1,0.0,train,../data/images/Tox21/3593.png
3594.0,CC(=O)O[C@H]1C[C@@H]2CC[C@@H]3[C@H](CC[C@@]4(C)[C@H]3C[C@H](N3CC[N+](C)(C)CC3)[C@@H]4OC(C)=O)[C@@]2(C)C[C@@H]1N1CC[N+](C)(C)CC1,0.0,train,../data/images/Tox21/3594.png
3595.0,NC1CCCCC1N,0.0,train,../data/images/Tox21/3595.png
3596.0,CN(C)C(=O)C(c1ccccc1)c1ccccc1,0.0,train,../data/images/Tox21/3596.png
3597.0,N=C(N)NN=C(C=Cc1ccc([N+](=O)[O-])o1)C=Cc1ccc([N+](=O)[O-])o1,1.0,train,../data/images/Tox21/3597.png
3598.0,O=[N+]([O-])c1ccc(Oc2ccc([N+](=O)[O-])cc2)cc1,0.0,train,../data/images/Tox21/3598.png
3599.0,CC(C)(C)C1CCC(O)CC1,0.0,train,../data/images/Tox21/3599.png
3600.0,O=C1CC2(CCCC2)CC(=O)N1CCNCC1COc2ccccc2O1,0.0,train,../data/images/Tox21/3600.png
3601.0,CCN(Cc1ccncc1)C(=O)C(CO)c1ccccc1,0.0,train,../data/images/Tox21/3601.png
3602.0,CCOC(=O)[C@@H](C)Oc1ccc(Oc2nc3ccc(Cl)cc3o2)cc1,0.0,train,../data/images/Tox21/3602.png
3603.0,C/C=C\c1ccc(OCC)c(O)c1,0.0,train,../data/images/Tox21/3603.png
3604.0,CCCCC[C@H](O)/C=C/[C@H]1[C@H](O)CC(=O)[C@@H]1C/C=C\CCCC(=O)O,0.0,train,../data/images/Tox21/3604.png
3605.0,CN(C)c1ccc(N=O)cc1,1.0,train,../data/images/Tox21/3605.png
3606.0,O=C1c2ccccc2CN2C(=O)c3ccccc3CN12,0.0,train,../data/images/Tox21/3606.png
3607.0,CC(=O)OC(c1ccccc1)C(Cl)(Cl)Cl,0.0,train,../data/images/Tox21/3607.png
3608.0,Cc1cc(NS(=O)(=O)c2ccc(N)cc2)nc(C)n1,0.0,train,../data/images/Tox21/3608.png
3609.0,CC1=C(O)C(=O)C(C)O1,0.0,train,../data/images/Tox21/3609.png
3610.0,CCCCCCCCCCO,0.0,train,../data/images/Tox21/3610.png
3611.0,COc1cc(Cl)c(OC)cc1N,0.0,train,../data/images/Tox21/3611.png
3612.0,C[C@H](N[C@H](CCc1ccccc1)C(=O)O)C(=O)N1CCC[C@H]1C(=O)O,0.0,train,../data/images/Tox21/3612.png
3613.0,CCN(CC)C(=O)SCc1ccc(Cl)cc1,0.0,train,../data/images/Tox21/3613.png
3614.0,CC(=O)OC(C)(C)Cc1ccccc1,0.0,train,../data/images/Tox21/3614.png
3615.0,C=CCSSCCC,0.0,train,../data/images/Tox21/3615.png
3616.0,O=C(CO)[C@@H](O)[C@H](O)[C@@H](O)C(=O)[O-],0.0,train,../data/images/Tox21/3616.png
3617.0,COc1ccc(C=O)cc1O,0.0,train,../data/images/Tox21/3617.png
3618.0,CSc1ccc(Oc2ccc(S(N)(=O)=O)cc2CN(C)C)cc1C,0.0,train,../data/images/Tox21/3618.png
3619.0,C/C(=C\C(=O)OCCCCCCCCC(=O)O)C[C@@H]1OC[C@H](C[C@@H]2O[C@H]2[C@@H](C)[C@H](C)O)[C@@H](O)[C@H]1O,0.0,train,../data/images/Tox21/3619.png
3620.0,CO[C@@]1(NC(=O)Cc2cccs2)C(=O)N2C(C(=O)[O-])=C(COC(N)=O)CS[C@@H]21,0.0,train,../data/images/Tox21/3620.png
3621.0,CC(C)(C)C1(CCc2ccc(Cl)cc2)CO1,0.0,train,../data/images/Tox21/3621.png
3622.0,O=C(CC(=O)C(F)(F)F)c1ccccc1,0.0,train,../data/images/Tox21/3622.png
3623.0,CS(=O)(=O)c1ccc([C@@H](C[C@H]2CCC(=O)C2)C(=O)Nc2cnccn2)cc1Cl,0.0,train,../data/images/Tox21/3623.png
3624.0,NNC(=O)CCCCC(=O)NN,0.0,train,../data/images/Tox21/3624.png
3625.0,CC(C)(C)C(=O)C(=O)O,0.0,train,../data/images/Tox21/3625.png
3626.0,CC(=O)[C@H]1CC[C@H]2[C@@H]3CC[C@H]4C[C@H](O)CC[C@]4(C)[C@H]3CC[C@]12C,0.0,train,../data/images/Tox21/3626.png
3627.0,CCCCCC[C@@H](O)C/C=C\CCCCCCCC(=O)OC,0.0,train,../data/images/Tox21/3627.png
3628.0,C=C(CC)C(=O)c1ccc(OCC(=O)O)c(Cl)c1Cl,1.0,train,../data/images/Tox21/3628.png
3629.0,CCOC(=O)COc1ccc2c(C)c(CCN(CC)CC)c(=O)oc2c1Cl,0.0,train,../data/images/Tox21/3629.png
3630.0,CCOP(=O)(OCC)SCCSCC,0.0,train,../data/images/Tox21/3630.png
3631.0,CC(C)(CCC(=O)O)C(=O)O,0.0,train,../data/images/Tox21/3631.png
3632.0,C=CC(=O)OCC[N+](C)(C)C,0.0,train,../data/images/Tox21/3632.png
3633.0,CCCCCCCC(=O)OC,0.0,train,../data/images/Tox21/3633.png
3634.0,CN(C)CC/C=C1/c2ccccc2COc2ccc(CC(=O)O)cc21,0.0,train,../data/images/Tox21/3634.png
3635.0,CC(C)(CCl)c1ccccc1,0.0,train,../data/images/Tox21/3635.png
3636.0,CCCCOC(=O)CC(CC(=O)OCCCC)(OC(C)=O)C(=O)OCCCC,0.0,train,../data/images/Tox21/3636.png
3637.0,CCNc1cccc(C)c1,0.0,train,../data/images/Tox21/3637.png
3638.0,Nc1nc2ccccc2[nH]1,0.0,train,../data/images/Tox21/3638.png
3639.0,CCCCSCCCC,0.0,train,../data/images/Tox21/3639.png
3640.0,CCCCCCCCC=O,0.0,train,../data/images/Tox21/3640.png
3641.0,CCCCCC(C=O)=Cc1ccccc1,0.0,train,../data/images/Tox21/3641.png
3642.0,Cc1ccc(S(=O)(=O)NC(=O)NC2CCCC2)cc1,0.0,train,../data/images/Tox21/3642.png
3643.0,O=C(O)c1ccccc1S,0.0,train,../data/images/Tox21/3643.png
3644.0,CC(C)=CCC[C@H](C)CCO,0.0,train,../data/images/Tox21/3644.png
3645.0,O=C(Cl)OCc1ccccc1,0.0,train,../data/images/Tox21/3645.png
3646.0,CO/N=C(\C(=O)N[C@@H]1C(=O)N2C(C(=O)[O-])=CCS[C@H]12)c1csc(N)n1,0.0,train,../data/images/Tox21/3646.png
3647.0,CCC(=O)N(c1ccccc1)C1(COC)CCN(CCn2nnn(CC)c2=O)CC1,0.0,train,../data/images/Tox21/3647.png
3648.0,CC(=O)C(Cl)C(=O)N(C)C,0.0,train,../data/images/Tox21/3648.png
3649.0,O=C(OCCOCCOC(=O)c1ccccc1)c1ccccc1,0.0,train,../data/images/Tox21/3649.png
3650.0,CC(C)=CCCC(C)=CC=O,0.0,train,../data/images/Tox21/3650.png
3651.0,O=c1oc2ccccc2c(O)c1C1CCCc2ccccc21,0.0,train,../data/images/Tox21/3651.png
3652.0,CC(=O)NCCO,0.0,train,../data/images/Tox21/3652.png
3653.0,C#CCN[C@@H]1CCc2ccccc21,0.0,train,../data/images/Tox21/3653.png
3654.0,C[C@]12CC[C@H](OS(=O)(=O)[O-])CC1=CC[C@@H]1[C@@H]2CC[C@]2(C)C(=O)CC[C@@H]12,0.0,train,../data/images/Tox21/3654.png
3655.0,Cc1ccc(C)c(S(=O)(=O)O)c1,0.0,train,../data/images/Tox21/3655.png
3656.0,CC1=NN(c2ccc(C(=O)O)cc2)C(=O)C1,0.0,train,../data/images/Tox21/3656.png
3657.0,CN(C)C(=O)Nc1ccc(Cl)c(Cl)c1,0.0,train,../data/images/Tox21/3657.png
3658.0,CC(=O)OCCCc1ccccc1,0.0,train,../data/images/Tox21/3658.png
3659.0,CC(CCl)OP(=O)(OC(C)CCl)OC(C)CCl,0.0,train,../data/images/Tox21/3659.png
3660.0,O=c1[nH]c2ccc(Cl)cc2o1,0.0,train,../data/images/Tox21/3660.png
3661.0,Nc1nc2c(Cl)cccc2s1,0.0,train,../data/images/Tox21/3661.png
3662.0,CCCCCCCCCCCCCCCC(=O)OCCC1CCN(CCCN2c3ccccc3Sc3ccc(S(=O)(=O)N(C)C)cc32)CC1,0.0,train,../data/images/Tox21/3662.png
3663.0,CC1=NNC(=O)N(/N=C/c2cccnc2)C1,0.0,train,../data/images/Tox21/3663.png
3664.0,CC(=O)N(CC(O)CO)c1c(I)c(C(=O)NCC(O)CO)c(I)c(C(=O)NCC(O)CO)c1I,0.0,train,../data/images/Tox21/3664.png
3665.0,CCCCCCC(=O)O[C@H]1CC[C@H]2[C@@H]3CCc4cc(O)ccc4[C@H]3CC[C@]12C,0.0,train,../data/images/Tox21/3665.png
3666.0,CO/N=C(\C(=O)N[C@@H]1C(=O)N2C(C(=O)[O-])=C(C[n+]3cccc4c3CCC4)CS[C@H]12)c1csc(N)n1,0.0,train,../data/images/Tox21/3666.png
3667.0,CC(=O)C(C)=O,0.0,train,../data/images/Tox21/3667.png
3668.0,CC/C=C\CCCCO,0.0,train,../data/images/Tox21/3668.png
3669.0,OCCOCCOCCOCCO,0.0,train,../data/images/Tox21/3669.png
3670.0,CCCCCCCCCCCCCCCC(=O)OC[C@H](COP(=O)([O-])OCC[N+](C)(C)C)OC(=O)CCCCCCCCCCCCCCC,0.0,train,../data/images/Tox21/3670.png
3671.0,CC1(C)CON(Cc2ccccc2Cl)C1=O,0.0,train,../data/images/Tox21/3671.png
3672.0,C=CCc1cc(S(=O)(=O)c2ccc(O)c(CC=C)c2)ccc1O,0.0,train,../data/images/Tox21/3672.png
3673.0,CC1(C)SC(C)(C)SC(C)(C)S1,0.0,train,../data/images/Tox21/3673.png
3674.0,CC1(C)O[C@@H]2C[C@H]3[C@@H]4CCC5=CC(=O)C=C[C@]5(C)[C@H]4[C@@H](O)C[C@]3(C)[C@]2(C(=O)CO)O1,0.0,train,../data/images/Tox21/3674.png
3675.0,CC(C)(C(=O)O)c1ccc(C(O)CCCN2CCC(C(O)(c3ccccc3)c3ccccc3)CC2)cc1,0.0,train,../data/images/Tox21/3675.png
3676.0,CCCCCCCCCC(=O)O[C@H]1CC[C@H]2[C@@H]3CCC4=CC(=O)CC[C@@H]4[C@H]3CC[C@]12C,0.0,train,../data/images/Tox21/3676.png
3677.0,N#CCCCC(C#N)CCC#N,0.0,train,../data/images/Tox21/3677.png
3678.0,CC(COc1ccc(Oc2ccccc2)cc1)Oc1ccccn1,0.0,train,../data/images/Tox21/3678.png
3679.0,CC[C@]12CCCN3CCc4c(n(c5ccccc45)C(=O)C1)[C@@H]32,1.0,train,../data/images/Tox21/3679.png
3680.0,CCCOCC(C)O,0.0,train,../data/images/Tox21/3680.png
3681.0,CC(C)COC(=O)c1ccccc1C(=O)OCC(C)C,0.0,train,../data/images/Tox21/3681.png
3682.0,CC(C)CC(=O)N[C@H](C(=O)N[C@H](C(=O)N[C@@H](CC(C)C)[C@@H](O)CC(=O)N[C@@H](C)C(=O)N[C@@H](CC(C)C)[C@@H](O)CC(=O)O)C(C)C)C(C)C,0.0,train,../data/images/Tox21/3682.png
3683.0,COc1ccc(O)cc1,0.0,train,../data/images/Tox21/3683.png
3684.0,Nc1ccc(Cl)cc1,0.0,train,../data/images/Tox21/3684.png
3685.0,CC(=O)CCC=C(C)C,0.0,train,../data/images/Tox21/3685.png
3686.0,COc1ccccc1[N+](=O)[O-],0.0,train,../data/images/Tox21/3686.png
3687.0,CCOP(=S)(OCC)Oc1ccc2c(C)c(Cl)c(=O)oc2c1,0.0,train,../data/images/Tox21/3687.png
3688.0,CCCCCCCC#N,0.0,train,../data/images/Tox21/3688.png
3689.0,COc1ccc(S(=O)(=O)N2C(=O)[C@@](c3ccccc3OC)(N3C[C@H](O)C[C@H]3C(=O)N(C)C)c3cc(Cl)ccc32)c(OC)c1,0.0,train,../data/images/Tox21/3689.png
3690.0,Nc1cccc(N)n1,0.0,train,../data/images/Tox21/3690.png
3691.0,CC(O)CCO,0.0,train,../data/images/Tox21/3691.png
3692.0,Cc1cc(O)ccc1Cl,0.0,train,../data/images/Tox21/3692.png
3693.0,O=C(CCS)OCC(COC(=O)CCS)(COC(=O)CCS)COC(=O)CCS,1.0,train,../data/images/Tox21/3693.png
3694.0,N#Cc1nc(Cl)c(Cl)c(Cl)c1Cl,1.0,train,../data/images/Tox21/3694.png
3695.0,O=C1/C(=C2\Nc3ccccc3C2=O)Nc2ccccc21,0.0,train,../data/images/Tox21/3695.png
3696.0,CC(C)CCOC(=O)C=Cc1ccccc1,0.0,train,../data/images/Tox21/3696.png
3697.0,O=c1cc(-c2ccc(O)cc2)oc2cc(O)cc(O)c12,1.0,train,../data/images/Tox21/3697.png
3698.0,N=C(N)NC(=O)Cc1c(Cl)cccc1Cl,0.0,train,../data/images/Tox21/3698.png
3699.0,CCCOC(=O)NCCCN(C)C,0.0,train,../data/images/Tox21/3699.png
3700.0,C=CCn1cc[n+](C)c1,0.0,train,../data/images/Tox21/3700.png
3701.0,C=C(C)C(=O)OC,0.0,train,../data/images/Tox21/3701.png
3702.0,NCc1cccnc1,0.0,train,../data/images/Tox21/3702.png
3703.0,C=Cc1ccc(OC(C)=O)cc1,0.0,train,../data/images/Tox21/3703.png
3704.0,Clc1ccccc1CN1CCc2sccc2C1,0.0,train,../data/images/Tox21/3704.png
3705.0,BrCCOc1ccccc1,0.0,train,../data/images/Tox21/3705.png
3706.0,O=S(=O)([O-])O,0.0,train,../data/images/Tox21/3706.png
3707.0,O=[N+]([O-])C1(Br)COCOC1,0.0,train,../data/images/Tox21/3707.png
3708.0,CCBr,0.0,train,../data/images/Tox21/3708.png
3709.0,Cc1cccc(Cl)c1,0.0,train,../data/images/Tox21/3709.png
3710.0,O=P([O-])(O)C(Cl)(Cl)P(=O)([O-])O,0.0,train,../data/images/Tox21/3710.png
3711.0,O=C([O-])c1cccc([N+](=O)[O-])c1,0.0,train,../data/images/Tox21/3711.png
3712.0,COc1ccc(C[C@H](C)NC[C@@H](O)c2ccc(O)c(NC=O)c2)cc1,0.0,train,../data/images/Tox21/3712.png
3713.0,O=C(Cl)c1ccccc1,0.0,train,../data/images/Tox21/3713.png
3714.0,Cc1cnc(C(=O)O)c[n+]1[O-],0.0,train,../data/images/Tox21/3714.png
3715.0,C[C@]12CC[C@@H]3c4ccc(O)cc4CC[C@H]3[C@@H]1CC[C@H]2O,1.0,train,../data/images/Tox21/3715.png
3716.0,CCC(=O)O[C@H]1CC[C@H]2[C@@H]3CCC4=CC(=O)CC[C@]4(C)[C@H]3CC[C@]12C,0.0,train,../data/images/Tox21/3716.png
3717.0,C[C@]12C=CC(=O)N[C@@H]1CC[C@@H]1[C@@H]2CC[C@]2(C)[C@@H](C(=O)Nc3cc(C(F)(F)F)ccc3C(F)(F)F)CC[C@@H]12,0.0,train,../data/images/Tox21/3717.png
3718.0,Cc1ccc2ncccc2c1,0.0,train,../data/images/Tox21/3718.png
3719.0,Cc1ccc(O)cc1C,0.0,train,../data/images/Tox21/3719.png
3720.0,CCCC(=O)OCCC(C)CCC=C(C)C,0.0,train,../data/images/Tox21/3720.png
3721.0,CCCCNC(=O)NS(=O)(=O)c1ccc(N)cc1,0.0,train,../data/images/Tox21/3721.png
3722.0,CCCCOC(=O)c1ccccc1C(=O)O,0.0,train,../data/images/Tox21/3722.png
3723.0,CCC(=O)N(c1ccccc1)C1CCN(Cc2cccs2)CC1,0.0,train,../data/images/Tox21/3723.png
3724.0,O=C(O)c1c(Cl)ccc2cc(Cl)cnc12,0.0,train,../data/images/Tox21/3724.png
3725.0,C[Si](C)(C)C,0.0,train,../data/images/Tox21/3725.png
3726.0,CCc1cc(OC)c(C[C@@H](C)N)cc1OC,0.0,train,../data/images/Tox21/3726.png
3727.0,O=[N+]([O-])/N=C1\NCCN1Cc1ccc(Cl)nc1,0.0,train,../data/images/Tox21/3727.png
3728.0,CC[N+](C)(C)c1cccc(O)c1,0.0,train,../data/images/Tox21/3728.png
3729.0,C[N+]1(C)[C@@H]2C[C@@H](OC(=O)[C@H](CO)c3ccccc3)C[C@H]1[C@@H]1O[C@@H]12,0.0,train,../data/images/Tox21/3729.png
3730.0,CCCCCCCCCCCCOCCO,0.0,train,../data/images/Tox21/3730.png
3731.0,CCCCCC[C@@H](O)C/C=C\CCCCCCCC(=O)OCC(O)CO,0.0,train,../data/images/Tox21/3731.png
3732.0,CCN(CC)CCc1nc(-c2ccccc2)no1,0.0,train,../data/images/Tox21/3732.png
3733.0,CCCCCCCCCC(C)=O,0.0,train,../data/images/Tox21/3733.png
3734.0,C=CCOCC(O)CCl,0.0,train,../data/images/Tox21/3734.png
3735.0,O=C(O)CONC(=O)c1ccccc1,0.0,train,../data/images/Tox21/3735.png
3736.0,CCCC(CC)c1ccccc1,0.0,train,../data/images/Tox21/3736.png
3737.0,COc1ccc(C=O)cc1OC,0.0,train,../data/images/Tox21/3737.png
3738.0,O=c1[nH]c(=O)c2ccccc2o1,0.0,train,../data/images/Tox21/3738.png
3739.0,CC(O)CN,0.0,train,../data/images/Tox21/3739.png
3740.0,CCCCCC(=O)O,0.0,train,../data/images/Tox21/3740.png
3741.0,CC(C)SCc1ccco1,0.0,train,../data/images/Tox21/3741.png
3742.0,CC(C)N=C=NC(C)C,0.0,train,../data/images/Tox21/3742.png
3743.0,O=c1c(O)c(-c2ccc(O)cc2O)oc2cc(O)cc(O)c12,0.0,train,../data/images/Tox21/3743.png
3744.0,CCCCCCCC/C=C/CCCCCCCC(=O)OCCOCC(OCCO)C1OC(OCCO)CC1OCCO,0.0,train,../data/images/Tox21/3744.png
3745.0,O=c1[nH]oc2c1CCNC2,0.0,train,../data/images/Tox21/3745.png
3746.0,COc1ccccc1NC(=O)CC(C)=O,0.0,train,../data/images/Tox21/3746.png
3747.0,CCC(=O)O[C@@H]1CC(=O)O[C@H](C)CC=CC=C[C@H](O)[C@H](C)C[C@H](CC=O)[C@H](O[C@@H]2O[C@H](C)[C@@H](O[C@H]3C[C@@](C)(O)[C@@H](OC(=O)CC)[C@H](C)O3)[C@H](N(C)C)[C@H]2O)[C@H]1OC,0.0,train,../data/images/Tox21/3747.png
3748.0,ClCCCCl,0.0,train,../data/images/Tox21/3748.png
3749.0,N#Cc1ccncc1,0.0,train,../data/images/Tox21/3749.png
3750.0,C=CCCCCCCCCO,0.0,train,../data/images/Tox21/3750.png
3751.0,CCCNC(C)(C)COC(=O)c1ccccc1,0.0,train,../data/images/Tox21/3751.png
3752.0,CCCCC(CC)CO,0.0,train,../data/images/Tox21/3752.png
3753.0,CC(CNC(=O)c1cccnc1)NC(=O)c1cccnc1,0.0,train,../data/images/Tox21/3753.png
3754.0,CCC(=O)N(c1ccccc1)C1CCN(Cc2ccccc2)CC1,0.0,train,../data/images/Tox21/3754.png
3755.0,O=C(O)CN(CC(=O)O)CC(=O)O,0.0,train,../data/images/Tox21/3755.png
3756.0,CC(C)(C)C(=O)OCOC(=O)[C@@H]1N2C(=O)[C@@H](NC(=O)[C@H](N)c3ccccc3)[C@H]2SC1(C)C,0.0,train,../data/images/Tox21/3756.png
3757.0,C#C[C@]1(O)CC[C@H]2[C@@H]3CCc4cc(OC5CCCC5)ccc4[C@H]3CC[C@@]21C,0.0,train,../data/images/Tox21/3757.png
3758.0,CC1(C)CC(O)CC(C)(C)N1,0.0,train,../data/images/Tox21/3758.png
3759.0,CC1NCCOC1c1ccccc1,0.0,train,../data/images/Tox21/3759.png
3760.0,C=C(C)C1CC=C(C)C(O)C1,0.0,train,../data/images/Tox21/3760.png
3761.0,OC[C@@H](O)[C@@H](O)[C@H](O)[C@@H](O)CO,0.0,train,../data/images/Tox21/3761.png
3762.0,CC(=O)OCCC1CCCCC1,0.0,train,../data/images/Tox21/3762.png
3763.0,CCN(C)C(=O)Oc1cccc([C@H](C)N(C)C)c1,0.0,train,../data/images/Tox21/3763.png
3764.0,CC(C)OC(C)C,0.0,train,../data/images/Tox21/3764.png
3765.0,COP(=S)(OC)Oc1ccc(S(N)(=O)=O)cc1,0.0,train,../data/images/Tox21/3765.png
3766.0,CCOC(=O)CC(C)=O,0.0,train,../data/images/Tox21/3766.png
3767.0,CCCC(=O)C(=O)O,0.0,train,../data/images/Tox21/3767.png
3768.0,COc1ccc(CO)cc1,0.0,train,../data/images/Tox21/3768.png
3769.0,O=C1CCCO1,0.0,train,../data/images/Tox21/3769.png
3770.0,C=CCCCCCCCC,0.0,train,../data/images/Tox21/3770.png
3771.0,BrC(Br)C(Br)(Br)Br,1.0,train,../data/images/Tox21/3771.png
3772.0,CCCCCCCCCCCCCCCCN(C)C,0.0,train,../data/images/Tox21/3772.png
3773.0,CC1=CC=C(C(C)C)CC1,0.0,train,../data/images/Tox21/3773.png
3774.0,C=Cc1cccc(CCl)c1,0.0,train,../data/images/Tox21/3774.png
3775.0,Clc1cccc(Cl)c1,0.0,train,../data/images/Tox21/3775.png
3776.0,CC(CN(C)C)CN1c2ccccc2S(=O)(=O)c2ccccc21,0.0,train,../data/images/Tox21/3776.png
3777.0,COC1=CC(=O)OC(CCc2ccccc2)C1,0.0,train,../data/images/Tox21/3777.png
3778.0,Cc1cc2c(cc1C(F)(F)F)N(C(=O)Nc1ccc(Oc3cccnc3C)nc1)CC2,0.0,train,../data/images/Tox21/3778.png
3779.0,Cc1cccc(C(=O)O)c1[N+](=O)[O-],0.0,train,../data/images/Tox21/3779.png
3780.0,CC(CCC(=O)O)C(=O)O,0.0,train,../data/images/Tox21/3780.png
3781.0,Cc1cc(C(C#N)c2ccc(Cl)cc2)c(Cl)cc1NC(=O)c1cc(I)cc(I)c1O,1.0,train,../data/images/Tox21/3781.png
3782.0,CN1CCC[C@@H]1Cc1c[nH]c2ccc(CCS(=O)(=O)c3ccccc3)cc12,0.0,train,../data/images/Tox21/3782.png
3783.0,COCc1nnc(-c2ccc[n+]([O-])c2)n1-c1c(Cl)c(Cl)cc2[nH]c(=O)c(=O)[nH]c12,0.0,train,../data/images/Tox21/3783.png
3784.0,Brc1ccc(Br)cc1,0.0,train,../data/images/Tox21/3784.png
3785.0,CC(=O)[C@@]1(O)CC[C@H]2[C@@H]3CCC4=CC(=O)CC[C@]4(C)[C@H]3CC[C@@]21C,0.0,train,../data/images/Tox21/3785.png
3786.0,CCC(C)c1ccc(O)cc1,0.0,train,../data/images/Tox21/3786.png
3787.0,CC(C)(CO)[C@@H](O)C(=O)NCCC(=O)[O-],0.0,train,../data/images/Tox21/3787.png
3788.0,CCCCC(CC)COC(=O)c1ccccc1C(=O)OCC(CC)CCCC,0.0,train,../data/images/Tox21/3788.png
3789.0,CCCCS,0.0,train,../data/images/Tox21/3789.png
3790.0,CC1OC1C1CCC2(C)OC2C1,0.0,train,../data/images/Tox21/3790.png
3791.0,C=C(C)[C@H]1CN[C@H](C(=O)O)[C@H]1CC(=O)O,1.0,train,../data/images/Tox21/3791.png
3792.0,CC(C=O)=Cc1ccccc1,0.0,train,../data/images/Tox21/3792.png
3793.0,COC(=O)/C=C\C(=O)O,0.0,train,../data/images/Tox21/3793.png
3794.0,CN1C(=O)COc2c(C(=O)NC3CN4CCC3CC4)cc(Cl)cc21,0.0,train,../data/images/Tox21/3794.png
3795.0,CCCCNc1ccc(C(=O)OCCOCCOCCOCCOCCOCCOCCOCCOCCOC)cc1,0.0,train,../data/images/Tox21/3795.png
3796.0,Nc1ccc(Cl)cc1N,0.0,train,../data/images/Tox21/3796.png
3797.0,ClC/C=C/CCl,0.0,train,../data/images/Tox21/3797.png
3798.0,CN(C)CCCNCCCN(C)C,0.0,train,../data/images/Tox21/3798.png
3799.0,COC(=O)OC,0.0,train,../data/images/Tox21/3799.png
3800.0,CCOC(=O)Oc1c(OC)cc(C(=O)O[C@@H]2C[C@@H]3CN4CCc5c([nH]c6cc(OC)ccc56)[C@H]4C[C@@H]3[C@H](C(=O)OC)[C@H]2OC)cc1OC,0.0,train,../data/images/Tox21/3800.png
3801.0,CN/C(=N\[N+](=O)[O-])NCc1cnc(Cl)s1,0.0,train,../data/images/Tox21/3801.png
3802.0,NCCN1CCNC1=O,0.0,train,../data/images/Tox21/3802.png
3803.0,O=C(O)C(O)C(O)C(=O)O,0.0,train,../data/images/Tox21/3803.png
3804.0,CC(O)CO,0.0,train,../data/images/Tox21/3804.png
3805.0,c1cnc(N2CCN(Cc3ccc4c(c3)OCO4)CC2)nc1,0.0,train,../data/images/Tox21/3805.png
3806.0,N#Cc1cccnc1,0.0,train,../data/images/Tox21/3806.png
3807.0,CC(C)C(=O)OCCc1ccccc1,0.0,train,../data/images/Tox21/3807.png
3808.0,CC(C)C[C@H]1C(=O)N2CCC[C@H]2[C@]2(O)O[C@](NC(=O)[C@@H]3C=C4c5cccc6[nH]c(Br)c(c56)C[C@H]4N(C)C3)(C(C)C)C(=O)N12,0.0,train,../data/images/Tox21/3808.png
3809.0,O=C([O-])C(=O)[O-],0.0,train,../data/images/Tox21/3809.png
3810.0,COC(=O)CC(=O)C(C)(C)C,0.0,train,../data/images/Tox21/3810.png
3811.0,COc1ccc([N+](=O)[O-])cc1[N+](=O)[O-],0.0,train,../data/images/Tox21/3811.png
3812.0,CC(=O)Oc1ccc2c3c1O[C@H]1[C@@H](OC(C)=O)C=C[C@H]4[C@@H](C2)N(C)CC[C@@]341,0.0,train,../data/images/Tox21/3812.png
3813.0,C=CC(C)=O,0.0,train,../data/images/Tox21/3813.png
3814.0,CO[C@@]12[C@H](COC(N)=O)C3=C(C(=O)C(C)=C(N)C3=O)N1C[C@@H]1N[C@@H]12,1.0,train,../data/images/Tox21/3814.png
3815.0,CCOS(C)(=O)=O,0.0,train,../data/images/Tox21/3815.png
3816.0,C[N+]1(C)CCC(OC(=O)C(O)(c2ccccc2)C2CCCC2)C1,0.0,train,../data/images/Tox21/3816.png
3817.0,Cc1ccccc1-n1c(C)nc2ccccc2c1=O,0.0,train,../data/images/Tox21/3817.png
3818.0,CCN(Cc1cccc(S(=O)(=O)O)c1)c1ccccc1,0.0,train,../data/images/Tox21/3818.png
3819.0,[Br-],0.0,train,../data/images/Tox21/3819.png
3820.0,CCCCC(=O)OCC(=O)[C@H]1[C@H](C)C[C@H]2[C@@H]3C[C@H](F)C4=CC(=O)C=C[C@]4(C)[C@@]3(F)[C@@H](O)C[C@@]21C,0.0,train,../data/images/Tox21/3820.png
3821.0,COC(=O)[C@H]1CC[C@H](C(=O)OC)CC1,0.0,train,../data/images/Tox21/3821.png
3822.0,O=C(O)CCCCCCCCC(=O)O,0.0,train,../data/images/Tox21/3822.png
3823.0,CC(=O)OC(C)(C)C1CC=C(C)CC1,0.0,train,../data/images/Tox21/3823.png
3824.0,CC1CC(CC2CCC(N)C(C)C2)CCC1N,0.0,train,../data/images/Tox21/3824.png
3825.0,CC1=C(/C=C/C(C)=C/C=C/C(C)=C/C=C/C=C(C)/C=C/C=C(C)/C=C/C2=C(C)C[C@@H](O)CC2(C)C)C(C)(C)C[C@H](O)C1,1.0,train,../data/images/Tox21/3825.png
3826.0,Nc1ccc(Cl)cc1[N+](=O)[O-],0.0,train,../data/images/Tox21/3826.png
3827.0,CON=C(C(=O)N[C@@H]1C(=O)N2C(C(=O)O)=C(COC(N)=O)CS[C@H]12)c1ccco1,0.0,train,../data/images/Tox21/3827.png
3828.0,COCCOC(=O)C1=C(C)NC(C)=C(C(=O)OC/C=C/c2ccccc2)C1c1cccc([N+](=O)[O-])c1,0.0,train,../data/images/Tox21/3828.png
3829.0,C=CCS(=O)(=O)[O-],0.0,train,../data/images/Tox21/3829.png
3830.0,NC(=O)c1ccc(N)cc1,0.0,train,../data/images/Tox21/3830.png
3831.0,O=C(O)c1ccc(NC2OC[C@@H](O)[C@H](O)[C@H]2O)cc1,0.0,train,../data/images/Tox21/3831.png
3832.0,C=CCOC(=O)c1ccccc1N,0.0,train,../data/images/Tox21/3832.png
3833.0,CC(C=O)Cc1ccc(C(C)(C)C)cc1,0.0,train,../data/images/Tox21/3833.png
3834.0,Nc1nnc(-c2ccc([N+](=O)[O-])o2)o1,0.0,train,../data/images/Tox21/3834.png
3835.0,O=C(O)C(Br)(Br)Br,0.0,train,../data/images/Tox21/3835.png
3836.0,Cc1ncc([N+](=O)[O-])n1CCO,0.0,train,../data/images/Tox21/3836.png
3837.0,CCOc1ccc(O)cc1,0.0,train,../data/images/Tox21/3837.png
3838.0,C=CC1CC2C=CC1C2,0.0,train,../data/images/Tox21/3838.png
3839.0,O=[N+]([O-])C(Br)(CO)CO,0.0,train,../data/images/Tox21/3839.png
3840.0,CN1CCOCC1,0.0,train,../data/images/Tox21/3840.png
3841.0,CCCCCCCCCCCCCC(=O)OC(C)C,0.0,train,../data/images/Tox21/3841.png
3842.0,NCC[C@H](O)C(=O)N[C@@H]1C[C@H](N)[C@@H](O[C@H]2O[C@H](CN)[C@@H](O)[C@H](O)[C@H]2O)[C@H](O)[C@H]1O[C@H]1O[C@H](CO)[C@@H](O)[C@H](N)[C@H]1O,0.0,train,../data/images/Tox21/3842.png
3843.0,O=C(O)C(Cl)Br,0.0,train,../data/images/Tox21/3843.png
3844.0,CC(=O)NNc1ccccc1,0.0,train,../data/images/Tox21/3844.png
3845.0,Clc1ccc(Cn2c(CN3CCCC3)nc3ccccc32)cc1,0.0,train,../data/images/Tox21/3845.png
3846.0,CCC(C)C1CCCCC1=O,0.0,train,../data/images/Tox21/3846.png
3847.0,CC(Cl)Cl,0.0,train,../data/images/Tox21/3847.png
3848.0,Nc1ccc(F)cc1,0.0,train,../data/images/Tox21/3848.png
3849.0,Cc1cc(C)cc(O)c1,0.0,train,../data/images/Tox21/3849.png
3850.0,COC(C)(C)CCO,0.0,train,../data/images/Tox21/3850.png
3851.0,COP(=S)(OC)Oc1ccc([N+](=O)[O-])cc1Cl,0.0,train,../data/images/Tox21/3851.png
3852.0,Nc1c(Br)cc(Br)cc1CN[C@H]1CC[C@H](O)CC1,0.0,train,../data/images/Tox21/3852.png
3853.0,c1cc(OCC2CO2)ccc1Cc1ccc(OCC2CO2)cc1,1.0,train,../data/images/Tox21/3853.png
3854.0,O=P(O)(O)OC(Cn1cncn1)(Cn1cncn1)c1ccc(F)cc1F,0.0,train,../data/images/Tox21/3854.png
3855.0,[Ca+2],0.0,train,../data/images/Tox21/3855.png
3856.0,CCCCOC(=O)c1ccc(O)cc1,0.0,train,../data/images/Tox21/3856.png
3857.0,C=CC(=O)OCCOc1ccccc1,1.0,train,../data/images/Tox21/3857.png
3858.0,OC(O)C(Cl)(Cl)Cl,0.0,train,../data/images/Tox21/3858.png
3859.0,COC(=O)[C@H]1[C@H]2C[C@@H]3c4[nH]c5cc(OC)ccc5c4CCN3C[C@H]2C[C@@H](OC(=O)c2cc(OC)c(OC)c(OC)c2)[C@@H]1OC,0.0,train,../data/images/Tox21/3859.png
3860.0,COP(=S)(OC)SCN1C(=O)c2ccccc2C1=O,0.0,train,../data/images/Tox21/3860.png
3861.0,CN1CCN(C(=O)O[C@H]2c3nccnc3C(=O)N2c2ccc(Cl)cn2)CC1,0.0,train,../data/images/Tox21/3861.png
3862.0,CC(C)N(C)C,0.0,train,../data/images/Tox21/3862.png
3863.0,Cc1ccc2c(c1)CCCN2,0.0,train,../data/images/Tox21/3863.png
3864.0,Nc1ccc(Cl)c(Cl)c1,0.0,train,../data/images/Tox21/3864.png
3865.0,CN/C(=N\C#N)NCCSCc1nc[nH]c1C,0.0,train,../data/images/Tox21/3865.png
3866.0,O=C(C=Cc1ccccc1)OCc1ccccc1,0.0,train,../data/images/Tox21/3866.png
3867.0,CN=C=S,0.0,train,../data/images/Tox21/3867.png
3868.0,O=c1[nH]c2ccccc2n1CCCN1CCN(C(c2ccccc2)c2ccccc2)CC1,0.0,train,../data/images/Tox21/3868.png
3869.0,O=C1c2ccccc2C(=O)c2cc(S(=O)(=O)[O-])ccc21,0.0,train,../data/images/Tox21/3869.png
3870.0,CCCn1c(=O)[nH]c(=O)c2[nH]cnc21,0.0,train,../data/images/Tox21/3870.png
3871.0,CCCCCCCCCCCC[N+](C)(C)CCCS(=O)(=O)[O-],0.0,train,../data/images/Tox21/3871.png
3872.0,c1cc(OCC2CO2)cc(OCC2CO2)c1,1.0,train,../data/images/Tox21/3872.png
3873.0,CC[N+](C)(CC)CC,0.0,train,../data/images/Tox21/3873.png
3874.0,NCCCCCCN,0.0,train,../data/images/Tox21/3874.png
3875.0,O=c1cccccc1O,0.0,train,../data/images/Tox21/3875.png
3876.0,CC=CC(=O)CCCC,0.0,train,../data/images/Tox21/3876.png
3877.0,Nc1ccc2c(O)cc(S(=O)(=O)O)cc2c1,1.0,train,../data/images/Tox21/3877.png
3878.0,Clc1cnc(Oc2ccc(Oc3ncc(Cl)cc3Cl)cc2)c(Cl)c1,0.0,train,../data/images/Tox21/3878.png
3879.0,CCN(CC)c1ccc(C(=C2C=CC(=[N+](CC)CC)C=C2)c2ccc(S(=O)(=O)[O-])cc2S(=O)(=O)[O-])cc1,0.0,train,../data/images/Tox21/3879.png
3880.0,CCN(Cc1ccccc1)c1ccccc1,0.0,train,../data/images/Tox21/3880.png
3881.0,O=S(=O)([O-])c1cc(O)ccc1O,0.0,train,../data/images/Tox21/3881.png
3882.0,CC/C=C\CC1=C(C)CCC1=O,0.0,train,../data/images/Tox21/3882.png
3883.0,CC(=O)CC(C)(C)C1CCCCC1,0.0,train,../data/images/Tox21/3883.png
3884.0,NC1CCN(c2nc3c(cc2F)c(=O)c(C(=O)O)cn3-c2ccc(F)cc2F)C1,0.0,train,../data/images/Tox21/3884.png
3885.0,Cc1cc2nc3ccc(N(C)C)cc3[s+]c2cc1N,1.0,train,../data/images/Tox21/3885.png
3886.0,Clc1nc(Cl)nc(Cl)n1,0.0,train,../data/images/Tox21/3886.png
3887.0,C=C[Si](OCCOC)(OCCOC)OCCOC,0.0,train,../data/images/Tox21/3887.png
3888.0,CCCCCCOC(=O)C(C)C,0.0,train,../data/images/Tox21/3888.png
3889.0,CC[n+]1ccccc1,0.0,train,../data/images/Tox21/3889.png
3890.0,C[N+](C)(C)C,0.0,train,../data/images/Tox21/3890.png
3891.0,C/C=C/C=C/C=O,0.0,train,../data/images/Tox21/3891.png
3892.0,BrCc1ccccc1,0.0,train,../data/images/Tox21/3892.png
3893.0,COCCOC[C@H](CC1(C(=O)N[C@H]2CC[C@@H](C(=O)O)CC2)CCCC1)C(=O)Oc1ccc2c(c1)CCC2,0.0,train,../data/images/Tox21/3893.png
3894.0,CCN1CCC[C@H]1CNC(=O)c1cc(S(N)(=O)=O)ccc1OC,0.0,train,../data/images/Tox21/3894.png
3895.0,CNC(=O)c1cc(Oc2ccc(NC(=O)Nc3ccc(Cl)c(C(F)(F)F)c3)cc2)ccn1,1.0,train,../data/images/Tox21/3895.png
3896.0,CCN(C(C)=O)c1cccc(-c2ccnc3c(C#N)cnn23)c1,0.0,train,../data/images/Tox21/3896.png
3897.0,CCCCOC(=O)c1ccccc1C(=O)OCCCC,0.0,train,../data/images/Tox21/3897.png
3898.0,CCCC(C)C(=O)O,0.0,train,../data/images/Tox21/3898.png
3899.0,COC(OC)C(C)c1ccccc1,0.0,train,../data/images/Tox21/3899.png
3900.0,O=C(O)CCCCC1CCSS1,0.0,train,../data/images/Tox21/3900.png
3901.0,CC(O)[C@H]1CC[C@H]2[C@@H]3CC[C@@H]4C[C@@H](O)CC[C@]4(C)[C@H]3CC[C@]12C,0.0,train,../data/images/Tox21/3901.png
3902.0,Clc1nnc(Cl)c2ccccc12,0.0,train,../data/images/Tox21/3902.png
3903.0,O=c1cc[nH]c(=O)[nH]1,0.0,train,../data/images/Tox21/3903.png
3904.0,COc1ccc(NC(C)=O)cc1N,0.0,train,../data/images/Tox21/3904.png
3905.0,O=C(O)CC(=O)O,0.0,train,../data/images/Tox21/3905.png
3906.0,O=C[C@@H](O)[C@H](O)[C@H](O)CO,0.0,train,../data/images/Tox21/3906.png
3907.0,CCCCc1oc2ccccc2c1C(=O)c1cc(I)c(OCCN(CC)CC)c(I)c1,0.0,train,../data/images/Tox21/3907.png
3908.0,Cc1cc(Cl)c(C)cc1Cl,0.0,train,../data/images/Tox21/3908.png
3909.0,CC(=O)O[Si](C)(OC(C)=O)OC(C)=O,0.0,train,../data/images/Tox21/3909.png
3910.0,COCCOCCOCCOCCOCCO,0.0,train,../data/images/Tox21/3910.png
3911.0,Cc1occc1SSc1ccoc1C,1.0,train,../data/images/Tox21/3911.png
3912.0,NC(=O)N1c2ccccc2CC(=O)c2ccccc21,0.0,train,../data/images/Tox21/3912.png
3913.0,CCC(Cl)[N+](=O)[O-],0.0,train,../data/images/Tox21/3913.png
3914.0,CN[C@H]1C[C@@H](N)[C@H](O)[C@@H](O[C@@H]2O[C@H](CO)[C@H](O)[C@@H]3OC4(O[C@H]23)O[C@H](C(N)CO)[C@H](O)[C@H](O)[C@H]4O)[C@@H]1O,0.0,train,../data/images/Tox21/3914.png
3915.0,CCNc1nc(Cl)nc(NCC)n1,0.0,train,../data/images/Tox21/3915.png
3916.0,Brc1nc2ccccc2s1,0.0,train,../data/images/Tox21/3916.png
3917.0,CCCCCCCCCCCCNC(=N)N,0.0,train,../data/images/Tox21/3917.png
3918.0,CC(=O)c1ccc(C(C)=O)cc1,0.0,train,../data/images/Tox21/3918.png
3919.0,CC(O)CN(CCN(CC(C)O)CC(C)O)CC(C)O,0.0,train,../data/images/Tox21/3919.png
3920.0,C[C@]12CCC(=O)C=C1CC[C@@H]1[C@@H]2[C@@H](O)C[C@@]2(C)[C@H]1CC[C@]2(O)C(=O)CO,0.0,train,../data/images/Tox21/3920.png
3921.0,COCCOCCOCCOCCOC,0.0,train,../data/images/Tox21/3921.png
3922.0,Nc1ccc2cc(S(=O)(=O)[O-])cc(O)c2c1/N=N/c1ccccc1C(F)(F)F,0.0,train,../data/images/Tox21/3922.png
3923.0,CC[C@H](C)[C@H]1O[C@]2(C=C[C@@H]1C)C[C@@H]1C[C@@H](CC=C(C)[C@@H](O[C@H]3C[C@H](OC)[C@@H](O[C@H]4C[C@H](OC)[C@@H](O)[C@H](C)O4)[C@H](C)O3)[C@@H](C)C=CC=C3CO[C@@H]4[C@H](O)C(C)=C[C@@H](C(=O)O1)[C@]34O)O2,0.0,train,../data/images/Tox21/3923.png
3924.0,CN1CCC[C@H]1c1cccnc1,0.0,train,../data/images/Tox21/3924.png
3925.0,NC(=O)CN1CC(O)CC1=O,0.0,train,../data/images/Tox21/3925.png
3926.0,O=C(N[C@H](c1ccccc1)[C@@H]1CN2CCC1CC2)c1c(Cl)ccc(C(F)(F)F)c1Cl,0.0,train,../data/images/Tox21/3926.png
3927.0,Cc1cccc(O)c1N,1.0,train,../data/images/Tox21/3927.png
3928.0,CCOc1cc(OCC)c(C(=O)CCC(=O)O)cc1OCC,0.0,train,../data/images/Tox21/3928.png
3929.0,O=C(NOC[C@H](O)CO)c1ccc(F)c(F)c1Nc1ccc(I)cc1F,0.0,train,../data/images/Tox21/3929.png
3930.0,CNC(=S)NN,0.0,train,../data/images/Tox21/3930.png
3931.0,CNc1c2c(nn1C)CCCC2,0.0,train,../data/images/Tox21/3931.png
3932.0,CC1(C)CC(=O)CC(C)(C)N1,0.0,train,../data/images/Tox21/3932.png
3933.0,CCOC(=O)CCN(SN(C)C(=O)Oc1cccc2c1OC(C)(C)C2)C(C)C,0.0,train,../data/images/Tox21/3933.png
3934.0,CCCCCCCCCOCC1CO1,0.0,train,../data/images/Tox21/3934.png
3935.0,C#C[C@]1(OC(C)=O)CC[C@H]2[C@@H]3CCC4=C/C(=N/O)CC[C@@H]4[C@H]3CC[C@@]21CC,1.0,train,../data/images/Tox21/3935.png
3936.0,COc1cc(N)c(Cl)cc1C(=O)NC1CCN(CCCOc2ccc(F)cc2)CC1OC,0.0,train,../data/images/Tox21/3936.png
3937.0,CCCCCCCC/C=C\CCCCCCCC(N)=O,0.0,train,../data/images/Tox21/3937.png
3938.0,C(=C/c1ccccc1)\c1ccccc1,0.0,train,../data/images/Tox21/3938.png
3939.0,C[C@@H]1CN(c2c(F)c(N)c3c(=O)c(C(=O)O)cn(C4CC4)c3c2F)C[C@H](C)N1,0.0,train,../data/images/Tox21/3939.png
3940.0,CCC(CC)Nc1ccc(C)c(C)c1,0.0,train,../data/images/Tox21/3940.png
3941.0,C=CC(=O)OCC(C)C,0.0,train,../data/images/Tox21/3941.png
3942.0,CCCCCCCCOCCCN,0.0,train,../data/images/Tox21/3942.png
3943.0,O=C1c2ccccc2S(=O)(=O)N1CCCCN1CCN(c2ncccn2)CC1,0.0,train,../data/images/Tox21/3943.png
3944.0,N#Cc1ccccn1,0.0,train,../data/images/Tox21/3944.png
3945.0,FC(F)(F)c1cccc(Cl)c1,0.0,train,../data/images/Tox21/3945.png
3946.0,O=C(O)CCl,0.0,train,../data/images/Tox21/3946.png
3947.0,O=C(O)c1cc(-c2ccc(F)cc2F)ccc1O,0.0,train,../data/images/Tox21/3947.png
3948.0,CCC(C)COC(C)=O,0.0,train,../data/images/Tox21/3948.png
3949.0,CC(C)(C)c1cc([N+](=O)[O-])cc([N+](=O)[O-])c1O,1.0,train,../data/images/Tox21/3949.png
3950.0,CCCCCC1CCCC(=O)O1,0.0,train,../data/images/Tox21/3950.png
3951.0,CCCC(CC)CCCCCCCN,0.0,train,../data/images/Tox21/3951.png
3952.0,CCCCNc1c(C(=O)OCC)c(C)nc2c1cnn2CC,0.0,train,../data/images/Tox21/3952.png
3953.0,Cc1c(C(=O)c2cnn(C)c2O)ccc(S(C)(=O)=O)c1C1=NOCC1,0.0,train,../data/images/Tox21/3953.png
3954.0,CN(C)C1CSSSC1,0.0,train,../data/images/Tox21/3954.png
3955.0,Cc1cnc(C)c(C)n1,0.0,train,../data/images/Tox21/3955.png
3956.0,CN1CCN(C(c2ccccc2)c2ccccc2)CC1,0.0,train,../data/images/Tox21/3956.png
3957.0,CN(C)CCN1C(=O)c2ccccc2N(C)c2ccccc21,0.0,train,../data/images/Tox21/3957.png
3958.0,NNC(N)=O,0.0,train,../data/images/Tox21/3958.png
3959.0,CC(C)(C)c1ccc(OCC2CO2)cc1,0.0,train,../data/images/Tox21/3959.png
3960.0,C#C[C@]1(O)CC[C@H]2[C@@H]3CCc4cc(OC)ccc4[C@H]3CC[C@@]21C,0.0,train,../data/images/Tox21/3960.png
3961.0,O=[N+]([O-])c1ccc(Cl)c(Cl)c1Cl,0.0,train,../data/images/Tox21/3961.png
3962.0,OCCc1ccncc1,0.0,train,../data/images/Tox21/3962.png
3963.0,CCCn1cc[n+](C)c1C,0.0,train,../data/images/Tox21/3963.png
3964.0,C[C@]12CCC(=O)C=C1CC[C@@H]1[C@@H]2C(=O)C[C@@]2(C)[C@H]1CC[C@]2(O)C(=O)CO,0.0,train,../data/images/Tox21/3964.png
3965.0,Nc1ccc(O)cc1,1.0,train,../data/images/Tox21/3965.png
3966.0,CC(C)=C[C@@H]1[C@@H](C(=O)OCc2coc(Cc3ccccc3)c2)C1(C)C,0.0,train,../data/images/Tox21/3966.png
3967.0,CN1C(=S)CN=C(c2ccccc2)c2cc(Cl)ccc21,0.0,train,../data/images/Tox21/3967.png
3968.0,ON(Cc1ccccc1)Cc1ccccc1,0.0,train,../data/images/Tox21/3968.png
3969.0,CC(C)(O)C(=O)O,0.0,train,../data/images/Tox21/3969.png
3970.0,Oc1c(Br)cc(Br)c2cccnc12,1.0,train,../data/images/Tox21/3970.png
3971.0,C[C@H]1O[C@@H](O[C@H]2[C@@H](O)C[C@H](O[C@H]3[C@@H](O)C[C@H](O[C@H]4CC[C@@]5(C)[C@H](CC[C@@H]6[C@@H]5C[C@@H](O)[C@]5(C)[C@@H](C7=CC(=O)OC7)CC[C@]65O)C4)O[C@@H]3C)O[C@@H]2C)C[C@H](O)[C@@H]1O,1.0,train,../data/images/Tox21/3971.png
3972.0,Clc1ccccn1,0.0,train,../data/images/Tox21/3972.png
3973.0,CC[C@@H](C)CCCCC(=O)N[C@@H](CCNCS(=O)(=O)[O-])C(=O)N[C@H](C(=O)N[C@@H](CCNCS(=O)(=O)[O-])C(=O)N[C@H]1CCNC(=O)[C@H]([C@@H](C)O)NC(=O)[C@H](CCNCS(=O)(=O)[O-])NC(=O)[C@H](CCNCS(=O)(=O)[O-])NC(=O)[C@H](CC(C)C)NC(=O)[C@@H](CC(C)C)NC(=O)[C@H](CCNCS(=O)(=O)[O-])NC1=O)[C@@H](C)O,0.0,train,../data/images/Tox21/3973.png
3974.0,COc1cc(C[C@@H](C)N)c(OC)cc1C,0.0,train,../data/images/Tox21/3974.png
3975.0,Nc1ncnc2[nH]cnc12,0.0,train,../data/images/Tox21/3975.png
3976.0,CN1C(=O)CC[C@H]1c1cccnc1,0.0,train,../data/images/Tox21/3976.png
3977.0,CC[C@@H](C)CCCCC(=O)N[C@H](CCN)C(=O)N[C@@H](C(=O)N[C@H](CCN)C(=O)N[C@@H]1CCNC(=O)C([C@@H](C)O)NC(=O)[C@@H](CCN)NC(=O)[C@@H](CCN)NC(=O)[C@@H](CC(C)C)NC(=O)[C@@H](Cc2ccccc2)NC(=O)[C@@H](CCN)NC1=O)[C@@H](C)O,0.0,train,../data/images/Tox21/3977.png
3978.0,CC(Cl)(Cl)[N+](=O)[O-],0.0,train,../data/images/Tox21/3978.png
3979.0,CCCN(CCC)N=O,0.0,train,../data/images/Tox21/3979.png
3980.0,CCCCCCCCCCCCOC(=O)c1cc(O)c(O)c(O)c1,1.0,train,../data/images/Tox21/3980.png
3981.0,O=S(=O)([O-])CC(O)CCl,0.0,train,../data/images/Tox21/3981.png
3982.0,COC(=O)c1cc(Cl)cc(Cl)c1,0.0,train,../data/images/Tox21/3982.png
3983.0,Cc1cc(C(=O)NNCc2ccccc2)no1,0.0,train,../data/images/Tox21/3983.png
3984.0,CCCOC(=O)Cc1ccc(OCC(=O)N(CC)CC)c(OC)c1,0.0,train,../data/images/Tox21/3984.png
3985.0,COC(=O)c1ccc2cc(C(=O)OC)ccc2c1,0.0,train,../data/images/Tox21/3985.png
3986.0,CCC(C)(C)C(=O)OC1=C(c2cc(Cl)cc(Cl)c2)C(=O)OC12CCCCC2,1.0,train,../data/images/Tox21/3986.png
3987.0,COC(=O)c1ccccc1,0.0,train,../data/images/Tox21/3987.png
3988.0,C=CCCCCCCCCCC,0.0,train,../data/images/Tox21/3988.png
3989.0,C=CCc1cc(OC)c2c(c1)OCO2,0.0,train,../data/images/Tox21/3989.png
3990.0,CC(Cl)C(C)Cl,0.0,train,../data/images/Tox21/3990.png
3991.0,O=C(OCC(O)CO)c1ccccc1Nc1ccnc2cc(Cl)ccc12,0.0,train,../data/images/Tox21/3991.png
3992.0,CC(C)(Cc1c[nH]c2ccccc12)NCC(O)COc1ccccc1C#N,0.0,train,../data/images/Tox21/3992.png
3993.0,CCC(C(=O)OCCOCCN(CC)CC)c1ccccc1,0.0,train,../data/images/Tox21/3993.png
3994.0,CC(=O)CCc1ccc(OC(C)=O)cc1,0.0,train,../data/images/Tox21/3994.png
3995.0,CC(C)(C)c1ccc(C(=O)O)cc1,0.0,train,../data/images/Tox21/3995.png
3996.0,O=C([O-])[O-],0.0,train,../data/images/Tox21/3996.png
3997.0,CCCCCCC(O)CCOC(C)=O,0.0,train,../data/images/Tox21/3997.png
3998.0,N#CC(Br)(Br)C(N)=O,0.0,train,../data/images/Tox21/3998.png
3999.0,ClCCBr,0.0,train,../data/images/Tox21/3999.png
4000.0,CC/C=C\CCOC(=O)c1ccccc1,0.0,train,../data/images/Tox21/4000.png
4001.0,CCOC(=O)[C@H](CCc1ccccc1)N[C@@H](C)C(=O)N1CCC[C@H]1C(=O)O,0.0,train,../data/images/Tox21/4001.png
4002.0,O=Nc1ccc(Nc2ccccc2)cc1,1.0,train,../data/images/Tox21/4002.png
4003.0,CC(C)[C@H](C(=O)O[C@H](C#N)c1cccc(Oc2ccccc2)c1)c1ccc(Cl)cc1,0.0,train,../data/images/Tox21/4003.png
4004.0,CN1C(=O)C(O)N=C(c2ccccc2)c2cc(Cl)ccc21,0.0,train,../data/images/Tox21/4004.png
4005.0,CCN[C@@H](C)Cc1cccc(C(F)(F)F)c1,0.0,train,../data/images/Tox21/4005.png
4006.0,CC/C=C/C/C=C/C/C=C/CCCCCCCC(=O)OCC,0.0,train,../data/images/Tox21/4006.png
4007.0,Cc1cccc(Cc2c[nH]cn2)c1C,0.0,train,../data/images/Tox21/4007.png
4008.0,CC(C(=O)O)c1ccc(/C=C2\CCCCC2=O)cc1,0.0,train,../data/images/Tox21/4008.png
4009.0,O=C1N=C2SCCN2C(=O)C1Cc1ccc(Cl)cc1,0.0,train,../data/images/Tox21/4009.png
4010.0,COCCCN,0.0,train,../data/images/Tox21/4010.png
4011.0,CC(O)COCC(C)O,0.0,train,../data/images/Tox21/4011.png
4012.0,Cc1cccc2cccnc12,0.0,train,../data/images/Tox21/4012.png
4013.0,CCCCCCCCCCCCCCCCCCCl,0.0,train,../data/images/Tox21/4013.png
4014.0,CC(=O)OCC(=O)[C@@]12N=C(C)O[C@@H]1C[C@H]1[C@@H]3CCC4=CC(=O)C=C[C@]4(C)[C@H]3[C@@H](O)C[C@@]12C,0.0,train,../data/images/Tox21/4014.png
4015.0,COc1nc(C)nc(NC(=O)NS(=O)(=O)c2ccccc2OCCCl)n1,0.0,train,../data/images/Tox21/4015.png
4016.0,C[N+]1([O-])[C@@H]2C[C@@H](OC(=O)[C@H](CO)c3ccccc3)C[C@H]1[C@@H]1O[C@@H]12,0.0,train,../data/images/Tox21/4016.png
4017.0,COC(=O)[C@@H]1CC2=CC(=O)CC[C@]2(C)[C@@]23O[C@@H]2C[C@@]2(C)[C@@H](CC[C@@]24CCC(=O)O4)[C@H]13,0.0,train,../data/images/Tox21/4017.png
4018.0,CCn1cc(C(=O)O)c(=O)c2cnc(N3CCCC3)nc21,0.0,train,../data/images/Tox21/4018.png
4019.0,CC(C)(Sc1cc(C(C)(C)C)c(O)c(C(C)(C)C)c1)Sc1cc(C(C)(C)C)c(O)c(C(C)(C)C)c1,0.0,train,../data/images/Tox21/4019.png
4020.0,CCCOC(=O)C(C)O,0.0,train,../data/images/Tox21/4020.png
4021.0,CCCCOC(C)=O,0.0,train,../data/images/Tox21/4021.png
4022.0,O=P1(N(CCCl)CCCl)NC(OO)CCO1,0.0,train,../data/images/Tox21/4022.png
4023.0,Nc1ccc(Cl)cc1Cl,0.0,train,../data/images/Tox21/4023.png
4024.0,CC/C(C)=N/O[Si](C)(O/N=C(\C)CC)O/N=C(\C)CC,0.0,train,../data/images/Tox21/4024.png
4025.0,CC(=O)c1ccc2c(c1)[C@H](NC(=O)c1ccc(F)cc1)[C@@H](O)C(C)(C)O2,0.0,train,../data/images/Tox21/4025.png
4026.0,O=[PH](Oc1ccccc1)Oc1ccccc1,0.0,train,../data/images/Tox21/4026.png
4027.0,CC(=O)CC(=O)c1ccccc1,0.0,train,../data/images/Tox21/4027.png
4028.0,[O-][Cl+3]([O-])([O-])[O-],0.0,train,../data/images/Tox21/4028.png
4029.0,CCCC(C)CC,0.0,train,../data/images/Tox21/4029.png
4030.0,CCOC(=O)C(C)(C)C,0.0,train,../data/images/Tox21/4030.png
4031.0,O=C1CN(N=Cc2ccc(-c3ccc([N+](=O)[O-])cc3)o2)C(=O)[N-]1,0.0,train,../data/images/Tox21/4031.png
4032.0,Cc1ccc(S(=O)(=O)O)cc1,0.0,train,../data/images/Tox21/4032.png
4033.0,CC(=O)C(=O)O,0.0,train,../data/images/Tox21/4033.png
4034.0,CCOC(=O)CCC(=O)OCC,0.0,train,../data/images/Tox21/4034.png
4035.0,CSc1ccc(Cl)cc1,0.0,train,../data/images/Tox21/4035.png
4036.0,C/C(=C\c1csc(C)n1)C1C[C@@H]2O[C@]2(C)CCC[C@H](C)C(O)[C@@H](C)C(=O)C(C)(C)[C@@H](O)CC(=O)O1,1.0,train,../data/images/Tox21/4036.png
4037.0,CCN(CCCc1ccccc1)CCCc1ccccc1,0.0,train,../data/images/Tox21/4037.png
4038.0,COc1cc(OC)c(OC)cc1C=O,0.0,train,../data/images/Tox21/4038.png
4039.0,O=C(O)C(F)(F)C(F)(F)C(F)(F)C(F)(F)C(F)(F)C(F)(F)F,0.0,train,../data/images/Tox21/4039.png
4040.0,Nc1ccc(C(=O)NCC(=O)O)cc1,0.0,train,../data/images/Tox21/4040.png
4041.0,CC(C)c1ncc([N+](=O)[O-])n1C,0.0,train,../data/images/Tox21/4041.png
4042.0,CCOP(=S)(OCC)Oc1cc(Cl)c(Br)cc1Cl,0.0,train,../data/images/Tox21/4042.png
4043.0,[Hg+2],1.0,train,../data/images/Tox21/4043.png
4044.0,O=C(CCCN1CCC(n2c(=S)[nH]c3ccccc32)CC1)c1ccc(F)cc1,0.0,train,../data/images/Tox21/4044.png
4045.0,CCCCc1ccc2[nH]c(NC(=O)OC)nc2c1,1.0,train,../data/images/Tox21/4045.png
4046.0,O=[N+]([O-])c1cccc([N+](=O)[O-])c1,0.0,train,../data/images/Tox21/4046.png
4047.0,CCCCP(CCCC)CCCC,0.0,train,../data/images/Tox21/4047.png
4048.0,O=C(O)Cn1c(C(=O)Nc2nc(-c3ccccc3Cl)cs2)cc2ccccc21,0.0,train,../data/images/Tox21/4048.png
4049.0,CC(C)=CCCC(C)=CC(=O)O,0.0,train,../data/images/Tox21/4049.png
4050.0,CC(C)(N=C=O)c1cccc(C(C)(C)N=C=O)c1,0.0,train,../data/images/Tox21/4050.png
4051.0,ClCC(Cl)(Cl)Cl,0.0,train,../data/images/Tox21/4051.png
4052.0,CCC(C)(O)CCCC(C)C,0.0,train,../data/images/Tox21/4052.png
4053.0,CC1(C)C(=O)N(Br)C(=O)N1Cl,0.0,train,../data/images/Tox21/4053.png
4054.0,CCn1cc[n+](C)c1C,0.0,train,../data/images/Tox21/4054.png
4055.0,C[C@@H]1[C@H]2Cc3ccc(O)cc3[C@]1(C)CCN2C,0.0,train,../data/images/Tox21/4055.png
4056.0,COc1c(N2CCNC(C)C2)c(F)cc2c(=O)c(C(=O)O)cn(C3CC3)c12,0.0,train,../data/images/Tox21/4056.png
4057.0,CC(=O)OC(C)=O,0.0,train,../data/images/Tox21/4057.png
4058.0,CCC(=O)OC(=O)CC,0.0,train,../data/images/Tox21/4058.png
4059.0,Cc1ccccc1CO[C@H]1C[C@]2(C(C)C)CC[C@@]1(C)O2,0.0,train,../data/images/Tox21/4059.png
4060.0,CN1CCCC1,0.0,train,../data/images/Tox21/4060.png
4061.0,CCSC(=O)Cl,0.0,train,../data/images/Tox21/4061.png
4062.0,CC1CC(C)C(=O)C1=O,0.0,train,../data/images/Tox21/4062.png
4063.0,Nc1ccc(S(=O)(=O)Nc2ccc(Cl)nn2)cc1,0.0,train,../data/images/Tox21/4063.png
4064.0,CCc1cc(C2=C(C(=O)[O-])N(c3ccccc3C(F)(F)F)S(=O)(=O)c3ccccc32)cc2c1OCO2,0.0,train,../data/images/Tox21/4064.png
4065.0,O=NN1CCCCCC1,0.0,train,../data/images/Tox21/4065.png
4066.0,[Ba+2],0.0,train,../data/images/Tox21/4066.png
4067.0,NC(CCC(=O)O)C(=O)O,0.0,train,../data/images/Tox21/4067.png
4068.0,CCC(N)(CO)CO,0.0,train,../data/images/Tox21/4068.png
4069.0,CCOc1ccc(NC(C)=O)cc1N,0.0,train,../data/images/Tox21/4069.png
4070.0,C[S+](C)CCC(N)C(=O)O,0.0,train,../data/images/Tox21/4070.png
4071.0,CC1=C(C(=O)Nc2ccccc2)SCCO1,0.0,train,../data/images/Tox21/4071.png
4072.0,Nc1nc2c(ncn2COC(CO)CO)c(=O)[nH]1,0.0,train,../data/images/Tox21/4072.png
4073.0,C=CC(C)(CCC=C(C)C)OC(=O)CC(C)C,0.0,train,../data/images/Tox21/4073.png
4074.0,CNC(=O)Oc1cc(C)cc(C(C)C)c1,0.0,train,../data/images/Tox21/4074.png
4075.0,CCCN(CCC)C(=O)SCC,0.0,train,../data/images/Tox21/4075.png
4076.0,O=C1[N-]S(=O)(=O)c2ccccc21,0.0,train,../data/images/Tox21/4076.png
4077.0,CCCC/C=C/C=C\C=O,0.0,train,../data/images/Tox21/4077.png
4078.0,Cn1c(=O)c2[nH]cnc2n(C)c1=O,0.0,train,../data/images/Tox21/4078.png
4079.0,CN1CCc2cccc3c2[C@H]1Cc1ccc(O)c(O)c1-3,0.0,train,../data/images/Tox21/4079.png
4080.0,CN(CC1(C)CCCO1)S(=O)(=O)c1ccc(Cl)c(S(N)(=O)=O)c1,0.0,train,../data/images/Tox21/4080.png
4081.0,CN(C)[C@@H]1C(O)=C(C(=O)NCN[C@@H](CCCCN)C(=O)O)C(=O)[C@@]2(O)C(O)=C3C(=O)c4c(O)cccc4[C@@](C)(O)C3C[C@@H]12,0.0,train,../data/images/Tox21/4081.png
4082.0,C1N2CN3CN1CN(C2)C3,0.0,train,../data/images/Tox21/4082.png
4083.0,COC(=O)CC(C)=O,0.0,train,../data/images/Tox21/4083.png
4084.0,CC(C)N(CCC(C(N)=O)(c1ccccc1)c1ccccn1)C(C)C,0.0,train,../data/images/Tox21/4084.png
4085.0,CC[C@H]1OC(=O)[C@H](C)C(=O)[C@H](C)[C@@H](O[C@@H]2O[C@H](C)C[C@H](N(C)C)[C@H]2O)[C@](C)(OC)C[C@@H](C)C(=O)[C@H](C)[C@H]2N(CCCCn3cnc(-c4cccnc4)c3)C(=O)O[C@]12C,0.0,train,../data/images/Tox21/4085.png
4086.0,N[C@@H](Cc1c[nH]c2ccccc12)C(=O)O,0.0,train,../data/images/Tox21/4086.png
4087.0,CC(C)CNCC(C)C,0.0,train,../data/images/Tox21/4087.png
4088.0,CNC(=O)NC,0.0,train,../data/images/Tox21/4088.png
4089.0,O=C(O)c1nc(Cl)ccc1Cl,0.0,train,../data/images/Tox21/4089.png
4090.0,CCCCC(CC)COC(=O)COc1cc(Cl)c(Cl)cc1Cl,0.0,train,../data/images/Tox21/4090.png
4091.0,Cc1cc(C)c(C)cc1C,0.0,train,../data/images/Tox21/4091.png
4092.0,COc1ccc2[nH]c(S(=O)Cc3ncc(C)c(OC)c3C)nc2c1,0.0,train,../data/images/Tox21/4092.png
4093.0,C[C@@H](O)[C@H]1C(=O)N2C(C(=O)[O-])=C(SC3Cn4cnc[n+]4C3)[C@H](C)[C@H]12,0.0,train,../data/images/Tox21/4093.png
4094.0,N#CC1(N=NC2(C#N)CCCCC2)CCCCC1,0.0,train,../data/images/Tox21/4094.png
4095.0,Nc1ccccc1S(=O)(=O)c1ccccc1,0.0,train,../data/images/Tox21/4095.png
4096.0,CCCCC(CC)COC(=O)CC#N,0.0,train,../data/images/Tox21/4096.png
4097.0,CCCCOCC(C)OCC(C)O,0.0,train,../data/images/Tox21/4097.png
4098.0,Cc1c(N)cccc1[N+](=O)[O-],0.0,train,../data/images/Tox21/4098.png
4099.0,CCCCCCCCCCCC(=O)N(CC)CC,0.0,train,../data/images/Tox21/4099.png
4100.0,O=C(c1ccccc1)c1ccccc1O,0.0,train,../data/images/Tox21/4100.png
4101.0,CCOC(=S)[S-],0.0,train,../data/images/Tox21/4101.png
4102.0,Cc1ccc(S(=O)(=O)NC(=O)NN2CC3CCCC3C2)cc1,0.0,train,../data/images/Tox21/4102.png
4103.0,CCCCC1CCCCC(=O)O1,0.0,train,../data/images/Tox21/4103.png
4104.0,COc1ccc(OC)c(CC(C)N)c1,0.0,train,../data/images/Tox21/4104.png
4105.0,CC(=O)OCC(=O)[C@@]1(O)[C@H](OC(C)=O)C[C@H]2[C@@H]3CCC4=CC(=O)C=C[C@]4(C)[C@@]3(F)[C@@H](O)C[C@@]21C,0.0,train,../data/images/Tox21/4105.png
4106.0,CCOc1cc(C(C)(C)C)ccc1C1COC(c2c(F)cccc2F)=N1,0.0,train,../data/images/Tox21/4106.png
4107.0,Clc1ccc2c(c1)C(c1ccccc1)=NCc1nncn1-2,0.0,train,../data/images/Tox21/4107.png
4108.0,CCCCCCCCCCCC(=O)O,0.0,train,../data/images/Tox21/4108.png
4109.0,Cc1ccc2c(c1)OCC(=O)CO2,0.0,train,../data/images/Tox21/4109.png
4110.0,C[N+](C)(C)CC(=O)O,0.0,train,../data/images/Tox21/4110.png
4111.0,CCCCCCOC(=O)c1ccccc1,0.0,train,../data/images/Tox21/4111.png
4112.0,ClC(Br)Br,0.0,train,../data/images/Tox21/4112.png
4113.0,O=C(O)C1C2CCC(O2)C1C(=O)O,0.0,train,../data/images/Tox21/4113.png
4114.0,CCCCCCc1ccc(-c2ccc(C#N)cc2)cc1,0.0,train,../data/images/Tox21/4114.png
4115.0,COC(OC)(C(=O)c1ccccc1)c1ccccc1,0.0,train,../data/images/Tox21/4115.png
4116.0,CCOC(=O)C=Cc1ccccc1,0.0,train,../data/images/Tox21/4116.png
4117.0,C[C@@H](c1ncncc1F)[C@](O)(Cn1cncn1)c1ccc(F)cc1F,0.0,train,../data/images/Tox21/4117.png
4118.0,O=S(c1cc(Cl)cc(Cl)c1O)c1cc(Cl)cc(Cl)c1O,1.0,train,../data/images/Tox21/4118.png
4119.0,CCCC(=O)Nc1ccc(OCC(O)CNC(C)C)c(C(C)=O)c1,0.0,train,../data/images/Tox21/4119.png
4120.0,CCN(CC)CCNC(=O)c1ccc(N)cc1,0.0,train,../data/images/Tox21/4120.png
4121.0,CC(=O)OCC(=O)NCCCOc1cccc(CN2CCCCC2)c1,0.0,train,../data/images/Tox21/4121.png
4122.0,CC(C)C(=O)O,0.0,train,../data/images/Tox21/4122.png
4123.0,c1ccc2cc3c(cc2c1)-c1cccc2cccc-3c12,1.0,train,../data/images/Tox21/4123.png
4124.0,C#CCOC(=O)[C@@H](C)Oc1ccc(Oc2ncc(Cl)cc2F)cc1,0.0,train,../data/images/Tox21/4124.png
4125.0,Cc1ccc2cc(C)ccc2c1,0.0,train,../data/images/Tox21/4125.png
4126.0,Cc1ncc(C[n+]2csc(CCOP(=O)(O)O)c2C)c(N)n1,0.0,train,../data/images/Tox21/4126.png
4127.0,NS(=O)(=O)[O-],0.0,train,../data/images/Tox21/4127.png
4128.0,O=C(NN1CCCC1)NS(=O)(=O)c1ccc(Cl)cc1,0.0,train,../data/images/Tox21/4128.png
4129.0,Nc1ccc(S(=O)(=O)Nc2ccccn2)cc1,0.0,train,../data/images/Tox21/4129.png
4130.0,OCC1CCCO1,0.0,train,../data/images/Tox21/4130.png
4131.0,NCCN,0.0,train,../data/images/Tox21/4131.png
4132.0,CC(=O)C(C)(C)C,0.0,train,../data/images/Tox21/4132.png
4133.0,C=CCN(CC=C)C(=O)C(Cl)Cl,0.0,train,../data/images/Tox21/4133.png
4134.0,Sc1ccccc1,0.0,train,../data/images/Tox21/4134.png
4135.0,Cc1ccc(OC(=O)CC(C)C)cc1,0.0,train,../data/images/Tox21/4135.png
4136.0,CCCCO[AlH3](OCCCC)OCCCC,0.0,train,../data/images/Tox21/4136.png
4137.0,Cc1cc(C(C)(C)C)c(O)c(C(C)(C)C)c1,0.0,train,../data/images/Tox21/4137.png
4138.0,CC[N+](CC)(CC)CCC(O)(c1ccccc1)C1CCCCC1,0.0,train,../data/images/Tox21/4138.png
4139.0,O=C1CC[C@@]2(O)[C@H]3Cc4ccc(O)c5c4[C@@]2(CCN3CC2CC2)[C@H]1O5,0.0,train,../data/images/Tox21/4139.png
4140.0,CC(=O)NC[C@H]1CN(c2ccc(N3CCOCC3)c(F)c2)C(=O)O1,0.0,train,../data/images/Tox21/4140.png
4141.0,CN1C(C)(C)CCCC1(C)C,0.0,train,../data/images/Tox21/4141.png
4142.0,C/C(=C(/CCO)SSCC1CCCO1)N(C=O)Cc1cnc(C)nc1N,0.0,train,../data/images/Tox21/4142.png
4143.0,CCCCCCCCOC(C)=O,0.0,train,../data/images/Tox21/4143.png
4144.0,CC(C)CCOC(=O)CC(C)C,0.0,train,../data/images/Tox21/4144.png
4145.0,CC12CCC(C1)C(C)(C)C2O,0.0,train,../data/images/Tox21/4145.png
4146.0,CCCCCCCCCCCCOS(=O)(=O)O,0.0,train,../data/images/Tox21/4146.png
4147.0,c1cc(N(CC2CO2)CC2CO2)ccc1Cc1ccc(N(CC2CO2)CC2CO2)cc1,1.0,train,../data/images/Tox21/4147.png
4148.0,C=C(C)C(=O)[O-],0.0,train,../data/images/Tox21/4148.png
4149.0,CCO[Si](CCC1CCC2OC2C1)(OCC)OCC,0.0,train,../data/images/Tox21/4149.png
4150.0,C#CCOC(=O)/C=C(C)/C=C/CC(C)CCCC(C)C,0.0,train,../data/images/Tox21/4150.png
4151.0,O=C1OC(O)C(C(Cl)Cl)=C1Cl,1.0,train,../data/images/Tox21/4151.png
4152.0,COC(C=C(C)CCC=C(C)C)OC,0.0,train,../data/images/Tox21/4152.png
4153.0,CCCC(=O)[O-],0.0,train,../data/images/Tox21/4153.png
4154.0,C=CCOC(Cn1ccnc1)c1ccc(Cl)cc1Cl,1.0,train,../data/images/Tox21/4154.png
4155.0,CN1CCC(=C2c3ccccc3CCc3cccnc32)CC1,0.0,train,../data/images/Tox21/4155.png
4156.0,C=C(C)OC(C)=O,0.0,train,../data/images/Tox21/4156.png
4157.0,N[C@@H](CCC(=O)N[C@@H](CSSC[C@H](NC(=O)CC[C@H](N)C(=O)O)C(=O)NCC(=O)O)C(=O)NCC(=O)O)C(=O)O,0.0,train,../data/images/Tox21/4157.png
4158.0,C=CC1CO1,0.0,train,../data/images/Tox21/4158.png
4159.0,O=C([O-])c1[nH]n(-c2ccc(S(=O)(=O)[O-])cc2)c(=O)c1/N=N/c1ccc(S(=O)(=O)[O-])cc1,0.0,train,../data/images/Tox21/4159.png
4160.0,CC(C)(O)c1ccccc1,0.0,train,../data/images/Tox21/4160.png
4161.0,Cc1ccc(-c2cc(C(F)(F)F)nn2-c2ccc(S(N)(=O)=O)cc2)cc1,0.0,train,../data/images/Tox21/4161.png
4162.0,COP(=O)(OC)O/C(=C\Cl)c1cc(Cl)c(Cl)cc1Cl,0.0,train,../data/images/Tox21/4162.png
4163.0,O=C1O[Pt]2(N[C@@H]3CCCC[C@H]3N2)OC1=O,1.0,train,../data/images/Tox21/4163.png
4164.0,CCC[N+](=O)[O-],0.0,train,../data/images/Tox21/4164.png
4165.0,CCc1oc2ccccc2c1C(=O)c1cc(I)c(O)c(I)c1,1.0,train,../data/images/Tox21/4165.png
4166.0,COc1ccc(-c2cc(=O)c3c(O)cc(O[C@@H]4O[C@H](CO[C@@H]5O[C@@H](C)[C@H](O)[C@@H](O)[C@H]5O)[C@@H](O)[C@H](O)[C@H]4O)cc3o2)cc1O,0.0,train,../data/images/Tox21/4166.png
4167.0,c1ccc2cnccc2c1,0.0,train,../data/images/Tox21/4167.png
4168.0,O=C(C(=O)c1ccc(Br)cc1)c1ccc(Br)cc1,0.0,train,../data/images/Tox21/4168.png
4169.0,CCCN(CCCl)c1c([N+](=O)[O-])cc(C(F)(F)F)cc1[N+](=O)[O-],0.0,train,../data/images/Tox21/4169.png
4170.0,CC(=O)N[C@@H](CS)C(=O)O,0.0,train,../data/images/Tox21/4170.png
4171.0,Cc1cc(=O)oc2cc(O)ccc12,1.0,train,../data/images/Tox21/4171.png
4172.0,C/N=C(\NC)NCc1ccccc1,0.0,train,../data/images/Tox21/4172.png
4173.0,CCCOC(=O)CC,0.0,train,../data/images/Tox21/4173.png
4174.0,CN[C@@H](C)[C@H](O)c1ccccc1,0.0,train,../data/images/Tox21/4174.png
4175.0,O=C(O)[C@@H](O)[C@H](O)[C@H](O)[C@@H](O)C(=O)O,0.0,train,../data/images/Tox21/4175.png
4176.0,CC1CN1,0.0,train,../data/images/Tox21/4176.png
4177.0,CC1CCCCC1NC(=O)Nc1ccccc1,0.0,train,../data/images/Tox21/4177.png
4178.0,O=C(O)CC(C(=O)O)S(=O)(=O)O,0.0,train,../data/images/Tox21/4178.png
4179.0,CC(C)CCCCCCOC(=O)C1CCCCC1C(=O)OCCCCCCC(C)C,0.0,train,../data/images/Tox21/4179.png
4180.0,C[As](C)(=O)O,0.0,train,../data/images/Tox21/4180.png
4181.0,CC(=O)[C@H]1CC[C@H]2[C@@H]3C[C@H](C)C4=CC(=O)CC[C@]4(C)[C@H]3[C@@H](O)C[C@]12C,0.0,train,../data/images/Tox21/4181.png
4182.0,N#CC(C#N)=C(C#N)C#N,0.0,train,../data/images/Tox21/4182.png
4183.0,CC[C@@H](O)C(C[C@@H](C)N(C)C)(c1ccccc1)c1ccccc1,0.0,train,../data/images/Tox21/4183.png
4184.0,C[C@]12CCC(=O)C[C@@H]1CC[C@@H]1[C@@H]2CC[C@@]2(C)[C@H]1CC[C@]2(C)O,0.0,train,../data/images/Tox21/4184.png
4185.0,CC(C)(C)c1ccc(-c2ccc(C(C)(C)C)cc2)cc1,0.0,train,../data/images/Tox21/4185.png
4186.0,O=CCCCC=O,1.0,train,../data/images/Tox21/4186.png
4187.0,Cc1ccc(NC(N)=O)cc1,0.0,train,../data/images/Tox21/4187.png
4188.0,O=c1[nH]c(=O)n([C@H]2C[C@H](O)[C@@H](CO)O2)cc1C(F)(F)F,1.0,train,../data/images/Tox21/4188.png
4189.0,CCCc1c2oc(C(=O)O)cc(=O)c2cc2c(=O)cc(C(=O)O)n(CC)c12,0.0,train,../data/images/Tox21/4189.png
4190.0,CC(=O)N[C@@H](CC(C)C)C(=O)O,0.0,train,../data/images/Tox21/4190.png
4191.0,CC(C)c1ccc2cc(C(C)C)ccc2c1,0.0,train,../data/images/Tox21/4191.png
4192.0,CCCCC(=O)O[C@H]1CC[C@H]2[C@@H]3CCc4cc(O)ccc4[C@H]3CC[C@]12C,0.0,train,../data/images/Tox21/4192.png
4193.0,O=[N+]([O-])c1cccc(Cl)c1,0.0,train,../data/images/Tox21/4193.png
4194.0,Cc1cc(C)c(C)c(O)c1,0.0,train,../data/images/Tox21/4194.png
4195.0,CCOC(=O)c1cnc2cc(OCC(C)C)c(OCC(C)C)cc2c1O,0.0,train,../data/images/Tox21/4195.png
4196.0,O=C(c1ccc2c(c1)C(=O)OC2=O)c1ccc2c(c1)C(=O)OC2=O,0.0,train,../data/images/Tox21/4196.png
4197.0,CCCCCCCC(=O)OCC(O)CO,0.0,train,../data/images/Tox21/4197.png
4198.0,OC1CCCC1,0.0,train,../data/images/Tox21/4198.png
4199.0,NCCCNCCCN,0.0,train,../data/images/Tox21/4199.png
4200.0,COc1cc(/C=C/c2ccccc2)oc(=O)c1,0.0,train,../data/images/Tox21/4200.png
4201.0,CO/N=C(/C(=O)OC)c1ccccc1CON=C(C)c1cccc(C(F)(F)F)c1,1.0,train,../data/images/Tox21/4201.png
4202.0,CC(N)CN,0.0,train,../data/images/Tox21/4202.png
4203.0,O=C(Nc1ccc(Cl)cc1)Nc1ccc(Cl)c(C(F)(F)F)c1,1.0,train,../data/images/Tox21/4203.png
4204.0,CC(C)(C)c1ccccc1O,0.0,train,../data/images/Tox21/4204.png
4205.0,CN1C(=O)N(C)C(O)C1O,0.0,train,../data/images/Tox21/4205.png
4206.0,CN(C)c1ccc(C=O)cc1,0.0,train,../data/images/Tox21/4206.png
4207.0,C1C2OC2C2C1C1CC2C2OC12,0.0,train,../data/images/Tox21/4207.png
4208.0,Cc1c(C(=O)O)c(O)cc2c1C(=O)c1c(O)c([C@@H]3O[C@H](CO)[C@@H](O)[C@H](O)[C@H]3O)c(O)c(O)c1C2=O,0.0,train,../data/images/Tox21/4208.png
4209.0,CCOC(=O)c1ccc(O)cc1,0.0,train,../data/images/Tox21/4209.png
4210.0,CCCCCOC(=O)CCCC,0.0,train,../data/images/Tox21/4210.png
4211.0,CCCCCCCCO[C@@H]1O[C@H](CO)[C@@H](O)[C@H](O)[C@H]1O,0.0,train,../data/images/Tox21/4211.png
4212.0,CC(=O)c1c(C)c([N+](=O)[O-])c(C(C)(C)C)c([N+](=O)[O-])c1C,0.0,train,../data/images/Tox21/4212.png
4213.0,CC(C)=CCC/C(C)=C\CO,0.0,train,../data/images/Tox21/4213.png
4214.0,O=Cc1ccc(Cl)c(Cl)c1,0.0,train,../data/images/Tox21/4214.png
4215.0,CC12CC1(C)C(=O)N(c1cc(Cl)cc(Cl)c1)C2=O,0.0,train,../data/images/Tox21/4215.png
4216.0,NCCOCCO,0.0,train,../data/images/Tox21/4216.png
4217.0,CCN[C@H]1C[C@H](C)S(=O)(=O)c2sc(S(N)(=O)=O)cc21,0.0,train,../data/images/Tox21/4217.png
4218.0,C[C@H]1O[C@@H](O[C@H]2[C@@H](O)C[C@H](O[C@H]3[C@@H](O)C[C@H](O[C@H]4CC[C@@]5(C)[C@H](CC[C@@H]6[C@@H]5CC[C@]5(C)[C@@H](C7=CC(=O)OC7)CC[C@]65O)C4)O[C@@H]3C)O[C@@H]2C)C[C@H](O)[C@@H]1O,1.0,train,../data/images/Tox21/4218.png
4219.0,CC[S+](C)CC,0.0,train,../data/images/Tox21/4219.png
4220.0,CC(=O)CCC=C(C)CCC=C(C)C,0.0,train,../data/images/Tox21/4220.png
4221.0,CC(CC(=O)O)CC(C)(C)C,0.0,train,../data/images/Tox21/4221.png
4222.0,NC(=O)c1ccccc1,0.0,train,../data/images/Tox21/4222.png
4223.0,O=Cc1ccccc1S(=O)(=O)[O-],0.0,train,../data/images/Tox21/4223.png
4224.0,CCCCC=O,0.0,train,../data/images/Tox21/4224.png
4225.0,Cc1ccc(C(=O)O)cc1[N+](=O)[O-],0.0,train,../data/images/Tox21/4225.png
4226.0,CCCCOC(=O)C(=O)Nc1cccc(-c2nnn[nH]2)c1,0.0,train,../data/images/Tox21/4226.png
4227.0,CN(C)CCCCCCN(C)C,0.0,train,../data/images/Tox21/4227.png
4228.0,S=c1nccc[nH]1,0.0,train,../data/images/Tox21/4228.png
4229.0,BrCBr,0.0,train,../data/images/Tox21/4229.png
4230.0,OCCN1CCOCC1,0.0,train,../data/images/Tox21/4230.png
4231.0,CC1CCC2CC1C2(C)C,0.0,train,../data/images/Tox21/4231.png
4232.0,COc1ccc(CCC(C)=O)cc1,0.0,train,../data/images/Tox21/4232.png
4233.0,O=C(NCC(O)CO)c1c(I)c(C(=O)NCC(O)CO)c(I)c(N(CCO)C(=O)CO)c1I,0.0,train,../data/images/Tox21/4233.png
4234.0,Cc1cc2nc(N)sc2cc1C,0.0,train,../data/images/Tox21/4234.png
4235.0,NC(=O)Cc1cccc2ccccc12,0.0,train,../data/images/Tox21/4235.png
4236.0,Cc1cc(C)c(N)c(Cl)c1,0.0,train,../data/images/Tox21/4236.png
4237.0,CC[N+](CC)(CC)CCOc1ccc(/C=C/c2ccccc2)cc1,0.0,train,../data/images/Tox21/4237.png
4238.0,OC1CCCCCCCCCCC1,0.0,train,../data/images/Tox21/4238.png
4239.0,O=S(=O)(O)F,0.0,train,../data/images/Tox21/4239.png
4240.0,Cn1c(=O)c2[nH]c(Br)nc2n(C)c1=O,0.0,train,../data/images/Tox21/4240.png
4241.0,Cc1ccc(CO)cc1,0.0,train,../data/images/Tox21/4241.png
4242.0,O=C(/C=C/c1ccc(O)c(O)c1)O[C@@H](C(=O)O)[C@@H](OC(=O)/C=C/c1ccc(O)c(O)c1)C(=O)O,0.0,train,../data/images/Tox21/4242.png
4243.0,CCN1C(=CC=Cc2sc3ccccc3[n+]2CC)Sc2ccccc21,1.0,train,../data/images/Tox21/4243.png
4244.0,COc1nn(C(=O)[N-]S(=O)(=O)c2ccccc2OC(F)(F)F)c(=O)n1C,0.0,train,../data/images/Tox21/4244.png
4245.0,C[C@H]1[C@@H](c2ccccc2)N=C(O)N1C,0.0,train,../data/images/Tox21/4245.png
4246.0,CC1(C)Cc2cccc(N)c2O1,0.0,train,../data/images/Tox21/4246.png
4247.0,CO[C@H]1C=CO[C@@]2(C)Oc3c(C)c(O)c4c(c3C2=O)C2=NC3(CCN(CC(C)C)CC3)NC2=C(NC(=O)C(C)=CC=C[C@H](C)[C@H](O)[C@@H](C)[C@@H](O)[C@@H](C)[C@H](OC(C)=O)[C@@H]1C)C4=O,0.0,train,../data/images/Tox21/4247.png
4248.0,CCN(CC)CCOC(=O)C(c1ccccc1)c1ccccc1,0.0,train,../data/images/Tox21/4248.png
4249.0,NC(N)=[Se],0.0,train,../data/images/Tox21/4249.png
4250.0,NC(=O)c1cnccn1,0.0,train,../data/images/Tox21/4250.png
4251.0,OCC1CC=CCC1,0.0,train,../data/images/Tox21/4251.png
4252.0,CC(C)c1cccc(C(C)C)c1N,0.0,train,../data/images/Tox21/4252.png
4253.0,CC(C)O,0.0,train,../data/images/Tox21/4253.png
4254.0,c1ccc(Nc2ccc3ccccc3c2)cc1,0.0,train,../data/images/Tox21/4254.png
4255.0,CCN(CC)CCNC(=O)c1ccc(NS(C)(=O)=O)cc1,0.0,train,../data/images/Tox21/4255.png
4256.0,Cc1cccc(C)c1,0.0,train,../data/images/Tox21/4256.png
4257.0,CC(=O)c1ccc[nH]1,0.0,train,../data/images/Tox21/4257.png
4258.0,O=C(c1ccccc1)c1ccc2n1CC[C@H]2C(=O)O,0.0,train,../data/images/Tox21/4258.png
4259.0,O=[N+]([O-])C(CO)(CO)CO,0.0,train,../data/images/Tox21/4259.png
4260.0,CCN(Cc1cccc(S(=O)(=O)[O-])c1)c1ccc(C(=C2C=CC(=[N+](CC)Cc3cccc(S(=O)(=O)[O-])c3)C=C2)c2ccccc2)cc1,0.0,train,../data/images/Tox21/4260.png
4261.0,O=C1NC(=O)C2CC=CCC12,0.0,train,../data/images/Tox21/4261.png
4262.0,O=C(CCC1CCN(Cc2ccccc2)CC1)c1ccc2c(c1)NCCCC2,0.0,train,../data/images/Tox21/4262.png
4263.0,Cc1ccccc1S,0.0,train,../data/images/Tox21/4263.png
4264.0,O=C(Oc1ccc(Br)cc1)N1CCN2CCC1CC2,0.0,train,../data/images/Tox21/4264.png
4265.0,CN(C(=O)CCCOc1ccc2[nH]c(=O)ccc2c1)C1CCCCC1,0.0,train,../data/images/Tox21/4265.png
4266.0,O=C(O)c1ccccc1,0.0,train,../data/images/Tox21/4266.png
4267.0,CCC(C)OC(=O)c1ccc(O)cc1,0.0,train,../data/images/Tox21/4267.png
4268.0,O=C(C=Cc1ccccc1)OCC=Cc1ccccc1,0.0,train,../data/images/Tox21/4268.png
4269.0,CN1C(=O)C[C@@H](C(=O)N[C@@H](Cc2c[nH]cn2)C(=O)N2CCC[C@H]2C(N)=O)NC1=O,0.0,train,../data/images/Tox21/4269.png
4270.0,CC[C@H](C)[C@@H]1NC(=O)[C@H](Cc2ccc(O)cc2)NC(=O)[C@@H](N)CSSC[C@@H](C(=O)N2CCC[C@H]2C(=O)N[C@@H](CC(C)C)C(=O)NCC(N)=O)NC(=O)[C@H](CC(N)=O)NC(=O)[C@H](CCC(N)=O)NC1=O,0.0,train,../data/images/Tox21/4270.png
4271.0,Nc1cc(Cl)c(O)c(Cl)c1,1.0,train,../data/images/Tox21/4271.png
4272.0,c1ccc(Oc2ccccc2)cc1,0.0,train,../data/images/Tox21/4272.png
4273.0,CCCOC(=O)c1ccccc1O,0.0,train,../data/images/Tox21/4273.png
4274.0,Cc1oc2c(NC(=O)c3c(Cl)cccc3Cl)cccc2c1C(C)(C)O,0.0,train,../data/images/Tox21/4274.png
