idx,smiles,SIDER,group,img_path
0.0,COC(=O)C(c1ccccc1)C1CCCCN1,1.0,train,../data/images/SIDER/0.png
1.0,O=C1CCc2ccc(OCCCCN3CCN(c4cccc(Cl)c4Cl)CC3)cc2N1,1.0,train,../data/images/SIDER/1.png
2.0,C=CC1=C(C(=O)O)N2C(=O)C(NC(=O)C(=NOCC(=O)O)c3csc(N)n3)C2SC1,1.0,train,../data/images/SIDER/2.png
3.0,CC1CC2C3CCC4=CC(=O)C=CC4(C)C3(Cl)C(O)CC2(C)C1(OC(=O)c1ccco1)C(=O)CCl,0.0,train,../data/images/SIDER/3.png
4.0,CC(COc1ccccc1)NC(C)C(O)c1ccc(O)cc1,0.0,train,../data/images/SIDER/4.png
5.0,Cc1c(-c2ccccc2)oc2c(C(=O)OCCN3CCCCC3)cccc2c1=O,0.0,train,../data/images/SIDER/5.png
6.0,CC(C)CN(C[C@@H](OP(=O)([O-])[O-])[C@H](Cc1ccccc1)NC(=O)O[C@H]1CCOC1)S(=O)(=O)c1ccc(N)cc1,0.0,train,../data/images/SIDER/6.png
7.0,CC1CC2C3CCC4=CC(=O)C=CC4(C)[C@@]3(F)C(O)CC2(C)[C@@]1(O)C(=O)CCl,0.0,train,../data/images/SIDER/7.png
8.0,CC1(C)[C@@H](C=C(Cl)Cl)[C@@H]1C(=O)OCc1cccc(Oc2ccccc2)c1,0.0,train,../data/images/SIDER/8.png
9.0,COc1cc(NC(C)CCCN)c2ncccc2c1,0.0,train,../data/images/SIDER/9.png
10.0,O=C(/C=C/c1cccc(S(=O)(=O)Nc2ccccc2)c1)NO,1.0,train,../data/images/SIDER/10.png
11.0,CCCNC(C)C(=O)Nc1c(C)csc1C(=O)OC,0.0,train,../data/images/SIDER/11.png
12.0,COc1ccc(CCN(C)CCCC(C#N)(c2ccc(OC)c(OC)c2)C(C)C)cc1OC,1.0,train,../data/images/SIDER/12.png
13.0,O=C1c2c(O)ccc(O)c2C(=O)c2c(NCCNCCO)ccc(NCCNCCO)c21,1.0,train,../data/images/SIDER/13.png
14.0,CCCCCCCCCCCC(CC1OC(=O)C1CCCCCC)OC(=O)C(CC(C)C)NC=O,1.0,train,../data/images/SIDER/14.png
15.0,CCOC(=O)C1=C(C)NC(C)=C(C(=O)OC)C1c1cccc(Cl)c1Cl,1.0,train,../data/images/SIDER/15.png
16.0,OCCN1CC(O)C(O)C(O)C1CO,0.0,train,../data/images/SIDER/16.png
17.0,O=C(O)CCc1nc(-c2ccccc2)c(-c2ccccc2)o1,1.0,train,../data/images/SIDER/17.png
18.0,CC(=O)NCCCS(=O)(=O)O,1.0,train,../data/images/SIDER/18.png
19.0,C[C@H](N[C@@H](CCc1ccccc1)C(=O)O)C(=O)N1[C@H](C(=O)O)C[C@@H]2CCC[C@@H]21,1.0,train,../data/images/SIDER/19.png
20.0,CC(C)N=C(N)N=C(N)Nc1ccc(Cl)cc1,1.0,train,../data/images/SIDER/20.png
21.0,O=C(O)CCCO,1.0,train,../data/images/SIDER/21.png
22.0,Nc1nc(Cl)nc2c1ncn2[C@@H]1O[C@H](CO)[C@@H](O)[C@@H]1F,1.0,train,../data/images/SIDER/22.png
23.0,Cc1cccc(Nc2ccncc2S(=O)(=O)NC(=O)NC(C)C)c1,0.0,train,../data/images/SIDER/23.png
24.0,COc1cc(C2c3cc4c(cc3C(O)C3COC(=O)C23)OCO4)cc(OC)c1OC,0.0,train,../data/images/SIDER/24.png
25.0,COc1cc(CNC(=O)CCCCC=CC(C)C)ccc1O,0.0,train,../data/images/SIDER/25.png
26.0,CCN1CCCC1CNC(=O)c1cc(S(=O)(=O)CC)c(N)cc1OC,0.0,train,../data/images/SIDER/26.png
27.0,CC/C=C/CC(=O)N[C@@H](Cc1ccc(O)cc1)C(=O)N[C@@H](C)C(=O)N[C@@H](CC(=O)O)C(=O)N[C@@H](C)C(=O)N[C@H](C(=O)N[C@@H](Cc1ccccc1)C(=O)N[C@H](C(=O)N[C@@H](CC(N)=O)C(=O)N[C@@H](CO)C(=O)N[C@@H](Cc1ccc(O)cc1)C(=O)N[C@@H](CCCNC(=N)N)C(=O)N[C@@H](CCCCN)C(=O)N[C@H](C(=O)NCC(=O)N[C@@H](CC(C)C)C(=O)N[C@@H](CCC(N)=O)C(=O)N[C@@H](CC(C)C)C(=O)N[C@@H](CO)C(=O)N[C@@H](C)C(=O)N[C@@H](CCCNC(=N)N)C(=O)N[C@@H](CCCCN)C(=O)N[C@@H](CC(C)C)C(=O)N[C@@H](CC(C)C)C(=O)N[C@@H](CCC(N)=O)C(=O)N[C@@H](CC(=O)O)C(=O)N[C@H](C(=O)N[C@@H](CCSC)C(=O)N[C@@H](CO)C(=O)N[C@@H](CCCNC(=N)N)C(=O)N[C@@H](CCC(N)=O)C(=O)NCC(=O)N[C@@H](CCC(N)=O)C(=O)N[C@@H](CCC(=O)O)C(=O)N[C@@H](CO)C(=O)N[C@@H](CC(N)=O)C(=O)N[C@@H](CCC(N)=O)C(=O)N[C@@H](CCC(=O)O)C(=O)N[C@@H](CCCNC(=N)N)C(=O)N[C@@H](C)C(=O)NCC(=O)N[C@@H](CCCNC(=N)N)C(=O)N[C@@H](C)C(=O)N[C@@H](CCCNC(=N)N)C(=O)N[C@@H](CC(C)C)C(N)=O)[C@@H](C)CC)C(C)C)[C@@H](C)O)[C@@H](C)CC,0.0,train,../data/images/SIDER/27.png
28.0,CCC(CO)NC(=O)C1C=C2c3cccc4c3c(cn4C)CC2N(C)C1,0.0,train,../data/images/SIDER/28.png
29.0,Nc1nc(=O)c2c([nH]1)NCC(CNc1ccc(C(=O)NC(CCC(=O)O)C(=O)O)cc1)N2C=O,0.0,train,../data/images/SIDER/29.png
30.0,O=c1[nH]c2ccccc2n1CCCN1CCC(n2c(=O)[nH]c3cc(Cl)ccc32)CC1,0.0,train,../data/images/SIDER/30.png
31.0,Cc1ccc(-c2nc3ccc(C)cn3c2CC(=O)N(C)C)cc1,1.0,train,../data/images/SIDER/31.png
32.0,CCC(C)CCCCC(=O)NC(CCN)C(=O)NC(C(=O)NC(CCN)C(=O)NC1CCNC(=O)C(C(C)O)NC(=O)C(CCN)NC(=O)C(CCN)NC(=O)C(CC(C)C)NC(=O)C(Cc2ccccc2)NC(=O)C(CCN)NC1=O)C(C)O,0.0,train,../data/images/SIDER/32.png
33.0,CC(CCc1ccc(O)cc1)NCCc1ccc(O)c(O)c1,0.0,train,../data/images/SIDER/33.png
34.0,CNC(=O)c1cnn(-c2nc(N)c3ncn([C@@H]4O[C@H](CO)[C@@H](O)[C@H]4O)c3n2)c1,0.0,train,../data/images/SIDER/34.png
35.0,c1coc(CNc2ncnc3nc[nH]c23)c1,0.0,train,../data/images/SIDER/35.png
36.0,Cc1[nH]c(=O)c(C#N)cc1-c1ccncc1,0.0,train,../data/images/SIDER/36.png
37.0,C[C@@](Cc1ccc(O)c(O)c1)(NN)C(=O)O,0.0,train,../data/images/SIDER/37.png
38.0,Cc1nc2n(c(=O)c1CCN1CCC(c3noc4cc(F)ccc34)CC1)CCCC2,1.0,train,../data/images/SIDER/38.png
39.0,CC(C(=O)O)c1ccc(C(=O)c2cccs2)cc1,0.0,train,../data/images/SIDER/39.png
40.0,CN1C(=O)C(O)N=C(c2ccccc2Cl)c2cc(Cl)ccc21,0.0,train,../data/images/SIDER/40.png
41.0,CCN(Cc1ccncc1)C(=O)C(CO)c1ccccc1,0.0,train,../data/images/SIDER/41.png
42.0,C=CCC1C=C(C)CC(C)CC(OC)C2OC(O)(C(=O)C(=O)N3CCCCC3C(=O)OC(C(C)=CC3CCC(O)C(OC)C3)C(C)C(O)CC1=O)C(C)CC2OC,1.0,train,../data/images/SIDER/42.png
43.0,Cc1cccc(C)c1NC(=O)C1CCCCN1C,0.0,train,../data/images/SIDER/43.png
44.0,OCCN1CCN(CCC=C2c3ccccc3Sc3ccc(Cl)cc32)CC1,1.0,train,../data/images/SIDER/44.png
45.0,CCC(CO)NC(=O)C1C=C2c3cccc4[nH]cc(c34)CC2N(C)C1,0.0,train,../data/images/SIDER/45.png
46.0,COC(=O)CCc1ccc(OCC(O)CNC(C)C)cc1,0.0,train,../data/images/SIDER/46.png
47.0,CN(C)CCOc1ccc(C(=C(CCCl)c2ccccc2)c2ccccc2)cc1,1.0,train,../data/images/SIDER/47.png
48.0,N=C(N)N=C(N)N,0.0,train,../data/images/SIDER/48.png
49.0,Nc1ncn(C2OC(CO)C(O)C2O)c(=O)n1,1.0,train,../data/images/SIDER/49.png
50.0,C/C(=C\c1csc(C)n1)[C@@H]1C[C@@H]2O[C@]2(C)CCC[C@H](C)[C@H](O)[C@@H](C)C(=O)C(C)(C)[C@@H](O)CC(=O)N1,1.0,train,../data/images/SIDER/50.png
51.0,COc1ccc2cccc(CCNC(C)=O)c2c1,1.0,train,../data/images/SIDER/51.png
52.0,CCOC(=O)O[C@]1(C(=O)OCCl)CCC2C3CCC4=CC(=O)C=C[C@]4(C)C3[C@@H](O)C[C@@]21C,0.0,train,../data/images/SIDER/52.png
53.0,NS(=O)(=O)c1cc2c(cc1C(F)(F)F)NCNS2(=O)=O,1.0,train,../data/images/SIDER/53.png
54.0,CC(C)CC(NC(=O)CNC(=O)C(Cc1ccc(O)cc1)NC(=O)C(CO)NC(=O)C(Cc1c[nH]c2ccccc12)NC(=O)C(Cc1cnc[nH]1)NC(=O)C1CCC(=O)N1)C(=O)NC(CCCN=C(N)N)C(=O)N1CCCC1C(=O)NCC(N)=O,0.0,train,../data/images/SIDER/54.png
55.0,Clc1ccccc1CN1CCc2sccc2C1,1.0,train,../data/images/SIDER/55.png
56.0,CC(=O)O[C@H]1Cc2ccccc2N(C(N)=O)c2ccccc21,1.0,train,../data/images/SIDER/56.png
57.0,CN1CCc2cccc3c2C1Cc1ccc(O)c(O)c1-3,0.0,train,../data/images/SIDER/57.png
58.0,C=CCC1(C(C)CCC)C(=O)NC(=O)NC1=O,1.0,train,../data/images/SIDER/58.png
59.0,COc1c(N2CCNC(C)C2)c(F)cc2c(=O)c(C(=O)O)cn(C3CC3)c12,1.0,train,../data/images/SIDER/59.png
60.0,CC(C)(C)NCC(O)COc1ccccc1C1CCCC1,0.0,train,../data/images/SIDER/60.png
61.0,CC1(C)N=C(N)N=C(N)N1OCCCOc1cc(Cl)c(Cl)cc1Cl,1.0,train,../data/images/SIDER/61.png
62.0,COc1cc2c(cc1OC)[C@@H](Cc1cc(OC)c(OC)c(OC)c1)[N+](C)(CCCOC(=O)CCC=CCCC(=O)OCCC[N+]1(C)CCc3cc(OC)c(OC)cc3[C@H]1Cc1cc(OC)c(OC)c(OC)c1)CC2,0.0,train,../data/images/SIDER/62.png
63.0,CC[C@H](C)[C@H](NC(=O)[C@H](CS)NC(=O)[C@H](CCCCN)NC(=O)[C@H](CC(N)=O)NC(=O)CNC(=O)[C@H](CCC(N)=O)NC(=O)CNC(=O)[C@H](CS)NC(=O)[C@@H](NC(=O)[C@H](CC(N)=O)NC(=O)[C@H](CO)NC(=O)CNC(=O)[C@H](CCC(=O)O)NC(=O)[C@H](CS)NC(=O)[C@H](CC(C)C)NC(=O)[C@H](CS)NC(=O)[C@H](CC(C)C)NC(=O)[C@H](CC(N)=O)NC(=O)[C@H](CCC(N)=O)NC(=O)CNC(=O)[C@H](CO)NC(=O)[C@H](CCC(=O)O)NC(=O)[C@@H](NC(=O)[C@H](CS)NC(=O)[C@H](CC(=O)O)NC(=O)[C@@H](NC(=O)[C@H](Cc1ccc(O)cc1)NC(=O)[C@@H](NC(=O)[C@@H](N)CC(C)C)[C@@H](C)O)[C@@H](C)O)[C@@H](C)O)C(C)C)C(=O)N[C@@H](CC(C)C)C(=O)NCC(=O)N[C@@H](CO)C(=O)N[C@@H](CC(=O)O)C(=O)NCC(=O)N[C@@H](CCC(=O)O)C(=O)N[C@@H](CCCCN)C(=O)N[C@@H](CC(N)=O)C(=O)N[C@@H](CCC(N)=O)C(=O)N[C@@H](CS)C(=O)N[C@H](C(=O)N[C@H](C(=O)NCC(=O)N[C@@H](CCC(=O)O)C(=O)NCC(=O)N[C@H](C(=O)N1CCC[C@H]1C(=O)N[C@@H](CCCCN)C(=O)N1CCC[C@H]1C(=O)N[C@@H](CCC(N)=O)C(=O)N[C@@H](CO)C(=O)N[C@@H](Cc1cnc[nH]1)C(=O)N[C@@H](CC(N)=O)C(=O)N[C@@H](CC(=O)O)C(=O)NCC(=O)N[C@@H](CC(=O)O)C(=O)N[C@@H](Cc1ccccc1)C(=O)N[C@@H](CCC(=O)O)C(=O)N[C@@H](CCC(=O)O)C(=O)N[C@H](C(=O)N1CCC[C@H]1C(=O)N[C@@H](CCC(=O)O)C(=O)N[C@@H](CCC(=O)O)C(=O)N[C@@H](Cc1ccc(O)cc1)C(=O)N[C@@H](CC(C)C)C(=O)N[C@@H](CCC(N)=O)C(=O)O)[C@@H](C)CC)[C@@H](C)O)[C@@H](C)O)C(C)C,1.0,train,../data/images/SIDER/63.png
64.0,Cc1cc(C)c(C=C2C(=O)Nc3ccccc32)[nH]1,1.0,train,../data/images/SIDER/64.png
65.0,COc1cc2c(cc1OC)C1CC(=O)C(CC(C)C)CN1CC2,0.0,train,../data/images/SIDER/65.png
66.0,COc1ccc2[n-]c(S(=O)Cc3ncc(C)c(OC)c3C)nc2c1,1.0,train,../data/images/SIDER/66.png
67.0,O=C1[C@H](CC[C@H](O)c2ccc(F)cc2)[C@@H](c2ccc(O)cc2)N1c1ccc(F)cc1,1.0,train,../data/images/SIDER/67.png
68.0,CC(C)[N+]1(C)C2CCC1CC(OC(=O)C(CO)c1ccccc1)C2,0.0,train,../data/images/SIDER/68.png
69.0,CC(c1cc2ccccc2s1)N(O)C(N)=O,1.0,train,../data/images/SIDER/69.png
70.0,COCCCN1CCC(NC(=O)c2cc(Cl)c(N)c3c2OCC3)CC1,0.0,train,../data/images/SIDER/70.png
71.0,C[C@]12CCC(=O)C=C1CC[C@@H]1[C@@H]2C(=O)C[C@@]2(C)[C@H]1CC[C@]2(O)C(=O)CO,0.0,train,../data/images/SIDER/71.png
72.0,O=C(O)CN1C(=O)[C@@H](N[C@H](CCc2ccccc2)C(=O)O)CCc2ccccc21,0.0,train,../data/images/SIDER/72.png
73.0,O=C(NCC(O)CO)c1c(I)c(C(=O)NCC(O)CO)c(I)c(N(CCO)C(=O)CO)c1I,0.0,train,../data/images/SIDER/73.png
74.0,O=C(NCCO[N+](=O)[O-])c1cccnc1,1.0,train,../data/images/SIDER/74.png
75.0,CC(C)OC(=O)CCCC=CC[C@@H]1[C@@H](C=CC(O)COc2cccc(C(F)(F)F)c2)[C@H](O)C[C@@H]1O,0.0,train,../data/images/SIDER/75.png
76.0,CN[C@H]1C(=O)N[C@@H]2Cc3ccc(cc3)Oc3cc4cc(c3O[C@@H]3O[C@H](C(=O)O)[C@@H](O)[C@H](O)[C@H]3NC(=O)CCCCCCCCC(C)C)Oc3ccc(cc3Cl)[C@@H](O)[C@@H]3NC(=O)[C@H](NC(=O)[C@@H]4NC(=O)[C@@H](NC2=O)c2cc(cc(O)c2Cl)Oc2ccc1cc2O)c1ccc(O)c(c1)-c1c(O[C@H]2O[C@H](CO)[C@@H](O)[C@H](O)[C@@H]2O)cc(O)cc1[C@@H](C(=O)NCCCN(C)C)NC3=O,1.0,train,../data/images/SIDER/76.png
77.0,[La],0.0,train,../data/images/SIDER/77.png
78.0,C[C@@H]1NC(=O)[C@@H]2CCCN2C(=O)[C@H](CC(N)=O)NC(=O)[C@@H]2CSSC[C@H](N)C(=O)N[C@H]3CSSC[C@H](NC1=O)C(=O)N[C@@H]([C@@H](C)O)C(=O)NCC(=O)N[C@H](C(=O)N[C@@H](Cc1ccc(O)cc1)C(=O)O)CSSC[C@H](NC(=O)[C@H](Cc1ccc(O)cc1)NC(=O)[C@H](CCC(=O)O)NC3=O)C(=O)N2,0.0,train,../data/images/SIDER/78.png
79.0,C[C@@H](c1ncncc1F)[C@](O)(Cn1cncn1)c1ccc(F)cc1F,1.0,train,../data/images/SIDER/79.png
80.0,CN(C)C(=N)N=C(N)N,1.0,train,../data/images/SIDER/80.png
81.0,Oc1ccc2c3c1OC1C(O)CCC4(O)C(C2)N(CC2CCC2)CCC314,0.0,train,../data/images/SIDER/81.png
82.0,O=C1CCCC(=O)C1C(=O)c1ccc(C(F)(F)F)cc1[N+](=O)[O-],1.0,train,../data/images/SIDER/82.png
83.0,NCCCNCCSP(=O)(O)O,0.0,train,../data/images/SIDER/83.png
84.0,CC[C@H](C)[C@H](NC(=O)[C@@H](Cc1ccccc1)NC(=O)[C@H](CC(C)C)NC(=O)[C@H](CCCNC(=N)N)NC(=O)[C@@H](NC(=O)[C@H](C)NC(=O)[C@H](CCC(=O)O)NC(=O)[C@H](CCC(=O)O)NC(=O)[C@H](CCC(=O)O)NC(=O)[C@H](CCSC)NC(=O)[C@H](CCC(N)=O)NC(=O)[C@H](CCCCN)NC(=O)[C@H](CO)NC(=O)[C@H](CC(C)C)NC(=O)[C@H](CC(=O)O)NC(=O)[C@H](CO)NC(=O)[C@@H](NC(=O)[C@H](Cc1ccccc1)NC(=O)[C@@H](NC(=O)CNC(=O)[C@H](CCC(=O)O)NC(=O)CNC(=O)[C@@H](N)Cc1c[nH]cn1)[C@@H](C)O)[C@@H](C)O)C(C)C)C(=O)N[C@@H](CCC(=O)O)C(=O)N[C@@H](Cc1c[nH]c2ccccc12)C(=O)N[C@@H](CC(C)C)C(=O)N[C@@H](CCCCN)C(=O)N[C@@H](CC(N)=O)C(=O)NCC(=O)NCC(=O)N1CCC[C@H]1C(=O)N[C@@H](CO)C(=O)N[C@@H](CO)C(=O)NCC(=O)N[C@@H](C)C(=O)N1CCC[C@H]1C(=O)N1CCC[C@H]1C(=O)N1CCC[C@H]1C(=O)N[C@@H](CO)C(N)=O,0.0,train,../data/images/SIDER/84.png
85.0,CC(N)Cc1ccccc1,0.0,train,../data/images/SIDER/85.png
86.0,CC1CCN(C(=O)CC#N)CC1N(C)c1ncnc2[nH]ccc12,1.0,train,../data/images/SIDER/86.png
87.0,O=C[C@H](O)[C@@H](O)[C@H](O)[C@H](O)CO[C@H]1O[C@H](CO[C@@H]2O[C@@H](CO)[C@H](O)[C@@H](O)[C@@H]2O)[C@@H](O)[C@H](O)[C@H]1O,0.0,train,../data/images/SIDER/87.png
88.0,CN(CC=Cc1ccccc1)Cc1cccc2ccccc12,0.0,train,../data/images/SIDER/88.png
89.0,CC1CC2C3CCC4=CC(=O)C=CC4(C)C3(F)C(O)CC2(C)C1(O)C(=O)CO,1.0,train,../data/images/SIDER/89.png
90.0,COc1cc2ncnc(Nc3ccc(F)c(Cl)c3)c2cc1OCCCN1CCOCC1,1.0,train,../data/images/SIDER/90.png
91.0,CC(O)(P(=O)(O)O)P(=O)(O)O,0.0,train,../data/images/SIDER/91.png
92.0,[I-],0.0,train,../data/images/SIDER/92.png
93.0,CCCCCN(C)CCC(O)(P(=O)(O)O)P(=O)(O)O,1.0,train,../data/images/SIDER/93.png
94.0,CN(C)C(=O)Oc1ccc[n+](C)c1,0.0,train,../data/images/SIDER/94.png
95.0,CCN(C(C)=O)c1cccc(-c2ccnc3c(C#N)cnn23)c1,1.0,train,../data/images/SIDER/95.png
96.0,O=S(=O)(O)CCS,1.0,train,../data/images/SIDER/96.png
97.0,CCO/N=C(\C(=O)NC1C(=O)N2C(C(=O)O)=C(Sc3nc(-c4cc[n+](C)cc4)cs3)CSC12)c1nsc(NP(=O)([O-])O)n1,1.0,train,../data/images/SIDER/97.png
98.0,CN(C)c1ccc(O)c2c1C[C@H]1C[C@H]3[C@H]([NH+](C)C)C(=O)C(=C(N)[O-])C(=O)[C@@]3(O)C(=O)C1=C2[O-],1.0,train,../data/images/SIDER/98.png
99.0,NCCO,0.0,train,../data/images/SIDER/99.png
100.0,Cc1ncc([N+](=O)[O-])n1CCO,1.0,train,../data/images/SIDER/100.png
101.0,CO[C@H]1/C=C/O[C@@]2(C)Oc3c(C)c(O)c4c(c3C2=O)C(=O)/C(=C/NN2CCN(C3CCCC3)CC2)C(=C4O)NC(=O)/C(C)=C\C=C\[C@H](C)[C@H](O)[C@@H](C)[C@@H](O)[C@@H](C)[C@H](OC(C)=O)[C@@H]1C,1.0,train,../data/images/SIDER/101.png
102.0,Cc1ccc(S(=O)(=O)NC(=O)NN2CC3CCCC3C2)cc1,1.0,train,../data/images/SIDER/102.png
103.0,Nc1ccn(C2OC(CO)C(O)C2O)c(=O)n1,1.0,train,../data/images/SIDER/103.png
104.0,C[N+](C)(C)CCOC(N)=O,0.0,train,../data/images/SIDER/104.png
105.0,CO[C@H]1C=CO[C@@]2(C)Oc3c(C)c(O)c4c(c3C2=O)C2=NC3(CCN(CC(C)C)CC3)NC2=C(NC(=O)C(C)=CC=C[C@H](C)[C@H](O)[C@@H](C)[C@@H](O)[C@@H](C)[C@H](OC(C)=O)[C@@H]1C)C4=O,1.0,train,../data/images/SIDER/105.png
106.0,CCCc1nc(C)c2c(=O)nc(-c3cc(S(=O)(=O)N4CCN(CC)CC4)ccc3OCC)[nH]n12,1.0,train,../data/images/SIDER/106.png
107.0,CN1C(=O)OC(C)(C)C1=O,1.0,train,../data/images/SIDER/107.png
108.0,COc1ccccc1Oc1c(NS(=O)(=O)c2ccc(C(C)(C)C)cc2)nc(-c2ncccn2)nc1OCCO,1.0,train,../data/images/SIDER/108.png
109.0,CO[C@H]1/C=C/O[C@@]2(C)Oc3c(C)c(O)c4c(c3C2=O)C(=O)/C(=C/NN2CCN(C)CC2)C(=C4O)NC(=O)/C(C)=C\C=C\[C@H](C)[C@H](O)[C@@H](C)[C@@H](O)[C@@H](C)[C@H](OC(C)=O)[C@@H]1C,1.0,train,../data/images/SIDER/109.png
110.0,CCC(=O)NS(=O)(=O)c1ccc(-c2c(-c3ccccc3)noc2C)cc1,1.0,train,../data/images/SIDER/110.png
111.0,CC(=O)OC1(C(C)=O)CCC2C3C=C(Cl)C4=CC(=O)C5CC5C4(C)C3CCC21C,1.0,train,../data/images/SIDER/111.png
112.0,CO[C@H]1C[C@@H]2CC[C@@H](C)[C@@](O)(O2)C(=O)C(=O)N2CCCC[C@H]2C(=O)O[C@H]([C@H](C)C[C@@H]2CC[C@@H](OCCO)[C@H](OC)C2)CC(=O)[C@H](C)/C=C(\C)[C@@H](O)[C@@H](OC)C(=O)[C@H](C)C[C@H](C)/C=C/C=C/C=C/1C,1.0,train,../data/images/SIDER/112.png
113.0,Cc1cn(-c2cc(NC(=O)c3ccc(C)c(Nc4nccc(-c5cccnc5)n4)c3)cc(C(F)(F)F)c2)cn1,1.0,train,../data/images/SIDER/113.png
114.0,CN1C2CC(OC(=O)C(CO)c3ccccc3)CC1C1OC12,0.0,train,../data/images/SIDER/114.png
115.0,COC(=O)C(c1ccccc1Cl)N1CCc2sccc2C1,1.0,train,../data/images/SIDER/115.png
116.0,NC(=O)CCC(N)C(=O)O,1.0,train,../data/images/SIDER/116.png
117.0,CC1(C)SC2C(NC(=O)C(N)c3ccc(O)cc3)C(=O)N2C1C(=O)O,1.0,train,../data/images/SIDER/117.png
118.0,OC[C@H]1O[C@@H](c2ccc(Cl)c(Cc3ccc(O[C@H]4CCOC4)cc3)c2)[C@H](O)[C@@H](O)[C@@H]1O,0.0,train,../data/images/SIDER/118.png
119.0,Nc1ccc(O)c(C(=O)O)c1,1.0,train,../data/images/SIDER/119.png
120.0,CC(=O)N(CC(O)CO)c1c(I)c(C(=O)NCC(O)CO)c(I)c(C(=O)NCC(O)CO)c1I,0.0,train,../data/images/SIDER/120.png
121.0,O=P1(N(CCCl)CCCl)NCCCO1,1.0,train,../data/images/SIDER/121.png
122.0,CO[C@@]1(NC(=O)C2SC(=C(C(N)=O)C(=O)O)S2)C(=O)N2C(C(=O)O)=C(CSc3nnnn3C)CSC21,1.0,train,../data/images/SIDER/122.png
123.0,COC(=O)C1C2CC3c4[nH]c5cc(OC)ccc5c4CCN3CC2CC(OC(=O)C=Cc2cc(OC)c(OC)c(OC)c2)C1OC,0.0,train,../data/images/SIDER/123.png
124.0,CC[C@H](C)[C@H](NC(=O)[C@H](CCC(=O)O)NC(=O)[C@H](CCC(=O)O)NC(=O)[C@H](Cc1ccccc1)NC(=O)[C@H](CC(=O)O)NC(=O)CNC(=O)[C@H](CC(N)=O)NC(=O)CNC(=O)CNC(=O)CNC(=O)CNC(=O)[C@@H]1CCCN1C(=O)[C@H](CCCNC(=N)N)NC(=O)[C@@H]1CCCN1C(=O)[C@H](N)Cc1ccccc1)C(=O)N1CCC[C@H]1C(=O)N[C@@H](CCC(=O)O)C(=O)N[C@@H](CCC(=O)O)C(=O)N[C@@H](Cc1ccc(O)cc1)C(=O)N[C@@H](CC(C)C)C(=O)O,0.0,train,../data/images/SIDER/124.png
125.0,NC(N)=NC(=O)Cc1c(Cl)cccc1Cl,0.0,train,../data/images/SIDER/125.png
126.0,CN(C)CC(c1ccc(O)cc1)C1(O)CCCCC1,0.0,train,../data/images/SIDER/126.png
127.0,CCCc1c2oc(C(=O)O)cc(=O)c2cc2c(=O)cc(C(=O)O)n(CC)c12,0.0,train,../data/images/SIDER/127.png
128.0,O=c1ccn([C@@H]2O[C@H](COP(=O)(O)O[C@H]3[C@@H](O)[C@H](n4ccc(=O)[nH]c4=O)O[C@@H]3CO)[C@@H](O)[C@H]2O)c(=O)[nH]1,1.0,train,../data/images/SIDER/128.png
129.0,CCC(=O)OCC(=O)[C@@]1(OC(=O)CC)[C@@H](C)C[C@H]2[C@@H]3CCC4=CC(=O)C=C[C@]4(C)[C@@]3(F)[C@@H](O)C[C@@]21C,0.0,train,../data/images/SIDER/129.png
130.0,CC(C)OC(=O)[C@H](C)NP(=O)(OC[C@H]1O[C@@H](n2ccc(=O)[nH]c2=O)C(C)(F)[C@@H]1O)Oc1ccccc1,1.0,train,../data/images/SIDER/130.png
131.0,CCC(=O)OCC(=O)C1(OC(=O)CC)C(C)CC2C3C(Cl)CC4=CC(=O)C=CC4(C)C3C(O)CC21C,0.0,train,../data/images/SIDER/131.png
132.0,O=P1(NCCCl)OCCCN1CCCl,1.0,train,../data/images/SIDER/132.png
133.0,Cc1cccc(Nc2ccccc2C(=O)O)c1C,1.0,train,../data/images/SIDER/133.png
134.0,COC1CC2CCC(C)C(O)(O2)C(=O)C(=O)N2CCCCC2C(=O)OC(C(C)CC2CCC(OC(=O)C(C)(CO)CO)C(OC)C2)CC(=O)C(C)C=C(C)C(O)C(OC)C(=O)C(C)CC(C)C=CC=CC=C1C,0.0,train,../data/images/SIDER/134.png
135.0,COC(=O)C=CC(=O)O,0.0,train,../data/images/SIDER/135.png
136.0,CNc1ccc(-c2nc3ccc(O)cc3s2)cc1F,0.0,train,../data/images/SIDER/136.png
137.0,CC(C)NCC(O)COc1cccc2ccccc12,0.0,train,../data/images/SIDER/137.png
138.0,CCCCN1CCCCC1C(=O)Nc1c(C)cccc1C,0.0,train,../data/images/SIDER/138.png
139.0,CCC(=O)O[C@]1(C(=O)CO)[C@@H](C)C[C@H]2[C@@H]3CCC4=CC(=O)C=C[C@]4(C)[C@@]3(Cl)[C@@H](O)C[C@@]21C,0.0,train,../data/images/SIDER/139.png
140.0,O=[NH+][O-],0.0,train,../data/images/SIDER/140.png
141.0,C[C@@H]1C[C@H]2C3CCC4=CC(=O)C=C[C@]4(C)[C@@]3(Cl)[C@@H](O)C[C@]2(C)[C@@]1(O)C(=O)CCl,0.0,train,../data/images/SIDER/141.png
142.0,CC(C)(S)C(N)C(=O)O,1.0,train,../data/images/SIDER/142.png
143.0,N#C[C@@H]1C[C@@H]2C[C@@H]2N1C(=O)[C@@H](N)C12C[C@@H]3C[C@@H](CC(O)(C3)C1)C2,0.0,train,../data/images/SIDER/143.png
144.0,CC/C=C\C/C=C\C/C=C\C/C=C\C/C=C\C/C=C\CCC(=O)O,0.0,train,../data/images/SIDER/144.png
145.0,NC(=O)NO,1.0,train,../data/images/SIDER/145.png
146.0,CN[C@@H]1CCc2[nH]c3ccc(C(N)=O)cc3c2C1,0.0,train,../data/images/SIDER/146.png
147.0,O=C(CCCN1CC=C(n2c(=O)[nH]c3ccccc32)CC1)c1ccc(F)cc1,0.0,train,../data/images/SIDER/147.png
148.0,CC(=O)Oc1c(C)cc(OCC(O)CNC(C)C)c(C)c1C,0.0,train,../data/images/SIDER/148.png
149.0,CC(=CCC1=C(C)C(=O)c2ccccc2C1=O)CCCC(C)CCCC(C)CCCC(C)C,1.0,train,../data/images/SIDER/149.png
150.0,CC(=O)C1(O)CCC2C3CCC4=CC(=O)CCC4=C3C(c3ccc(N(C)C)cc3)CC21C,0.0,train,../data/images/SIDER/150.png
151.0,CNC(=O)c1cc(Oc2ccc(NC(=O)Nc3ccc(Cl)c(C(F)(F)F)c3)c(F)c2)ccn1,1.0,train,../data/images/SIDER/151.png
152.0,COc1ccc(CC(C)(C)NCC(O)c2cc(O)cc3c2OCC(=O)N3)cc1,0.0,train,../data/images/SIDER/152.png
153.0,CCCCC(C)(O)CC=C[C@H]1[C@H](O)CC(=O)[C@@H]1CCCCCCC(=O)OC,0.0,train,../data/images/SIDER/153.png
154.0,CO[C@@]12[C@H](COC(N)=O)C3=C(C(=O)C(C)=C(N)C3=O)N1C[C@@H]1N[C@@H]12,0.0,train,../data/images/SIDER/154.png
155.0,O=C(c1ccc(OCCN2CCCCC2)cc1)c1c(-c2ccc(O)cc2)sc2cc(O)ccc12,1.0,train,../data/images/SIDER/155.png
156.0,CC(N)C12CC3CC(CC(C3)C1)C2,0.0,train,../data/images/SIDER/156.png
157.0,CC(=O)NC(CS)C(=O)O,0.0,train,../data/images/SIDER/157.png
158.0,NC1=N/C(=C(/N=O)C(=O)N[C@@H]2C(=O)N3C(C(=O)O)=C(/C=C4\CCN([C@@H]5CCNC5)C4=O)CS[C@H]23)NS1,0.0,train,../data/images/SIDER/158.png
159.0,CON=C(C(=O)N[C@@H]1C(=O)N2C(C(=O)OCOC(=O)C(C)(C)C)=C(C=Cc3scnc3C)CS[C@H]12)c1csc(N)n1,1.0,train,../data/images/SIDER/159.png
160.0,COc1c(C)c2c(c(O)c1CC=C(C)CCC(=O)O)C(=O)OC2,1.0,train,../data/images/SIDER/160.png
161.0,Cc1ccccc1C(OCCN(C)C)c1ccccc1,0.0,train,../data/images/SIDER/161.png
162.0,CCN1CCN(C(=O)NC(C(=O)NC2C(=O)N3C2SC(C)(C)C3C(=O)[O-])c2ccccc2)C(=O)C1=O,1.0,train,../data/images/SIDER/162.png
163.0,CCC(C)C(NC(=O)C(CCC(=O)O)NC(=O)C(CO)NC(=O)C(NC(=O)C(N)CO)C(C)C)C(=O)NC(CCC(N)=O)C(=O)NC(CC(C)C)C(=O)NC(CCSC)C(=O)NC(Cc1c[nH]cn1)C(=O)NC(CC(N)=O)C(=O)NC(CC(C)C)C(=O)NCC(=O)NC(CCCCN)C(=O)NC(Cc1c[nH]cn1)C(=O)NC(CC(C)C)C(=O)NC(CC(N)=O)C(=O)NC(CO)C(=O)NC(CCSC)C(=O)NC(CCC(=O)O)C(=O)NC(CCCNC(=N)N)C(=O)NC(C(=O)NC(CCC(=O)O)C(=O)NC(Cc1c[nH]c2ccccc12)C(=O)NC(CC(C)C)C(=O)NC(CCCNC(=N)N)C(=O)NC(CCCCN)C(=O)NC(CCCCN)C(=O)NC(CC(C)C)C(=O)NC(CCC(N)=O)C(=O)NC(CC(=O)O)C(=O)NC(C(=O)NC(Cc1c[nH]cn1)C(=O)NC(CC(N)=O)C(=O)NC(Cc1ccccc1)C(=O)O)C(C)C)C(C)C,0.0,train,../data/images/SIDER/163.png
164.0,CCCCCC(O)C=CC1C(O)CC(=O)C1CCCCCCC(=O)O,1.0,train,../data/images/SIDER/164.png
165.0,C[C@]12C=CC(=O)C=C1[C@@H](F)C[C@H]1[C@@H]3C[C@@H](O)[C@](O)(C(=O)CO)[C@@]3(C)C[C@H](O)[C@@]12F,0.0,train,../data/images/SIDER/165.png
166.0,CCCC(C)C1(CC)C(=O)NC(=O)NC1=O,1.0,train,../data/images/SIDER/166.png
167.0,Cc1cccc(C)c1OCC(C)N,1.0,train,../data/images/SIDER/167.png
168.0,NC(N)=NN=Cc1c(Cl)cccc1Cl,0.0,train,../data/images/SIDER/168.png
169.0,[As],0.0,train,../data/images/SIDER/169.png
170.0,OCCN(CCO)c1nc(N2CCCCC2)c2nc(N(CCO)CCO)nc(N3CCCCC3)c2n1,1.0,train,../data/images/SIDER/170.png
171.0,CC(=O)Oc1cc2c(s1)CCN(C(C(=O)C1CC1)c1ccccc1F)C2,0.0,train,../data/images/SIDER/171.png
172.0,CC(C)c1nc(CN(C)C(=O)NC(C(=O)NC(Cc2ccccc2)CC(O)C(Cc2ccccc2)NC(=O)OCc2cncs2)C(C)C)cs1,1.0,train,../data/images/SIDER/172.png
173.0,CC(C)(C)NCC(O)COc1nsnc1N1CCOCC1,1.0,train,../data/images/SIDER/173.png
174.0,CCc1ccc(CCOc2ccc(CC3SC(=O)NC3=O)cc2)nc1,1.0,train,../data/images/SIDER/174.png
175.0,O=C(O)CN(CCN(CC(=O)O)CC(=O)O)CCN(CC(=O)O)CC(=O)O,0.0,train,../data/images/SIDER/175.png
176.0,O=C1CN=C(c2ccccn2)c2cc(Br)ccc2N1,0.0,train,../data/images/SIDER/176.png
177.0,CC(C)C[C@H](NC(=O)CNC(=O)[C@H](CCC(N)=O)NC(=O)[C@H](CC(C)C)NC(=O)[C@H](CC(C)C)NC(=O)[C@H](CCCNC(=N)N)NC(=O)[C@H](CCC(N)=O)NC(=O)[C@H](CC(C)C)NC(=O)[C@H](CCCNC(=N)N)NC(=O)[C@H](C)NC(=O)CNC(=O)[C@H](CCC(=O)O)NC(=O)[C@H](CCCNC(=N)N)NC(=O)[C@H](CC(C)C)NC(=O)[C@H](CCCNC(=N)N)NC(=O)[C@H](CO)NC(=O)[C@H](CC(C)C)NC(=O)[C@H](CCC(=O)O)NC(=O)[C@H](CO)NC(=O)[C@@H](NC(=O)[C@H](Cc1ccccc1)NC(=O)[C@@H](NC(=O)CNC(=O)[C@H](CC(=O)O)NC(=O)[C@H](CO)NC(=O)[C@@H](N)Cc1cnc[nH]1)[C@@H](C)O)[C@@H](C)O)C(=O)N[C@H](C(N)=O)C(C)C,0.0,train,../data/images/SIDER/177.png
178.0,NS(=O)(=O)c1cc(C(=O)O)c(NCc2ccco2)cc1Cl,1.0,train,../data/images/SIDER/178.png
179.0,CN1C2CCC1CC(OC(=O)C(CO)c1ccccc1)C2,0.0,train,../data/images/SIDER/179.png
180.0,ClC1C(Cl)C(Cl)C(Cl)C(Cl)C1Cl,0.0,train,../data/images/SIDER/180.png
181.0,C[C@]12CC[C@H]3[C@@H](CCC4=CC(=O)CC[C@@H]43)[C@@H]1CC[C@@H]2O,1.0,train,../data/images/SIDER/181.png
182.0,CC(Oc1cc(-c2cnn(C3CCNCC3)c2)cnc1N)c1c(Cl)ccc(F)c1Cl,1.0,train,../data/images/SIDER/182.png
183.0,CSCC[C@H](NC(=O)[C@H](CO)NC(=O)[C@H](Cc1ccc(O)cc1)NC(=O)C(N)CO)C(=O)N[C@@H](CCC(=O)O)C(=O)N[C@@H](Cc1c[nH]cn1)C(=O)N[C@@H](Cc1ccccc1)C(=O)N[C@@H](CCCNC(=N)N)C(=O)N[C@@H](Cc1c[nH]c2ccccc12)C(=O)NCC(=O)N[C@@H](CCCCN)C(=O)N1CCC[C@H]1C(=O)N[C@H](C(=O)NCC(=O)N[C@H](CCCCN)C(=O)N[C@H](CCCCN)C(=O)N[C@H](CCCNC(=N)N)C(=O)N[C@H](CCCNC(=N)N)C(=O)N1CCC[C@H]1C(=O)N[C@H](C(=O)N[C@@H](CCCCN)C(=O)N[C@H](C(=O)N[C@@H](Cc1ccc(O)cc1)C(=O)N1CCC[C@H]1C(=O)O)C(C)C)C(C)C)C(C)C,0.0,train,../data/images/SIDER/183.png
184.0,CC12C=CC(=O)C=C1CCC1C3CC(O)C(O)(C(=O)CO)C3(C)CC(O)C12F,1.0,train,../data/images/SIDER/184.png
185.0,O=C(OC1CC2CCC(C1)[N+]21CCCC1)C(O)(c1ccccc1)c1ccccc1,0.0,train,../data/images/SIDER/185.png
186.0,CN1CC(=O)N2[C@H](c3ccc4c(c3)OCO4)c3[nH]c4ccccc4c3C[C@@H]2C1=O,0.0,train,../data/images/SIDER/186.png
187.0,O=C1CN2Cc3c(ccc(Cl)c3Cl)NC2=N1,1.0,train,../data/images/SIDER/187.png
188.0,CC(C(=O)O)c1ccc(C(=O)c2ccccc2)s1,0.0,train,../data/images/SIDER/188.png
189.0,NC(=O)CCC1NC(=O)C(Cc2ccccc2)NC(=O)C(Cc2ccc(O)cc2)NC(=O)CCSSCC(C(=O)N2CCCC2C(=O)NC(CCCN=C(N)N)C(=O)NCC(N)=O)NC(=O)C(CC(N)=O)NC1=O,0.0,train,../data/images/SIDER/189.png
190.0,CC(=O)OC1(C(C)=O)CCC2C3C=C(C)C4=CC(=O)CCC4(C)C3CCC21C,0.0,train,../data/images/SIDER/190.png
191.0,C[C@@H](Cc1cc2c(c(C(N)=O)c1)N(CCCO)CC2)NCCOc1ccccc1OCC(F)(F)F,1.0,train,../data/images/SIDER/191.png
192.0,O=C(O)c1cc2ccccc2c(Cc2c(O)c(C(=O)O)cc3ccccc23)c1O,1.0,train,../data/images/SIDER/192.png
193.0,CC(C(=O)O)c1ccc(-c2ccccc2)c(F)c1,1.0,train,../data/images/SIDER/193.png
194.0,O=C([NH2+]CC1CCCCN1)c1cc(OCC(F)(F)F)ccc1OCC(F)(F)F,1.0,train,../data/images/SIDER/194.png
195.0,CNC1(C)C2CCC(C2)C1(C)C,0.0,train,../data/images/SIDER/195.png
196.0,CCCCCCCCCC(=O)OC1CCC2C3CCC4=CC(=O)CCC4C3CCC12C,1.0,train,../data/images/SIDER/196.png
197.0,C[N+](C)(C)CCO,0.0,train,../data/images/SIDER/197.png
198.0,O=c1[nH]cc(F)c(=O)[nH]1,1.0,train,../data/images/SIDER/198.png
199.0,CN(CC=CC#CC(C)(C)C)Cc1cccc2ccccc12,1.0,train,../data/images/SIDER/199.png
200.0,CNNCc1ccc(C(=O)NC(C)C)cc1,1.0,train,../data/images/SIDER/200.png
201.0,CC#CCC(C)[C@H](O)C=CC1[C@H](O)C[C@@H]2CC(=CCCCC(=O)O)C[C@H]12,0.0,train,../data/images/SIDER/201.png
202.0,Clc1ccc(C(Cn2ccnc2)OCc2csc3c(Cl)cccc23)c(Cl)c1,0.0,train,../data/images/SIDER/202.png
203.0,CCCCCC(O)C=CC1C(O)CC(O)C1CC=CCCCC(=O)O,0.0,train,../data/images/SIDER/203.png
204.0,Cl[Zn]Cl,0.0,train,../data/images/SIDER/204.png
205.0,CC(=O)N(CC(O)CO)c1c(I)c(C(=O)NCCO)c(I)c(C(=O)NCC(O)CO)c1I,1.0,train,../data/images/SIDER/205.png
206.0,CC(=O)[C@@]1(O)CC[C@H]2[C@@H]3C[C@H](C)C4=CC(=O)CC[C@]4(C)[C@H]3CC[C@@]21C,1.0,train,../data/images/SIDER/206.png
207.0,N=C(N)N,0.0,train,../data/images/SIDER/207.png
208.0,Cc1ccccc1C(=O)Nc1ccc(C(=O)N2CCCC(O)c3cc(Cl)ccc32)c(C)c1,0.0,train,../data/images/SIDER/208.png
209.0,NC(=O)C1CSSCCC(=O)NC(CCCCN=C(N)N)C(=O)NCC(=O)NC(CC(=O)O)C(=O)NC(Cc2c[nH]c3ccccc23)C(=O)N2CCCC2C(=O)N1,1.0,train,../data/images/SIDER/209.png
210.0,CNC(C)C1CCC(N)C(OC2C(N)CC(N)C(OC3OCC(C)(O)C(NC)C3O)C2O)O1,1.0,train,../data/images/SIDER/210.png
211.0,CC1OC1P(=O)(O)O,1.0,train,../data/images/SIDER/211.png
212.0,CC[C@H](C)[C@@H]1NC(=O)[C@@H]2CSSC[C@H](NC(=O)[C@H](CC(C)C)NC(=O)[C@@H]3CSSC[C@H](NC(=O)[C@H](CC(=O)O)NC(=O)[C@@H](NC(=O)[C@H](Cc4ccc(O)cc4)NC(=O)[C@@H](NC(=O)[C@@H](N)C(C)C)C(C)C)[C@@H](C)O)C(=O)N[C@@H]([C@@H](C)O)C(=O)N[C@@H](CCC(=O)O)C(=O)N[C@@H](CO)C(=O)NCC(=O)N[C@@H](CCC(N)=O)C(=O)N[C@@H](CC(N)=O)C(=O)N[C@@H](CC(C)C)C(=O)N3)C(=O)N[C@@H](CCC(=O)O)C(=O)NCC(=O)N[C@@H](CO)C(=O)N[C@@H](CC(N)=O)C(=O)N[C@@H](C(C)C)C(=O)N[C@@H](CSSC[C@@H](C(=O)N[C@H](C(=O)N[C@H](C(=O)NCC(=O)N[C@@H](CCC(=O)O)C(=O)NCC(=O)N[C@H](C(=O)N3CCC[C@H]3C(=O)N[C@@H](CCCCN)C(=O)N3CCC[C@H]3C(=O)N[C@@H](CCC(N)=O)C(=O)N[C@@H](CO)C(=O)N[C@@H](Cc3cnc[nH]3)C(=O)N[C@@H](CC(N)=O)C(=O)N[C@@H](CC(=O)O)C(=O)NCC(=O)N[C@@H](CC(=O)O)C(=O)N[C@@H](Cc3ccccc3)C(=O)N[C@@H](CCC(=O)O)C(=O)N[C@@H](CCC(=O)O)C(=O)N[C@H](C(=O)N3CCC[C@H]3C(=O)N[C@@H](CCC(=O)O)C(=O)N[C@@H](CCC(=O)O)C(=O)N[C@@H](Cc3ccc(O)cc3)C(=O)N[C@@H](CC(C)C)C(=O)N[C@@H](CCC(N)=O)C(=O)O)[C@@H](C)CC)[C@@H](C)O)[C@@H](C)O)C(C)C)NC(=O)[C@H](CCC(N)=O)NC(=O)[C@H](CC(N)=O)NC(=O)[C@H](CCCCN)NC(=O)[C@H](CCC(=O)O)NC(=O)CNC(=O)[C@H](CC(=O)O)NC(=O)[C@H](CO)NC(=O)CNC(=O)[C@H](CC(C)C)NC1=O)C(=O)NCC(=O)N[C@@H](CCC(N)=O)C(=O)NCC(=O)N[C@@H](CC(N)=O)C(=O)N[C@@H](CCCCN)C(=O)N2,0.0,train,../data/images/SIDER/212.png
213.0,CCN(CC)C(=O)Nc1ccc(OCC(O)CNC(C)(C)C)c(C(C)=O)c1,0.0,train,../data/images/SIDER/213.png
214.0,CC1CC2C3CCC4=CC(=O)C=CC4(C)C3(F)C(O)CC2(C)C1C(=O)CO,0.0,train,../data/images/SIDER/214.png
215.0,C[C@@H]1C[C@H]2[C@@H]3C[C@H](F)C4=CC(=O)C=C[C@]4(C)[C@@]3(F)[C@@H](O)C[C@]2(C)[C@@]1(OC(=O)c1ccco1)C(=O)SCF,0.0,train,../data/images/SIDER/215.png
216.0,NCCc1cnc[nH]1,0.0,train,../data/images/SIDER/216.png
217.0,CC(C)c1cccc(C(C)C)c1O,0.0,train,../data/images/SIDER/217.png
218.0,CC1=C(CC(=O)O)c2cc(F)ccc2C1=Cc1ccc(S(C)=O)cc1,1.0,train,../data/images/SIDER/218.png
219.0,CC(=O)OCC(=O)[C@@]1(O)CC[C@H]2[C@@H]3CCC4=CC(=O)C=C[C@]4(C)[C@H]3[C@@H](O)C[C@@]21C,0.0,train,../data/images/SIDER/219.png
220.0,CC(C)C[C@H](NC(=O)[C@H](C)NC(=O)[C@H](CCC(=O)O)NC(=O)[C@@H](NC(=O)[C@H](CC(C)C)NC(=O)[C@H](Cc1cnc[nH]1)NC(=O)[C@H](CO)NC(=O)CNC(=O)[C@H](CS)NC(=O)[C@H](CC(C)C)NC(=O)[C@H](Cc1cnc[nH]1)NC(=O)[C@H](CCC(N)=O)NC(=O)[C@H](CC(N)=O)NC(=O)[C@@H](NC(=O)[C@@H](N)Cc1ccccc1)C(C)C)C(C)C)C(=O)N[C@@H](Cc1ccc(O)cc1)C(=O)N[C@@H](CC(C)C)C(=O)N[C@H](C(=O)N[C@@H](CS)C(=O)NCC(=O)N[C@@H](CCC(=O)O)C(=O)N[C@@H](CCCNC(=N)N)C(=O)NCC(=O)N[C@@H](Cc1ccccc1)C(=O)N[C@@H](Cc1ccccc1)C(=O)N[C@@H](Cc1ccc(O)cc1)C(=O)N[C@H](C(=O)N[C@@H](CCCCN)C(=O)N1CCC[C@H]1C(=O)N[C@H](C(=O)O)[C@@H](C)O)[C@@H](C)O)C(C)C,0.0,train,../data/images/SIDER/220.png
221.0,CC1=C(C(=O)O)N2C(=O)C(NC(=O)C(N)c3ccc(O)cc3)C2SC1,1.0,train,../data/images/SIDER/221.png
222.0,O=C(O)[C@H]1OC=C[C@@H](O)[C@@H]1O,0.0,train,../data/images/SIDER/222.png
223.0,CCCN(CCOc1c(Cl)cc(Cl)cc1Cl)C(=O)n1ccnc1,1.0,train,../data/images/SIDER/223.png
224.0,C[C@@H](O[C@@H]1OCCN(Cc2nc(=O)[nH][nH]2)[C@@H]1c1ccc(F)cc1)c1cc(C(F)(F)F)cc(C(F)(F)F)c1,0.0,train,../data/images/SIDER/224.png
225.0,CC1CN(c2c(F)c(N)c3c(=O)c(C(=O)O)cn(C4CC4)c3c2F)CC(C)N1,1.0,train,../data/images/SIDER/225.png
226.0,CN(Cc1ccc(C(C)(C)C)cc1)Cc1cccc2ccccc12,0.0,train,../data/images/SIDER/226.png
227.0,CN1CCC23c4c5ccc(O)c4OC2C(=O)CCC3C1C5,1.0,train,../data/images/SIDER/227.png
228.0,CCCCCCCCCC(=O)N[C@H]1[C@H](Oc2c3cc4cc2Oc2ccc(cc2Cl)[C@@H](O[C@@H]2O[C@H](CO)[C@@H](O)[C@H](O)[C@H]2NC(C)=O)[C@@H]2NC(=O)[C@H](NC(=O)[C@@H]4NC(=O)[C@H]4NC(=O)[C@@H](Cc5ccc(c(Cl)c5)O3)NC(=O)[C@@H](N)c3ccc(O)c(c3)Oc3cc(O)cc4c3)c3ccc(O)c(c3)-c3c(O[C@H]4O[C@H](CO)[C@@H](O)[C@H](O)[C@@H]4O)cc(O)cc3[C@H](C(=O)O)NC2=O)O[C@H](CO)[C@@H](O)[C@@H]1O,0.0,train,../data/images/SIDER/228.png
229.0,CCOC(=O)N[C@@H]1CC[C@H]2C(/C=C/c3ccc(-c4cccc(F)c4)cn3)[C@@H]3[C@@H](C)OC(=O)[C@@H]3C[C@@H]2C1,0.0,train,../data/images/SIDER/229.png
230.0,Cc1ccnc2c1NC(=O)c1cccnc1N2C1CC1,1.0,train,../data/images/SIDER/230.png
231.0,CN(C)CCCN1c2ccccc2CCc2ccccc21,1.0,train,../data/images/SIDER/231.png
232.0,Cn1c(CNc2ccc(C(=N)N)cc2)nc2cc(C(=O)N(CCC(=O)O)c3ccccn3)ccc21,0.0,train,../data/images/SIDER/232.png
233.0,COc1cc2c(cc1OC)CN(C(=O)[C@H](C)N[C@@H](CCc1ccccc1)C(=O)O)[C@H](C(=O)O)C2,1.0,train,../data/images/SIDER/233.png
234.0,CN1CC(C(=O)NC2(C)OC3(O)C4CCCN4C(=O)C(Cc4ccccc4)N3C2=O)CC2c3cccc4[nH]cc(c34)CC21,0.0,train,../data/images/SIDER/234.png
235.0,O=c1[nH]c2cc(Cl)ccc2o1,0.0,train,../data/images/SIDER/235.png
236.0,OCc1ccccc1,0.0,train,../data/images/SIDER/236.png
237.0,CC=CC(=O)N(CC)c1ccccc1C,0.0,train,../data/images/SIDER/237.png
238.0,Nc1nc(=O)n([C@@H]2CS[C@H](CO)O2)cc1F,1.0,train,../data/images/SIDER/238.png
239.0,COc1cc2c(cc1O)CCNC21CSC2c3c(OC(C)=O)c(C)c4c(c3C(COC1=O)N1C(O)C3Cc5cc(C)c(OC)c(O)c5C(C21)N3C)OCO4,1.0,train,../data/images/SIDER/239.png
240.0,CCCCC1=NC2(CCCC2)C(=O)N1Cc1ccc(-c2ccccc2-c2nn[nH]n2)cc1,1.0,train,../data/images/SIDER/240.png
241.0,CC1OC2(CS1)CN1CCC2CC1,1.0,train,../data/images/SIDER/241.png
242.0,NNC(=O)c1ccncc1,1.0,train,../data/images/SIDER/242.png
243.0,CN1CCN2c3ncccc3Cc3ccccc3C2C1,1.0,train,../data/images/SIDER/243.png
244.0,CN(C)CCC=C1c2ccccc2CCc2ccccc21,1.0,train,../data/images/SIDER/244.png
245.0,C[NH+](C)[C@@H]1C(=O)C(=C(N)[O-])C(=O)[C@@]2(O)C(=O)C3=C(O)c4c(O)ccc(Cl)c4[C@@H](O)[C@H]3C[C@@H]12,1.0,train,../data/images/SIDER/245.png
246.0,CSc1ccc2c(c1)N(CCC1CCCCN1C)c1ccccc1S2,1.0,train,../data/images/SIDER/246.png
247.0,CON=C(C(=O)NC1C(=O)N2C(C(=O)[O-])=C(COC(N)=O)CSC12)c1ccco1,1.0,train,../data/images/SIDER/247.png
248.0,O=C(OCc1ccccc1)c1ccccc1,0.0,train,../data/images/SIDER/248.png
249.0,CCCCc1oc2ccccc2c1C(=O)c1cc(I)c(OCC[NH+](CC)CC)c(I)c1,1.0,train,../data/images/SIDER/249.png
250.0,C=C(c1ccc(C(=O)O)cc1)c1cc2c(cc1C)C(C)(C)CCC2(C)C,1.0,train,../data/images/SIDER/250.png
251.0,NC(CO)C(=O)NNCc1ccc(O)c(O)c1O,0.0,train,../data/images/SIDER/251.png
252.0,COc1nc(C)nc(Cl)c1NC1=NCCN1,0.0,train,../data/images/SIDER/252.png
253.0,O=C(O)CN(CCN(CC(=O)O)CC(=O)O)CC(=O)O,0.0,train,../data/images/SIDER/253.png
254.0,Nc1nc(Cl)nc2c1ncn2C1CC(O)C(CO)O1,1.0,train,../data/images/SIDER/254.png
255.0,CCN(CC)CCNC(=O)c1c(C)[nH]c(C=C2C(=O)Nc3ccc(F)cc32)c1C,1.0,train,../data/images/SIDER/255.png
256.0,NCC1OC(OC2C(N)CC(N)C(OC3OC(CO)C(O)C(N)C3O)C2O)C(O)C(O)C1O,0.0,train,../data/images/SIDER/256.png
257.0,[Se],0.0,train,../data/images/SIDER/257.png
258.0,I,0.0,train,../data/images/SIDER/258.png
259.0,COc1ccc2c3c1OC1C(=O)CCC4(O)C(C2)N(C)CCC314,1.0,train,../data/images/SIDER/259.png
260.0,O=C1OC2(c3ccc(O)cc3Oc3cc(O)ccc32)c2ccccc21,0.0,train,../data/images/SIDER/260.png
261.0,CCCCC(=O)O[C@]1(C(=O)CO)CCC2C3CCC4=CC(=O)CCC4(C)C3C(O)CC21C,0.0,train,../data/images/SIDER/261.png
262.0,COc1ccc(Cl)cc1C(=O)NCCc1ccc(S(=O)(=O)NC(=O)NC2CCCCC2)cc1,1.0,train,../data/images/SIDER/262.png
263.0,CCC(=O)OC(OP(=O)(CCCCc1ccccc1)CC(=O)N1CC(C2CCCCC2)CC1C(=O)[O-])C(C)C,1.0,train,../data/images/SIDER/263.png
264.0,Cc1onc(-c2ccccc2)c1C(=O)NC1C(=O)N2C1SC(C)(C)C2C(=O)[O-],1.0,train,../data/images/SIDER/264.png
265.0,CC(C)CC(NC(=O)C(CCCCN)NC(=O)CNC(=O)C(CC(C)C)NC(=O)C(NC(=O)C1CSSCC(N)C(=O)NC(CO)C(=O)NC(CC(N)=O)C(=O)NC(CC(C)C)C(=O)NC(CO)C(=O)NC(C(C)O)C(=O)N1)C(C)C)C(=O)NC(CO)C(=O)NC(CCC(N)=O)C(=O)NC(CCC(=O)O)C(=O)NC(CC(C)C)C(=O)NC(Cc1cnc[nH]1)C(=O)NC(CCCCN)C(=O)NC(CC(C)C)C(=O)NC(CCC(N)=O)C(=O)NC(C(=O)NC(Cc1ccc(O)cc1)C(=O)N1CCCC1C(=O)NC(CCCNC(=N)N)C(=O)NC(C(=O)NC(CC(N)=O)C(=O)NC(C(=O)NCC(=O)NC(CO)C(=O)NCC(=O)NC(C(=O)N1CCCC1C(N)=O)C(C)O)C(C)O)C(C)O)C(C)O,1.0,train,../data/images/SIDER/265.png
266.0,CCCN1CCCCC1C(=O)Nc1c(C)cccc1C,1.0,train,../data/images/SIDER/266.png
267.0,CN1CCC23c4c5ccc(O)c4OC2C(=O)CCC3(O)C1C5,1.0,train,../data/images/SIDER/267.png
268.0,N#Cc1ccccc1-c1cc(-c2ccccn2)cn(-c2ccccc2)c1=O,0.0,train,../data/images/SIDER/268.png
269.0,OCC1OC(O)C(O)C(O)C1O,0.0,train,../data/images/SIDER/269.png
270.0,O=C(O)COCCN1CCN(C(c2ccccc2)c2ccc(Cl)cc2)CC1,1.0,train,../data/images/SIDER/270.png
271.0,NCC1OC(OC2C(CO)OC(OC3C(O)C(N)CC(N)C3OC3OC(CN)C(O)C(O)C3N)C2O)C(N)C(O)C1O,0.0,train,../data/images/SIDER/271.png
272.0,NC(=O)N1c2ccccc2C=Cc2ccccc21,1.0,train,../data/images/SIDER/272.png
273.0,CC(=O)N(O)CCCCCNC(=O)CCC(=O)N(O)CCCCCNC(=O)CCC(=O)N(O)CCCCCN,1.0,train,../data/images/SIDER/273.png
274.0,COCC(=O)Nc1c(I)c(C(=O)NCC(O)CO)c(I)c(C(=O)N(C)CC(O)CO)c1I,0.0,train,../data/images/SIDER/274.png
275.0,CCCC1OC2CC3C4CCC5=CC(=O)C=CC5(C)C4C(O)CC3(C)C2(C(=O)CO)O1,0.0,train,../data/images/SIDER/275.png
276.0,[249Cf],0.0,train,../data/images/SIDER/276.png
277.0,Nc1ccc(N=Nc2ccccc2)c(N)n1,1.0,train,../data/images/SIDER/277.png
278.0,CCCCc1nc(Cl)c(CO)n1Cc1ccc(-c2ccccc2-c2nn[nH]n2)cc1,1.0,train,../data/images/SIDER/278.png
279.0,O=C(O)CNC(=O)c1ccccc1,0.0,train,../data/images/SIDER/279.png
280.0,Nc1ccncc1,0.0,train,../data/images/SIDER/280.png
281.0,CN(C)CCCOc1nn(Cc2ccccc2)c2ccccc12,0.0,train,../data/images/SIDER/281.png
282.0,CCCN(CCc1cccs1)C1CCc2c(O)cccc2C1,0.0,train,../data/images/SIDER/282.png
283.0,C=CCN,0.0,train,../data/images/SIDER/283.png
284.0,O=N[O-],0.0,train,../data/images/SIDER/284.png
285.0,CC(=O)C1CCC2C3CC(C)C4=CC(=O)CCC4(C)C3C(O)CC12C,0.0,train,../data/images/SIDER/285.png
286.0,CC(=O)OCC(=O)C12OC3(CCCC3)OC1CC1C3CCC4=CC(=O)C=CC4(C)C3(F)C(O)CC12C,0.0,train,../data/images/SIDER/286.png
287.0,CC(C)C[C@@H](NC(=O)[C@@H](Cc1ccccc1)NC(=O)c1cnccn1)B(O)O,1.0,train,../data/images/SIDER/287.png
288.0,NC(=O)CCC1NC(=O)C(Cc2ccccc2)NC(=O)C(Cc2ccc(O)cc2)NC(=O)C(N)CSSCC(C(=O)N2CCCC2C(=O)NC(CCCN=C(N)N)C(=O)NCC(N)=O)NC(=O)C(CC(N)=O)NC1=O,0.0,train,../data/images/SIDER/288.png
289.0,CN1CCCC1CCOC(C)(c1ccccc1)c1ccc(Cl)cc1,0.0,train,../data/images/SIDER/289.png
290.0,OCC1OC(n2cnc3c2NC=NCC3O)CC1O,1.0,train,../data/images/SIDER/290.png
291.0,CCCCNc1cc(C(=O)O)cc(S(N)(=O)=O)c1Oc1ccccc1,1.0,train,../data/images/SIDER/291.png
292.0,Cc1c(N)nc(C(CC(N)=O)NCC(N)C(N)=O)nc1C(=O)NC(C(=O)NC(C)C(O)C(C)C(=O)NC(C(=O)NCCc1nc(-c2nc(C(=O)NCCC[S+](C)C)cs2)cs1)C(C)O)C(O[C@@H]1O[C@@H](CO)[C@@H](O)[C@H](O)[C@@H]1O[C@H]1O[C@H](CO)[C@@H](O)[C@H](OC(N)=O)[C@@H]1O)c1cnc[nH]1,0.0,train,../data/images/SIDER/292.png
293.0,CC(N)(Cc1ccc(O)cc1)C(=O)O,0.0,train,../data/images/SIDER/293.png
294.0,O=c1ncnc2[nH][nH]cc1-2,1.0,train,../data/images/SIDER/294.png
295.0,CC(C)COCC(CN(Cc1ccccc1)c1ccccc1)N1CCCC1,0.0,train,../data/images/SIDER/295.png
296.0,CC[C@H](C)[C@H](NC(=O)CN)C(=O)N[C@H](C(=O)N[C@@H](CCC(=O)O)C(=O)N[C@@H](CCC(N)=O)C(=O)N[C@H]1CSSC[C@@H]2NC(=O)[C@H]([C@@H](C)CC)NC(=O)[C@H](CO)NC(=O)[C@H]([C@@H](C)O)NC(=O)[C@H](CSSC[C@H](NC(=O)[C@H](CC(C)C)NC(=O)[C@H](Cc3cnc[nH]3)NC(=O)[C@H](CCC(N)=O)NC(=O)[C@H](CC(N)=O)NC(=O)[C@@H](NC(=O)[C@@H](N)Cc3ccccc3)C(C)C)C(=O)NCC(=O)N[C@@H](CO)C(=O)N[C@@H](Cc3cnc[nH]3)C(=O)N[C@@H](CC(C)C)C(=O)N[C@@H](C(C)C)C(=O)N[C@@H](CCC(=O)O)C(=O)N[C@@H](C)C(=O)N[C@@H](CC(C)C)C(=O)N[C@@H](Cc3ccc(O)cc3)C(=O)N[C@@H](CC(C)C)C(=O)N[C@@H](C(C)C)C(=O)N[C@H](C(=O)NCC(=O)N[C@@H](CCC(=O)O)C(=O)N[C@@H](CCCNC(=N)N)C(=O)NCC(=O)N[C@@H](Cc3ccccc3)C(=O)N[C@@H](Cc3ccccc3)C(=O)N[C@@H](Cc3ccc(O)cc3)C(=O)N[C@H](C(=O)N3CCC[C@H]3C(=O)N[C@@H](CCCCN)C(=O)N[C@H](C(=O)O)[C@@H](C)O)[C@@H](C)O)CSSC[C@@H](C(=O)N[C@@H](CC(N)=O)C(=O)O)NC(=O)[C@H](Cc3ccc(O)cc3)NC(=O)[C@H](CC(N)=O)NC(=O)[C@H](CCC(=O)O)NC(=O)[C@H](CC(C)C)NC(=O)[C@H](CCC(N)=O)NC(=O)[C@H](Cc3ccc(O)cc3)NC(=O)[C@H](CC(C)C)NC(=O)[C@H](CO)NC2=O)NC1=O)C(C)C,0.0,train,../data/images/SIDER/296.png
297.0,Nc1ccc(S(=O)(=O)c2ccc(N)cc2)cc1,0.0,train,../data/images/SIDER/297.png
298.0,NC(Cc1ccc(OP(=O)(O)O)c(CO)c1)C(=O)O,0.0,train,../data/images/SIDER/298.png
299.0,CC12CCC3c4ccc(OC(=O)N(CCCl)CCCl)cc4CCC3C1CCC2O,0.0,train,../data/images/SIDER/299.png
300.0,COc1c(C)c2c(c(O)c1CC=C(C)CCC(=O)OCCN1CCOCC1)C(=O)OC2,1.0,train,../data/images/SIDER/300.png
301.0,CC(=O)Nc1cccc(-n2c(=O)n(C3CC3)c(=O)c3c(Nc4ccc(I)cc4F)n(C)c(=O)c(C)c32)c1,1.0,train,../data/images/SIDER/301.png
302.0,CCCNC1CCc2nc(N)sc2C1,1.0,train,../data/images/SIDER/302.png
303.0,CS(=O)(=O)c1ccc(C(=O)Nc2ccc(Cl)c(-c3ccccn3)c2)c(Cl)c1,0.0,train,../data/images/SIDER/303.png
304.0,Cc1cn(C2C=CC(CO)O2)c(=O)[nH]c1=O,1.0,train,../data/images/SIDER/304.png
305.0,C[C@@H](O)[C@H]1C(=O)N2C(C(=O)O)=C(S[C@@H]3CN[C@H](CNS(N)(=O)=O)C3)[C@H](C)[C@H]12,1.0,train,../data/images/SIDER/305.png
306.0,OCC(S)CS,0.0,train,../data/images/SIDER/306.png
307.0,CCC1(C)CC(=O)NC1=O,0.0,train,../data/images/SIDER/307.png
308.0,O=C([O-])CC([S-])C(=O)[O-],1.0,train,../data/images/SIDER/308.png
309.0,CCCS(=O)(=O)Nc1ccc(F)c(C(=O)c2c[nH]c3ncc(-c4ccc(Cl)cc4)cc23)c1F,1.0,train,../data/images/SIDER/309.png
310.0,COc1ccc2c3c1OC1C(O)CCC4C(C2)N(C)CCC341,1.0,train,../data/images/SIDER/310.png
311.0,Cc1cc(NS(=O)(=O)c2ccc(N)cc2)no1,1.0,train,../data/images/SIDER/311.png
312.0,COc1ccc(CNc2nc(N3CCC[C@H]3CO)ncc2C(=O)NCc2ncccn2)cc1Cl,0.0,train,../data/images/SIDER/312.png
313.0,CCCCCCC(=O)OC1CCC2C3CCC4=CC(=O)CCC4(C)C3CCC12C,1.0,train,../data/images/SIDER/313.png
314.0,CCC(C)n1ncn(-c2ccc(N3CCN(c4ccc(OCC5COC(Cn6cncn6)(c6ccc(Cl)cc6Cl)O5)cc4)CC3)cc2)c1=O,1.0,train,../data/images/SIDER/314.png
315.0,Clc1ccc(COC(Cn2ccnc2)c2ccc(Cl)cc2Cl)c(Cl)c1,1.0,train,../data/images/SIDER/315.png
316.0,CSCCC(NC(=O)C(Cc1ccc(OS(=O)(=O)O)cc1)NC(=O)C(N)CC(=O)O)C(=O)NCC(=O)NC(Cc1c[nH]c2ccccc12)C(=O)NC(CCSC)C(=O)NC(CC(=O)O)C(=O)NC(Cc1ccccc1)C(N)=O,0.0,train,../data/images/SIDER/316.png
317.0,CCOC(=O)c1ccc(N)cc1,0.0,train,../data/images/SIDER/317.png
318.0,CN=C1CN(O)C(c2ccccc2)=c2cc(Cl)ccc2=N1,1.0,train,../data/images/SIDER/318.png
319.0,CCCSc1nc(N[C@@H]2C[C@H]2c2ccc(F)c(F)c2)c2nnn([C@@H]3C[C@H](OCCO)[C@@H](O)[C@H]3O)c2n1,0.0,train,../data/images/SIDER/319.png
320.0,O=[Fe]O,1.0,train,../data/images/SIDER/320.png
321.0,CC1=C2N=C(C=C3N=C(C(C)=C4[N-]C(C(CC(N)=O)C4(C)CCC(=O)NCC(C)OP(=O)([O-])OC4C(CO)OC(n5cnc6cc(C)c(C)cc65)C4O)C4(C)N=C1C(CCC(N)=O)C4(C)CC(N)=O)C(CCC(N)=O)C3(C)C)C(CCC(N)=O)C2(C)CC(N)=O,0.0,train,../data/images/SIDER/321.png
322.0,CCOC(=O)C(CCc1ccccc1)NC1CCCN2CCCC(C(=O)O)N2C1=O,1.0,train,../data/images/SIDER/322.png
323.0,COCC1=C(C(=O)O)N2C(=O)C(NC(=O)C(=NOC)c3csc(N)n3)C2SC1,1.0,train,../data/images/SIDER/323.png
324.0,CCC(C)(C)c1ccc(CC(C)CN2CC(C)OC(C)C2)cc1,0.0,train,../data/images/SIDER/324.png
325.0,COc1ccccc1OCC(O)CN1CCN(CC(=O)Nc2c(C)cccc2C)CC1,0.0,train,../data/images/SIDER/325.png
326.0,NCCCCCC(=O)O,0.0,train,../data/images/SIDER/326.png
327.0,CC(C)OC(=O)C(C)(C)Oc1ccc(C(=O)c2ccc(Cl)cc2)cc1,1.0,train,../data/images/SIDER/327.png
328.0,Clc1ccc2c(c1)C(c1ccccc1)=NCc1nncn1-2,0.0,train,../data/images/SIDER/328.png
329.0,CC1Oc2ccc(C(C)(C)C)cc2O1,0.0,train,../data/images/SIDER/329.png
330.0,CC(C)NCC(O)COc1ccc(COCCOC(C)C)cc1,1.0,train,../data/images/SIDER/330.png
331.0,CNCC[C@H](Oc1cccc2ccccc12)c1cccs1,1.0,train,../data/images/SIDER/331.png
332.0,O=C([O-])c1cc(=O)c2c(OCC(O)COc3cccc4oc(C(=O)[O-])cc(=O)c34)cccc2o1,1.0,train,../data/images/SIDER/332.png
333.0,CN1CCC(=C2c3ccccc3CCc3sccc32)CC1,0.0,train,../data/images/SIDER/333.png
334.0,CCC1(O)C(=O)OCc2c1cc1n(c2=O)Cc2cc3c(CN(C)C)c(O)ccc3nc2-1,1.0,train,../data/images/SIDER/334.png
335.0,COc1ccccc1OCCNCC(O)COc1cccc2[nH]c3ccccc3c12,1.0,train,../data/images/SIDER/335.png
336.0,CCCC1CC(C(=O)NC(C(C)Cl)C2OC(SC)C(O)C(O)C2O)N(C)C1,1.0,train,../data/images/SIDER/336.png
337.0,COc1cc(C2c3cc4c(cc3C(OC3OC5COC(c6cccs6)OC5C(O)C3O)C3COC(=O)C23)OCO4)cc(OC)c1O,1.0,train,../data/images/SIDER/337.png
338.0,CC(C)N=c1cc2n(-c3ccc(Cl)cc3)c3ccccc3nc-2cc1Nc1ccc(Cl)cc1,1.0,train,../data/images/SIDER/338.png
339.0,FC(F)OC(F)C(F)(F)F,1.0,train,../data/images/SIDER/339.png
340.0,CCCc1cc(=O)[nH]c(=S)[nH]1,1.0,train,../data/images/SIDER/340.png
341.0,CC(=O)OCC(=O)[C@@]1(O)CC[C@H]2[C@@H]3C[C@H](C)C4=CC(=O)C=C[C@]4(C)[C@H]3[C@@H](O)C[C@@]21C,0.0,train,../data/images/SIDER/341.png
342.0,COCCCOc1ccnc(CS(=O)c2nc3ccccc3[nH]2)c1C,1.0,train,../data/images/SIDER/342.png
343.0,NCCCCC(NC(CCc1ccccc1)C(=O)O)C(=O)N1CCCC1C(=O)O,1.0,train,../data/images/SIDER/343.png
344.0,CCc1nn(CCCN2CCN(c3cccc(Cl)c3)CC2)c(=O)n1CCOc1ccccc1,1.0,train,../data/images/SIDER/344.png
345.0,O=C(O)CCCc1ccc(N(CCCl)CCCl)cc1,1.0,train,../data/images/SIDER/345.png
346.0,[N-]=O,0.0,train,../data/images/SIDER/346.png
347.0,CCOC(=O)C(CCc1ccccc1)NC(C)C(=O)N1C(C(=O)O)CC2CCCCC21,1.0,train,../data/images/SIDER/347.png
348.0,CNC(=C[N+](=O)[O-])NCCSCc1ccc(CN(C)C)o1,1.0,train,../data/images/SIDER/348.png
349.0,CC(C)(C)NCC(O)COc1cccc2c1CC(O)C(O)C2,0.0,train,../data/images/SIDER/349.png
350.0,CC(O)C(O)C1CNc2[nH]c(N)nc(=O)c2N1,0.0,train,../data/images/SIDER/350.png
351.0,CC(=O)N[C@H](Cc1ccc2ccccc2c1)C(=O)N[C@H](Cc1ccc(Cl)cc1)C(=O)N[C@H](Cc1cccnc1)C(=O)N[C@@H](CO)C(=O)N[C@@H](Cc1ccc(O)cc1)C(=O)N[C@H](CCCNC(N)=O)C(=O)N[C@@H](CC(C)C)C(=O)N[C@@H](CCCN=C(N)N)C(=O)N1CCC[C@H]1C(=O)N[C@H](C)C(N)=O,0.0,train,../data/images/SIDER/351.png
352.0,CC12CCC3c4ccc(O)cc4CCC3C1CCC2O,1.0,train,../data/images/SIDER/352.png
353.0,c1ccc(C2(N3CCCCC3)CCCCC2)cc1,0.0,train,../data/images/SIDER/353.png
354.0,Clc1ccc(COC(Cn2ccnc2)c2ccc(Cl)cc2Cl)cc1,0.0,train,../data/images/SIDER/354.png
355.0,Nc1cccc2c1C(=O)N(C1CCC(=O)NC1=O)C2=O,1.0,train,../data/images/SIDER/355.png
356.0,CCC(=O)N(c1ccccc1)C1(C(=O)OC)CCN(CCC(=O)OC)CC1,1.0,train,../data/images/SIDER/356.png
357.0,O=C([O-])CN1CCN(CC(=O)[O-])CCN([C@H](CO)[C@H](O)CO)CCN(CC(=O)[O-])CC1,0.0,train,../data/images/SIDER/357.png
358.0,O=C(O[C@H]1CN2CCC1CC2)N1CCc2ccccc2[C@@H]1c1ccccc1,1.0,train,../data/images/SIDER/358.png
359.0,CC1C(c2ccccc2)OCCN1C,0.0,train,../data/images/SIDER/359.png
360.0,CC(C)(C)c1nc(-c2cccc(NS(=O)(=O)c3c(F)cccc3F)c2F)c(-c2ccnc(N)n2)s1,1.0,train,../data/images/SIDER/360.png
361.0,CCn1cc(C(=O)O)c(=O)c2cc(F)c(N3CCNC(C)C3)c(F)c21,1.0,train,../data/images/SIDER/361.png
362.0,CCC(=O)N(c1ccccc1)C1(COC)CCN(CCc2cccs2)CC1,0.0,train,../data/images/SIDER/362.png
363.0,CCN(CC)CCCC(C)Nc1ccnc2cc(Cl)ccc12,1.0,train,../data/images/SIDER/363.png
364.0,CCCCCC(O)C=CC1C(O)CC2OC(=CCCCC(=O)O)CC21,1.0,train,../data/images/SIDER/364.png
365.0,CC(C)(C(=O)O)c1ccc(C(O)CCCN2CCC(C(O)(c3ccccc3)c3ccccc3)CC2)cc1,0.0,train,../data/images/SIDER/365.png
366.0,CCCCCCCCCCCCCCCC(=O)N[C@@H](CCC(=O)NCCCC[C@H](NC(=O)[C@H](C)NC(=O)[C@H](C)NC(=O)[C@H](CCC(N)=O)NC(=O)CNC(=O)[C@H](CCC(=O)O)NC(=O)[C@H](CC(C)C)NC(=O)[C@H](Cc1ccc(O)cc1)NC(=O)[C@H](CO)NC(=O)[C@H](CO)NC(=O)[C@@H](NC(=O)[C@H](CC(=O)O)NC(=O)[C@H](CO)NC(=O)[C@@H](NC(=O)[C@H](Cc1ccccc1)NC(=O)[C@@H](NC(=O)CNC(=O)[C@H](CCC(=O)O)NC(=O)[C@H](C)NC(=O)[C@@H](N)Cc1cnc[nH]1)[C@@H](C)O)[C@@H](C)O)C(C)C)C(=O)N[C@@H](CCC(=O)O)C(=O)N[C@@H](Cc1ccccc1)C(=O)N[C@H](C(=O)N[C@@H](C)C(=O)N[C@@H](Cc1c[nH]c2ccccc12)C(=O)N[C@@H](CC(C)C)C(=O)N[C@H](C(=O)N[C@@H](CCCNC(=N)N)C(=O)NCC(=O)N[C@@H](CCCNC(=N)N)C(=O)NCC(=O)O)C(C)C)[C@@H](C)CC)C(=O)O,0.0,train,../data/images/SIDER/366.png
367.0,OCc1cc(C(O)CNCCCCCCOCCCCc2ccccc2)ccc1O,0.0,train,../data/images/SIDER/367.png
368.0,CC(=O)OCC(=O)C1(O)CCC2C3CCC4=CC(=O)CCC4(C)C3(F)C(O)CC21C,0.0,train,../data/images/SIDER/368.png
369.0,CC(C)=CCN1CCC2(C)c3cc(O)ccc3CC1C2C,1.0,train,../data/images/SIDER/369.png
370.0,N#Cc1ccc2c(c1)N(CCCN1CCC(O)CC1)c1ccccc1S2,1.0,train,../data/images/SIDER/370.png
371.0,Cc1ccc(C)c(OCCCC(C)(C)C(=O)O)c1,1.0,train,../data/images/SIDER/371.png
372.0,O=C([O-])CN(CCN(CC(=O)[O-])CC(=O)[O-])CCN(CC(=O)[O-])C(COCc1ccccc1)C(=O)[O-],1.0,train,../data/images/SIDER/372.png
373.0,CCC(=O)OCC(=O)C1(OC(=O)CC)C(C)CC2C3CCC4=CC(=O)C=CC4(C)C3(Cl)C(O)CC21C,0.0,train,../data/images/SIDER/373.png
374.0,NCCNCCNCCNCCN,1.0,train,../data/images/SIDER/374.png
375.0,Cc1ccc(C(=O)Nc2ccc(CN3CCN(C)CC3)c(C(F)(F)F)c2)cc1C#Cc1cnc2cccnn12,1.0,train,../data/images/SIDER/375.png
376.0,CC1CC2C3CCC4=CC(=O)C=CC4(C)C3(Cl)C(O)CC2(C)C1(O)C(=O)CO,0.0,train,../data/images/SIDER/376.png
377.0,O=C(NC1CCN(CCCCC2(C(=O)NCC(F)(F)F)c3ccccc3-c3ccccc32)CC1)c1ccccc1-c1ccc(C(F)(F)F)cc1,1.0,train,../data/images/SIDER/377.png
378.0,CCC(=O)OC1CCC2C3CCC4=CC(=O)CCC4(C)C3CCC12C,1.0,train,../data/images/SIDER/378.png
379.0,Clc1ccc(C(c2ccccc2Cl)C(Cl)Cl)cc1,1.0,train,../data/images/SIDER/379.png
380.0,NCCC(O)(P(=O)([O-])O)P(=O)([O-])O,1.0,train,../data/images/SIDER/380.png
381.0,C[C@@H](NCCCc1cccc(C(F)(F)F)c1)c1cccc2ccccc12,0.0,train,../data/images/SIDER/381.png
382.0,Nc1nc2ccc(OC(F)(F)F)cc2s1,1.0,train,../data/images/SIDER/382.png
383.0,COc1ccccc1OCC(O)COC(N)=O,1.0,train,../data/images/SIDER/383.png
384.0,CNCCCC1c2ccccc2C=Cc2ccccc21,1.0,train,../data/images/SIDER/384.png
385.0,Nc1nc(CC(=O)Nc2ccc(CCNC[C@H](O)c3ccccc3)cc2)cs1,0.0,train,../data/images/SIDER/385.png
386.0,CC(C)C1CCC(C(=O)NC(Cc2ccccc2)C(=O)O)CC1,1.0,train,../data/images/SIDER/386.png
387.0,NC(=NCCCCCCN=C(N)N=C(N)Nc1ccc(Cl)cc1)N=C(N)Nc1ccc(Cl)cc1,0.0,train,../data/images/SIDER/387.png
388.0,c1cnc2cc3c(cc2n1)C1CNCC3C1,1.0,train,../data/images/SIDER/388.png
389.0,CC(C)(Oc1ccc(CCNC(=O)c2ccc(Cl)cc2)cc1)C(=O)O,1.0,train,../data/images/SIDER/389.png
390.0,S=P(N1CC1)(N1CC1)N1CC1,1.0,train,../data/images/SIDER/390.png
391.0,CC[C@H](C)[C@H](NC(=O)[C@H](CC(C)C)NC(=O)[C@H](CO)NC(=O)[C@H](Cc1cnc[nH]1)NC(=O)[C@@H](NC(=O)[C@H](CC(C)C)NC(=O)[C@H](CO)NC(=O)[C@@H](NC(=O)[C@H](Cc1ccc(O)cc1)NC(C)=O)[C@@H](C)O)[C@@H](C)CC)C(=O)N[C@@H](CCC(=O)O)C(=O)N[C@@H](CCC(=O)O)C(=O)N[C@@H](CO)C(=O)N[C@@H](CCC(N)=O)C(=O)N[C@@H](CC(N)=O)C(=O)N[C@@H](CCC(N)=O)C(=O)N[C@@H](CCC(N)=O)C(=O)N[C@@H](CCC(=O)O)C(=O)N[C@@H](CCCCN)C(=O)N[C@@H](CC(N)=O)C(=O)N[C@@H](CCC(=O)O)C(=O)N[C@@H](CCC(N)=O)C(=O)N[C@@H](CCC(=O)O)C(=O)N[C@@H](CC(C)C)C(=O)N[C@@H](CC(C)C)C(=O)N[C@@H](CCC(=O)O)C(=O)N[C@@H](CC(C)C)C(=O)N[C@@H](CC(=O)O)C(=O)N[C@@H](CCCCN)C(=O)N[C@@H](Cc1c[nH]c2ccccc12)C(=O)N[C@@H](C)C(=O)N[C@@H](CO)C(=O)N[C@@H](CC(C)C)C(=O)N[C@@H](Cc1c[nH]c2ccccc12)C(=O)N[C@@H](CC(N)=O)C(=O)N[C@@H](Cc1c[nH]c2ccccc12)C(=O)N[C@@H](Cc1ccccc1)C(N)=O,1.0,train,../data/images/SIDER/391.png
392.0,NC(Cc1cc(I)c(Oc2ccc(O)c(I)c2)c(I)c1)C(=O)O,0.0,train,../data/images/SIDER/392.png
393.0,CNc1ccc(/C=C/c2ccc(OCCOCCOCC[18F])nc2)cc1,0.0,train,../data/images/SIDER/393.png
394.0,C=C(CC)C(=O)c1ccc(OCC(=O)O)c(Cl)c1Cl,1.0,train,../data/images/SIDER/394.png
395.0,O=C(O)C1=C/C(=N/Nc2ccc(O)c(C(=O)O)c2)C=CC1=O,1.0,train,../data/images/SIDER/395.png
396.0,CC1CC2C3CC(F)C4=CC(=O)C=CC4(C)C3(F)C(O)CC2(C)C1(O)C(=O)CO,0.0,train,../data/images/SIDER/396.png
397.0,COc1cc([C@@H]2c3cc4c(cc3[C@@H](OC3OC5COC(C)OC5C(O)C3O)[C@H]3COC(=O)[C@H]23)OCO4)cc(OC)c1OP(=O)(O)O,1.0,train,../data/images/SIDER/397.png
398.0,NC(=O)N[C@@H](CCC(=O)O)C(=O)O,0.0,train,../data/images/SIDER/398.png
399.0,[Y],0.0,train,../data/images/SIDER/399.png
400.0,CCN1C(=O)NC(c2ccccc2)C1=O,0.0,train,../data/images/SIDER/400.png
401.0,CN1CC2c3ccccc3Oc3ccc(Cl)cc3[C@@H]2C1,1.0,train,../data/images/SIDER/401.png
402.0,Nc1ncn(C2CC(O)C(CO)O2)c(=O)n1,1.0,train,../data/images/SIDER/402.png
403.0,[Ba+2],0.0,train,../data/images/SIDER/403.png
404.0,CCCCCCCN(CC)CCCC(O)c1ccc(NS(C)(=O)=O)cc1,0.0,train,../data/images/SIDER/404.png
405.0,O=CCC(O)C=O,0.0,train,../data/images/SIDER/405.png
406.0,CSCC[C@H](N)C(=O)N[C@@H](CCC(N)=O)C(=O)N[C@@H](Cc1c[nH]c2ccccc12)C(=O)N[C@@H](CC(N)=O)C(=O)N[C@@H](CO)C(=O)N[C@H](C(=O)N[C@H](C(=O)N[C@@H](Cc1ccccc1)C(=O)N[C@@H](CC1C=NC=N1)C(=O)N[C@@H](CCC(N)=O)C(=O)N[C@H](C(=O)N[C@@H](CC(C)C)C(=O)N[C@@H](CCC(N)=O)C(=O)N[C@@H](CC(=O)O)C(=O)N1CCC[C@H]1C(=O)N[C@@H](CCCNC(=N)N)C(=O)N[C@H](C(=O)OC(=O)CNC(=O)CNC(=O)[C@H](C)NC(=O)[C@@H]1CCCN1C(=O)[C@H](Cc1ccccc1)NC(=O)[C@H](Cc1ccc(O)cc1)NC(=O)[C@H](CC(C)C)NC(=O)CNC(=O)[C@@H](N)CCCNC(=N)N)C(C)C)[C@@H](C)O)[C@@H](C)O)[C@@H](C)O,0.0,train,../data/images/SIDER/406.png
407.0,CN1C(=O)CN=C(c2ccccc2)c2cc(Cl)ccc21,1.0,train,../data/images/SIDER/407.png
408.0,Clc1ccc2nsnc2c1NC1=NCCN1,1.0,train,../data/images/SIDER/408.png
409.0,O=P(O)(O)CP(=O)(O)O,0.0,train,../data/images/SIDER/409.png
410.0,CC1(C)OC2COC3(COS(N)(=O)=O)OC(C)(C)OC3C2O1,1.0,train,../data/images/SIDER/410.png
411.0,CC(C)c1c(C(=O)Nc2ccccc2)c(-c2ccccc2)c(-c2ccc(F)cc2)n1CCC(O)CC(O)CC(=O)O,1.0,train,../data/images/SIDER/411.png
412.0,Cc1nc(-c2ccc(OCC(C)C)c(C#N)c2)sc1C(=O)O,1.0,train,../data/images/SIDER/412.png
413.0,CCOc1ccccc1OCCN[C@@H](C)Cc1ccc(OC)c(S(N)(=O)=O)c1,0.0,train,../data/images/SIDER/413.png
414.0,CNC1C(OC2C(OC3C(O)C(O)C(N=C(N)N)C(O)C3N=C(N)N)OC(C)C2(O)C=O)OC(CO)C(O)C1O,0.0,train,../data/images/SIDER/414.png
415.0,O=C(c1ccccc1)c1ccc2n1CCC2C(=O)O,1.0,train,../data/images/SIDER/415.png
416.0,CC[C@H](C)[C@H](NC(=O)[C@H](Cc1ccccc1)NC(=O)[C@H](CC(=O)O)NC(=O)[C@H](CCCNC(=N)N)NC(=O)[C@H](C)NC(=O)[C@H](C)NC(=O)[C@H](CC(C)C)NC(=O)[C@H](CC(N)=O)NC(=O)[C@H](CC(=O)O)NC(=O)[C@H](CC(C)C)NC(=O)[C@@H](NC(=O)[C@@H](NC(=O)[C@H](CC(N)=O)NC(=O)[C@H](CCSC)NC(=O)[C@H](CCC(=O)O)NC(=O)[C@H](CC(=O)O)NC(=O)[C@H](CO)NC(=O)[C@H](Cc1ccccc1)NC(=O)[C@H](CO)NC(=O)CNC(=O)[C@H](CC(=O)O)NC(=O)CNC(=O)[C@@H](N)Cc1cnc[nH]1)[C@@H](C)O)[C@@H](C)CC)C(=O)N[C@@H](CC(N)=O)C(=O)N[C@@H](Cc1c[nH]c2ccccc12)C(=O)N[C@@H](CC(C)C)C(=O)N[C@H](C(=O)N[C@@H](CCC(N)=O)C(=O)N[C@H](C(=O)N[C@@H](CCCCN)C(=O)N[C@H](C(=O)N[C@H](C(=O)N[C@@H](CC(=O)O)C(=O)O)[C@@H](C)O)[C@@H](C)CC)[C@@H](C)O)[C@@H](C)CC,1.0,train,../data/images/SIDER/416.png
417.0,CCCc1nn(C)c2c(=O)nc(-c3cc(S(=O)(=O)N4CCN(C)CC4)ccc3OCC)[nH]c12,0.0,train,../data/images/SIDER/417.png
418.0,OB1OCc2cc(F)ccc21,0.0,train,../data/images/SIDER/418.png
419.0,CC[C@H](C)[C@H](NC(=O)[C@H](CC(=O)O)NC(=O)[C@H](CC(C)C)NC(=O)[C@H](CC(C)C)NC(=O)[C@H](CCCCN)NC(=O)[C@H](CCCNC(=N)N)NC(=O)[C@H](CC(N)=O)NC(=O)[C@H](CO)NC(=O)[C@H](Cc1cnc[nH]1)NC(=O)[C@H](C)NC(=O)[C@H](CCC(N)=O)NC(=O)[C@H](CCC(N)=O)NC(=O)[C@H](C)NC(=O)[C@H](CC(C)C)NC(=O)[C@H](CCC(N)=O)NC(=O)[C@H](CC(=O)O)NC(=O)[C@H](C)NC(=O)[C@H](CCCCN)NC(=O)[C@@H](NC(=O)[C@H](CCSC)NC(=O)[C@H](CCC(=O)O)NC(=O)[C@H](CC(C)C)NC(=O)[C@@H](NC(=O)[C@H](CCC(=O)O)NC(=O)[C@H](CCCNC(=N)N)NC(=O)[C@H](CC(C)C)NC(=O)[C@H](CC(C)C)NC(=O)[C@H](Cc1cnc[nH]1)NC(=O)[C@H](Cc1ccccc1)NC(=O)[C@@H](NC(=O)[C@H](CC(C)C)NC(=O)[C@H](CC(=O)O)NC(=O)[C@H](CC(C)C)NC(=O)[C@H](CO)NC(=O)[C@@H](NC(=O)[C@@H]1CCCN1C(=O)[C@@H]1CCCN1C(=O)[C@H](CCC(=O)O)NC(=O)[C@H](CCC(N)=O)NC(=O)[C@@H](N)CO)[C@@H](C)CC)[C@@H](C)O)C(C)C)[C@@H](C)O)C(=O)N[C@@H](C)C(N)=O,0.0,train,../data/images/SIDER/419.png
420.0,NS(=O)(=O)c1cc2c(cc1Cl)NC=NS2(=O)=O,1.0,train,../data/images/SIDER/420.png
421.0,[OH-],0.0,train,../data/images/SIDER/421.png
422.0,CC(C)C(=O)OCC(=O)[C@@]12OC(C3CCCCC3)O[C@@H]1C[C@H]1[C@@H]3CCC4=CC(=O)C=C[C@]4(C)[C@H]3[C@@H](O)C[C@@]12C,0.0,train,../data/images/SIDER/422.png
423.0,COC(=O)C1=C(C)NC(C)=C(C(=O)OCC[NH+](C)Cc2ccccc2)C1c1cccc([N+](=O)[O-])c1,0.0,train,../data/images/SIDER/423.png
424.0,CC(O)C(=O)O,0.0,train,../data/images/SIDER/424.png
425.0,Clc1ccc(CSC(Cn2ccnc2)c2ccc(Cl)cc2Cl)cc1,0.0,train,../data/images/SIDER/425.png
426.0,COc1cc(-c2[o+]c3cc(O)cc(O)c3cc2O)cc(OC)c1O,0.0,train,../data/images/SIDER/426.png
427.0,O=C(NCC1CN(c2ccc(N3CCOCC3=O)cc2)C(=O)O1)c1ccc(Cl)s1,1.0,train,../data/images/SIDER/427.png
428.0,CC1OC(C)OC(C)O1,1.0,train,../data/images/SIDER/428.png
429.0,N[C@@H](CC(=O)N1CCn2c(nnc2C(F)(F)F)C1)Cc1cc(F)c(F)cc1F,1.0,train,../data/images/SIDER/429.png
430.0,CC(C)[C@H](N)C(=O)OCC(CO)OCn1cnc2c(=O)nc(N)[nH]c21,1.0,train,../data/images/SIDER/430.png
431.0,O=NN(CCCl)C(=O)NC1CCCCC1,1.0,train,../data/images/SIDER/431.png
432.0,Oc1cccc(-c2c3nc(c(-c4cccc(O)c4)c4ccc([nH]4)c(-c4cccc(O)c4)c4nc(c(-c5cccc(O)c5)c5ccc2[nH]5)CC4)C=C3)c1,0.0,train,../data/images/SIDER/432.png
433.0,COc1cc2c(cc1OC)C(=O)C(CC1CCN(Cc3ccccc3)CC1)C2,1.0,train,../data/images/SIDER/433.png
434.0,CNC(=O)CN(CCN(CCN(CC(=O)[O-])CC(=O)NC)CC(=O)[O-])CC(=O)[O-],0.0,train,../data/images/SIDER/434.png
435.0,CCC(=C(c1ccccc1)c1ccc(OCCN(C)C)cc1)c1ccccc1,1.0,train,../data/images/SIDER/435.png
436.0,CC(=O)N[C@H](Cc1ccc2ccccc2c1)C(=O)N[C@H](Cc1ccc(Cl)cc1)C(=O)N[C@H](Cc1cccnc1)C(=O)N[C@@H](CO)C(=O)N(C)[C@@H](Cc1ccc(O)cc1)C(=O)N[C@H](CC(N)=O)C(=O)N[C@@H](CC(C)C)C(=O)N[C@@H](CCCCNC(C)C)C(=O)N1CCC[C@H]1C(=O)N[C@H](C)C(N)=O,0.0,train,../data/images/SIDER/436.png
437.0,CNc1ccc(/C=C/c2ccc(OCCOCCOCC[18F])cc2)cc1,0.0,train,../data/images/SIDER/437.png
438.0,CCc1c2c(nc3ccc(OC(=O)N4CCC(N5CCCCC5)CC4)cc13)-c1cc3c(c(=O)n1C2)COC(=O)C3(O)CC,1.0,train,../data/images/SIDER/438.png
439.0,CC(C)(C)NC(=O)N[C@H](C(=O)N1C[C@H]2[C@@H]([C@H]1C(=O)NC(CC1CCC1)C(=O)C(N)=O)C2(C)C)C(C)(C)C,1.0,train,../data/images/SIDER/439.png
440.0,CCCCCCCC(=O)NC(CN1CCCC1)C(O)c1ccc2c(c1)OCCO2,0.0,train,../data/images/SIDER/440.png
441.0,CN(C)c1nc(N(C)C)nc(N(C)C)n1,0.0,train,../data/images/SIDER/441.png
442.0,CC1(C)OC2CC3C4CC(F)C5=CC(=O)C=CC5(C)C4C(O)CC3(C)C2(C(=O)CO)O1,0.0,train,../data/images/SIDER/442.png
443.0,CC(=O)OC(C)C[N+](C)(C)C,0.0,train,../data/images/SIDER/443.png
444.0,NCCNc1ccc(NCCN)c2c1C(=O)c1ccncc1C2=O,1.0,train,../data/images/SIDER/444.png
445.0,O=P(O)(O)C(O)(Cc1cccnc1)P(=O)(O)O,1.0,train,../data/images/SIDER/445.png
446.0,Cl[Pt+2]Cl,1.0,train,../data/images/SIDER/446.png
447.0,Clc1ccccc1C(c1ccccc1)(c1ccccc1)n1ccnc1,0.0,train,../data/images/SIDER/447.png
448.0,Cc1cnc(NC(=O)C2=C([O-])c3ccccc3S(=O)(=O)N2C)s1,1.0,train,../data/images/SIDER/448.png
449.0,CN1CCC(=C2c3ccccc3C=Cc3ccccc32)CC1,1.0,train,../data/images/SIDER/449.png
450.0,COCCNC(=O)CN(CCN(CCN(CC(=O)[O-])CC(=O)NCCOC)CC(=O)[O-])CC(=O)[O-],1.0,train,../data/images/SIDER/450.png
451.0,C=CC[N+]1([C@H]2CC3C4CCC5C[C@H](O)[C@@H](N6CCOCC6)C[C@]5(C)C4CC[C@]3(C)[C@H]2OC(C)=O)CCCC1,0.0,train,../data/images/SIDER/451.png
452.0,CNCCCC12CCC(c3ccccc31)c1ccccc12,1.0,train,../data/images/SIDER/452.png
453.0,CCC[C@@]1(CCc2ccccc2)CC(=O)C([C@H](CC)c2cccc([N-]S(=O)(=O)c3ccc(C(F)(F)F)cn3)c2)=C([O-])O1,1.0,train,../data/images/SIDER/453.png
454.0,Cl[Tl],0.0,train,../data/images/SIDER/454.png
455.0,C=CCNCCCCCC[N+](C)(C)C,0.0,train,../data/images/SIDER/455.png
456.0,C[C@H]1O[C@H](O[C@H]2[C@H](O)[C@@H](O)[C@@H](O[C@H]3[C@H](O)[C@@H](O)C(O)O[C@@H]3CO)O[C@@H]2CO)[C@H](O)[C@@H](O)[C@@H]1N[C@H]1C=C(CO)[C@@H](O)[C@H](O)[C@H]1O,1.0,train,../data/images/SIDER/456.png
457.0,CC=CC1=C(C(=O)O)N2C(=O)C(NC(=O)C(N)c3ccc(O)cc3)C2SC1,1.0,train,../data/images/SIDER/457.png
458.0,CO[C@@H]1C(=O)[C@]2(C)[C@@H](OC)C[C@H]3OC[C@@]3(OC(C)=O)[C@H]2[C@H](OC(=O)c2ccccc2)[C@]2(O)C[C@H](OC(=O)[C@H](O)[C@@H](NC(=O)OC(C)(C)C)c3ccccc3)C(C)=C1C2(C)C,0.0,train,../data/images/SIDER/458.png
459.0,COc1cc2nc(N3CCN(C(=O)C4COc5ccccc5O4)CC3)nc(N)c2cc1OC,1.0,train,../data/images/SIDER/459.png
460.0,C#Cc1cccc(Nc2ncnc3cc(OCCOC)c(OCCOC)cc23)c1,1.0,train,../data/images/SIDER/460.png
461.0,CCc1cc2c(cc1CC)CC(NCC(O)c1ccc(O)c3[nH]c(=O)ccc13)C2,0.0,train,../data/images/SIDER/461.png
462.0,CCC(C)CC(C)CCCCCCCCC(=O)N[C@H]1C[C@H](O)[C@@H](NCCN)NC(=O)C2[C@@H](O)CCN2C(=O)[C@H]([C@H](O)CCN)NC(=O)[C@H]([C@H](O)[C@@H](O)c2ccc(O)cc2)NC(=O)[C@@H]2C[C@@H](O)CN2C(=O)[C@H]([C@@H](C)O)NC1=O,1.0,train,../data/images/SIDER/462.png
463.0,O=C1CN(N=Cc2ccc(-c3ccc([N+](=O)[O-])cc3)o2)C([O-])=N1,1.0,train,../data/images/SIDER/463.png
464.0,CNC(=O)c1c(I)c(NC(C)=O)c(I)c(C(=O)O)c1I,0.0,train,../data/images/SIDER/464.png
465.0,N#CCC(C1CCCC1)n1cc(-c2ncnc3[nH]ccc23)cn1,1.0,train,../data/images/SIDER/465.png
466.0,CN1C(=O)CC(=O)N(c2ccccc2)c2cc(Cl)ccc21,0.0,train,../data/images/SIDER/466.png
467.0,NC(CO)(CO)CO,1.0,train,../data/images/SIDER/467.png
468.0,CN(CCCl)CCCl,1.0,train,../data/images/SIDER/468.png
469.0,CC(C)(ON=C(C(=O)NC1C(=O)N2C(C(=O)[O-])=C(C[n+]3ccccc3)CSC12)c1csc(N)n1)C(=O)O,1.0,train,../data/images/SIDER/469.png
470.0,O=C(O)O,0.0,train,../data/images/SIDER/470.png
471.0,O=P(O)(O)C(O)P(=O)(O)O,0.0,train,../data/images/SIDER/471.png
472.0,COC(=O)Nc1nc2ccc(C(=O)c3ccccc3)cc2[nH]1,1.0,train,../data/images/SIDER/472.png
473.0,C=CC(N)CCC(=O)O,1.0,train,../data/images/SIDER/473.png
474.0,Nc1cccc2c1CN(C1CCC(=O)NC1=O)C2=O,1.0,train,../data/images/SIDER/474.png
475.0,CCCC(=O)OC1(C(=O)COC(C)=O)CCC2C3CC(F)C4=CC(=O)C=CC4(C)C3(F)C(O)CC21C,0.0,train,../data/images/SIDER/475.png
476.0,C[N+](C)(C)CC(=O)[O-],0.0,train,../data/images/SIDER/476.png
477.0,CSCC[C@H](NC(=O)[C@H](CC(C)C)NC(=O)[C@H](Cc1c[nH]c2ccccc12)NC(=O)[C@H](CCC(N)=O)NC(=O)[C@@H](NC(=O)[C@H](Cc1ccccc1)NC(=O)[C@H](CC(=O)O)NC(=O)[C@H](CCC(N)=O)NC(=O)[C@H](C)NC(=O)[C@H](CCCNC(=N)N)NC(=O)[C@H](CCCNC(=N)N)NC(=O)[C@H](CO)NC(=O)[C@H](CC(=O)O)NC(=O)[C@H](CC(C)C)NC(=O)[C@H](Cc1ccc(O)cc1)NC(=O)[C@H](CCCCN)NC(=O)[C@H](CO)NC(=O)[C@H](Cc1ccc(O)cc1)NC(=O)[C@H](CC(=O)O)NC(=O)[C@H](CO)NC(=O)[C@@H](NC(=O)[C@H](Cc1ccccc1)NC(=O)[C@@H](NC(=O)CNC(=O)[C@H](CCC(N)=O)NC(=O)[C@H](CO)NC(=O)[C@@H](N)Cc1cnc[nH]1)[C@@H](C)O)[C@@H](C)O)C(C)C)C(=O)N[C@@H](CC(N)=O)C(=O)N[C@H](C(=O)O)[C@@H](C)O,0.0,train,../data/images/SIDER/477.png
478.0,C[C@]12CC[C@@H]3c4ccc(O)cc4C[C@@H](CCCCCCCCCS(=O)CCCC(F)(F)C(F)(F)F)[C@H]3[C@@H]1CC[C@@H]2O,1.0,train,../data/images/SIDER/478.png
479.0,Nc1ccc(C(=O)NCC(=O)O)cc1,0.0,train,../data/images/SIDER/479.png
480.0,CCCNS(=O)(=O)Nc1ncnc(OCCOc2ncc(Br)cn2)c1-c1ccc(Br)cc1,1.0,train,../data/images/SIDER/480.png
481.0,NCC(=O)O,0.0,train,../data/images/SIDER/481.png
482.0,O=C(O)C(S)C(S)C(=O)O,0.0,train,../data/images/SIDER/482.png
483.0,CC(CCC(=O)O)C1CCC2C3C(O)CC4CC(O)CCC4(C)C3CCC12C,1.0,train,../data/images/SIDER/483.png
484.0,O=C1CN=C(c2ccccc2Cl)c2cc([N+](=O)[O-])ccc2N1,1.0,train,../data/images/SIDER/484.png
485.0,CC1CC2C3C(Cl)CC4=CC(=O)C=CC4(C)C3C(O)CC2(C)C1(O)C(=O)CO,0.0,train,../data/images/SIDER/485.png
486.0,C=C1C(=CC=C2CCCC3(C)C2CCC3C(C)C=CC(C)C(C)C)CC(O)CC1O,0.0,train,../data/images/SIDER/486.png
487.0,CC(C)OC(=O)CCCC=CCC1C(O)CC(O)C1CCC(O)CCc1ccccc1,1.0,train,../data/images/SIDER/487.png
488.0,COC1CC2CCC(C)C(O)(O2)C(=O)C(=O)N2CCCCC2C(=O)OC(C(C)CC2CCC(O)C(OC)C2)CC(=O)C(C)C=C(C)C(O)C(OC)C(=O)C(C)CC(C)C=CC=CC=C1C,1.0,train,../data/images/SIDER/488.png
489.0,O=C(O)c1cn(C2CC2)c2cc(N3CCNCC3)c(F)cc2c1=O,1.0,train,../data/images/SIDER/489.png
490.0,COc1cc2nc(N3CCN(C(=O)C4CCCO4)CC3)nc(N)c2cc1OC,1.0,train,../data/images/SIDER/490.png
491.0,CCCCCCCCCCC(=O)O[C@H]1CC[C@H]2[C@@H]3CCC4=CC(=O)CC[C@]4(C)[C@H]3CC[C@]12C,1.0,train,../data/images/SIDER/491.png
492.0,CS(C)=O,0.0,train,../data/images/SIDER/492.png
493.0,CCCCNc1ccc(C(=O)OCCOCCOCCOCCOCCOCCOCCOCCOCCOC)cc1,0.0,train,../data/images/SIDER/493.png
494.0,NC(C(=O)O)C(O)c1ccc(O)c(O)c1,0.0,train,../data/images/SIDER/494.png
495.0,COC(=O)N[C@H](C(=O)N[C@@H](Cc1ccccc1)[C@@H](O)CN(Cc1ccc(-c2ccccn2)cc1)NC(=O)[C@@H](NC(=O)OC)C(C)(C)C)C(C)(C)C,1.0,train,../data/images/SIDER/495.png
496.0,CCC1(c2ccc(N)cc2)CCC(=O)NC1=O,1.0,train,../data/images/SIDER/496.png
497.0,CC[C@]1(O)C[C@@H]2CN(CCc3c([nH]c4ccccc34)[C@@](C(=O)OC)(c3cc4c(cc3OC)N(C)[C@H]3[C@@](O)(C(=O)OC)[C@H](OC(C)=O)[C@]5(CC)C=CCN6CC[C@]43[C@@H]65)C2)C1,0.0,train,../data/images/SIDER/497.png
498.0,CN1C(CCl)Nc2cc(Cl)c(S(N)(=O)=O)cc2S1(=O)=O,1.0,train,../data/images/SIDER/498.png
499.0,CN(C)CCOC(=O)C(c1ccccc1)C1(O)CCCC1,0.0,train,../data/images/SIDER/499.png
500.0,CC(=O)OCC(=O)C1(OC(C)=O)C(C)CC2C3CC(F)C4=CC(=O)C=CC4(C)C3(F)C(O)CC21C,0.0,train,../data/images/SIDER/500.png
501.0,COC12CCC3(CC1C(C)(O)C(C)(C)C)C1Cc4ccc(O)c5c4C3(CCN1CC1CC1)C2O5,1.0,train,../data/images/SIDER/501.png
502.0,CCc1ccc(C(C)CCc2ccc([N+](C)(C)C)cc2)cc1,1.0,train,../data/images/SIDER/502.png
503.0,CCOC(=O)C1(c2ccccc2)CCN(C)CC1,0.0,train,../data/images/SIDER/503.png
504.0,COc1ccc2c3c1O[C@H]1C(=O)CC[C@H]4[C@H](C2)N(C)CC[C@]314,0.0,train,../data/images/SIDER/504.png
505.0,Cc1nc(Nc2ncc(C(=O)Nc3c(C)cccc3Cl)s2)cc(N2CCN(CCO)CC2)n1,1.0,train,../data/images/SIDER/505.png
506.0,CCC(c1cccc(O)c1)C(C)CN(C)C,0.0,train,../data/images/SIDER/506.png
507.0,CON=C(C(=O)NC1C(=O)N2C(C(=O)[O-])=C(C[N+]3(C)CCCC3)CSC12)c1csc(N)n1,1.0,train,../data/images/SIDER/507.png
508.0,COc1ccc(C2Sc3ccccc3N(CC[NH+](C)C)C(=O)C2OC(C)=O)cc1,1.0,train,../data/images/SIDER/508.png
509.0,CN1C(CSCC(F)(F)F)Nc2cc(Cl)c(S(N)(=O)=O)cc2S1(=O)=O,1.0,train,../data/images/SIDER/509.png
510.0,CCC[C@H](N[C@@H](C)C(=O)N1[C@H](C(=O)O)C[C@@H]2CCCC[C@@H]21)C(=O)O,1.0,train,../data/images/SIDER/510.png
511.0,CC(C)Cc1ccc(C(C)C(=O)O)cc1,1.0,train,../data/images/SIDER/511.png
512.0,CC(Cn1cnc2c(N)ncnc21)OCP(=O)(O)O,1.0,train,../data/images/SIDER/512.png
513.0,NCC(CC(=O)O)c1ccc(Cl)cc1,1.0,train,../data/images/SIDER/513.png
514.0,CC(C)c1nc(N(C)S(C)(=O)=O)nc(-c2ccc(F)cc2)c1C=C[C@H](O)C[C@@H](O)CC(=O)O,1.0,train,../data/images/SIDER/514.png
515.0,CC[N+](C)(C)c1cccc(O)c1,0.0,train,../data/images/SIDER/515.png
516.0,NCC1OC(OC2C(N)CC(N)C(OC3OC(CO)C(O)C(N)C3O)C2O)C(N)CC1O,0.0,train,../data/images/SIDER/516.png
517.0,CCN(CC)C(C)C(=O)c1ccccc1,0.0,train,../data/images/SIDER/517.png
518.0,Cc1ccc(-n2[nH]c(C)c(N/N=C3\C=CC=C(c4cccc(C(=O)O)c4)C3=O)c2=O)cc1C,1.0,train,../data/images/SIDER/518.png
519.0,[C-]#N,0.0,train,../data/images/SIDER/519.png
520.0,[Ag],0.0,train,../data/images/SIDER/520.png
521.0,COCCOC(=O)NCC(=O)N[C@H]1[C@H]([C@H](O)[C@H](O)CO)O[C@@](OC[C@H]2O[C@H](O[C@H](C)[C@H](N)C(=O)O)[C@H](NC(C)=O)[C@@H](O)[C@H]2O)(C(=O)O)C[C@@H]1O,0.0,train,../data/images/SIDER/521.png
522.0,NS(=O)(=O)c1cc(C2(O)NC(=O)c3ccccc32)ccc1Cl,1.0,train,../data/images/SIDER/522.png
523.0,C[C@H](O)C1C(=O)N2C(C(=O)O)=C(S[C@@H]3CN[C@H](C(=O)N(C)C)C3)[C@H](C)C12,1.0,train,../data/images/SIDER/523.png
524.0,C=CCC1(C(C)C#CCC)C(=O)NC(=O)N(C)C1=O,0.0,train,../data/images/SIDER/524.png
525.0,CC1(C)NC(=O)N(c2ccc([N+](=O)[O-])c(C(F)(F)F)c2)C1=O,0.0,train,../data/images/SIDER/525.png
526.0,Cc1nc2n(c(=O)c1CCN1CCC(c3noc4cc(F)ccc34)CC1)CCCC2O,1.0,train,../data/images/SIDER/526.png
527.0,CN(C)CCCN1c2ccccc2Sc2ccc(Cl)cc21,1.0,train,../data/images/SIDER/527.png
528.0,Clc1ccc(CCC(Cn2ccnc2)Sc2c(Cl)cccc2Cl)cc1,0.0,train,../data/images/SIDER/528.png
529.0,CCN1CC(CCN2CCOCC2)C(c2ccccc2)(c2ccccc2)C1=O,0.0,train,../data/images/SIDER/529.png
530.0,OCC(O)C(O)C(O)C(O)CO,0.0,train,../data/images/SIDER/530.png
531.0,CN(C)c1ccc2nc3ccc(=[N+](C)C)cc-3sc2c1,1.0,train,../data/images/SIDER/531.png
532.0,Cc1cccc(CN2CCN(C(c3ccccc3)c3ccc(Cl)cc3)CC2)c1,0.0,train,../data/images/SIDER/532.png
533.0,CN[C@H](CC(C)C)C(=O)N[C@H]1C(=O)N[C@@H](CC(N)=O)C(=O)N[C@H]2C(=O)N[C@H]3C(=O)N[C@H](C(=O)N[C@@H](C(=O)O)c4cc(O)cc(O)c4-c4cc3ccc4O)[C@H](O[C@H]3C[C@](C)(N)[C@@H](O)[C@H](C)O3)c3ccc(c(Cl)c3)Oc3cc2cc(c3O[C@@H]2O[C@H](CO)[C@@H](O)[C@H](O)[C@H]2O[C@H]2C[C@](C)(NCc3ccc(-c4ccc(Cl)cc4)cc3)[C@@H](O)[C@H](C)O2)Oc2ccc(cc2Cl)[C@H]1O,0.0,train,../data/images/SIDER/533.png
534.0,CC1COc2c(N3CCN(C)CC3)c(F)cc3c(=O)c(C(=O)O)cn1c23,1.0,train,../data/images/SIDER/534.png
535.0,CC1C=CC=CCCC=CC=CC=CC=CC(OC2OC(C)C(O)C(N)C2O)CC2OC(O)(CC(O)C(O)CCC(O)CC(O)CC(O)CC(=O)OC(C)C(C)C1O)CC(O)C2C(=O)O,0.0,train,../data/images/SIDER/535.png
536.0,CCN(CC)CC#CCOC(=O)C(O)(c1ccccc1)C1CCCCC1,0.0,train,../data/images/SIDER/536.png
537.0,CCC=CCC=CCC=CCC=CCC=CCCCC(=O)O,0.0,train,../data/images/SIDER/537.png
538.0,CCCCCc1cc(O)c2c(c1)OC(C)(C)C1CCC(C)=CC21,0.0,train,../data/images/SIDER/538.png
539.0,Cc1ccc(-c2cc(C(F)(F)F)nn2-c2ccc(S(N)(=O)=O)cc2)cc1,1.0,train,../data/images/SIDER/539.png
540.0,[NH3+]C(CO)(CO)CO,1.0,train,../data/images/SIDER/540.png
541.0,CCCCC(F)(F)[C@@]1(O)CC[C@H]2[C@@H](CC(=O)[C@@H]2CCCCCCC(=O)O)O1,0.0,train,../data/images/SIDER/541.png
542.0,CCOP(=O)(OCC)C(C)NC(=O)N(CCCl)N=O,1.0,train,../data/images/SIDER/542.png
543.0,O=C1Nc2ccc(Cl)cc2C(C#CC2CC2)(C(F)(F)F)O1,1.0,train,../data/images/SIDER/543.png
544.0,Nc1ccn(C2OC(CO)C(O)C2(F)F)c(=O)n1,1.0,train,../data/images/SIDER/544.png
545.0,COc1cc(NS(C)(=O)=O)ccc1Nc1c2ccccc2nc2ccccc12,1.0,train,../data/images/SIDER/545.png
546.0,OCCOC[C@H]1O[C@H](OCCO)[C@H](OCCO)[C@@H](OCCO)[C@@H]1OCCO,0.0,train,../data/images/SIDER/546.png
547.0,C[C@H](N[C@@H](CCc1ccccc1)C(=O)O)C(=O)N1Cc2ccccc2C[C@H]1C(=O)O,1.0,train,../data/images/SIDER/547.png
548.0,CCOc1ccc(C[C@H]2NC(=O)CCSSC[C@@H](C(=O)N3CCC[C@H]3C(=O)N[C@@H](CCCN)C(=O)NCC(N)=O)NC(=O)[C@H](CC(N)=O)NC(=O)C([C@@H](C)O)NC(=O)[C@H]([C@@H](C)CC)NC2=O)cc1,0.0,train,../data/images/SIDER/548.png
549.0,CC[C@@H]([C@H](C)O)n1ncn(-c2ccc(N3CCN(c4ccc(OCC5CO[C@@](Cn6cncn6)(c6ccc(F)cc6F)C5)cc4)CC3)cc2)c1=O,1.0,train,../data/images/SIDER/549.png
550.0,CS(=O)(=O)c1ccc(C2=C(c3ccccc3)C(=O)OC2)cc1,1.0,train,../data/images/SIDER/550.png
551.0,NC(=O)OCC(COC(N)=O)c1ccccc1,1.0,train,../data/images/SIDER/551.png
552.0,Cc1ncc2n1-c1ccc(Cl)cc1C(c1ccccc1F)=NC2,0.0,train,../data/images/SIDER/552.png
553.0,O=CC(O)C(O)C(O)C(O)CO,0.0,train,../data/images/SIDER/553.png
554.0,O=C1Nc2ccc(Cl)cc2C(c2ccccc2)=NC1O,1.0,train,../data/images/SIDER/554.png
555.0,C#CC1(O)CCC2C3C(C)CC4=C(CCC(=O)C4)C3CCC21C,1.0,train,../data/images/SIDER/555.png
556.0,NC(C(=O)NC1C(=O)N2C(C(=O)O)=C(Cl)CSC12)c1ccccc1,1.0,train,../data/images/SIDER/556.png
557.0,COC1C(CO)OC(OCC2OC(OC3C(CO)OC(C)C(O)C3O)C(O)C(O)C2OC2OC(CO)C(OC)C(O)C2OCCO)C(O)C1O,0.0,train,../data/images/SIDER/557.png
558.0,C=C1CCC(O)CC1=CC=C1CCCC2(C)C1CCC2C(C)C=CC(C)C(C)C,0.0,train,../data/images/SIDER/558.png
559.0,C=C1C[C@@H]2[C@H](CC[C@]3(C)C(=O)CC[C@@H]23)[C@@]2(C)C=CC(=O)C=C12,1.0,train,../data/images/SIDER/559.png
560.0,CC1CC2C3CCC4=CC(=O)C=CC4(C)C3(F)C(O)CC2(C)C1(O)C(=O)COP(=O)(O)O,0.0,train,../data/images/SIDER/560.png
561.0,C[N+]1(C)CCCC(OC(=O)C(O)(c2ccccc2)c2ccccc2)C1,0.0,train,../data/images/SIDER/561.png
562.0,O=C(CCCCCCC(=O)Nc1ccccc1)NO,1.0,train,../data/images/SIDER/562.png
563.0,CC(C)(C(=O)c1cccnc1)c1cccnc1,0.0,train,../data/images/SIDER/563.png
564.0,CCCCS(=O)(=O)NC(Cc1ccc(OCCCCC2CCNCC2)cc1)C(=O)O,0.0,train,../data/images/SIDER/564.png
565.0,FCOC(C(F)(F)F)C(F)(F)F,1.0,train,../data/images/SIDER/565.png
566.0,OCC1OC(O)C(F)C(O)C1O,0.0,train,../data/images/SIDER/566.png
567.0,CCCCCOC(=O)Nc1nc(=O)n([C@@H]2O[C@H](C)[C@@H](O)[C@H]2O)cc1F,1.0,train,../data/images/SIDER/567.png
568.0,CC1(C)SC2C(NC(=O)COc3ccccc3)C(=O)N2C1C(=O)[O-],0.0,train,../data/images/SIDER/568.png
569.0,COC(=O)C1C2CC3c4[nH]c5cc(OC)ccc5c4CCN3CC2CC(OC(=O)c2cc(OC)c(OC)c(OC)c2)C1OC,0.0,train,../data/images/SIDER/569.png
570.0,CCn1nc(C(=O)O)c(=O)c2cc3c(cc21)OCO3,0.0,train,../data/images/SIDER/570.png
571.0,O=C([O-])CN(CCN(CC(=O)[O-])CC(=O)O)CCN(CC(=O)[O-])CC(=O)O,1.0,train,../data/images/SIDER/571.png
572.0,CC(C)NCC(O)COc1cccc2[nH]ccc12,0.0,train,../data/images/SIDER/572.png
573.0,CC[C@H](C)[C@H](NC(=O)[C@H](Cc1ccccc1)NC(=O)[C@H](CCC(=O)O)NC(=O)[C@H](CCC(=O)O)NC(=O)[C@H](CS)NC(=O)[C@H](CCC(N)=O)NC(=O)[C@H](CCCNC(=N)N)NC(=O)[C@@H](NC(=O)[C@H](Cc1ccccc1)NC(=O)[C@@H](NC(=O)[C@H](CC(N)=O)NC(=O)[C@H](Cc1ccccc1)NC(=O)[C@H](Cc1ccccc1)NC(=O)[C@H](Cc1c[nH]c2ccccc12)NC(=O)[C@H](CCCNC(=N)N)NC(=O)[C@@H]1CCCN1C(=O)[C@H](Cc1cnc[nH]1)NC(=O)[C@H](C)NC(=O)[C@H](C)NC(=O)[C@H](CCCNC(=N)N)NC(=O)[C@H](CS)NC(=O)[C@@H]1CCCN1C(=O)CNC(=O)[C@H](CC(=O)O)NC(=O)[C@H](CC(=O)O)NC(=O)[C@H](C)NC(=O)[C@H](CCCCN)NC(=O)[C@H](Cc1ccccc1)NC(=O)[C@H](C)NC(=O)[C@H](CS)NC(=O)[C@H](Cc1ccccc1)NC(=O)[C@H](CO)NC(=O)[C@H](Cc1cnc[nH]1)NC(=O)[C@H](CCSC)NC(=O)[C@H](C)NC(=O)[C@@H](N)CCC(=O)O)[C@@H](C)CC)[C@@H](C)O)C(=O)N[C@@H](Cc1ccc(O)cc1)C(=O)NCC(=O)NCC(=O)N[C@@H](CS)C(=O)N[C@@H](CCC(=O)O)C(=O)NCC(=O)N[C@@H](CC(N)=O)C(=O)N[C@@H](CCC(N)=O)C(=O)N[C@@H](CC(N)=O)C(=O)N[C@@H](CCCNC(=N)N)C(=O)N[C@@H](Cc1ccccc1)C(=O)N[C@@H](CCC(=O)O)C(=O)N[C@@H](CO)C(=O)N[C@@H](CC(C)C)C(=O)N[C@@H](CCC(=O)O)C(=O)N[C@@H](CCC(=O)O)C(=O)N[C@@H](CS)C(=O)N[C@@H](CCCCN)C(=O)N[C@@H](CCCCN)C(=O)N[C@@H](CCSC)C(=O)N[C@@H](CS)C(=O)N[C@H](C(=O)N[C@@H](CCCNC(=N)N)C(=O)N[C@@H](CC(=O)O)C(=O)O)[C@@H](C)O,0.0,train,../data/images/SIDER/573.png
574.0,C#CC1(O)CCC2C3CCC4=Cc5oncc5CC4(C)C3CCC21C,1.0,train,../data/images/SIDER/574.png
575.0,CC(C)(C)NCC(O)c1ccc(O)c(CO)c1,1.0,train,../data/images/SIDER/575.png
576.0,O=C(O)CC[Ge](=O)O[Ge](=O)CCC(=O)O,1.0,train,../data/images/SIDER/576.png
577.0,CCOC(=O)Nc1ccc(NCc2ccc(F)cc2)cc1N,1.0,train,../data/images/SIDER/577.png
578.0,C=CCOc1ccccc1OCC(O)CNC(C)C,0.0,train,../data/images/SIDER/578.png
579.0,NC1=NCC2c3ccccc3Cc3ccccc3N12,0.0,train,../data/images/SIDER/579.png
580.0,C[N+]1(CC2CC2)CC[C@]23c4c5ccc(O)c4O[C@H]2C(=O)CC[C@@]3(O)[C@H]1C5,0.0,train,../data/images/SIDER/580.png
581.0,C[N+](C)(C)CCOC(=O)CCC(=O)OCC[N+](C)(C)C,0.0,train,../data/images/SIDER/581.png
582.0,C[C@@H](O)[C@H]1C(=O)N2C(C(=O)O)=C(S[C@@H]3CN[C@H](C(=O)Nc4cccc(C(=O)O)c4)C3)[C@H](C)[C@H]12,1.0,train,../data/images/SIDER/582.png
583.0,CC(C)(CO)C(O)C(=O)NCCCO,0.0,train,../data/images/SIDER/583.png
584.0,CC(C)(C)NCC(O)COc1cccc2c1CCC(=O)N2,0.0,train,../data/images/SIDER/584.png
585.0,CCOC(=O)C1=C(COCCN)NC(C)=C(C(=O)OC)C1c1ccccc1Cl,1.0,train,../data/images/SIDER/585.png
586.0,CCOC(=O)C(CCc1ccccc1)NC1CCc2ccccc2N(CC(=O)O)C1=O,1.0,train,../data/images/SIDER/586.png
587.0,CCCCC[C@@H](O)CC[C@H]1[C@@H]2Cc3cccc(OCC(=O)O)c3C[C@@H]2C[C@@H]1O,0.0,train,../data/images/SIDER/587.png
588.0,Cn1c(CCCC(=O)O)nc2cc(N(CCCl)CCCl)ccc21,0.0,train,../data/images/SIDER/588.png
589.0,Cc1c2oc3c(C)ccc(C(=O)NC4C(=O)NC(C(C)C)C(=O)N5CCCC5C(=O)N(C)CC(=O)N(C)C(C(C)C)C(=O)OC4C)c3nc-2c(C(=O)NC2C(=O)NC(C(C)C)C(=O)N3CCCC3C(=O)N(C)CC(=O)N(C)C(C(C)C)C(=O)OC2C)c(N)c1=O,1.0,train,../data/images/SIDER/589.png
590.0,C[C@@H]1CC=CC=CC=CC=C[C@H](OC2O[C@H](C)[C@@H](O)[C@H](N)[C@@H]2O)C[C@@H]2O[C@](O)(C[C@@H](O)C[C@H]3O[C@@H]3C=CC(=O)O1)C[C@H](O)[C@H]2C(=O)O,0.0,train,../data/images/SIDER/590.png
591.0,Cn1c(=O)c2[nH]cnc2n(C)c1=O,0.0,train,../data/images/SIDER/591.png
592.0,CCOCCn1c(N2CCCN(C)CC2)nc2ccccc21,0.0,train,../data/images/SIDER/592.png
593.0,NNc1nncc2ccccc12,1.0,train,../data/images/SIDER/593.png
594.0,CC(C)NCC(O)COc1ccc(CC(N)=O)cc1,1.0,train,../data/images/SIDER/594.png
595.0,COCCOC(=O)NCCCC[C@H](NC(=O)OCCOC)C(=O)NCCCCCCCOP(C)(=O)O,0.0,train,../data/images/SIDER/595.png
596.0,CN1C(=O)CC(C)(c2ccccc2)C1=O,0.0,train,../data/images/SIDER/596.png
597.0,CC[N+](C)(C)Cc1ccccc1Br,0.0,train,../data/images/SIDER/597.png
598.0,CNC(CC(C)C)C(=O)NC1C(=O)NC(CC(N)=O)C(=O)NC2C(=O)NC3C(=O)NC(C(=O)NC(C(=O)O)c4cc(O)cc(O)c4-c4cc3ccc4O)C(O)c3ccc(c(Cl)c3)Oc3cc2cc(c3OC2OC(CO)C(O)C(O)C2OC2CC(C)(N)C(O)C(C)O2)Oc2ccc(cc2Cl)C1O,0.0,train,../data/images/SIDER/598.png
599.0,CN(C)CCc1c[nH]c2ccc(CS(=O)(=O)N3CCCC3)cc12,0.0,train,../data/images/SIDER/599.png
600.0,N=C(N)c1ccc(OCCCOc2ccc(C(=N)N)cc2Br)c(Br)c1,0.0,train,../data/images/SIDER/600.png
601.0,CCN(CC)CCOC(=O)c1ccc(N)cc1Cl,0.0,train,../data/images/SIDER/601.png
602.0,CC1=C(C(=O)O)N2C(=O)C(NC(=O)C(N)c3ccccc3)C2SC1,1.0,train,../data/images/SIDER/602.png
603.0,O=c1[nH]c2ccccc2n1C1CCN(CCCC(c2ccc(F)cc2)c2ccc(F)cc2)CC1,0.0,train,../data/images/SIDER/603.png
604.0,CC(C)Cn1cnc2c(N)nc3ccccc3c21,1.0,train,../data/images/SIDER/604.png
605.0,CN1CC(C(=O)NC2(C)OC3(O)C4CCCN4C(=O)C(Cc4ccccc4)N3C2=O)C=C2c3cccc4[nH]cc(c34)CC21,0.0,train,../data/images/SIDER/605.png
606.0,C[C@]12CCC3[C@@H](CC[C@H]4NC(=O)C=C[C@]34C)[C@@H]1CC[C@@H]2C(=O)Nc1cc(C(F)(F)F)ccc1C(F)(F)F,0.0,train,../data/images/SIDER/606.png
607.0,NCCCC[C@H](NC(=O)[C@@H]1CCCN1C(=O)[C@@H]1CSSC[C@H](NC(=O)CNC(=O)CNC(=O)CN)C(=O)N[C@@H](Cc2ccc(O)cc2)C(=O)N[C@@H](Cc2ccccc2)C(=O)N[C@@H](CCC(N)=O)C(=O)N[C@@H](CC(N)=O)C(=O)N1)C(=O)NCC(N)=O,0.0,train,../data/images/SIDER/607.png
608.0,CCc1c(Cl)c(O)c(Cl)c(O)c1C(=O)OC1C(C)OC(OC/C2=C/C=C/CC(O)/C(C)=C/C(CC)C(OC3OC(C)(C)C(OC(=O)C(C)C)C(O)C3O)/C(C)=C/C(C)=C/CC(C(C)O)OC2=O)C(OC)C1O,1.0,train,../data/images/SIDER/608.png
609.0,CC1(C)O[C@@H]2C[C@H]3C4CCC5=CC(=O)C=CC5(C)[C@H]4C(O)CC3(C)[C@]2(C(=O)CO)O1,0.0,train,../data/images/SIDER/609.png
610.0,Cc1ncc(CO)c(CO)c1O,0.0,train,../data/images/SIDER/610.png
611.0,CC(=O)C[C@@H](c1ccc([N+](=O)[O-])cc1)c1c([O-])oc2ccccc2c1=O,1.0,train,../data/images/SIDER/611.png
612.0,O=C(O)CCCN1CCC(OC(c2ccc(Cl)cc2)c2ccccn2)CC1,0.0,train,../data/images/SIDER/612.png
613.0,CCOC(=O)C(CCc1ccccc1)NC(C)C(=O)N1CCCC1C(=O)O,1.0,train,../data/images/SIDER/613.png
614.0,CCc1cc(C(N)=S)ccn1,1.0,train,../data/images/SIDER/614.png
615.0,CC(C)N1CCN(c2ccc(OCC3COC(Cn4cncn4)(c4ccc(Cl)cc4Cl)O3)cc2)CC1,0.0,train,../data/images/SIDER/615.png
616.0,CC(=O)NC1C(N=C(N)N)C=C(C(=O)O)OC1C(O)C(O)CO,0.0,train,../data/images/SIDER/616.png
617.0,O=C1Cc2cc(CCN3CCN(c4nsc5ccccc45)CC3)c(Cl)cc2N1,1.0,train,../data/images/SIDER/617.png
618.0,CC(=O)CC(c1ccccc1)c1c([O-])oc2ccccc2c1=O,1.0,train,../data/images/SIDER/618.png
619.0,CN1C(=O)C(O)N=C(c2ccccc2)c2cc(Cl)ccc21,1.0,train,../data/images/SIDER/619.png
620.0,C[C@@H]1C[C@H]2C3C[C@H](F)C4=CC(=O)C=C[C@]4(C)[C@@]3(F)[C@@H](O)C[C@]2(C)[C@@]1(O)C(=O)SCF,1.0,train,../data/images/SIDER/620.png
621.0,Nc1c(CC(=O)O)cccc1C(=O)c1ccc(Br)cc1,0.0,train,../data/images/SIDER/621.png
622.0,[Na+],0.0,train,../data/images/SIDER/622.png
623.0,OCCOCCN1CCN(C2=Nc3ccccc3Sc3ccccc32)CC1,1.0,train,../data/images/SIDER/623.png
624.0,Cc1cc(C#N)cc(C)c1Oc1nc(Nc2ccc(C#N)cc2)nc(N)c1Br,1.0,train,../data/images/SIDER/624.png
625.0,COc1cccc2c1C(=O)c1c(O)c3c(c(O)c1C2=O)CC(O)(C(=O)CO)CC3OC1CC([NH3+])C(O)C(C)O1,1.0,train,../data/images/SIDER/625.png
626.0,CO[C@H]1O[C@H](COS(=O)(=O)[O-])[C@@H](O[C@@H]2O[C@@H](C(=O)[O-])[C@@H](O[C@H]3O[C@H](COS(=O)(=O)[O-])C(O[C@@H]4O[C@H](C(=O)[O-])[C@@H](O[C@H]5O[C@H](COS(=O)(=O)[O-])[C@@H](O)[C@H](O)[C@H]5NS(=O)(=O)[O-])[C@H](O)[C@H]4O)[C@H](OS(=O)(=O)[O-])[C@H]3NS(=O)(=O)[O-])[C@H](O)[C@H]2OS(=O)(=O)[O-])[C@H](O)[C@H]1NS(=O)(=O)[O-],1.0,train,../data/images/SIDER/626.png
627.0,CC(C)(C)NCC(O)c1ccc(O)c(CO)n1,0.0,train,../data/images/SIDER/627.png
628.0,FC(F)OC(F)(F)C(F)Cl,1.0,train,../data/images/SIDER/628.png
629.0,CC(C)(C)NC(=O)[C@@H]1CC2CCCCC2CN1C[C@@H](O)[C@H](Cc1ccccc1)NC(=O)[C@H](CC(N)=O)NC(=O)c1ccc2ccccc2n1,1.0,train,../data/images/SIDER/629.png
630.0,Cc1nnc2n1-c1ccc(Cl)cc1C(c1ccccc1Cl)=NC2,1.0,train,../data/images/SIDER/630.png
631.0,[Zn],0.0,train,../data/images/SIDER/631.png
632.0,NCC1CCC(C(=O)O)CC1,0.0,train,../data/images/SIDER/632.png
633.0,CON=C(C(=O)NC1C(=O)N2C(C(=O)[O-])=C(CSc3nc(=O)c([O-])nn3C)CSC12)c1csc(N)n1,1.0,train,../data/images/SIDER/633.png
634.0,CC(=O)NCC1CN(c2ccc(N3CCOCC3)c(F)c2)C(=O)O1,1.0,train,../data/images/SIDER/634.png
635.0,C#CCN(C)C(C)Cc1ccccc1,1.0,train,../data/images/SIDER/635.png
636.0,COC(=O)C1=C(C)NC(C)=C(C(=O)OC(C)(C)CN(C)CCC(c2ccccc2)c2ccccc2)C1c1cccc([N+](=O)[O-])c1,1.0,train,../data/images/SIDER/636.png
637.0,CC1=C2N=C(C=C3N=C(C(C)=C4[N-]C(C(CC(N)=O)C4(C)CCC(=O)NCC(C)OP(=O)(O)OC4C(CO)OC(n5cnc6cc(C)c(C)cc65)C4O)C4(C)N=C1C(CCC(N)=O)C4(C)CC(N)=O)C(CCC(N)=O)C3(C)C)C(CCC(N)=O)C2(C)CC(N)=O,0.0,train,../data/images/SIDER/637.png
638.0,C=C[C@]1(C)C[C@@H](OC(=O)CSC2C[C@H]3CC[C@@H](C2)N3C)[C@]2(C)[C@H](C)CC[C@]3(CCC(=O)[C@H]32)[C@@H](C)[C@@H]1O,0.0,train,../data/images/SIDER/638.png
639.0,Nc1nnc(-c2cccc(Cl)c2Cl)c(N)n1,1.0,train,../data/images/SIDER/639.png
640.0,CCCCN(CCCC)CCC(O)c1cc2c(Cl)cc(Cl)cc2c2cc(C(F)(F)F)ccc12,0.0,train,../data/images/SIDER/640.png
641.0,CC(O)C(=O)Nc1c(I)c(C(=O)NC(CO)CO)c(I)c(C(=O)NC(CO)CO)c1I,0.0,train,../data/images/SIDER/641.png
642.0,CN1C2CCC1CC(OC(=O)C(O)c1ccccc1)C2,0.0,train,../data/images/SIDER/642.png
643.0,Nc1ccn(C2CSC(CO)O2)c(=O)n1,1.0,train,../data/images/SIDER/643.png
644.0,CC12CCC3c4ccc(OS(=O)(=O)O)cc4CCC3C1CCC2=O,1.0,train,../data/images/SIDER/644.png
645.0,COc1ccc2cc(C(C)C(=O)[O-])ccc2c1,1.0,train,../data/images/SIDER/645.png
646.0,CCOC(=O)OC1(C(=O)COC(=O)CC)CCC2C3CCC4=CC(=O)C=CC4(C)C3C(O)CC21C,0.0,train,../data/images/SIDER/646.png
647.0,CC(C)(N)Cc1ccccc1,0.0,train,../data/images/SIDER/647.png
648.0,N,0.0,train,../data/images/SIDER/648.png
649.0,CC12CCC3c4ccc(O)cc4CCC3C1CCC2=O,1.0,train,../data/images/SIDER/649.png
650.0,CC(=O)OCC[N+](C)(C)C,0.0,train,../data/images/SIDER/650.png
651.0,CC(=O)Nc1c(I)c(NC(C)=O)c(I)c(C(=O)O)c1I,0.0,train,../data/images/SIDER/651.png
652.0,CNC(C)Cc1ccccc1,0.0,train,../data/images/SIDER/652.png
653.0,CC(C)(C)c1cc(C(C)(C)C)c(NC(=O)c2c[nH]c3ccccc3c2=O)cc1O,0.0,train,../data/images/SIDER/653.png
654.0,Nc1nc(=O)c2ncn(COCCO)c2[nH]1,1.0,train,../data/images/SIDER/654.png
655.0,CC12CCC3c4ccc(O)cc4CCC3C1CCC2OC(=O)CCC1CCCC1,1.0,train,../data/images/SIDER/655.png
656.0,Cc1nnc2n1-c1ccc(Cl)cc1C(c1ccccc1)=NC2,1.0,train,../data/images/SIDER/656.png
657.0,CCN(CC)CCOC(=O)C1(C2CCCCC2)CCCCC1,0.0,train,../data/images/SIDER/657.png
658.0,C=Cc1ccccc1S(=O)(=O)O,0.0,train,../data/images/SIDER/658.png
659.0,CCCCN1C[C@H](O)[C@@H](O)[C@H](O)[C@H]1CO,0.0,train,../data/images/SIDER/659.png
660.0,Cc1ncc[nH]1,1.0,train,../data/images/SIDER/660.png
661.0,OCCN1CCN(CCCN2c3ccccc3Sc3ccc(C(F)(F)F)cc32)CC1,1.0,train,../data/images/SIDER/661.png
662.0,CC12C=CC(=O)C=C1CCC1C2C(O)CC2(C)C1CCC2(O)C(=O)COP(=O)(O)O,0.0,train,../data/images/SIDER/662.png
663.0,OC(c1ccccc1)(c1ccccc1)C12CC[N+](CCOCc3ccccc3)(CC1)CC2,0.0,train,../data/images/SIDER/663.png
664.0,CN1CCOC(c2ccccc2)c2ccccc2C1,0.0,train,../data/images/SIDER/664.png
665.0,COC(c1ccccc1)(c1ccccc1)C(Oc1nc(C)cc(C)n1)C(=O)O,1.0,train,../data/images/SIDER/665.png
666.0,O=c1n(CCCN2CCN(c3cccc(Cl)c3)CC2)nc2ccccn12,1.0,train,../data/images/SIDER/666.png
667.0,CN1CCC23c4c5ccc(O)c4OC2C(O)C=CC3C1C5,1.0,train,../data/images/SIDER/667.png
668.0,COc1cc(C2c3cc4c(cc3C(OC3OC5COC(C)OC5C(O)C3O)C3COC(=O)C23)OCO4)cc(OC)c1O,1.0,train,../data/images/SIDER/668.png
669.0,CCOC(=O)C1=CC(OC(CC)CC)C(NC(C)=O)C(N)C1,1.0,train,../data/images/SIDER/669.png
670.0,CCN(CC)C(=O)[C@]1(c2ccccc2)C[C@@H]1C[NH3+],1.0,train,../data/images/SIDER/670.png
671.0,[Ca+2],0.0,train,../data/images/SIDER/671.png
672.0,O=C1[C@@H]2[C@H]3CC[C@H](C3)[C@@H]2C(=O)N1C[C@@H]1CCCC[C@H]1CN1CCN(c2nsc3ccccc23)CC1,1.0,train,../data/images/SIDER/672.png
673.0,O=C(C1CCCCC1)N1CC(=O)N2CCc3ccccc3C2C1,0.0,train,../data/images/SIDER/673.png
674.0,CNC1C(O)C(NC)C2OC3(O)C(=O)CC(C)OC3OC2C1O,0.0,train,../data/images/SIDER/674.png
675.0,CN1CCN(C2=Nc3ccccc3Oc3ccc(Cl)cc32)CC1,1.0,train,../data/images/SIDER/675.png
676.0,CCN(CC)CCN1C(=O)CN=C(c2ccccc2F)c2cc(Cl)ccc21,0.0,train,../data/images/SIDER/676.png
677.0,CC(=O)N[C@H](Cc1ccc2ccccc2c1)C(=O)N[C@H](Cc1ccc(Cl)cc1)C(=O)N[C@H](Cc1cccnc1)C(=O)N[C@@H](CO)C(=O)N[C@@H](Cc1ccc(NC(=O)[C@@H]2CC(=O)NC(=O)N2)cc1)C(=O)N[C@H](Cc1ccc(NC(N)=O)cc1)C(=O)N[C@@H](CC(C)C)C(=O)N[C@@H](CCCCNC(C)C)C(=O)N1CCC[C@H]1C(=O)N[C@H](C)C(N)=O,1.0,train,../data/images/SIDER/677.png
678.0,CC[C@]12C=CCN3CC[C@@]4(c5cc([C@@]6(C(=O)OC)C[C@@H]7C[C@H](C(C)(F)F)CN(Cc8c6[nH]c6ccccc86)C7)c(OC)cc5N(C)[C@H]4[C@@](O)(C(=O)OC)[C@@H]1OC(C)=O)[C@@H]32,1.0,train,../data/images/SIDER/678.png
679.0,CC12CC3CC(C)(C1)CC(N)(C3)C2,1.0,train,../data/images/SIDER/679.png
680.0,CCCCNC(=O)NS(=O)(=O)c1ccc(C)cc1,1.0,train,../data/images/SIDER/680.png
681.0,C#C[C@]1(OC(C)=O)CC[C@H]2[C@@H]3CCC4=CC(=O)CC[C@@H]4[C@H]3CC[C@@]21C,1.0,train,../data/images/SIDER/681.png
682.0,CCCN1CC(CSC)CC2c3cccc4[nH]cc(c34)CC21,1.0,train,../data/images/SIDER/682.png
683.0,CC1(C)O[C@@H]2C[C@H]3[C@@H]4CCC5=CC(=O)C=C[C@]5(C)[C@@]4(F)[C@@H](O)C[C@]3(C)[C@]2(C(=O)CO)O1,1.0,train,../data/images/SIDER/683.png
684.0,CCOc1ccc(C[C@@H](CN(CCN(CC(=O)[O-])CC(=O)[O-])CC(=O)[O-])N(CC(=O)[O-])CC(=O)[O-])cc1,0.0,train,../data/images/SIDER/684.png
685.0,CC(C)OC(=O)CCC/C=C/CC1C(O)CC(O)C1/C=C/C(F)(F)COc1ccccc1,0.0,train,../data/images/SIDER/685.png
686.0,CC(C)NCC(O)c1cc(O)cc(O)c1,0.0,train,../data/images/SIDER/686.png
687.0,Cc1ncc(C[n+]2csc(CCO)c2C)c(N)n1,0.0,train,../data/images/SIDER/687.png
688.0,CCCCCCCCCCCCCC(=O)NCCCC[C@H](NC(=O)[C@@H]1CCCN1C(=O)[C@@H](NC(=O)[C@H](Cc1ccc(O)cc1)NC(=O)[C@H](Cc1ccccc1)NC(=O)[C@H](Cc1ccccc1)NC(=O)CNC(=O)[C@H](CCCNC(=N)N)NC(=O)[C@H](CCC(=O)O)NC(=O)CNC(=O)[C@@H]1CSSC[C@@H](C(=O)N[C@@H](CC(N)=O)C(=O)O)NC(=O)[C@H](Cc2ccc(O)cc2)NC(=O)[C@H](CC(N)=O)NC(=O)[C@H](CCC(=O)O)NC(=O)[C@H](CC(C)C)NC(=O)[C@H](CCC(N)=O)NC(=O)[C@H](Cc2ccc(O)cc2)NC(=O)[C@H](CC(C)C)NC(=O)[C@H](CO)NC(=O)[C@@H]2CSSC[C@H](NC(=O)[C@H](CCC(N)=O)NC(=O)[C@H](CCC(=O)O)NC(=O)[C@@H](NC(=O)[C@@H](NC(=O)CN)[C@@H](C)CC)C(C)C)C(=O)N[C@@H](CSSC[C@H](NC(=O)[C@H](CC(C)C)NC(=O)[C@H](Cc3c[nH]cn3)NC(=O)[C@H](CCC(N)=O)NC(=O)[C@H](CC(N)=O)NC(=O)[C@@H](NC(=O)[C@@H](N)Cc3ccccc3)C(C)C)C(=O)NCC(=O)N[C@@H](CO)C(=O)N[C@@H](Cc3c[nH]cn3)C(=O)N[C@@H](CC(C)C)C(=O)N[C@@H](C(C)C)C(=O)N[C@@H](CCC(=O)O)C(=O)N[C@@H](C)C(=O)N[C@@H](CC(C)C)C(=O)N[C@@H](Cc3ccc(O)cc3)C(=O)N[C@@H](CC(C)C)C(=O)N[C@@H](C(C)C)C(=O)N1)C(=O)N[C@@H]([C@@H](C)O)C(=O)N[C@@H](CO)C(=O)N[C@@H]([C@@H](C)CC)C(=O)N2)[C@@H](C)O)C(=O)O,1.0,train,../data/images/SIDER/688.png
689.0,CC#CCn1c(N2CCC[C@@H](N)C2)nc2c1c(=O)n(Cc1nc(C)c3ccccc3n1)c(=O)n2C,0.0,train,../data/images/SIDER/689.png
690.0,O=C(NCCN1CCOCC1)c1ccc(Cl)cc1,0.0,train,../data/images/SIDER/690.png
691.0,COc1ccc(CC2c3cc(OC)c(OC)cc3CC[N+]2(C)CCC(=O)OCCCCCOC(=O)CC[N+]2(C)CCc3cc(OC)c(OC)cc3C2Cc2ccc(OC)c(OC)c2)cc1OC,0.0,train,../data/images/SIDER/691.png
692.0,COc1ccc2nc(S(=O)Cc3ncc(C)c(OC)c3C)[nH]c2c1,1.0,train,../data/images/SIDER/692.png
693.0,N#CC(=C1SC[C@@H](c2ccc(Cl)cc2Cl)S1)n1ccnc1,0.0,train,../data/images/SIDER/693.png
694.0,CNCCC(Oc1ccc(C(F)(F)F)cc1)c1ccccc1,1.0,train,../data/images/SIDER/694.png
695.0,COc1cc2c(cc1Cc1cccc(Cl)c1F)c(=O)c(C(=O)O)cn2[C@H](CO)C(C)C,0.0,train,../data/images/SIDER/695.png
696.0,CN(C)c1cc(NC(=O)CNC(C)(C)C)c(O)c2c1CC1CC3C(N(C)C)C(=O)C(C(N)=O)=C(O)C3(O)C(=O)C1=C2O,1.0,train,../data/images/SIDER/696.png
697.0,Cc1nc(=O)c2cc(CN(C)c3ccc(C(=O)N[C@@H](CCC(=O)O)C(=O)O)s3)ccc2[nH]1,1.0,train,../data/images/SIDER/697.png
698.0,CCCOc1ccc(C(=O)OCCN(CC)CC)cc1N,1.0,train,../data/images/SIDER/698.png
699.0,CC(C)CN(C[C@@H](O)[C@H](Cc1ccccc1)NC(=O)O[C@H]1CO[C@H]2OCC[C@H]21)S(=O)(=O)c1ccc(N)cc1,1.0,train,../data/images/SIDER/699.png
700.0,CC12C=CC(=O)C=C1CCC1C2C(O)CC2(C)C1CCC2(O)C(=O)CO,1.0,train,../data/images/SIDER/700.png
701.0,Cc1ccc(-n2nccn2)c(C(=O)N2CCN(c3nc4cc(Cl)ccc4o3)CC[C@H]2C)c1,0.0,train,../data/images/SIDER/701.png
702.0,CCC(=O)[C@@]1(C)[C@H](C)CC2C3CCC4=CC(=O)C=C[C@]4(C)C3[C@@H](O)C[C@@]21C,0.0,train,../data/images/SIDER/702.png
703.0,CCn1cc(C(=O)O)c(=O)c2cc(F)c(N3CCNCC3)cc21,1.0,train,../data/images/SIDER/703.png
704.0,CN1C2CCC1CC(OC(c1ccccc1)c1ccccc1)C2,0.0,train,../data/images/SIDER/704.png
705.0,CCc1c(C)[nH]c2c1C(=O)C(CN1CCOCC1)CC2,0.0,train,../data/images/SIDER/705.png
706.0,COCCCCC(=NOCCN)c1ccc(C(F)(F)F)cc1,1.0,train,../data/images/SIDER/706.png
707.0,CC(C)C(=O)Nc1ccc([N+](=O)[O-])c(C(F)(F)F)c1,1.0,train,../data/images/SIDER/707.png
708.0,CN(Cc1cc(Br)cc(Br)c1N)C1CCCCC1,0.0,train,../data/images/SIDER/708.png
709.0,CC(C)c1ccc2oc3nc(N)c(C(=O)O)cc3c(=O)c2c1,0.0,train,../data/images/SIDER/709.png
710.0,CC(=O)Nc1nnc(S(N)(=O)=O)s1,1.0,train,../data/images/SIDER/710.png
711.0,CCCCCCCC(=O)CCC1C(O)CC(O)C1CC=CCCCC(=O)OC(C)C,0.0,train,../data/images/SIDER/711.png
712.0,NCCc1ccc(O)c(O)c1,0.0,train,../data/images/SIDER/712.png
713.0,S=[Se]=S,0.0,train,../data/images/SIDER/713.png
714.0,CC(=O)N(CC(O)CN(C(C)=O)c1c(I)c(C(=O)NCC(O)CO)c(I)c(C(=O)NCC(O)CO)c1I)c1c(I)c(C(=O)NCC(O)CO)c(I)c(C(=O)NCC(O)CO)c1I,0.0,train,../data/images/SIDER/714.png
715.0,CC1CC2C(C(O)CC3(C)C2CCC3(O)C(=O)CO)C2(C)C=CC(=O)C=C12,1.0,train,../data/images/SIDER/715.png
716.0,CCCc1nc2c(C)cc(-c3nc4ccccc4n3C)cc2n1Cc1ccc(-c2ccccc2C(=O)O)cc1,1.0,train,../data/images/SIDER/716.png
717.0,CC[C@H](C)[C@H](NC(=O)[C@@H]1CCCN1C(=O)CNC(=O)[C@H](Cc1ccccc1)NC(=O)[C@H](CC(N)=O)NC(=O)[C@H](CC(N)=O)NC(=O)[C@H](CO)NC(=O)[C@H](CO)NC(=O)[C@H](Cc1cnc[nH]1)NC(=O)[C@@H](NC(=O)[C@H](CC(C)C)NC(=O)[C@H](Cc1ccccc1)NC(=O)[C@H](CC(N)=O)NC(=O)[C@H](C)NC(=O)[C@H](CC(C)C)NC(=O)[C@H](CCCNC(=N)N)NC(=O)[C@H](CCC(N)=O)NC(=O)[C@@H](NC(=O)[C@H](C)NC(=O)[C@H](CS)NC(=O)[C@@H](NC(=O)[C@H](C)NC(=O)[C@@H](NC(=O)[C@H](CC(N)=O)NC(=O)[C@H](CS)NC(=O)[C@@H](N)CCCCN)[C@@H](C)O)[C@@H](C)O)[C@@H](C)O)C(C)C)C(=O)N[C@@H](CC(C)C)C(=O)N1CCC[C@H]1C(=O)N1CCC[C@H]1C(=O)N[C@H](C(=O)N[C@@H](CC(N)=O)C(=O)N[C@H](C(=O)NCC(=O)N[C@@H](CO)C(=O)N[C@@H](CC(N)=O)C(=O)N[C@H](C(=O)N[C@@H](Cc1ccc(O)cc1)C(N)=O)[C@@H](C)O)C(C)C)[C@@H](C)O,0.0,train,../data/images/SIDER/717.png
718.0,CCOc1ccccc1O[C@@H](c1ccccc1)[C@@H]1CNCCO1,0.0,train,../data/images/SIDER/718.png
719.0,CN1CCN(CCCN2c3ccccc3Sc3ccc(Cl)cc32)CC1,1.0,train,../data/images/SIDER/719.png
720.0,CC(C=CC1=C(C)CCCC1(C)C)=CC=CC(C)=CCO,0.0,train,../data/images/SIDER/720.png
721.0,COc1cc(Nc2c(C#N)cnc3cc(OCCCN4CCN(C)CC4)c(OC)cc23)c(Cl)cc1Cl,1.0,train,../data/images/SIDER/721.png
722.0,CC/C=C\C/C=C\C/C=C\C/C=C\C/C=C\C/C=C\CCC(=O)OCC,0.0,train,../data/images/SIDER/722.png
723.0,CCCCCN=C(N)NN/C=C1\C=Nc2ccc(CO)cc21,1.0,train,../data/images/SIDER/723.png
724.0,CC(O)C1NC(=O)C(CCCCN)NC(=O)C(Cc2c[nH]c3ccccc23)NC(=O)C(Cc2ccccc2)NC(=O)C(NC(=O)C(N)Cc2ccccc2)CSSCC(C(=O)N[C@H](CO)[C@@H](C)O)NC1=O,1.0,train,../data/images/SIDER/724.png
725.0,CCCCCCCCCCNCCN[C@@]1(C)C[C@H](O[C@H]2[C@H](Oc3c4cc5cc3Oc3ccc(cc3Cl)[C@@H](O)[C@@H](NC(=O)[C@@H](CC(C)C)NC)C(=O)N[C@@H](CC(N)=O)C(=O)N[C@H]5C(=O)N[C@H]3C(=O)N[C@H](C(=O)N[C@H](C(=O)O)c5cc(O)c(CNCP(=O)(O)O)c(O)c5-c5cc3ccc5O)[C@H](O)c3ccc(c(Cl)c3)O4)O[C@H](CO)[C@@H](O)[C@@H]2O)O[C@@H](C)[C@H]1O,1.0,train,../data/images/SIDER/725.png
726.0,NCCCC[C@@H]1NC(=O)[C@@H](Cc2c[nH]c3ccccc23)NC(=O)C(c2ccccc2)NC(=O)[C@@H]2C[C@@H](OC(=O)NCCN)CN2C(=O)[C@H](Cc2ccccc2)NC(=O)[C@H](Cc2ccc(OCc3ccccc3)cc2)NC1=O,1.0,train,../data/images/SIDER/726.png
727.0,COc1cc2c(c(OC)c1OC)-c1ccc(OC)c(=O)cc1C(NC(C)=O)CC2,1.0,train,../data/images/SIDER/727.png
728.0,CN1CCCC1c1cccnc1,0.0,train,../data/images/SIDER/728.png
729.0,OCC(O)CO,0.0,train,../data/images/SIDER/729.png
730.0,C=C1[C@H](CO)[C@@H](O)C[C@@H]1n1cnc2c(=O)nc(N)[nH]c21,1.0,train,../data/images/SIDER/730.png
731.0,CCOC(=O)CCC(=O)OC1C(OC2C(C)C(OC3CC(C)(OC)C(O)C(C)O3)C(C)C(=O)OC(CC)C(C)(O)C(O)C(C)C(=O)C(C)CC2(C)O)OC(C)CC1N(C)C,1.0,train,../data/images/SIDER/731.png
732.0,Cc1cc(C(=O)NNCc2ccccc2)no1,0.0,train,../data/images/SIDER/732.png
733.0,O=C1NC(c2ccccc2)(c2ccccc2)C(=O)N1COP(=O)([O-])[O-],0.0,train,../data/images/SIDER/733.png
734.0,[Ra],0.0,train,../data/images/SIDER/734.png
735.0,CN(C)C/C=C/C(=O)Nc1cc2c(Nc3ccc(F)c(Cl)c3)ncnc2cc1O[C@@H]1CCOC1,1.0,train,../data/images/SIDER/735.png
736.0,CC1(C)SC2C(NC(=O)C(N)c3ccccc3)C(=O)N2C1C(=O)[O-],0.0,train,../data/images/SIDER/736.png
737.0,C=C1C(=CC=C2CCCC3(C)C2CCC3C(C)C=CC(O)C2CC2)CC(O)CC1O,0.0,train,../data/images/SIDER/737.png
738.0,C[C@@H](O[C@H]1OCCN(Cc2nc(=O)n(P(=O)(O)O)[nH]2)[C@H]1c1ccc(F)cc1)c1cc(C(F)(F)F)cc(C(F)(F)F)c1,0.0,train,../data/images/SIDER/738.png
739.0,COCCOC(=O)NCCCC[C@H](NC(=O)OCCOC)C(=O)NCCCCCOP(C)(=O)O,0.0,train,../data/images/SIDER/739.png
740.0,NCCCC(=O)O,0.0,train,../data/images/SIDER/740.png
741.0,CCC(C)C1(CC)C(=O)NC(=O)NC1=O,1.0,train,../data/images/SIDER/741.png
742.0,N[C@@H](Cc1ccc(O)cc1)C(=O)O,1.0,train,../data/images/SIDER/742.png
743.0,CC(C)(C)NC[C@H](O)COc1nsnc1N1CCOCC1,0.0,train,../data/images/SIDER/743.png
744.0,O=S([O-])([O-])=S,0.0,train,../data/images/SIDER/744.png
745.0,O=P([O-])([O-])O,0.0,train,../data/images/SIDER/745.png
746.0,COc1ccc(CCO[C@@H]2CCCC[C@H]2N2CC[C@@H](O)C2)cc1OC,0.0,train,../data/images/SIDER/746.png
747.0,CC(C)C[C@H](NC(=O)[C@@H](Cc1c[nH]c2ccccc12)NC(=O)[C@H](Cc1ccc(O)cc1)NC(=O)[C@H](CO)NC(=O)[C@H](Cc1c[nH]c2ccccc12)NC(=O)[C@H](Cc1cnc[nH]1)NC(=O)[C@@H]1CCC(=O)N1)C(=O)N[C@@H](CCCN=C(N)N)C(=O)N1CCC[C@H]1C(=O)NCC(N)=O,1.0,train,../data/images/SIDER/747.png
748.0,O=C(O)CC(O)(CC(=O)O)C(=O)O,1.0,train,../data/images/SIDER/748.png
749.0,COc1c(N2CC3CCCNC3C2)c(F)cc2c(=O)c(C(=O)O)cn(C3CC3)c12,1.0,train,../data/images/SIDER/749.png
750.0,NCC1OC(OC2C(CO)OC(OC3C(O)C(N)CC(N)C3OC3OC(CO)C(O)C(O)C3N)C2O)C(N)C(O)C1O,0.0,train,../data/images/SIDER/750.png
751.0,CC(C)(O)c1ccccc1CCC(SCC1(CC(=O)O)CC1)c1cccc(C=Cc2ccc3ccc(Cl)cc3n2)c1,1.0,train,../data/images/SIDER/751.png
752.0,CCOc1ccc(Cc2cc([C@@H]3O[C@H](CO)[C@@H](O)[C@H](O)[C@H]3O)ccc2Cl)cc1,1.0,train,../data/images/SIDER/752.png
753.0,CCCCCCCCCCCCCCCCCCCCCCO,0.0,train,../data/images/SIDER/753.png
754.0,O=P([O-])(O)O,0.0,train,../data/images/SIDER/754.png
755.0,COc1cc2nccc(Oc3ccc(NC(=O)C4(C(=O)Nc5ccc(F)cc5)CC4)cc3)c2cc1OC,1.0,train,../data/images/SIDER/755.png
756.0,O=C(NC(CO)C(O)c1ccc([N+](=O)[O-])cc1)C(Cl)Cl,0.0,train,../data/images/SIDER/756.png
757.0,CC12C=CC(=O)C=C1CCC1C2C(=O)CC2(C)C1CCC2(O)C(=O)CO,1.0,train,../data/images/SIDER/757.png
758.0,CNC(=O)c1ccccc1Sc1ccc2c(C=Cc3ccccn3)n[nH]c2c1,1.0,train,../data/images/SIDER/758.png
759.0,CC(CS)C(=O)N1CCCC1C(=O)O,1.0,train,../data/images/SIDER/759.png
760.0,FC(F)(F)C(F)(F)C(F)(F)F,0.0,train,../data/images/SIDER/760.png
761.0,Cc1ccc(S(=O)(=O)NC(=O)NN2CCCCCC2)cc1,1.0,train,../data/images/SIDER/761.png
762.0,[CH2]CC=O,0.0,train,../data/images/SIDER/762.png
763.0,CC12CCC3C(CCC4=CC(=O)C=CC43C)C1CCC(=O)O2,0.0,train,../data/images/SIDER/763.png
764.0,CC(C)C[C@H](NC(=O)[C@H](CCc1ccccc1)NC(=O)CN1CCOCC1)C(=O)N[C@@H](Cc1ccccc1)C(=O)N[C@@H](CC(C)C)C(=O)[C@@]1(C)CO1,1.0,train,../data/images/SIDER/764.png
765.0,O=C([O-])c1cccnc1,1.0,train,../data/images/SIDER/765.png
766.0,CCC1(c2ccccc2)C(=O)NC(=O)NC1=O,1.0,train,../data/images/SIDER/766.png
767.0,CCCNC(=O)NS(=O)(=O)c1ccc(Cl)cc1,1.0,train,../data/images/SIDER/767.png
768.0,CC(=O)OCC(=O)C1(O)CCC2C3CCC4=CC(=O)C=CC4(C)C3C(O)CC21C,1.0,train,../data/images/SIDER/768.png
769.0,CCC1(CCC(C)C)C(=O)N=C([O-])NC1=O,1.0,train,../data/images/SIDER/769.png
770.0,CNCC(O)c1cccc(O)c1,0.0,train,../data/images/SIDER/770.png
771.0,CCN(CCCCOC(=O)c1ccc(OC)c(OC)c1)C(C)Cc1ccc(OC)cc1,0.0,train,../data/images/SIDER/771.png
772.0,C[C@H]1C[C@H]2[C@@H]3C[C@H](F)C4=CC(=O)C=C[C@]4(C)[C@@]3(F)[C@@H](O)C[C@]2(C)[C@@]1(O)C(=O)CCl,0.0,train,../data/images/SIDER/772.png
773.0,N#Cc1cc(NC(=O)C(=O)O)c(Cl)c(NC(=O)C(=O)O)c1,0.0,train,../data/images/SIDER/773.png
774.0,Nc1ccc(S(=O)(=[OH+])[NH2+]c2ncccn2)cc1,1.0,train,../data/images/SIDER/774.png
775.0,Cc1ccc(=O)n(-c2ccccc2)c1,1.0,train,../data/images/SIDER/775.png
776.0,CCCCCCCCc1ccc(CCC(N)(CO)CO)cc1,1.0,train,../data/images/SIDER/776.png
777.0,COCCOC(=O)C1=C(C)NC(C)=C(C(=O)OC(C)C)C1c1cccc([N+](=O)[O-])c1,1.0,train,../data/images/SIDER/777.png
778.0,C,0.0,train,../data/images/SIDER/778.png
779.0,CCOC(=O)c1cncn1C(C)c1ccccc1,0.0,train,../data/images/SIDER/779.png
780.0,Oc1cc(Cl)ccc1Oc1ccc(Cl)cc1Cl,0.0,train,../data/images/SIDER/780.png
781.0,c1ccc2c(c1)CCCC2C1=NCCN1,0.0,train,../data/images/SIDER/781.png
782.0,NCCCC(N)CC(=O)NCC1NC(=O)C(CO)NC(=O)C(N)CNC(=O)C(C2CCN=C(N)N2)NC(=O)C(=CNC(N)=O)NC1=O,1.0,train,../data/images/SIDER/782.png
783.0,Nc1ncnc2c1ncn2C1OC(CO)C(O)C1O,0.0,train,../data/images/SIDER/783.png
784.0,CNCC(O)c1ccc(OC(=O)C(C)(C)C)c(OC(=O)C(C)(C)C)c1,0.0,train,../data/images/SIDER/784.png
785.0,Cc1[nH]cnc1CN1CCc2c(c3ccccc3n2C)C1=O,1.0,train,../data/images/SIDER/785.png
786.0,CCCCC(=O)N(Cc1ccc(-c2ccccc2-c2nn[nH]n2)cc1)C(C(=O)O)C(C)C,1.0,train,../data/images/SIDER/786.png
787.0,Nc1nc(C(=CCC(=O)O)C(=O)NC2C(=O)N3C(C(=O)O)=CCSC23)cs1,1.0,train,../data/images/SIDER/787.png
788.0,CC(NC(CCc1ccccc1)C(=O)O)C(=O)N1C(C(=O)O)CC2CCCCC21,1.0,train,../data/images/SIDER/788.png
789.0,CSCCC1NC(=O)C(CC(C)C)NC(=O)C(CCCNC(=N)N)NC(=O)C(CO)NC(=O)C2CSSCC3NC(=O)C(CO)NC(=O)CNC(=O)C(C(C)O)NC(=O)C(CSSCC(N)C(=O)NC(CCCCN)C(=O)NCC(=O)NC(CCCCN)C(=O)NCC(=O)NC(C)C(=O)NC(CCCCN)C(=O)N2)NC(=O)C(CSSCC(C(N)=O)NC(=O)C(CCCCN)NC(=O)CNC(=O)C(CO)NC(=O)C(CCCNC(=N)N)NC3=O)NC(=O)C(CC(=O)O)NC(=O)C(Cc2ccc(O)cc2)NC1=O,0.0,train,../data/images/SIDER/789.png
790.0,Nc1ccc(S(=O)(=O)Nc2ncccn2)cc1,1.0,train,../data/images/SIDER/790.png
791.0,O=C1Nc2ccc(Cl)cc2C(c2ccccc2Cl)=NC1O,1.0,train,../data/images/SIDER/791.png
792.0,C=CCN1CC(C(=O)N(CCCN(C)C)C(=O)NCC)CC2c3cccc4[nH]cc(c34)CC21,1.0,train,../data/images/SIDER/792.png
793.0,S=c1nc[nH]c2nc[nH]c12,1.0,train,../data/images/SIDER/793.png
794.0,COC[C@@H](NC(C)=O)C(=O)NCc1ccccc1,1.0,train,../data/images/SIDER/794.png
795.0,CCCSc1ccc2nc(NC(=O)OC)[nH]c2c1,1.0,train,../data/images/SIDER/795.png
796.0,C[N+](C)(C)CC(O)CC(=O)O,0.0,train,../data/images/SIDER/796.png
797.0,C[C@]12COC(=O)C[C@@H]1CC[C@@H]1[C@@H]2CC[C@@]2(C)[C@H]1CC[C@]2(C)O,1.0,train,../data/images/SIDER/797.png
798.0,CC(C)(C)C(O)C=Cc1ccc2c(c1)OCO2,0.0,train,../data/images/SIDER/798.png
799.0,COCCOCCOCCOCCOCCOCCOCCOCCOCCOCCOCCOCCOCCOCCOCCOCCOCCOCCOCCOCCOCCOCCOCCOCCOCCOCCOCCO,0.0,train,../data/images/SIDER/799.png
800.0,CCOc1nc2cccc(C(=O)O)c2n1Cc1ccc(-c2ccccc2-c2nc(=O)o[nH]2)cc1,0.0,train,../data/images/SIDER/800.png
801.0,CC(=O)Nc1ccc(O)cc1,1.0,train,../data/images/SIDER/801.png
802.0,O=C(O[C@@H]1C[N+]2(CCCOc3ccccc3)CCC1CC2)C(O)(c1cccs1)c1cccs1,0.0,train,../data/images/SIDER/802.png
803.0,CCC(CO)NCCNC(CC)CO,1.0,train,../data/images/SIDER/803.png
804.0,Nc1ncnc2c1ncn2CCOCP(=O)(O)O,1.0,train,../data/images/SIDER/804.png
805.0,COc1nc(N)nc2c1ncn2[C@@H]1O[C@H](CO)[C@@H](O)[C@H]1O,1.0,train,../data/images/SIDER/805.png
806.0,C[C@]12CC[C@H](O)CC1=CC[C@@H]1[C@@H]2CC[C@]2(C)C(c3cccnc3)=CC[C@@H]12,1.0,train,../data/images/SIDER/806.png
807.0,CN(C)CCOC(c1ccc(Cl)cc1)c1ccccn1,0.0,train,../data/images/SIDER/807.png
808.0,CC(C)C[C@H](NC(=O)[C@H](C)NC(=O)[C@H](CCC(=O)O)NC(=O)[C@@H](NC(=O)[C@H](CC(C)C)NC(=O)[C@H](Cc1cnc[nH]1)NC(=O)[C@H](CO)NC(=O)CNC(=O)[C@H](CS)NC(=O)[C@H](CC(C)C)NC(=O)[C@H](Cc1cnc[nH]1)NC(=O)[C@H](CCC(N)=O)NC(=O)[C@H](CC(N)=O)NC(=O)[C@@H](NC(=O)[C@@H](N)Cc1ccccc1)C(C)C)C(C)C)C(=O)N[C@@H](Cc1ccc(O)cc1)C(=O)N[C@@H](CC(C)C)C(=O)N[C@H](C(=O)N[C@@H](CS)C(=O)NCC(=O)N[C@@H](CCC(=O)O)C(=O)N[C@@H](CCCNC(=N)N)C(=O)NCC(=O)N[C@@H](Cc1ccccc1)C(=O)N[C@@H](Cc1ccccc1)C(=O)N[C@@H](Cc1ccc(O)cc1)C(=O)N[C@H](C(=O)N[C@@H](CC(=O)O)C(=O)N[C@@H](CCCCN)C(=O)N[C@H](C(=O)O)[C@@H](C)O)[C@@H](C)O)C(C)C,0.0,train,../data/images/SIDER/808.png
809.0,Cc1ccc(NC(=O)c2ccc(CN3CCN(C)CC3)cc2)cc1Nc1nccc(-c2cccnc2)n1,1.0,train,../data/images/SIDER/809.png
810.0,COc1ccc2c(c1)c(CC(=O)O)c(C)n2C(=O)c1ccc(Cl)cc1,1.0,train,../data/images/SIDER/810.png
811.0,CCc1cccc2c3c([nH]c12)C(CC)(CC(=O)O)OCC3,1.0,train,../data/images/SIDER/811.png
812.0,O=C(O)c1ccc2nc(-c3cc(Cl)cc(Cl)c3)oc2c1,0.0,train,../data/images/SIDER/812.png
813.0,NS(=O)(=O)c1cc2c(cc1Cl)NCNS2(=O)=O,1.0,train,../data/images/SIDER/813.png
814.0,NC(=O)C(c1ccccc1)(c1ccccc1)C1CCN(CCc2ccc3c(c2)CCO3)C1,1.0,train,../data/images/SIDER/814.png
815.0,CC(=O)C1CCC2C3CCC4=CC(=O)CCC4(C)C3CCC12C,1.0,train,../data/images/SIDER/815.png
816.0,O=[N+]([O-])OC1COC2C(O[N+](=O)[O-])COC12,0.0,train,../data/images/SIDER/816.png
817.0,CC(C)NCC(O)COc1ccc(CCOCC2CC2)cc1,0.0,train,../data/images/SIDER/817.png
818.0,Cc1onc(-c2c(Cl)cccc2Cl)c1C(=O)NC1C(=O)N2C1SC(C)(C)C2C(=O)[O-],1.0,train,../data/images/SIDER/818.png
819.0,CC1OC(OC2C(O)CC(OC3C(O)CC(OC4CCC5(C)C(CCC6C5CC(O)C5(C)C(C7=CC(=O)OC7)CCC65O)C4)OC3C)OC2C)CC(O)C1O,0.0,train,../data/images/SIDER/819.png
820.0,CCCC(C)(COC(N)=O)COC(=O)NC(C)C,0.0,train,../data/images/SIDER/820.png
821.0,Cn1nnc(-c2ccc(-c3ccc(N4C[C@H](CO)OC4=O)cc3F)cn2)n1,0.0,train,../data/images/SIDER/821.png
822.0,CNS(=O)(=O)CCc1ccc2[nH]cc(C3CCN(C)CC3)c2c1,0.0,train,../data/images/SIDER/822.png
823.0,[Li+],0.0,train,../data/images/SIDER/823.png
824.0,Cc1ccc(O)c(C(CCN(C(C)C)C(C)C)c2ccccc2)c1,0.0,train,../data/images/SIDER/824.png
825.0,CC[C@@H]1C=C(C)C[C@H](C)C[C@H](OC)[C@H]2O[C@@](O)(C(=O)C(=O)N3CCCC[C@H]3C(=O)O[C@H](C(C)=C[C@@H]3CC[C@H](Cl)[C@H](OC)C3)[C@H](C)[C@@H](O)CC1=O)[C@H](C)C[C@@H]2OC,0.0,train,../data/images/SIDER/825.png
826.0,CCOc1cc([C@H](CS(C)(=O)=O)N2C(=O)c3cccc(NC(C)=O)c3C2=O)ccc1OC,0.0,train,../data/images/SIDER/826.png
827.0,CCN(CC)CCNC(=O)c1ccc(N)cc1,1.0,train,../data/images/SIDER/827.png
828.0,CC(Cc1ccc(O)c(O)c1)(NN)C(=O)O,0.0,train,../data/images/SIDER/828.png
829.0,Nc1nc(=O)c2c(CCc3ccc(C(=O)N[C@H](CCC(=O)O)C(=O)O)cc3)c[nH]c2[nH]1,1.0,train,../data/images/SIDER/829.png
830.0,CCN(CC)CCNC(=O)c1cc(Cl)c(N)cc1OC,1.0,train,../data/images/SIDER/830.png
831.0,CC(C)n1c(C=CC(O)CC(O)CC(=O)O)c(-c2ccc(F)cc2)c2ccccc21,1.0,train,../data/images/SIDER/831.png
832.0,CN(C(=O)CC(=O)N(C)c1c(I)c(C(=O)NC(CO)C(O)CO)c(I)c(C(=O)NC(CO)C(O)CO)c1I)c1c(I)c(C(=O)NC(CO)C(O)CO)c(I)c(C(=O)NC(CO)C(O)CO)c1I,1.0,train,../data/images/SIDER/832.png
833.0,c1ccc2c(CC3=NCCN3)cccc2c1,0.0,train,../data/images/SIDER/833.png
834.0,CNC(=O)c1ccc(N2C(=S)N(c3ccc(C#N)c(C(F)(F)F)c3)C(=O)C2(C)C)cc1F,0.0,train,../data/images/SIDER/834.png
835.0,Nc1nc(NC2CC2)c2ncn([C@H]3C=C[C@@H](CO)C3)c2n1,1.0,train,../data/images/SIDER/835.png
836.0,CN(C)CCOC(c1ccccc1)c1ccccc1,0.0,train,../data/images/SIDER/836.png
837.0,CCC1C(=O)OCC1Cc1cncn1C,1.0,train,../data/images/SIDER/837.png
838.0,OC(CNCC(O)C1CCc2cc(F)ccc2O1)C1CCc2cc(F)ccc2O1,0.0,train,../data/images/SIDER/838.png
839.0,CC(=O)NO,0.0,train,../data/images/SIDER/839.png
840.0,CC(=O)OC1CC2(C)C(CC(O)C3C4(C)CCC(O)C(C)C4CCC32C)C1=C(CCC=C(C)C)C(=O)O,1.0,train,../data/images/SIDER/840.png
841.0,CNCCC=C1c2ccccc2CCc2ccccc21,1.0,train,../data/images/SIDER/841.png
842.0,CC(=O)OC1C(=O)C2(C)C(O)CC3OCC3(OC(C)=O)C2C(OC(=O)c2ccccc2)C2(O)CC(OC(=O)C(O)C(NC(=O)c3ccccc3)c3ccccc3)C(C)=C1C2(C)C,1.0,train,../data/images/SIDER/842.png
843.0,Cc1cc(C)cc(OCC2CNC(=O)O2)c1,1.0,train,../data/images/SIDER/843.png
844.0,O=C1CN=C(c2ccccc2)c2cc([N+](=O)[O-])ccc2N1,1.0,train,../data/images/SIDER/844.png
845.0,O=C(O)C1N=C(c2ccccc2)c2cc(Cl)ccc2NC1=O,0.0,train,../data/images/SIDER/845.png
846.0,CN(C)CCC=C1c2ccccc2COc2ccc(CC(=O)O)cc21,0.0,train,../data/images/SIDER/846.png
847.0,Clc1ccc(CON=C(Cn2ccnc2)c2ccc(Cl)cc2Cl)c(Cl)c1,0.0,train,../data/images/SIDER/847.png
848.0,CCS(=O)(=O)CCn1c([N+](=O)[O-])cnc1C,0.0,train,../data/images/SIDER/848.png
849.0,CCC1CCC[C@H](O[C@H]2CCC(N(C)C)[C@@H](C)O2)C(C)C(=O)C2=C[C@@H]3[C@@H](C=C(C)[C@@H]4C[C@@H](O[C@@H]5O[C@@H](C)[C@H](OC)[C@@H](OC)[C@H]5OC)C[C@@H]34)[C@@H]2CC(=O)O1,0.0,train,../data/images/SIDER/849.png
850.0,CC(=O)C1(O)CCC2C3CC(C)C4=CC(=O)C=CC4(C)C3(F)C(O)CC21C,0.0,train,../data/images/SIDER/850.png
851.0,COc1ccc(CN(CCN(C)C)c2ccccn2)cc1,0.0,train,../data/images/SIDER/851.png
852.0,CN=C(NC#N)NCCSCc1nc[nH]c1C,1.0,train,../data/images/SIDER/852.png
853.0,CCC[C@H](NC(=O)[C@@H]1[C@H]2CCC[C@H]2CN1C(=O)[C@@H](NC(=O)[C@@H](NC(=O)c1cnccn1)C1CCCCC1)C(C)(C)C)C(=O)C(=O)NC1CC1,1.0,train,../data/images/SIDER/853.png
854.0,CC(C[N+](C)(C)C)OC(N)=O,0.0,train,../data/images/SIDER/854.png
855.0,CC(C)CC(NC(=O)C(COC(C)(C)C)NC(=O)C(Cc1ccc(O)cc1)NC(=O)C(CO)NC(=O)C(Cc1c[nH]c2ccccc12)NC(=O)C(Cc1cnc[nH]1)NC(=O)C1CCC(=O)N1)C(=O)NC(CCCN=C(N)N)C(=O)N1CCCC1C(=O)NNC(N)=O,1.0,train,../data/images/SIDER/855.png
856.0,Clc1ccc2c(c1)CCc1cccnc1C2=C1CCNCC1,1.0,train,../data/images/SIDER/856.png
857.0,Cc1ccsc1C(=CCCN1CCCC(C(=O)O)C1)c1sccc1C,1.0,train,../data/images/SIDER/857.png
858.0,O=S(=O)([O-])[O-],0.0,train,../data/images/SIDER/858.png
859.0,C[C@]12CCC(=O)C=C1CC[C@H]1[C@@H]3CC[C@](O)(C(=O)CO)[C@@]3(C)C[C@H](O)[C@@]12F,0.0,train,../data/images/SIDER/859.png
860.0,c1ccc([C@@H]2CCNC[C@H]2COc2ccc3c(c2)OCO3)cc1,1.0,train,../data/images/SIDER/860.png
861.0,CCN[C@H]1CN(CCCOC)S(=O)(=O)c2sc(S(N)(=O)=O)cc21,1.0,train,../data/images/SIDER/861.png
862.0,COc1ccc2c(OC3C[C@H]4C(=O)NC5(C(=O)NS(=O)(=O)C6CC6)C[C@H]5/C=C\CCCCN(C)C(=O)[C@@H]4C3)cc(-c3nc(C(C)C)cs3)nc2c1C,1.0,train,../data/images/SIDER/862.png
863.0,C=CC(=O)N1CCCC(n2nc(-c3ccc(Oc4ccccc4)cc3)c3c(N)ncnc32)C1,0.0,train,../data/images/SIDER/863.png
864.0,O=C([O-])P(=O)([O-])[O-],0.0,train,../data/images/SIDER/864.png
865.0,CCOC(=O)CC(SP(=S)(OC)OC)C(=O)OCC,0.0,train,../data/images/SIDER/865.png
866.0,CN1CCCN=C1C=Cc1cccs1,0.0,train,../data/images/SIDER/866.png
867.0,CC[C@H]1OC(=O)[C@H](C)[C@@H](OC2CC(C)(OC)C(O)C(C)O2)[C@H](C)[C@@H](OC2OC(C)CC(N(C)C)C2O)[C@](C)(OC)C[C@@H](C)C(=O)[C@H](C)[C@@H](O)[C@]1(C)O,1.0,train,../data/images/SIDER/867.png
868.0,CC(CCc1ccccc1)NCC(O)c1ccc(O)c(C(N)=O)c1,1.0,train,../data/images/SIDER/868.png
869.0,CC12CCC(=O)C=C1CCC1C2CCC2(C)C1CCC2(C)O,1.0,train,../data/images/SIDER/869.png
870.0,Clc1ccc2c(c1)C(N1CCNCC1)=Nc1ccccc1O2,1.0,train,../data/images/SIDER/870.png
871.0,OCCOCCN1CCN(C(c2ccccc2)c2ccc(Cl)cc2)CC1,0.0,train,../data/images/SIDER/871.png
872.0,O=C(O)[C@@H]1C[C@@H](C2CCCCC2)CN1,0.0,train,../data/images/SIDER/872.png
873.0,CC(C)N(CCC(C(N)=O)(c1ccccc1)c1ccccn1)C(C)C,1.0,train,../data/images/SIDER/873.png
874.0,O=C(O)CCCCCCCC(=O)O,0.0,train,../data/images/SIDER/874.png
875.0,CCC1(c2ccccc2)NC(=O)N(C)C1=O,1.0,train,../data/images/SIDER/875.png
876.0,N#Cc1ccc2[nH]cc(CCCCN3CCN(c4ccc5oc(C(N)=O)cc5c4)CC3)c2c1,0.0,train,../data/images/SIDER/876.png
877.0,CC(C)(C)C(=O)OCOP(=O)(COCCn1cnc2c(N)ncnc21)OCOC(=O)C(C)(C)C,1.0,train,../data/images/SIDER/877.png
878.0,COc1cc2nc(N3CCN(C(=O)c4ccco4)CC3)nc(N)c2cc1OC,0.0,train,../data/images/SIDER/878.png
879.0,COc1ccc(Cc2nccc3cc(OC)c(OC)cc23)cc1OC,1.0,train,../data/images/SIDER/879.png
880.0,CNC(=C[N+](=O)[O-])NCCSCc1csc(CN(C)C)n1,1.0,train,../data/images/SIDER/880.png
881.0,CC[C@H](C)[C@@H]1NC(=O)[C@H](CCCNC(=N)N)NC(=O)[C@H](C)NC(=O)[C@H](CCCCN)NC(=O)[C@@H]2CSSC[C@@H]3NC(=O)CNC(=O)CNC(=O)[C@H](Cc4ccc(O)cc4)NC(=O)[C@H](C(C)C)NC(=O)[C@H](Cc4ccccc4)NC(=O)[C@H]([C@@H](C)O)NC(=O)[C@H](CCC(N)=O)NC(=O)[C@H](CSSC[C@H](NC(=O)[C@H](CC(=O)O)NC(=O)[C@H](CCC(=O)O)NC(=O)[C@H](C)NC(=O)[C@H](CO)NC(=O)[C@H](CCCCN)NC(=O)[C@H](Cc4ccccc4)NC(=O)[C@H](CC(N)=O)NC(=O)[C@H](CC(N)=O)NC(=O)[C@H](CCCNC(=N)N)NC(=O)[C@H](CCCCN)NC(=O)[C@H](C)NC(=O)[C@H](CCCNC(=N)N)NC3=O)C(=O)N[C@@H](CCSC)C(=O)N[C@@H](CCCNC(=N)N)C(=O)N[C@@H]([C@@H](C)O)C(=O)N[C@H](C(=O)NCC(=O)NCC(=O)N[C@@H](C)C(=O)O)CSSC[C@H](NC(=O)[C@H](Cc3ccccc3)NC(=O)[C@H](CC(=O)O)NC(=O)[C@@H]3CCCN3C(=O)[C@@H](N)CCCNC(=N)N)C(=O)N[C@@H](CC(C)C)C(=O)N[C@@H](CCC(=O)O)C(=O)N3CCC[C@H]3C(=O)N3CCC[C@H]3C(=O)N[C@@H](Cc3ccc(O)cc3)C(=O)N[C@@H]([C@@H](C)O)C(=O)NCC(=O)N3CCC[C@H]3C(=O)N2)NC(=O)[C@H](CC(C)C)NC(=O)CNC(=O)[C@H](C)NC(=O)[C@H](CCCCN)NC(=O)[C@H](C)NC(=O)[C@H](CC(N)=O)NC(=O)[C@H](Cc2ccc(O)cc2)NC(=O)[C@H](Cc2ccccc2)NC(=O)[C@H](Cc2ccc(O)cc2)NC(=O)[C@H](CCCNC(=N)N)NC(=O)[C@H]([C@@H](C)CC)NC1=O,1.0,train,../data/images/SIDER/881.png
882.0,CC(O)CN1CCN(CC(=O)[O-])CCN(CC(=O)[O-])CCN(CC(=O)[O-])CC1,0.0,train,../data/images/SIDER/882.png
883.0,CC(O)(CS(=O)(=O)c1ccc(F)cc1)C(=O)Nc1ccc(C#N)c(C(F)(F)F)c1,1.0,train,../data/images/SIDER/883.png
884.0,CON=C(C(=O)N[C@@H]1C(=O)N2C(C(=O)OC(C)OC(C)=O)=C(COC(N)=O)CS[C@H]12)c1ccco1,1.0,train,../data/images/SIDER/884.png
885.0,C=C1CCC2(O)C3Cc4ccc(O)c5c4C2(CCN3CC2CC2)C1O5,1.0,train,../data/images/SIDER/885.png
886.0,CN1CCN(CCC=C2c3ccccc3Sc3ccc(S(=O)(=O)N(C)C)cc32)CC1,1.0,train,../data/images/SIDER/886.png
887.0,CC(C=CC1=C(C)CCCC1(C)C)=CC=CC(C)=CC(=O)O,1.0,train,../data/images/SIDER/887.png
888.0,CC[C@H](C)[C@H](NC(=O)CN)C(=O)N[C@H](C(=O)N[C@@H](CCC(=O)O)C(=O)N[C@@H](CCC(N)=O)C(=O)N[C@H]1CSSC[C@@H]2NC(=O)[C@H]([C@@H](C)CC)NC(=O)[C@H](CO)NC(=O)[C@H]([C@@H](C)O)NC(=O)[C@H](CSSC[C@H](NC(=O)[C@H](CC(C)C)NC(=O)[C@H](Cc3cnc[nH]3)NC(=O)[C@H](CCC(N)=O)NC(=O)[C@H](CC(N)=O)NC(=O)[C@@H](NC(=O)[C@@H](N)Cc3ccccc3)C(C)C)C(=O)NCC(=O)N[C@@H](CO)C(=O)N[C@@H](Cc3cnc[nH]3)C(=O)N[C@@H](CC(C)C)C(=O)N[C@@H](C(C)C)C(=O)N[C@@H](CCC(=O)O)C(=O)N[C@@H](C)C(=O)N[C@@H](CC(C)C)C(=O)N[C@@H](Cc3ccc(O)cc3)C(=O)N[C@@H](CC(C)C)C(=O)N[C@@H](C(C)C)C(=O)N[C@H](C(=O)NCC(=O)N[C@@H](CCC(=O)O)C(=O)N[C@@H](CCCNC(=N)N)C(=O)NCC(=O)N[C@@H](Cc3ccccc3)C(=O)N[C@@H](Cc3ccccc3)C(=O)N[C@@H](Cc3ccc(O)cc3)C(=O)N[C@H](C(=O)N3CCC[C@H]3C(=O)N[C@@H](CCCCN)C(=O)N[C@H](C(=O)N[C@@H](CCCNC(=N)N)C(=O)N[C@@H](CCCNC(=N)N)C(=O)O)[C@@H](C)O)[C@@H](C)O)CSSC[C@@H](C(=O)NCC(=O)O)NC(=O)[C@H](Cc3ccc(O)cc3)NC(=O)[C@H](CC(N)=O)NC(=O)[C@H](CCC(=O)O)NC(=O)[C@H](CC(C)C)NC(=O)[C@H](CCC(N)=O)NC(=O)[C@H](Cc3ccc(O)cc3)NC(=O)[C@H](CC(C)C)NC(=O)[C@H](CO)NC2=O)NC1=O)C(C)C,0.0,train,../data/images/SIDER/888.png
