idx,smiles,bbb,group,img_path
0.0,CN1CCN(C(=O)OC2c3nccnc3C(=O)N2c2ccc(Cl)cn2)CC1,1.0,train,../data/images/balanced_scaffold_seed99_bbb/0.png
1.0,CCNC1=Nc2ccc(Cl)cc2C(c2ccccc2)S1,1.0,train,../data/images/balanced_scaffold_seed99_bbb/1.png
2.0,N=C1SCCN1c1ccc(Cl)cc1N,1.0,train,../data/images/balanced_scaffold_seed99_bbb/2.png
3.0,OCCN1CCN(C2CC(c3ccc(F)cc3)c3ccc(C(F)(F)F)cc32)CC1,1.0,train,../data/images/balanced_scaffold_seed99_bbb/3.png
4.0,CC(CNC(=O)c1ccccc1)C(=O)OCC(=O)C12OC(C)(C)OC1CC1C3CCC4=CC(=O)C=CC4(C)C3(F)C(O)CC12C,1.0,train,../data/images/balanced_scaffold_seed99_bbb/4.png
5.0,COc1ccc(N2CC(CN3CCC(O)(c4ccc5c(c4)OCO5)CC3)OC2=O)cc1,1.0,train,../data/images/balanced_scaffold_seed99_bbb/5.png
6.0,CC1(C)SC2C(NC(=O)C(NC(=O)c3cnc4cccnc4c3O)c3ccccc3)C(=O)N2C1C(=O)O,0.0,train,../data/images/balanced_scaffold_seed99_bbb/6.png
7.0,Cc1nnc(SCC2=C(C(=O)O)N3C(=O)C(NC(=O)Cn4cc(Cl)c(=O)c(Cl)c4)C3SC2)s1,0.0,train,../data/images/balanced_scaffold_seed99_bbb/7.png
8.0,CN(C)CCN1CCN(c2cccc(Cl)c2)C1=O,1.0,train,../data/images/balanced_scaffold_seed99_bbb/8.png
9.0,CCC1(c2ccccc2)NCC(=O)NC1=O,1.0,train,../data/images/balanced_scaffold_seed99_bbb/9.png
10.0,Cc1ccc(C(=CCN2CCCC2)c2cccc(C=CC(=O)O)n2)cc1,0.0,train,../data/images/balanced_scaffold_seed99_bbb/10.png
11.0,Cc1oc(=O)oc1COC(=O)C1N2C(=O)C(NC(=O)C(N)c3ccccc3)C2SC1(C)C,0.0,train,../data/images/balanced_scaffold_seed99_bbb/11.png
12.0,CC1(C)SC2C(NC(=O)C(C(=O)Oc3ccccc3)c3ccccc3)C(=O)N2C1C(=O)O,0.0,train,../data/images/balanced_scaffold_seed99_bbb/12.png
13.0,CC1C2Cc3ccc(O)cc3C1(C)CCN2CCc1ccccc1,1.0,train,../data/images/balanced_scaffold_seed99_bbb/13.png
14.0,COC1C=COC2(C)Oc3c(C)c(O)c4c(O)c(c(C=NN5CCN(C)CC5)c(O)c4c3C2=O)NC(=O)C(C)=CC=CC(C)C(O)C(C)C(O)C(C)C(OC(C)=O)C1C,0.0,train,../data/images/balanced_scaffold_seed99_bbb/14.png
15.0,C[C@H]1O[C@H](O[C@H]2[C@H](O)[C@@H](O)[C@@H](O[C@H]3[C@H](O)[C@@H](O)[C@H](O)O[C@@H]3CO)O[C@@H]2CO)[C@H](O)[C@@H](O)[C@@H]1N[C@H]1C=C(CO)[C@@H](O)[C@H](O)[C@H]1O,0.0,train,../data/images/balanced_scaffold_seed99_bbb/15.png
16.0,CCCN1CC=C(c2c[nH]c3ccc(Cl)cc23)CC1,1.0,train,../data/images/balanced_scaffold_seed99_bbb/16.png
17.0,CC1OC2(CCCCC2Oc2cccc(Cl)c2)NC1=O,1.0,train,../data/images/balanced_scaffold_seed99_bbb/17.png
18.0,CCC(=O)N(c1ccccc1)C1(C(=O)OC)CCN(CCc2ccccc2)CC1C,1.0,train,../data/images/balanced_scaffold_seed99_bbb/18.png
19.0,CCC(=O)N(c1ccccc1)C1(C(=O)OC)CCN(CCc2ccccc2)CC1,1.0,train,../data/images/balanced_scaffold_seed99_bbb/19.png
20.0,COCC(=O)N(c1ccccc1F)C1CCN(CCc2ccccc2)CC1,1.0,train,../data/images/balanced_scaffold_seed99_bbb/20.png
21.0,CC(C)(C)CC(=O)OCC(=O)C12OC(C)(C)OC1CC1C3CC4=CC(=O)C=CC4(C)C3(F)C(O)CC12C,1.0,train,../data/images/balanced_scaffold_seed99_bbb/21.png
22.0,O=c1nc[nH]c2nc[nH]c12,0.0,train,../data/images/balanced_scaffold_seed99_bbb/22.png
23.0,Nc1c2c(nc3ccccc13)CCCC2O,1.0,train,../data/images/balanced_scaffold_seed99_bbb/23.png
24.0,Nc1c2c(nc3ccccc13)CCCC2,1.0,train,../data/images/balanced_scaffold_seed99_bbb/24.png
25.0,OC(Cn1ccnc1)c1ccc(CCc2ccccc2)cc1,1.0,train,../data/images/balanced_scaffold_seed99_bbb/25.png
26.0,Nc1ccc(N=Nc2ccccc2)c(N)n1,0.0,train,../data/images/balanced_scaffold_seed99_bbb/26.png
27.0,OCCC1CCN(CCC=C2c3ccc(F)cc3Sc3ccc(C(F)(F)F)cc32)CC1,1.0,train,../data/images/balanced_scaffold_seed99_bbb/27.png
28.0,NS(=O)(=O)c1ccc(N2C(=O)CC(c3ccccc3)C2=O)c(Cl)c1,1.0,train,../data/images/balanced_scaffold_seed99_bbb/28.png
29.0,CN1CCCc2cccc(OCC3CNCCO3)c21,1.0,train,../data/images/balanced_scaffold_seed99_bbb/29.png
30.0,CCOC(=O)C1=C(C)NC(C)=C(C(=O)OC)C1c1cccc(Cl)c1Cl,0.0,train,../data/images/balanced_scaffold_seed99_bbb/30.png
31.0,CCOC(=O)C1=C(C)NC(C)=C(C(=O)OC)C1c1cccc([N+](=O)[O-])c1,0.0,train,../data/images/balanced_scaffold_seed99_bbb/31.png
32.0,c1ccc2nc(N3CCNCC3)ccc2c1,1.0,train,../data/images/balanced_scaffold_seed99_bbb/32.png
33.0,CC1CCCCC1(c1cccs1)N1CCCCC1,1.0,train,../data/images/balanced_scaffold_seed99_bbb/33.png
34.0,CCCN1CCC[C@@H]2Cc3n[nH]cc3C[C@H]21,1.0,train,../data/images/balanced_scaffold_seed99_bbb/34.png
35.0,c1ccc2c(CCC3CCNCC3)c[nH]c2c1,1.0,train,../data/images/balanced_scaffold_seed99_bbb/35.png
36.0,CN(C)CCCn1c(=O)c2ccccc2c2ccccc21,1.0,train,../data/images/balanced_scaffold_seed99_bbb/36.png
37.0,CCOc1ccccc1OCC1CNCCO1,1.0,train,../data/images/balanced_scaffold_seed99_bbb/37.png
38.0,CCc1c(OC)nc2nc(-c3noc(C)n3)cn2c1C,1.0,train,../data/images/balanced_scaffold_seed99_bbb/38.png
39.0,CN1CCc2cc(Cl)c(O)cc2C(c2cccc3c2OCC3)C1,1.0,train,../data/images/balanced_scaffold_seed99_bbb/39.png
40.0,CN1CCc2cc(Cl)c(O)cc2C(c2cc(Br)cc3c2OCC3)C1,1.0,train,../data/images/balanced_scaffold_seed99_bbb/40.png
41.0,Oc1ccccc1-c1nnco1,1.0,train,../data/images/balanced_scaffold_seed99_bbb/41.png
42.0,Cc1nc2c(C)cccn2c(=O)c1CCN1CCC(c2noc3cc(F)ccc23)CC1,1.0,train,../data/images/balanced_scaffold_seed99_bbb/42.png
43.0,CC1(C)OC2CC3C4CCC5CC(=O)CCC5(C)C4(F)C(O)CC3(C)C2(C(=O)CO)O1,1.0,train,../data/images/balanced_scaffold_seed99_bbb/43.png
44.0,COc1ccc(CCN2CCC(Nc3nc4ccccc4n3Cc3ccc(F)cc3)CC2)cc1,0.0,train,../data/images/balanced_scaffold_seed99_bbb/44.png
45.0,N#Cc1ccc(OCC2CCN(CC=CI)CC2)cc1,1.0,train,../data/images/balanced_scaffold_seed99_bbb/45.png
46.0,CN1CC(=O)N=C1N,0.0,train,../data/images/balanced_scaffold_seed99_bbb/46.png
47.0,O=C(OC1CN2CCC1CC2)c1ccccc1,1.0,train,../data/images/balanced_scaffold_seed99_bbb/47.png
48.0,COc1cc2c(c(CN[C@@H]3CCCN[C@H]3c3ccccc3)c1)OCC2,1.0,train,../data/images/balanced_scaffold_seed99_bbb/48.png
49.0,CCCN1CC(NS(=O)(=O)N(CC)CC)CC2Cc3c(O)cccc3CC21,1.0,train,../data/images/balanced_scaffold_seed99_bbb/49.png
50.0,CN(C)CCCN1c2ccccc2C=Cc2sccc21,1.0,train,../data/images/balanced_scaffold_seed99_bbb/50.png
51.0,O=C(C=Cc1ccc2c(c1)OCO2)N1CCCCC1,1.0,train,../data/images/balanced_scaffold_seed99_bbb/51.png
52.0,CC1=C(C(=O)O)N2C(=O)[C@H](NC(=O)[C@@H](N)C3=CCC=CC3)[C@@H]2SC1,0.0,train,../data/images/balanced_scaffold_seed99_bbb/52.png
53.0,CCC(=O)N(c1ccccc1F)C1(c2ccccc2)CCN(CCn2nnn(CC)c2=O)CC1,1.0,train,../data/images/balanced_scaffold_seed99_bbb/53.png
54.0,CCCCn1c(=O)c2c(ncn2CC(C)=O)n(CCCC)c1=O,1.0,train,../data/images/balanced_scaffold_seed99_bbb/54.png
55.0,Cn1c(=O)c2c(ncn2C)n(C)c1=O,1.0,train,../data/images/balanced_scaffold_seed99_bbb/55.png
56.0,O=c1[nH]c(=O)c2[nH]cnc2[nH]1,0.0,train,../data/images/balanced_scaffold_seed99_bbb/56.png
57.0,CC(O)Cn1cnc2c1c(=O)n(C)c(=O)n2C,1.0,train,../data/images/balanced_scaffold_seed99_bbb/57.png
58.0,CCN(CC)CCn1cnc2c1c(=O)n(C)c(=O)n2C,1.0,train,../data/images/balanced_scaffold_seed99_bbb/58.png
59.0,Cn1cnc2c1c(=O)[nH]c(=O)n2C,0.0,train,../data/images/balanced_scaffold_seed99_bbb/59.png
60.0,Cn1c(=O)[nH]c2ncn(C)c2c1=O,1.0,train,../data/images/balanced_scaffold_seed99_bbb/60.png
61.0,Cn1c(=O)c2[nH]cnc2n(C)c1=O,1.0,train,../data/images/balanced_scaffold_seed99_bbb/61.png
62.0,CN(C)CCn1cnc2c1c(=O)n(C)c(=O)n2C,1.0,train,../data/images/balanced_scaffold_seed99_bbb/62.png
63.0,CCc1ccccc1-n1c(C)nc2ccccc2c1=O,1.0,train,../data/images/balanced_scaffold_seed99_bbb/63.png
64.0,Cc1nc2ccccc2c(=O)n1-c1ccccc1Cl,1.0,train,../data/images/balanced_scaffold_seed99_bbb/64.png
65.0,Cc1ccccc1-n1c(C)nc2ccccc2c1=O,1.0,train,../data/images/balanced_scaffold_seed99_bbb/65.png
66.0,Cc1nc2n(n1)C(N1CCN(C)CC1)=Nc1ccccc1C2,1.0,train,../data/images/balanced_scaffold_seed99_bbb/66.png
67.0,OC(c1ccccc1)(c1ccccc1)C1CCNCC1,1.0,train,../data/images/balanced_scaffold_seed99_bbb/67.png
68.0,CC(Cc1ccccc1)N(C)Cc1ccco1,1.0,train,../data/images/balanced_scaffold_seed99_bbb/68.png
69.0,CON=C(C(=O)NC1C(=O)N2C(C(=O)O)=C(Cn3nnc(C)n3)CSC12)c1csc(N)n1,0.0,train,../data/images/balanced_scaffold_seed99_bbb/69.png
70.0,O=C(c1ccccn1)c1cnn2c(-c3ccncc3)ccnc12,1.0,train,../data/images/balanced_scaffold_seed99_bbb/70.png
71.0,CN(C(=O)CNC1CC1)c1ccc(Cl)cc1C(=O)c1ccccc1Cl,1.0,train,../data/images/balanced_scaffold_seed99_bbb/71.png
72.0,CCCN(CCC)CCc1cccc2c1CC(=O)N2,1.0,train,../data/images/balanced_scaffold_seed99_bbb/72.png
73.0,CCCN(CCC)CCc1ccc(O)c2c1CC(=O)N2,1.0,train,../data/images/balanced_scaffold_seed99_bbb/73.png
74.0,COc1cc2[nH]c(C)c(CCN3CCN(c4ccccc4OC)CC3)c2cc1OC,1.0,train,../data/images/balanced_scaffold_seed99_bbb/74.png
75.0,CCOC(=O)c1[nH]c2cc(OC)c(OC)cc2c1CCN1CCN(c2ccccc2)CC1,1.0,train,../data/images/balanced_scaffold_seed99_bbb/75.png
76.0,COc1cc2[nH]c(C)c(CCN3CCN(c4ccccc4)CC3)c2cc1OC,1.0,train,../data/images/balanced_scaffold_seed99_bbb/76.png
77.0,NNC(=O)CP(=O)(c1ccccc1)c1ccccc1,1.0,train,../data/images/balanced_scaffold_seed99_bbb/77.png
78.0,CN1CCC2=C(CC1)c1cc(C#N)ccc1Sc1ccccc12,1.0,train,../data/images/balanced_scaffold_seed99_bbb/78.png
79.0,CN1C[C@H](C(=O)NC2(C)O[C@@]3(O)[C@@H]4CCCN4C(=O)[C@H](Cc4ccccc4)N3C2=O)C[C@@H]2c3cccc4[nH]cc(c34)C[C@H]21,0.0,train,../data/images/balanced_scaffold_seed99_bbb/79.png
80.0,O=C(CCCN1CCN(c2ccccn2)CC1)c1ccc(F)cc1,1.0,train,../data/images/balanced_scaffold_seed99_bbb/80.png
81.0,Nc1cc(OCC2CC2)c(C(=O)NC2CN3CCC2CC3)cc1Cl,1.0,train,../data/images/balanced_scaffold_seed99_bbb/81.png
82.0,O=C(CCCN1CC=C(n2c(=O)[nH]c3ccccc32)CC1)c1ccc(F)cc1,1.0,train,../data/images/balanced_scaffold_seed99_bbb/82.png
83.0,Nc1ccc(S(=O)(=O)c2ccc(N)cc2)cc1,1.0,train,../data/images/balanced_scaffold_seed99_bbb/83.png
84.0,O=C1CN2CCOC2(c2ccccc2F)c2cc(Br)ccc2N1,1.0,train,../data/images/balanced_scaffold_seed99_bbb/84.png
85.0,CC1COC2(c3ccccc3Cl)c3cc(Cl)ccc3NC(=O)CN12,1.0,train,../data/images/balanced_scaffold_seed99_bbb/85.png
86.0,O=C1CN2CCOC2(c2ccccc2Cl)c2cc(Cl)ccc2N1,1.0,train,../data/images/balanced_scaffold_seed99_bbb/86.png
87.0,CC1CN2CC(=O)Nc3ccc(Cl)cc3C2(c2ccccc2)O1,1.0,train,../data/images/balanced_scaffold_seed99_bbb/87.png
88.0,O=C1CN2CCOC2(c2ccccc2F)c2cc(Cl)ccc2N1CCO,1.0,train,../data/images/balanced_scaffold_seed99_bbb/88.png
89.0,COc1cc(C2c3cc4c(cc3C(OC3OC5COC(c6cccs6)OC5C(O)C3O)C3COC(=O)C23)OCO4)cc(OC)c1O,0.0,train,../data/images/balanced_scaffold_seed99_bbb/89.png
90.0,COc1cc(C2c3cc4c(cc3C(OC3OC5COC(c6cccs6)OC5C(O)C3O)C3COC(=O)C23)OCO4)cc(OC)c1OC,0.0,train,../data/images/balanced_scaffold_seed99_bbb/90.png
91.0,COc1cc([C@@H]2c3cc4c(cc3[C@@H](O[C@@H]3O[C@@H]5COC(c6cccs6)O[C@H]5[C@H](O)[C@H]3O)[C@H]3COC(=O)[C@H]23)OCO4)cc(OC)c1O,1.0,train,../data/images/balanced_scaffold_seed99_bbb/91.png
92.0,[O-][N+]1=C(c2ccccc2)c2cc(Cl)ccc2N=C(NCC2CC2)C1,1.0,train,../data/images/balanced_scaffold_seed99_bbb/92.png
93.0,O=C1OC(C(O)CO)C(O)=C1O,1.0,train,../data/images/balanced_scaffold_seed99_bbb/93.png
94.0,c1cc2ccc3cccc4ccc(c1)c2c34,1.0,train,../data/images/balanced_scaffold_seed99_bbb/94.png
95.0,CCN(CC)C(=O)C1CN2CCc3cc(OC)c(OC)cc3C2CC1OC(C)=O,1.0,train,../data/images/balanced_scaffold_seed99_bbb/95.png
96.0,CCC1(O)CCN2CCc3ccc(C)cc3C2C1,1.0,train,../data/images/balanced_scaffold_seed99_bbb/96.png
97.0,CN(C)C(CCOc1cccc2ccccc12)c1ccccc1,1.0,train,../data/images/balanced_scaffold_seed99_bbb/97.png
98.0,CC1(C)CC(=O)N(CCCCN2CCN(c3ncccn3)CC2)C(=O)C1,1.0,train,../data/images/balanced_scaffold_seed99_bbb/98.png
99.0,C[C@]12CC[C@@H]3c4ccc(O)cc4CC[C@H]3[C@@H]1CC[C@@H]2O,1.0,train,../data/images/balanced_scaffold_seed99_bbb/99.png
100.0,CC12CCC3c4ccc(O)cc4CCC3C1CC(F)C2O,1.0,train,../data/images/balanced_scaffold_seed99_bbb/100.png
101.0,O=C1NCCNC1c1cccs1,1.0,train,../data/images/balanced_scaffold_seed99_bbb/101.png
102.0,CCN1CCC(O)(c2ccc(Cl)cc2)CC1,1.0,train,../data/images/balanced_scaffold_seed99_bbb/102.png
103.0,CCCCCCN1CCC(C(=O)N(C)CC)(c2ccccc2)CC1,1.0,train,../data/images/balanced_scaffold_seed99_bbb/103.png
104.0,CCCC1(c2cccc(O)c2)CCN(C)CC1C,1.0,train,../data/images/balanced_scaffold_seed99_bbb/104.png
105.0,CCC(=O)OC1(c2ccccc2)CCN(C)CC1C,1.0,train,../data/images/balanced_scaffold_seed99_bbb/105.png
106.0,CCC(=O)OC1(c2ccccc2)CCN(C)CC1CC,1.0,train,../data/images/balanced_scaffold_seed99_bbb/106.png
107.0,CCOC(=O)C1(c2ccccc2)CCN(C)CC1,1.0,train,../data/images/balanced_scaffold_seed99_bbb/107.png
108.0,CCC(=O)C1(c2cccc(O)c2)CCN(C)CC1,1.0,train,../data/images/balanced_scaffold_seed99_bbb/108.png
109.0,CCOC(=O)C1(c2cccc(O)c2)CCN(C)CC1,1.0,train,../data/images/balanced_scaffold_seed99_bbb/109.png
110.0,O=C(CN1CCC23CCCCC2C1Cc1ccc(O)cc13)c1ccccc1,1.0,train,../data/images/balanced_scaffold_seed99_bbb/110.png
111.0,CC(C)CCC(=O)CC1c2ccccc2C(=O)N1c1ccc2ccc(Cl)nc2n1,1.0,train,../data/images/balanced_scaffold_seed99_bbb/111.png
112.0,CC1(C)S[C@@H]2[C@@H](NC(=O)[C@H](C(=O)O)c3ccsc3)C(=O)N2[C-]1C(=O)O,1.0,train,../data/images/balanced_scaffold_seed99_bbb/112.png
113.0,Cc1nc(Nc2ccc(F)cc2)nc(N2CCc3ccccc3C2C)c1C,1.0,train,../data/images/balanced_scaffold_seed99_bbb/113.png
114.0,OCCN(CCO)c1nc(N2CCCCC2)c2nc(N(CCO)CCO)nc(N3CCCCC3)c2n1,0.0,train,../data/images/balanced_scaffold_seed99_bbb/114.png
115.0,CN(N=O)C(=O)N[C@@H]1[C@@H](O)[C@H](O)[C@@H](CO)O[C@H]1O,0.0,train,../data/images/balanced_scaffold_seed99_bbb/115.png
116.0,Cc1c2oc3c(C)ccc(C(=O)NC4C(=O)NC(C(C)C)C(=O)N5CCCC5C(=O)N(C)CC(=O)N(C)C(C(C)C)C(=O)OC4C)c3nc-2c(C(=O)NC2C(=O)NC(C(C)C)C(=O)N3CCCC3C(=O)N(C)CC(=O)N(C)C(C(C)C)C(=O)OC2C)c(N)c1=O,0.0,train,../data/images/balanced_scaffold_seed99_bbb/116.png
117.0,CN(C)Cc1ccc(CSCCNC2N=CC=C2[N+](=O)[O-])o1,0.0,train,../data/images/balanced_scaffold_seed99_bbb/117.png
118.0,O=C1NC(=O)C2(c3ccc(Cl)cc3)CC12,1.0,train,../data/images/balanced_scaffold_seed99_bbb/118.png
119.0,Cn1nc(-c2cccc(F)c2)n(C)c1=S,1.0,train,../data/images/balanced_scaffold_seed99_bbb/119.png
120.0,CN(C)C1C(O)=C(C(=O)NCN2CCCC(C(=O)O)C2)C(=O)C2(O)C(O)=C3C(=O)c4c(O)cccc4C(C)(O)C3CC12,0.0,train,../data/images/balanced_scaffold_seed99_bbb/120.png
121.0,NC(C(=O)NC1C(=O)N2C(C(=O)O)=C(Cl)CCC12)c1ccccc1,0.0,train,../data/images/balanced_scaffold_seed99_bbb/121.png
122.0,CO[C@]12CC[C@@]3(C[C@@H]1[C@](C)(O)C(C)(C)C)[C@H]1Cc4ccc(O)c5c4[C@@]3(CCN1CC1CC1)[C@H]2O5,1.0,train,../data/images/balanced_scaffold_seed99_bbb/122.png
123.0,COC12CCC3(CC1C(C)(C)O)C1Cc4ccc(O)c5c4C3(CCN1CC1CC1)C2O5,1.0,train,../data/images/balanced_scaffold_seed99_bbb/123.png
124.0,COC12CCC3(CC1C(C)(O)C(C)(C)C)C1Cc4ccc(O)c5c4C3(CCN1CC1CC1)C2O5,1.0,train,../data/images/balanced_scaffold_seed99_bbb/124.png
125.0,CN(C)CCN1C(=O)CC(c2ccccc2)Sc2ccccc21,1.0,train,../data/images/balanced_scaffold_seed99_bbb/125.png
126.0,CNC(=C[N+](=O)[O-])NCCSCc1ccc(CN(C)C)o1,0.0,train,../data/images/balanced_scaffold_seed99_bbb/126.png
127.0,Cc1oc(C(C)(C)N(C(C)(C)N)C(C)(C)N)c(C)c1C,1.0,train,../data/images/balanced_scaffold_seed99_bbb/127.png
128.0,Cn1c(=O)c2c(ncn2CCN2CCC(c3c[nH]c4ccccc34)CC2)n(C)c1=O,1.0,train,../data/images/balanced_scaffold_seed99_bbb/128.png
129.0,CCOC1CC2(C)C(CCC3C4CCC(C(C)=O)C4(C)CC(N(C)C)C32)CC1O,1.0,train,../data/images/balanced_scaffold_seed99_bbb/129.png
130.0,CC(=O)C1CCC2C3CCC4CC(C)(O)CCC4(C)C3CCC12C,1.0,train,../data/images/balanced_scaffold_seed99_bbb/130.png
131.0,CC(=O)OC1CCC2(C)C3CCC4(C)C(C(C)CCCC(C)C)CCC4C3CC(Br)C2(Br)C1,1.0,train,../data/images/balanced_scaffold_seed99_bbb/131.png
132.0,CC(=O)C1CCC2C3CCC4CC(O)CCC4(C)C3CCC12C,1.0,train,../data/images/balanced_scaffold_seed99_bbb/132.png
133.0,C1CC1,1.0,train,../data/images/balanced_scaffold_seed99_bbb/133.png
134.0,COC1(F)C(F)(F)C1(F)Cl,1.0,train,../data/images/balanced_scaffold_seed99_bbb/134.png
135.0,O=C1CCC(C(=O)N2CCCCC2)N1,1.0,train,../data/images/balanced_scaffold_seed99_bbb/135.png
136.0,NC12CC3CC(CC(C3)C1)C2,0.0,train,../data/images/balanced_scaffold_seed99_bbb/136.png
137.0,CC12CC3CC(C)(C1)CC(N)(C3)C2,1.0,train,../data/images/balanced_scaffold_seed99_bbb/137.png
138.0,Cc1ccc(S(=O)(=O)CCN2C(=O)CN=C(c3ccccc3Cl)c3cc(Cl)ccc32)cc1,1.0,train,../data/images/balanced_scaffold_seed99_bbb/138.png
139.0,Cc1nc(C)c2c(n1)N(Cc1ccc(-c3ccccc3-c3nnn[nH]3)cc1)C(=O)CC2,1.0,train,../data/images/balanced_scaffold_seed99_bbb/139.png
140.0,NC(=O)c1cnn(C2OC(CO)C(O)C2O)n1,1.0,train,../data/images/balanced_scaffold_seed99_bbb/140.png
141.0,CC(=O)N[C-]1C(I)C(NC(C)=O)C(I)C(C(=O)O)C1I,0.0,train,../data/images/balanced_scaffold_seed99_bbb/141.png
142.0,CN(C)C(=O)COC1c2ccccc2CCc2ccccc21,1.0,train,../data/images/balanced_scaffold_seed99_bbb/142.png
143.0,NC(=O)C1c2ccccc2CCc2ccccc21,1.0,train,../data/images/balanced_scaffold_seed99_bbb/143.png
144.0,O=C(O)CCCCCCNC1c2ccccc2CCc2ccccc21,1.0,train,../data/images/balanced_scaffold_seed99_bbb/144.png
145.0,CC(CC1c2ccccc2CCc2ccccc21)CN(C)C,1.0,train,../data/images/balanced_scaffold_seed99_bbb/145.png
146.0,COC1OC2OC3(CN4CCCCC4)C(O)CC(C2C)C13,1.0,train,../data/images/balanced_scaffold_seed99_bbb/146.png
147.0,Cc1ccccc1-n1c(C=Cc2ccccn2)nc2ccccc2c1=O,1.0,train,../data/images/balanced_scaffold_seed99_bbb/147.png
148.0,O=C(OCCN1CCCCC1)C(O)(c1ccccc1)c1ccccc1,1.0,train,../data/images/balanced_scaffold_seed99_bbb/148.png
149.0,CCCSc1ccc2[nH]c(NC(=O)OC)nc2c1,1.0,train,../data/images/balanced_scaffold_seed99_bbb/149.png
150.0,CN(C)CCC=C1c2ccccc2C=Cc2ccccc21,1.0,train,../data/images/balanced_scaffold_seed99_bbb/150.png
151.0,CN(C)CC#CC=C1c2ccccc2C=Cc2ccccc21,1.0,train,../data/images/balanced_scaffold_seed99_bbb/151.png
152.0,C[N+](C)([O-])CCC=C1c2ccccc2C=Cc2c(Cl)cccc21,1.0,train,../data/images/balanced_scaffold_seed99_bbb/152.png
153.0,C=CC1CNCCC1CCCc1ccnc2ccc(OC)cc12,1.0,train,../data/images/balanced_scaffold_seed99_bbb/153.png
154.0,O=C1CC2(CCCC2)CC(=O)N1CCCCN1CCN(c2ncccn2)CC1,1.0,train,../data/images/balanced_scaffold_seed99_bbb/154.png
155.0,CC(C)(Oc1ccc(Cl)cc1)C(=O)NC(C(=O)NC1C(=O)N2C1SC(C)(C)C2C(=O)O)c1ccccc1,0.0,train,../data/images/balanced_scaffold_seed99_bbb/155.png
156.0,O=C1N(C(O)C(Cl)(Cl)Cl)CNC1(c1ccccc1)c1ccccc1,1.0,train,../data/images/balanced_scaffold_seed99_bbb/156.png
157.0,O=C1NCNC1(c1ccccc1)c1ccccc1,1.0,train,../data/images/balanced_scaffold_seed99_bbb/157.png
158.0,CN(C)Cc1ccc(CSCCNc2[nH]cc(Cc3ccccc3)c2[N+](=O)[O-])o1,1.0,train,../data/images/balanced_scaffold_seed99_bbb/158.png
159.0,CC(C)(C)NC(=O)C1CC2CCCCC2CN1CC(O)C(Cc1ccccc1)NC(=O)C(CC(N)=O)NC(=O)c1ccc2ccccc2n1,0.0,train,../data/images/balanced_scaffold_seed99_bbb/159.png
160.0,CC(C)[C@H](CN1CCCC1)N(C)C(=O)Cc1ccc(Cl)c(Cl)c1,1.0,train,../data/images/balanced_scaffold_seed99_bbb/160.png
161.0,Cc1cc(NC(=O)c2c(C)cccc2C)no1,1.0,train,../data/images/balanced_scaffold_seed99_bbb/161.png
162.0,COc1cc(N)c(Cl)cc1C(=O)NC1CCN(CCCOc2ccc(F)cc2)CC1OC,1.0,train,../data/images/balanced_scaffold_seed99_bbb/162.png
163.0,CON=C(C(=O)NC1C(=O)N2C(C(=O)O)=C(COC(C)=O)CS(=O)C12)c1csc(N)n1,0.0,train,../data/images/balanced_scaffold_seed99_bbb/163.png
164.0,CC(C)Oc1ccccc1N1CCN(Cc2cccc(C(=O)N3CCCCC3)c2)CC1,1.0,train,../data/images/balanced_scaffold_seed99_bbb/164.png
165.0,CC1(C)SC2C(NC(=O)C(N)c3ccccc3)C(=O)N2C1C(=O)OCOC(=O)C1N2C(=O)CC2S(=O)(=O)C1(C)C,0.0,train,../data/images/balanced_scaffold_seed99_bbb/165.png
166.0,CCOC(=O)CC(O)CC(O)C=CC1=C(c2ccc(F)cc2)c2ccccc2OC12CCCC2,1.0,train,../data/images/balanced_scaffold_seed99_bbb/166.png
167.0,COc1cccnc1CCCCNc1ncc(Cc2cccc(C)n2)c(=O)[nH]1,0.0,train,../data/images/balanced_scaffold_seed99_bbb/167.png
168.0,N#CCNC1CCc2ccccc21,1.0,train,../data/images/balanced_scaffold_seed99_bbb/168.png
169.0,CC(O)C1C(=O)N2C(C(=O)O)=C(SCCNC=N)CC12,0.0,train,../data/images/balanced_scaffold_seed99_bbb/169.png
170.0,COc1ccccc1N1CCN(CCCC(O)c2ccc(F)cc2)CC1,1.0,train,../data/images/balanced_scaffold_seed99_bbb/170.png
171.0,CN1C2CCC1CC(OC(c1ccccc1)c1ccccc1)C2,1.0,train,../data/images/balanced_scaffold_seed99_bbb/171.png
172.0,CC1(Cn2ccnn2)C(C(=O)O)N2C(=O)CC2S1(=O)=O,0.0,train,../data/images/balanced_scaffold_seed99_bbb/172.png
173.0,O=C1CN(C(=O)CN2CC(c3ccc(Cl)cc3)CC2=O)CCN1,1.0,train,../data/images/balanced_scaffold_seed99_bbb/173.png
174.0,CN1C2CCC1CC(NC(=O)c1cn(C3CCCCC3)c3ccccc3c1=O)C2,1.0,train,../data/images/balanced_scaffold_seed99_bbb/174.png
175.0,CC[C@@]1(O)C(=O)OCc2c1cc1n(c2=O)Cc2cc3c(CN(C)C)c(O)ccc3nc2-1,1.0,train,../data/images/balanced_scaffold_seed99_bbb/175.png
176.0,COC1C=COC2(C)Oc3c(C)c(O)c4c(O)c(c(C=NN5CCN(C6CCCC6)CC5)c(O)c4c3C2=O)NC(=O)C(C)=CC=CC(C)C(O)C(C)C(O)C(C)C(OC(C)=O)C1C,0.0,train,../data/images/balanced_scaffold_seed99_bbb/176.png
177.0,O=C1c2ccccc2S(=O)(=O)N1CCCN1CCN(c2ncccn2)CC1,1.0,train,../data/images/balanced_scaffold_seed99_bbb/177.png
178.0,COc1cccc(C2(O)CCCCC2CN(C)C)c1,1.0,train,../data/images/balanced_scaffold_seed99_bbb/178.png
179.0,CCNC1(c2ccccc2)CCCCC1,1.0,train,../data/images/balanced_scaffold_seed99_bbb/179.png
180.0,CCN(CC)CCOC1(c2ccc(Cl)cc2)CCCCC1,1.0,train,../data/images/balanced_scaffold_seed99_bbb/180.png
181.0,CC(C)(C(=O)O)c1ccc(C(=O)CCCN2CCC(OC(c3ccccc3)c3ccccc3)CC2)cc1,0.0,train,../data/images/balanced_scaffold_seed99_bbb/181.png
182.0,CC(C)(C)c1ccc(C(=O)CCCN2CCC(OC(c3ccccc3)c3ccccc3)CC2)cc1,0.0,train,../data/images/balanced_scaffold_seed99_bbb/182.png
183.0,O=C1NC(=O)[C@@]2(CCN(C(=O)Cc3ccc(Cl)c(Cl)c3)[C@@H](CN3CCCC3)C2)N1,0.0,train,../data/images/balanced_scaffold_seed99_bbb/183.png
184.0,O=C1NC(=O)[C@]2(CCN(C(=O)Cc3ccc(Cl)c(Cl)c3)[C@@H](CN3CCCC3)C2)N1,0.0,train,../data/images/balanced_scaffold_seed99_bbb/184.png
185.0,CC12C=CC(=O)C=C1C(Cl)=CC1C2C(O)CC2(C)C1CCC2(O)C(=O)CO,1.0,train,../data/images/balanced_scaffold_seed99_bbb/185.png
186.0,O=C(CCCN1CCN2CCCC2C1)c1ccc(F)cc1,1.0,train,../data/images/balanced_scaffold_seed99_bbb/186.png
187.0,COc1cc(C(=O)C=CN2CC=CC2)cc(OC)c1OC,1.0,train,../data/images/balanced_scaffold_seed99_bbb/187.png
188.0,CN(C)C(=O)C(CCN1CCC(O)(c2ccc(Cl)cc2)CC1)(c1ccccc1)c1ccccc1,0.0,train,../data/images/balanced_scaffold_seed99_bbb/188.png
189.0,C=C1Cc2c(CCN(CCC)CCC)ccc(O)c2N1,1.0,train,../data/images/balanced_scaffold_seed99_bbb/189.png
190.0,Cc1nnc(SCC2=C(C(=O)O)N3C(=O)C(NC(=O)Cn4cnnn4)C3SC2)s1,0.0,train,../data/images/balanced_scaffold_seed99_bbb/190.png
191.0,O=C(Cn1cnnn1)NC1C(=O)N2C(C(=O)O)=C(CSc3nncs3)CSC12,0.0,train,../data/images/balanced_scaffold_seed99_bbb/191.png
192.0,CNC1CCN2c3ccccc3CCc3cccc1c32,1.0,train,../data/images/balanced_scaffold_seed99_bbb/192.png
193.0,CN1CCCN(C(c2ccccc2)c2ccc(Cl)cc2)CC1,1.0,train,../data/images/balanced_scaffold_seed99_bbb/193.png
194.0,O=C(NCCc1ccc(O)c(O)c1)C12CC3CC(CC(C3)C1)C2,1.0,train,../data/images/balanced_scaffold_seed99_bbb/194.png
195.0,CN1C(=O)CN(C(N)=O)C(c2ccccc2)c2cc(Cl)ccc21,1.0,train,../data/images/balanced_scaffold_seed99_bbb/195.png
196.0,OC(CCN1CCCC1)(c1ccccc1)C1CCCCC1,1.0,train,../data/images/balanced_scaffold_seed99_bbb/196.png
197.0,OC1OC(COCCOC(O)C(Cl)(Cl)Cl)C(OC2OC(COCCOCCOC(O)C(Cl)(Cl)Cl)CC(OC(O)C(Cl)(Cl)Cl)C2O)C(OCCOCCOC(O)C(Cl)(Cl)Cl)C1O,1.0,train,../data/images/balanced_scaffold_seed99_bbb/197.png
198.0,CC1(C)SC2C(NC(=O)C(N)c3ccc(O)cc3)C(=O)N2C1C(=O)O,0.0,train,../data/images/balanced_scaffold_seed99_bbb/198.png
199.0,CC1(C)SC2C(NC(=O)C(C(=O)O)c3ccccc3)C(=O)N2C1C(=O)O,0.0,train,../data/images/balanced_scaffold_seed99_bbb/199.png
200.0,CC(C)(C)C(=O)OCOC(=O)C1N2C(=O)C(NC(=O)C(N)c3ccccc3)C2SC1(C)C,0.0,train,../data/images/balanced_scaffold_seed99_bbb/200.png
201.0,CC(=O)OCOC(=O)C1N2C(=O)C(NC(=O)Cc3ccccc3)C2SC1(C)C,0.0,train,../data/images/balanced_scaffold_seed99_bbb/201.png
202.0,C=NC(C(=O)NC1C(=O)N2C1SC(C)(C)C2C(=O)O)c1ccccc1,0.0,train,../data/images/balanced_scaffold_seed99_bbb/202.png
203.0,CNC(=O)CC(N)C(=O)NC(C(=O)NC1C(=O)N2C1SC(C)(C)C2C(=O)O)c1ccc(O)cc1,0.0,train,../data/images/balanced_scaffold_seed99_bbb/203.png
204.0,CC1(C)SC2C(NC(=O)C(N)c3ccccc3)C(=O)N2C1C(=O)O,0.0,train,../data/images/balanced_scaffold_seed99_bbb/204.png
205.0,CC1(C)SC2C(NC(=O)Cc3ccccc3)C(=O)N2C1C(=O)O,0.0,train,../data/images/balanced_scaffold_seed99_bbb/205.png
206.0,CC1(C)SC2C(NC(=O)C(NS(=O)(=O)O)c3ccccc3)C(=O)N2C1C(=O)O,0.0,train,../data/images/balanced_scaffold_seed99_bbb/206.png
207.0,CC1(C)S[C@@H]2[C@H](NC(=O)C(C(=O)O)c3ccccc3)C(=O)N2[C@H]1C(=O)O,1.0,train,../data/images/balanced_scaffold_seed99_bbb/207.png
208.0,CC1(C)SC2C(NC(=O)C(c3ccccc3)S(=O)(=O)O)C(=O)N2C1C(=O)O,0.0,train,../data/images/balanced_scaffold_seed99_bbb/208.png
209.0,COC(C(=O)NC1C(=O)N2C1SC(C)(C)C2C(=O)O)c1ccc(Cl)c(Cl)c1,0.0,train,../data/images/balanced_scaffold_seed99_bbb/209.png
210.0,CC1(C)S[C@@H]2[C@H](NC(=O)[C@H](N)c3ccccc3)C(=O)N2[C@H]1C(=O)O,0.0,train,../data/images/balanced_scaffold_seed99_bbb/210.png
211.0,CC(=O)OC12COC1CC(O)C1(C)C(=O)C(O)C3=C(C)C(OC(=O)C(O)C(NC(=O)OC(C)(C)C)c4ccccc4)CC(O)(C(OC(=O)c4ccccc4)C21)C3(C)C,0.0,train,../data/images/balanced_scaffold_seed99_bbb/211.png
212.0,CN1CCC(=C2c3ccccc3CCc3sccc32)CC1,1.0,train,../data/images/balanced_scaffold_seed99_bbb/212.png
213.0,CC1OC(OC2C(O)CC(OC3C(O)CC(OC4CCC5(C)C(CCC6C5CC(O)C5(C)C(C7=CC(=O)OC7)CCC65O)C4)OC3C)OC2C)CC(O)C1O,0.0,train,../data/images/balanced_scaffold_seed99_bbb/213.png
214.0,OC(Cn1cncn1)(Cn1cncn1)c1ccc(F)cc1F,1.0,train,../data/images/balanced_scaffold_seed99_bbb/214.png
215.0,CC1OC(OC2CC(O)(C(=O)CO)Cc3c(O)c4c(c(O)c32)C(=O)c2ccccc2C4=O)CC(N)C1O,0.0,train,../data/images/balanced_scaffold_seed99_bbb/215.png
216.0,CC(=O)C1(O)Cc2c(O)c3c(c(O)c2C(OC2CC(N)C(O)C(C)O2)C1)C(=O)c1c(O)cccc1C3=O,0.0,train,../data/images/balanced_scaffold_seed99_bbb/216.png
217.0,COc1cccc2c1C(=O)c1c(O)c3c(c(O)c1C2=O)CC(O)(C(=O)CO)CC3OC1CC(N)CC(C)O1,0.0,train,../data/images/balanced_scaffold_seed99_bbb/217.png
218.0,COc1cccc2c1C(=O)c1c(O)c3c(c(O)c1C2=O)C[C@@](O)(C(=O)CO)C[C@@H]3O[C@H]1C[C@H](N)[C@H](O)[C@H](C)O1,0.0,train,../data/images/balanced_scaffold_seed99_bbb/218.png
219.0,COc1cccc2c1C(=O)c1c(O)c3c(c(O)c1C2=O)CC(O)(C(=O)CO)CC3OC1CC(NC(=O)C(N)CC(C)C)C(O)C(C)O1,0.0,train,../data/images/balanced_scaffold_seed99_bbb/219.png
220.0,CC(=O)C1(N)Cc2c(O)c3c(c(O)c2C(OC2CC(O)C(O)CO2)C1)C(=O)c1ccccc1C3=O,0.0,train,../data/images/balanced_scaffold_seed99_bbb/220.png
221.0,COc1cccc2c1C(=O)c1c(O)c3c(c(O)c1C2=O)CC(O)(C(C)=O)CC3OC1CC(N)C(O)C(C)O1,0.0,train,../data/images/balanced_scaffold_seed99_bbb/221.png
222.0,CCOC(OCC)C(=O)OCC(=O)C1(O)Cc2c(O)c3c(c(O)c2C(OC2CC(N)C(O)C(C)O2)C1)C(=O)c1c(OC)cccc1C3=O,0.0,train,../data/images/balanced_scaffold_seed99_bbb/222.png
223.0,CC(=O)C1(O)Cc2c(O)c3c(c(O)c2C(OC2CC(N)C(O)C(C)O2)C1)C(=O)c1ccccc1C3=O,0.0,train,../data/images/balanced_scaffold_seed99_bbb/223.png
224.0,CN1C(=O)CN2CCc3ccccc3C2c2cc(Cl)ccc21,1.0,train,../data/images/balanced_scaffold_seed99_bbb/224.png
225.0,Nc1nc(O)c2c(n1)NC[C@@H](CNc1ccc(C(=O)N[C@@H](CCC(=O)[O-])C(=O)[O-])cc1)N2C=O,1.0,train,../data/images/balanced_scaffold_seed99_bbb/225.png
226.0,OC1(c2ccccc2Cl)C2=NCCCN2c2ccccc21,1.0,train,../data/images/balanced_scaffold_seed99_bbb/226.png
227.0,CCC1CC(=O)C2Oc3c(OC)ccc4c3C23CCN(CC2CC2)C(C4)C13,1.0,train,../data/images/balanced_scaffold_seed99_bbb/227.png
228.0,O=C1CC[C@@]2(O)[C@H]3Cc4ccc(O)c5c4[C@@]2(CCN3CC2CC2)[C@H]1O5,1.0,train,../data/images/balanced_scaffold_seed99_bbb/228.png
229.0,FC(F)(F)c1ccc2c(c1)N(CCCN1CCN(C3CC3)CC1)c1ccccc1S2,1.0,train,../data/images/balanced_scaffold_seed99_bbb/229.png
230.0,C1CCc2nnnn2CC1,1.0,train,../data/images/balanced_scaffold_seed99_bbb/230.png
231.0,CC(C)NCC(O)COc1ccc(CCOCC2CC2)cc1,0.0,train,../data/images/balanced_scaffold_seed99_bbb/231.png
232.0,CN1C2CCC1CC(OC(=O)C(O)c1ccccc1)C2,1.0,train,../data/images/balanced_scaffold_seed99_bbb/232.png
233.0,CN1C2CCC1CC(OC(=O)C(C)(CO)c1ccccc1)C2,1.0,train,../data/images/balanced_scaffold_seed99_bbb/233.png
234.0,CN1C2CCC1CC(OC(=O)C(CO)c1ccccc1)C2,1.0,train,../data/images/balanced_scaffold_seed99_bbb/234.png
235.0,CN1[C@@H]2CC[C@H]1C[C@@H](OC(=O)C(CO)c1ccccc1)C2,1.0,train,../data/images/balanced_scaffold_seed99_bbb/235.png
236.0,CCCCCNC12C=CC(=O)C3Oc4c(O)ccc5c4C31CCN(C)C2C5,1.0,train,../data/images/balanced_scaffold_seed99_bbb/236.png
237.0,CC(C)(C)c1ccc(CN2CCN(C(c3ccccc3)c3ccc(Cl)cc3)CC2)cc1,1.0,train,../data/images/balanced_scaffold_seed99_bbb/237.png
238.0,CC1(C)SC2C(NC(=O)C(N=Cc3ccco3)c3ccc(O)cc3)C(=O)N2C1C(=O)O,0.0,train,../data/images/balanced_scaffold_seed99_bbb/238.png
239.0,CCc1nn(CCCN2CCN(c3cccc(Cl)c3)CC2)c(=O)n1CCOc1ccccc1,1.0,train,../data/images/balanced_scaffold_seed99_bbb/239.png
240.0,CN=C1C=CC=CC1=CN1CCN(C)CC1,1.0,train,../data/images/balanced_scaffold_seed99_bbb/240.png
241.0,COc1nc2nc(-c3noc(C)n3)cn2c2c1CCCC2,1.0,train,../data/images/balanced_scaffold_seed99_bbb/241.png
242.0,O=c1nc[nH]c2c1ncn2[C@H]1CC[C@@H](CO)O1,0.0,train,../data/images/balanced_scaffold_seed99_bbb/242.png
243.0,CSc1ccccc1NCCC1CCCCN1C,1.0,train,../data/images/balanced_scaffold_seed99_bbb/243.png
244.0,CC1(C)SC2C(N=CN3CCCCCC3)C(=O)N2C1C(=O)O,0.0,train,../data/images/balanced_scaffold_seed99_bbb/244.png
245.0,CCOC(=O)OC(C)OC(=O)C1N2C(=O)C(N=CN3CCCCCC3)C2SC1(C)C,0.0,train,../data/images/balanced_scaffold_seed99_bbb/245.png
246.0,CC(C)(C)C(=O)OCOC(=O)C1N2C(=O)C(N=CN3CCCCCC3)C2SC1(C)C,0.0,train,../data/images/balanced_scaffold_seed99_bbb/246.png
247.0,CCCCOCC(CN1C(=O)N(CC(COCCCC)OC(N)=O)C(=O)C(CC)(c2ccccc2)C1=O)OC(N)=O,1.0,train,../data/images/balanced_scaffold_seed99_bbb/247.png
248.0,CCC1(c2ccccc2)C(=O)NC(=O)NC1=O,1.0,train,../data/images/balanced_scaffold_seed99_bbb/248.png
249.0,CCC1(c2ccccc2)C(=O)NC(=O)N(C)C1=O,1.0,train,../data/images/balanced_scaffold_seed99_bbb/249.png
250.0,CCC1(c2ccccc2)C(=O)N(COC)C(=O)N(COC)C1=O,1.0,train,../data/images/balanced_scaffold_seed99_bbb/250.png
251.0,CCCCOCC(CN1C(=O)NC(=O)C(CC)(c2ccccc2)C1=O)OC(N)=O,1.0,train,../data/images/balanced_scaffold_seed99_bbb/251.png
252.0,CN1CCN2c3ncccc3Cc3ccccc3C2C1,1.0,train,../data/images/balanced_scaffold_seed99_bbb/252.png
253.0,CN1CCN2c3ncccc3Cc3ccccc3[C@@H]2C1,1.0,train,../data/images/balanced_scaffold_seed99_bbb/253.png
254.0,NC1=NC(=O)C(c2ccccc2)O1,0.0,train,../data/images/balanced_scaffold_seed99_bbb/254.png
255.0,CCNC1=NC(=O)C(c2ccccc2)O1,1.0,train,../data/images/balanced_scaffold_seed99_bbb/255.png
256.0,CN(C)C1=NC(=O)C(c2ccccc2)O1,1.0,train,../data/images/balanced_scaffold_seed99_bbb/256.png
257.0,O=C1OCCC1C1(O)CCN(CCCN2c3ccccc3Sc3ccc(Cl)cc32)CC1,1.0,train,../data/images/balanced_scaffold_seed99_bbb/257.png
258.0,CC1OC1P(=O)(O)O,1.0,train,../data/images/balanced_scaffold_seed99_bbb/258.png
259.0,C1CO1,1.0,train,../data/images/balanced_scaffold_seed99_bbb/259.png
260.0,CCCC1OC1(CC)C(N)=O,1.0,train,../data/images/balanced_scaffold_seed99_bbb/260.png
261.0,CC1(C)SC2C(NC(=O)c3nc4ccccc4nc3C(=O)O)C(=O)N2C1C(=O)O,0.0,train,../data/images/balanced_scaffold_seed99_bbb/261.png
262.0,CC(C)CC(N(C)C)C1(c2ccc(Cl)cc2)CCC1,1.0,train,../data/images/balanced_scaffold_seed99_bbb/262.png
263.0,CC1(C)SC2C(NC(=O)C(NC(=O)N3CCN(S(C)(=O)=O)C3=O)c3ccccc3)C(=O)N2C1C(=O)O,0.0,train,../data/images/balanced_scaffold_seed99_bbb/263.png
264.0,CNC1CC(c2ccc(Cl)c(Cl)c2)c2ccccc21,1.0,train,../data/images/balanced_scaffold_seed99_bbb/264.png
265.0,CCC1(O)CC(OC2CC(N(C)C)C(OC3CC4OC5CC(=O)C(C)OC5OC4C(C)O3)C(C)O2)c2c(O)c3c(c(O)c2C1OC1CC(N(C)C)C(O)C(C)O1)C(=O)c1cccc(O)c1C3=O,0.0,train,../data/images/balanced_scaffold_seed99_bbb/265.png
266.0,CSc1ccc2c(c1)C(N1CCN(C)CC1)Cc1ccccc1S2,1.0,train,../data/images/balanced_scaffold_seed99_bbb/266.png
267.0,CN1CCN(C2Cc3ccccc3Sc3ccc(Cl)cc32)CC1,1.0,train,../data/images/balanced_scaffold_seed99_bbb/267.png
268.0,c1ccc2cc(COC3CCNCC3)ccc2c1,1.0,train,../data/images/balanced_scaffold_seed99_bbb/268.png
269.0,Oc1ccc2c3c1OC1C(O)CCC4(O)C(C2)N(CC2CCC2)CCC314,1.0,train,../data/images/balanced_scaffold_seed99_bbb/269.png
270.0,Clc1cccc(Cl)c1N=C1NCCN1,1.0,train,../data/images/balanced_scaffold_seed99_bbb/270.png
271.0,Nc1cc(Cl)c(N=C2NCCN2)c(Cl)c1,1.0,train,../data/images/balanced_scaffold_seed99_bbb/271.png
272.0,COC1CCCC2C1=C(C=O)N1C(=O)C(C(C)O)C21,0.0,train,../data/images/balanced_scaffold_seed99_bbb/272.png
273.0,Fc1ccc(C(CCCN2CCN(CCNc3ccccc3)CC2)c2ccc(F)cc2)cc1,1.0,train,../data/images/balanced_scaffold_seed99_bbb/273.png
274.0,CC=CCC(C)C(O)C1C(=O)NC(CC)C(=O)N(C)CC(=O)N(C)C(CC(C)C)C(=O)NC(C(C)C)C(=O)N(C)C(CC(C)C)C(=O)NC(C)C(=O)NC(C)C(=O)N(C)C(CC(C)C)C(=O)N(C)C(CC(C)C)C(=O)N(C)C(C(C)C)C(=O)N1C,0.0,train,../data/images/balanced_scaffold_seed99_bbb/274.png
275.0,CN1CCC23c4c5ccc(O)c4OC2C(C)(O)CCC3C1C5,1.0,train,../data/images/balanced_scaffold_seed99_bbb/275.png
276.0,COc1ccc2c3c1OC1C(O)CCC4C(C2)N(C)CCC341,1.0,train,../data/images/balanced_scaffold_seed99_bbb/276.png
277.0,CN1CCC23c4c5ccc(O)c4OC2C(O)CCC3(O)C1C5,1.0,train,../data/images/balanced_scaffold_seed99_bbb/277.png
278.0,CN1CCC23c4c5ccc(O)c4OC2CCCC3C1C5,1.0,train,../data/images/balanced_scaffold_seed99_bbb/278.png
279.0,CN(C)C(=O)c1nc(CNC(=O)CN)n(-c2ccc(Cl)cc2C(=O)c2ccccc2Cl)n1,1.0,train,../data/images/balanced_scaffold_seed99_bbb/279.png
280.0,CCC(C(=O)OCCN1CCOC(c2ccccc2)C1C)c1ccccc1,1.0,train,../data/images/balanced_scaffold_seed99_bbb/280.png
281.0,CN1CCC(C)(CN2c3ccccc3Sc3ccccc32)C1,1.0,train,../data/images/balanced_scaffold_seed99_bbb/281.png
282.0,Cc1onc(-c2ccccc2Cl)c1C(=O)NC1C(=O)N2C1SC(C)(C)C2C(=O)O,0.0,train,../data/images/balanced_scaffold_seed99_bbb/282.png
283.0,Cc1onc(-c2ccccc2)c1C(=O)NC1C(=O)N2C1SC(C)(C)C2C(=O)O,0.0,train,../data/images/balanced_scaffold_seed99_bbb/283.png
284.0,Cc1onc(-c2c(Cl)cccc2Cl)c1C(=O)NC1C(=O)N2C1SC(C)(C)C2C(=O)O,0.0,train,../data/images/balanced_scaffold_seed99_bbb/284.png
285.0,Cc1onc(-c2c(F)cccc2Cl)c1C(=O)NC1C(=O)N2C1SC(C)(C)C2C(=O)O,0.0,train,../data/images/balanced_scaffold_seed99_bbb/285.png
286.0,COC1=CC(=O)OC1C(O)c1ccccc1Cl,1.0,train,../data/images/balanced_scaffold_seed99_bbb/286.png
287.0,CC12CC(=O)C3C(CCC4CC(O)CCC43C)C1CCC2C(=O)CO,1.0,train,../data/images/balanced_scaffold_seed99_bbb/287.png
288.0,CC(=O)C1CCC2C3CCC4CC(O)CCC4(C)C3C(=O)CC12C,1.0,train,../data/images/balanced_scaffold_seed99_bbb/288.png
289.0,COc1ccc(C2CNC(=O)C2)cc1OC1CCCC1,1.0,train,../data/images/balanced_scaffold_seed99_bbb/289.png
290.0,CN(C)CCn1nnnc1SCC1=C(C(=O)O)N2C(=O)C(NC(=O)Cc3csc(N)n3)C2SC1,0.0,train,../data/images/balanced_scaffold_seed99_bbb/290.png
291.0,CCC1(C)CC(=O)NC1=O,1.0,train,../data/images/balanced_scaffold_seed99_bbb/291.png
292.0,O=C(CCNNC(=O)c1ccncc1)NCc1ccccc1,1.0,train,../data/images/balanced_scaffold_seed99_bbb/292.png
293.0,CN1CCC2=C(CC1)c1ccccc1Oc1ccccc12,1.0,train,../data/images/balanced_scaffold_seed99_bbb/293.png
294.0,CCC1(C2=CCCCC2)C(=O)NC(=O)NC1=O,1.0,train,../data/images/balanced_scaffold_seed99_bbb/294.png
295.0,CN1C(=O)NC(=O)C(C)(C2=CCCCC2)C1=O,1.0,train,../data/images/balanced_scaffold_seed99_bbb/295.png
296.0,CC(C)NC(=O)OC1CCN(CCCC(=O)c2ccc(F)cc2)CC1,1.0,train,../data/images/balanced_scaffold_seed99_bbb/296.png
297.0,CC1CCN(CCCC(=O)c2ccc(F)cc2)CC1,1.0,train,../data/images/balanced_scaffold_seed99_bbb/297.png
298.0,CC1(c2ccccc2)CC(=O)N(CN2CCOCC2)C1=O,1.0,train,../data/images/balanced_scaffold_seed99_bbb/298.png
299.0,Oc1ccc2c(c1)C13CCCCC1C(C2)NCC3,1.0,train,../data/images/balanced_scaffold_seed99_bbb/299.png
300.0,COc1ccc2c(c1)C13CCCCC1C(C2)N(C)CC3,1.0,train,../data/images/balanced_scaffold_seed99_bbb/300.png
301.0,Cc1ccc2c(c1)C13CCCCC1C(C2)N(C)CC3,1.0,train,../data/images/balanced_scaffold_seed99_bbb/301.png
302.0,CN1CCC23CCCCC2C1Cc1ccc(O)cc13,1.0,train,../data/images/balanced_scaffold_seed99_bbb/302.png
303.0,COc1ccc2c(c1)[C@@]13CCCC[C@@H]1[C@@H](C2)N(C)CC3,1.0,train,../data/images/balanced_scaffold_seed99_bbb/303.png
304.0,COc1ccc2c(c1OC)C13CCN(C)C(C2)C1(O)CCC(O)C3,1.0,train,../data/images/balanced_scaffold_seed99_bbb/304.png
305.0,COc1cc(Cc2cnc(N)nc2N)cc(OC)c1OC,1.0,train,../data/images/balanced_scaffold_seed99_bbb/305.png
306.0,CN=CN[C@H]1CC[C@@H](CO)O1,0.0,train,../data/images/balanced_scaffold_seed99_bbb/306.png
307.0,CN1CCC(=C2c3ccccc3Oc3ccc(Cl)cc32)CC1,1.0,train,../data/images/balanced_scaffold_seed99_bbb/307.png
308.0,CNCCC(Oc1cccc2ccccc12)c1cccs1,1.0,train,../data/images/balanced_scaffold_seed99_bbb/308.png
309.0,O=C(c1ccc(F)cc1)C1CCN(CCCN2c3ccccc3Sc3ccc(C(F)(F)F)cc32)CC1,1.0,train,../data/images/balanced_scaffold_seed99_bbb/309.png
310.0,CCN(C(C)=O)c1cccc(-c2ccnc3c(C#N)cnn23)c1,1.0,train,../data/images/balanced_scaffold_seed99_bbb/310.png
311.0,CCC(=O)N(c1ccc(Cl)c(Cl)c1)C1CCCC1N(C)C,1.0,train,../data/images/balanced_scaffold_seed99_bbb/311.png
312.0,CN1CN(c2ccccc2)C2(CCN(CCCC(=O)c3csc(I)c3)CC2)C1=O,1.0,train,../data/images/balanced_scaffold_seed99_bbb/312.png
313.0,CN(C)CCCN1c2ccccc2C(C)(C)c2ccccc21,1.0,train,../data/images/balanced_scaffold_seed99_bbb/313.png
314.0,CN(C)CCCC1c2ccccc2Nc2ccc(Cl)cc21,1.0,train,../data/images/balanced_scaffold_seed99_bbb/314.png
315.0,CNCCCN1c2ccccc2C(C)(C)c2ccccc21,1.0,train,../data/images/balanced_scaffold_seed99_bbb/315.png
316.0,C=CCN1C(=O)C(CC(C)C)NC1=S,1.0,train,../data/images/balanced_scaffold_seed99_bbb/316.png
317.0,CCOC(=O)C1(c2ccccc2)CCN(CCc2ccc(N)cc2)CC1,1.0,train,../data/images/balanced_scaffold_seed99_bbb/317.png
318.0,CCC1(c2ccc(N)cc2)CCC(=O)NC1=O,1.0,train,../data/images/balanced_scaffold_seed99_bbb/318.png
319.0,CCC1(c2ccccc2)CCC(=O)NC1=O,1.0,train,../data/images/balanced_scaffold_seed99_bbb/319.png
320.0,Cc1cc(C(=O)NNCc2ccccc2)no1,1.0,train,../data/images/balanced_scaffold_seed99_bbb/320.png
321.0,CN1C(=O)CC(C)(c2ccccc2)C1=O,1.0,train,../data/images/balanced_scaffold_seed99_bbb/321.png
322.0,O=C1CC(c2cccc(Br)c2)C(=O)N1,1.0,train,../data/images/balanced_scaffold_seed99_bbb/322.png
323.0,CN1C(=O)CC(c2ccccc2)C1=O,1.0,train,../data/images/balanced_scaffold_seed99_bbb/323.png
324.0,CCC1C(=O)NC(=O)C1(C)c1ccccc1,1.0,train,../data/images/balanced_scaffold_seed99_bbb/324.png
325.0,CCNC1(c2cccs2)CCCCC1=O,1.0,train,../data/images/balanced_scaffold_seed99_bbb/325.png
326.0,CC(CN(C)C)CN1c2ccccc2S(=O)(=O)c2ccccc21,1.0,train,../data/images/balanced_scaffold_seed99_bbb/326.png
327.0,CN(C)Cc1ccc(CSCCNc2nc(=O)c(Cc3ccc4ccccc4c3)c[nH]2)o1,0.0,train,../data/images/balanced_scaffold_seed99_bbb/327.png
328.0,CNCCCC1(C)CN(c2ccccc2)c2ccccc21,1.0,train,../data/images/balanced_scaffold_seed99_bbb/328.png
329.0,Cc1cnc(NC(=O)C2=C(O)c3ccccc3S(=O)(=O)N2C)s1,0.0,train,../data/images/balanced_scaffold_seed99_bbb/329.png
330.0,CN(C)CCC1(c2ccccc2)CCc2ccccc2C1=O,1.0,train,../data/images/balanced_scaffold_seed99_bbb/330.png
331.0,CC[C@H](NC(=O)c1c(OCCNC(=O)Cc2ccccn2)c(-c2ccccc2)nc2ccccc12)c1ccccc1,0.0,train,../data/images/balanced_scaffold_seed99_bbb/331.png
332.0,S=C(NC1CCCCC1)N1CCC(c2c[nH]cn2)CC1,1.0,train,../data/images/balanced_scaffold_seed99_bbb/332.png
333.0,C=CCc1ccccc1C1CN(C)CCN1,1.0,train,../data/images/balanced_scaffold_seed99_bbb/333.png
334.0,CC(=O)OC(c1ccccc1)C1CCCCN1,1.0,train,../data/images/balanced_scaffold_seed99_bbb/334.png
335.0,COC(=O)C(c1ccccc1)C1CCCCN1,1.0,train,../data/images/balanced_scaffold_seed99_bbb/335.png
336.0,c1ccc(Cn2cc(CCc3ccncc3)c3ccccc32)cc1,1.0,train,../data/images/balanced_scaffold_seed99_bbb/336.png
337.0,O=C(CN1CCCC1=O)NNC(=O)CN1CCCC1=O,1.0,train,../data/images/balanced_scaffold_seed99_bbb/337.png
338.0,CC(=O)c1ccc2c(c1)N(CCCN1CCN(CCO)CC1)c1ccccc1S2,1.0,train,../data/images/balanced_scaffold_seed99_bbb/338.png
339.0,CC(=O)OCCN1CCN(CCCN2c3ccccc3Sc3ccc(Cl)cc32)CC1,1.0,train,../data/images/balanced_scaffold_seed99_bbb/339.png
340.0,OCCN1CCN(CCCN2c3ccccc3Sc3ccc(Cl)cc32)CC1,1.0,train,../data/images/balanced_scaffold_seed99_bbb/340.png
341.0,CN1CCN(CCCN2c3ccccc3Sc3ccc(C(F)(F)F)cc32)CC1,1.0,train,../data/images/balanced_scaffold_seed99_bbb/341.png
342.0,CN1CCN(CCCN2c3ccccc3Sc3cccc(C(F)(F)F)c32)CC1,1.0,train,../data/images/balanced_scaffold_seed99_bbb/342.png
343.0,CCC(=O)c1ccc2c(c1)N(CCCN1CCN(CCO)CC1)c1ccccc1S2,1.0,train,../data/images/balanced_scaffold_seed99_bbb/343.png
344.0,CCCC(=O)c1ccc2c(c1)N(CCCN1CCN(C)CC1)c1ccccc1S2,1.0,train,../data/images/balanced_scaffold_seed99_bbb/344.png
345.0,CCSc1ccc2c(c1)N(CCCN1CCN(C)CC1)c1ccccc1S2,1.0,train,../data/images/balanced_scaffold_seed99_bbb/345.png
346.0,CN1CCN(CCCN2c3ccccc3Sc3ccc(S(=O)(=O)N(C)C)cc32)CC1,1.0,train,../data/images/balanced_scaffold_seed99_bbb/346.png
347.0,OCCN1CCN(CCCN2c3ccccc3Sc3ccc(C(F)(F)F)cc32)CC1,1.0,train,../data/images/balanced_scaffold_seed99_bbb/347.png
348.0,CCCCCCC(=O)OCCN1CCN(CCCN2c3ccccc3Sc3ccc(C(F)(F)F)cc32)CC1,1.0,train,../data/images/balanced_scaffold_seed99_bbb/348.png
349.0,CCOC(=O)[C@H](CCc1ccccc1)N[C@@H](C)C(=O)N1CCC[C@H]1C(=O)O,0.0,train,../data/images/balanced_scaffold_seed99_bbb/349.png
350.0,N#Cc1ccc2c(c1)C1=C(CCN(CC3CCCC3)CC1)c1ccccc1O2,1.0,train,../data/images/balanced_scaffold_seed99_bbb/350.png
351.0,CC(=C1CCOC(=O)S1)N(C=O)Cc1cnc(C)nc1N,1.0,train,../data/images/balanced_scaffold_seed99_bbb/351.png
352.0,C[N+]1(C)CCC[C@H](OC(=O)[C+](O)(c2ccccc2)c2ccccc2)C1,0.0,train,../data/images/balanced_scaffold_seed99_bbb/352.png
353.0,Clc1cnn(CCCCN2CCN(c3ncccn3)CC2)c1,1.0,train,../data/images/balanced_scaffold_seed99_bbb/353.png
354.0,COc1ccc2c(c1)C(O)(CCCN(C)C)c1ccccc1S2,1.0,train,../data/images/balanced_scaffold_seed99_bbb/354.png
355.0,CN(c1nc2ccccc2s1)C1CCN(CC(O)COc2ccc(F)cc2)CC1,1.0,train,../data/images/balanced_scaffold_seed99_bbb/355.png
356.0,CN1CCN(c2cc3c(nn2)Oc2ccccc2N3C)CC1,1.0,train,../data/images/balanced_scaffold_seed99_bbb/356.png
357.0,C1=CCC2=C3C(=NC2=C1)CCNC3Cc1ccccc1,1.0,train,../data/images/balanced_scaffold_seed99_bbb/357.png
358.0,CC(C)c1nc(-c2ncn3c2CN(C)C(=O)c2c(Cl)cccc2-3)no1,1.0,train,../data/images/balanced_scaffold_seed99_bbb/358.png
359.0,CN1Cc2c(-c3noc(C(C)(C)O)n3)ncn2-c2cccc(Cl)c2C1=O,0.0,train,../data/images/balanced_scaffold_seed99_bbb/359.png
360.0,CN1Cc2c(-c3noc(C(C)(O)CO)n3)ncn2-c2cccc(Cl)c2C1=O,0.0,train,../data/images/balanced_scaffold_seed99_bbb/360.png
361.0,CN1Cc2c(-c3noc(C(C)(CO)CO)n3)ncn2-c2cccc(Cl)c2C1=O,0.0,train,../data/images/balanced_scaffold_seed99_bbb/361.png
362.0,NCCn1ncc2cc(Cl)c(Cl)cc21,1.0,train,../data/images/balanced_scaffold_seed99_bbb/362.png
363.0,CN1CCN(C2=Nc3cc(F)ccc3Cc3ccccc32)CC1,1.0,train,../data/images/balanced_scaffold_seed99_bbb/363.png
364.0,CN1CCN(C2=Nc3ccccc3Cc3ccccc32)CC1,1.0,train,../data/images/balanced_scaffold_seed99_bbb/364.png
365.0,O=c1[nH]c2cc(Cl)ccc2n1C1CCN(CC2COc3ccccc3O2)CC1,1.0,train,../data/images/balanced_scaffold_seed99_bbb/365.png
366.0,O=S(=O)(c1ccc2cc[nH]c2c1)N1CCCC1CCN1CCC(Oc2cccc(Cl)c2)CC1,1.0,train,../data/images/balanced_scaffold_seed99_bbb/366.png
367.0,CN(C)Cc1ccc(-c2cccc(Nc3[nH]ccc3[N+](=O)[O-])c2)o1,1.0,train,../data/images/balanced_scaffold_seed99_bbb/367.png
368.0,CN(C)Cc1ccc(-c2cccc(NC3N=CC=C3[N+](=O)[O-])c2)o1,1.0,train,../data/images/balanced_scaffold_seed99_bbb/368.png
369.0,CC(=O)OCC1=COC(OC(=O)CC(C)(C)OC(C)=O)C2C1=CC(OC(=O)CC(C)C)C21CO1,1.0,train,../data/images/balanced_scaffold_seed99_bbb/369.png
370.0,CC(=O)OCC1=COC(OC(=O)CC(C)C)C2C1=CC(OC(=O)CC(C)C)C21CO1,1.0,train,../data/images/balanced_scaffold_seed99_bbb/370.png
371.0,CC(Cc1ccccc1)N(C)Cc1ccccc1,1.0,train,../data/images/balanced_scaffold_seed99_bbb/371.png
372.0,CC(Cc1ccccc1)NC(C#N)c1ccccc1,1.0,train,../data/images/balanced_scaffold_seed99_bbb/372.png
373.0,CCn1cc(C(=O)O)c(=O)c2ccc(Cc3ccccc3)nc21,1.0,train,../data/images/balanced_scaffold_seed99_bbb/373.png
374.0,COC1C=COC2(C)Oc3c(C)c(O)c4c(O)c(c5c(nc6cc(C)ccn65)c4c3C2=O)NC(=O)C(C)=CC=CC(C)C(O)C(C)C(O)C(C)C(OC(C)=O)C1C,0.0,train,../data/images/balanced_scaffold_seed99_bbb/374.png
375.0,CN1C(=S)CN=C(c2ccccc2)c2cc(Cl)ccc21,1.0,train,../data/images/balanced_scaffold_seed99_bbb/375.png
376.0,Fc1ccccc1C1=NCC(=S)N(CC(F)(F)F)c2ccc(Cl)cc21,1.0,train,../data/images/balanced_scaffold_seed99_bbb/376.png
377.0,CC1CCCC1,1.0,train,../data/images/balanced_scaffold_seed99_bbb/377.png
378.0,O=C1Nc2ccc(Cl)cc2[C@@](C#CC2CC2)(C(F)(F)F)O1,0.0,train,../data/images/balanced_scaffold_seed99_bbb/378.png
379.0,CCCNCC(O)COc1ccccc1C(=O)CCc1ccccc1,0.0,train,../data/images/balanced_scaffold_seed99_bbb/379.png
380.0,CC(=CCCN1CCC2(CC1)C(=O)NCN2c1ccccc1)c1ccc(F)cc1,1.0,train,../data/images/balanced_scaffold_seed99_bbb/380.png
381.0,CC1(C)SC2C(NC(=O)C(NC(=O)c3ccc(-c4ccc(S(=O)(=O)N(CCO)CCO)cc4)[nH]c3=O)c3ccc(O)cc3)C(=O)N2C1C(=O)O,0.0,train,../data/images/balanced_scaffold_seed99_bbb/381.png
382.0,COC1(NC(=O)Cc2cccs2)C(=O)N2C(C(=O)O)=C(COC(N)=O)CSC21,0.0,train,../data/images/balanced_scaffold_seed99_bbb/382.png
383.0,CC(=O)OCC1=C(C(=O)O)N2C(=O)C(NC(=O)Cc3cccs3)C2SC1,0.0,train,../data/images/balanced_scaffold_seed99_bbb/383.png
384.0,CCNC1=Nc2ccc(Cl)cc2C(C)(c2ccccc2)O1,1.0,train,../data/images/balanced_scaffold_seed99_bbb/384.png
385.0,CON=C(C(=O)NC1C(=O)N2C(C(=O)O)=C(CSc3nc(=O)c(=O)[nH]n3C)CSC12)c1csc(N)n1,0.0,train,../data/images/balanced_scaffold_seed99_bbb/385.png
386.0,C[C@@H]([C@H](O)c1ccc(O)cc1)N1CCC(Cc2ccccc2)CC1,1.0,train,../data/images/balanced_scaffold_seed99_bbb/386.png
387.0,CCc1nc(N)nc(N)c1-c1ccc(Cl)cc1,1.0,train,../data/images/balanced_scaffold_seed99_bbb/387.png
388.0,COc1ccc(S(N)(=O)=O)cc1C(=O)NCC1CCCN1C,1.0,train,../data/images/balanced_scaffold_seed99_bbb/388.png
389.0,CCN1CCCC1CNC(=O)c1cc(S(=O)(=O)CC)ccc1OC,1.0,train,../data/images/balanced_scaffold_seed99_bbb/389.png
390.0,CCN1CCCC1CNC(=O)c1cc(S(=O)(=O)CC)c(N)cc1OC,1.0,train,../data/images/balanced_scaffold_seed99_bbb/390.png
391.0,CCN1CCC[C@H]1CNC(=O)c1c(O)c(Cl)cc(Cl)c1OC,1.0,train,../data/images/balanced_scaffold_seed99_bbb/391.png
392.0,CCN1CCCC1CNC(=O)c1cc(S(N)(=O)=O)ccc1OC,1.0,train,../data/images/balanced_scaffold_seed99_bbb/392.png
393.0,C=CCN1CCCC1CNC(=O)c1cc(S(N)(=O)=O)cc(OC)c1OC,1.0,train,../data/images/balanced_scaffold_seed99_bbb/393.png
394.0,CCN1CCCC1CNC(=O)c1c(OC)ccc(Br)c1OC,1.0,train,../data/images/balanced_scaffold_seed99_bbb/394.png
395.0,CCN1CCCC1CNC(=O)c1cc(C(C)=O)ccc1OC,1.0,train,../data/images/balanced_scaffold_seed99_bbb/395.png
396.0,CCCN1CCCC1CNC(=O)c1cc(S(N)(=O)=O)ccc1OC,1.0,train,../data/images/balanced_scaffold_seed99_bbb/396.png
397.0,C=CCN1CCCC1CNC(=O)c1cc(S(=O)(=O)NC)c(N)cc1OC,1.0,train,../data/images/balanced_scaffold_seed99_bbb/397.png
398.0,O=C1CCN=C2CC(c3ccccc3)CN12,1.0,train,../data/images/balanced_scaffold_seed99_bbb/398.png
399.0,Fc1ccc(-c2ccc(CN3CCN(c4cccc5ccoc45)CC3)[nH]2)cc1,1.0,train,../data/images/balanced_scaffold_seed99_bbb/399.png
400.0,Cc1cc(C(C)(C)SC(C)(C)CNc2[nH]ccc2[N+](=O)[O-])nc(C)c1C,1.0,train,../data/images/balanced_scaffold_seed99_bbb/400.png
401.0,O=[N+]([O-])c1cc[nH]c1NCCSCc1ncccc1Br,1.0,train,../data/images/balanced_scaffold_seed99_bbb/401.png
402.0,O=[N+]([O-])c1cc[nH]c1NCCSCc1ccccn1,1.0,train,../data/images/balanced_scaffold_seed99_bbb/402.png
403.0,O=C1CC2(CCCC2)CC(=O)N1CCCCN1CCN(c2nsc3ccccc23)CC1,1.0,train,../data/images/balanced_scaffold_seed99_bbb/403.png
404.0,NC(=O)c1cn(Cc2c(F)cccc2F)nn1,1.0,train,../data/images/balanced_scaffold_seed99_bbb/404.png
405.0,Clc1ccc(N2CCN(CC=Cc3ccccc3)CC2)nn1,1.0,train,../data/images/balanced_scaffold_seed99_bbb/405.png
406.0,O=C1COC(N2CCN=C(c3ccccc3Cl)c3cc(Cl)ccc32)=N1,1.0,train,../data/images/balanced_scaffold_seed99_bbb/406.png
407.0,O=c1[nH]c2cc(Cl)ccc2n1C1CCN(CCCC(c2ccc(F)cc2)c2ccc(F)cc2)CC1,1.0,train,../data/images/balanced_scaffold_seed99_bbb/407.png
408.0,O=c1[nH]c2ccccc2n1C1CCN(CCCC(c2ccc(F)cc2)c2ccc(F)cc2)CC1,1.0,train,../data/images/balanced_scaffold_seed99_bbb/408.png
409.0,CCNC(=O)N1CCN(CCCC(c2ccc(F)cc2)c2ccc(F)cc2)CC1,1.0,train,../data/images/balanced_scaffold_seed99_bbb/409.png
410.0,O=C1CCc2ccc(OCCCCN3CCN(c4cccc(Cl)c4Cl)CC3)cc2N1,1.0,train,../data/images/balanced_scaffold_seed99_bbb/410.png
411.0,COc1cc(NCc2ccc3nc(N)nc(N)c3c2C)cc(OC)c1OC,0.0,train,../data/images/balanced_scaffold_seed99_bbb/411.png
412.0,NC(=O)N1c2ccccc2C2CC2c2ccccc21,1.0,train,../data/images/balanced_scaffold_seed99_bbb/412.png
413.0,S=C(NC1CCCCC1)N1CCC(c2cnc[nH]2)CC1,1.0,train,../data/images/balanced_scaffold_seed99_bbb/413.png
414.0,CN1CCN(c2c(F)cc3c(=O)c(C(=O)O)cn(CCF)c3c2F)CC1,0.0,train,../data/images/balanced_scaffold_seed99_bbb/414.png
415.0,CC1(C)SC2C(NC(=O)C(NC(=O)Nc3cnc(Nc4ccc(S(N)(=O)=O)cc4)nc3O)c3ccc(O)cc3)C(=O)N2C1C(=O)O,0.0,train,../data/images/balanced_scaffold_seed99_bbb/415.png
416.0,Oc1ccc2c(c1)C13CCCCC1(O)C(C2)N(CC1CC1)CC3,1.0,train,../data/images/balanced_scaffold_seed99_bbb/416.png
417.0,CC1(C)OC2CC3C4CC(F)C5=CC(=O)C=CC5(C)C4(F)C(O)CC3(C)C2(C(=O)COC(=O)C2CC2)O1,1.0,train,../data/images/balanced_scaffold_seed99_bbb/417.png
418.0,COc1cccc2c1C(=O)c1c(O)c3c(c(O)c1C2=O)CC(O)(C(O)CO)CC3O,0.0,train,../data/images/balanced_scaffold_seed99_bbb/418.png
419.0,Cc1nnc2n1-c1sc(Br)cc1C(c1ccccc1Cl)=NC2,1.0,train,../data/images/balanced_scaffold_seed99_bbb/419.png
420.0,CCc1cc2c(s1)-n1c(C)nnc1CN=C2c1ccccc1Cl,1.0,train,../data/images/balanced_scaffold_seed99_bbb/420.png
421.0,CN(C(=O)Cc1ccc(Cl)c(Cl)c1)[C@@H]1CCCC[C@H]1N1CCCC1,1.0,train,../data/images/balanced_scaffold_seed99_bbb/421.png
422.0,CN(C(=O)Cc1ccc(Cl)c(Cl)c1)[C@H]1CCCC[C@H]1N1CCCC1,1.0,train,../data/images/balanced_scaffold_seed99_bbb/422.png
423.0,CC(=O)CC(=O)C12OC(C)(C)OC1CC1C3CC(C#N)=C4C=C(OCCCl)CCC4(C)C3(F)C(O)CC12C,1.0,train,../data/images/balanced_scaffold_seed99_bbb/423.png
424.0,CC(=O)OCC(=O)C12OC(C)(C)OC1CC1C3CC(C=O)=C4C=C(OCCCl)CCC4(C)C3(F)C(O)CC12C,1.0,train,../data/images/balanced_scaffold_seed99_bbb/424.png
425.0,CN(C)C1CCc2[nH]c3ccccc3c2C1,1.0,train,../data/images/balanced_scaffold_seed99_bbb/425.png
426.0,CN(C)C1CCc2[nH]c3c(F)cc(F)cc3c2C1,1.0,train,../data/images/balanced_scaffold_seed99_bbb/426.png
427.0,CC1(c2ccccc2)OC2CC3C4CCC5=CC(=O)C=CC5(C)C4(F)C(O)CC3(C)C2(C(=O)CO)O1,1.0,train,../data/images/balanced_scaffold_seed99_bbb/427.png
428.0,COc1cc(C(=O)N2CCCCCCC2)cc(OC)c1OC,1.0,train,../data/images/balanced_scaffold_seed99_bbb/428.png
429.0,COC1C(O)CC(=O)OC(C)CC=CC=CC(O)C(C)CC(CC=O)C1OC1OC(C)C(OC2CC(C)(O)C(O)C(C)O2)C(N(C)C)C1O,0.0,train,../data/images/balanced_scaffold_seed99_bbb/429.png
430.0,CCC(=O)OC1CC(=O)OC(C)CC=CC=CC(O)C(C)CC(CC=O)C(OC2OC(C)C(OC3CC(C)(O)C(OC(=O)CC)C(C)O3)C(N(C)C)C2O)C1OC,0.0,train,../data/images/balanced_scaffold_seed99_bbb/430.png
431.0,COC1C(OC(C)=O)CC(=O)OC(C)CC=CC=CC(O)C(C)CC(CC=O)C1OC1OC(C)C(OC2CC(C)(O)C(OC(=O)CC(C)C)C(C)O2)C(N(C)C)C1O,0.0,train,../data/images/balanced_scaffold_seed99_bbb/431.png
432.0,CCc1nn(CCCN2CCN(c3cccc(Cl)c3)CC2)c(=O)n1CC,1.0,train,../data/images/balanced_scaffold_seed99_bbb/432.png
433.0,O=C(O)CN1C(=O)c2cccc3cccc(c23)C1=O,1.0,train,../data/images/balanced_scaffold_seed99_bbb/433.png
434.0,COc1ccc2[nH]c([S@](=O)Cc3ncc(C)c(OC)c3C)nc2c1,0.0,train,../data/images/balanced_scaffold_seed99_bbb/434.png
435.0,COc1ccc2[nH]c(S(=O)Cc3ncc(C)c(OC)c3C)nc2c1,0.0,train,../data/images/balanced_scaffold_seed99_bbb/435.png
436.0,COC(=O)C1C2CC3c4[nH]c5cc(OC)ccc5c4CCN3CC2CC(OC)C1OC,1.0,train,../data/images/balanced_scaffold_seed99_bbb/436.png
437.0,CN(C)CCCn1cc(-c2ccccc2)c(-c2ccccc2)n1,1.0,train,../data/images/balanced_scaffold_seed99_bbb/437.png
438.0,CC(=O)OCC(=O)OCCC(SC(=O)c1ccco1)=C(C)N(C=O)Cc1cnc(C)nc1N,1.0,train,../data/images/balanced_scaffold_seed99_bbb/438.png
439.0,CC12CC(N)C1CN(c1nc3c(cc1F)c(=O)c(C(=O)O)cn3C1CC1)C2,0.0,train,../data/images/balanced_scaffold_seed99_bbb/439.png
440.0,CC(=O)SCC(Cc1ccccc1)C(=O)NCC(=O)OCc1ccccc1,1.0,train,../data/images/balanced_scaffold_seed99_bbb/440.png
441.0,C[C@H](CS)C(=O)N1CCC[C@H]1C(=O)O,0.0,train,../data/images/balanced_scaffold_seed99_bbb/441.png
442.0,CN1CCC2=C(CC1)c1ccccc1N(C)c1ccccc12,1.0,train,../data/images/balanced_scaffold_seed99_bbb/442.png
443.0,CN1CCN(c2c(F)cc3c(=O)c(C(=O)O)cn4c3c2SCC4)CC1,0.0,train,../data/images/balanced_scaffold_seed99_bbb/443.png
444.0,O=C1CC2(CCCC2)CC(=O)N1CCNCC1COc2ccccc2O1,1.0,train,../data/images/balanced_scaffold_seed99_bbb/444.png
445.0,CC1(C)SC2C(NC(=O)C3(N)CCCCC3)C(=O)N2C1C(=O)O,0.0,train,../data/images/balanced_scaffold_seed99_bbb/445.png
446.0,FC(F)(F)c1ccc2c(c1)N(CCCN1CCN(CCC3OCCCO3)CC1)c1ccccc1S2,1.0,train,../data/images/balanced_scaffold_seed99_bbb/446.png
447.0,CON=C(C(=O)NC1C(=O)N2C(C(=O)O)=C(C=CSc3n[nH]c(=O)c(=O)n3CC=O)CSC12)c1csc(N)n1,0.0,train,../data/images/balanced_scaffold_seed99_bbb/447.png
448.0,Cc1ccc(C(=O)NC[C@H]2CN=C(c3ccc(F)cc3)c3ccc(C)cc3N2C)cc1,1.0,train,../data/images/balanced_scaffold_seed99_bbb/448.png
449.0,Cc1nc2n(c(=O)c1CCN1CCC(C(=O)c3ccc(F)cc3)CC1)CCS2,1.0,train,../data/images/balanced_scaffold_seed99_bbb/449.png
450.0,CNCCCN1c2ccccc2CCc2ccccc21,1.0,train,../data/images/balanced_scaffold_seed99_bbb/450.png
451.0,NCCCN1c2ccccc2CCc2ccccc21,1.0,train,../data/images/balanced_scaffold_seed99_bbb/451.png
452.0,CN(C)CCCN1c2ccccc2CCc2ccc(C#N)cc21,1.0,train,../data/images/balanced_scaffold_seed99_bbb/452.png
453.0,C[N+](C)([O-])CCCN1c2ccccc2CCc2ccccc21,1.0,train,../data/images/balanced_scaffold_seed99_bbb/453.png
454.0,CN(C)CCCN1c2ccccc2CCc2ccc(Cl)cc21,1.0,train,../data/images/balanced_scaffold_seed99_bbb/454.png
455.0,CNC1Cc2ccccc2N(C)c2ccccc21,1.0,train,../data/images/balanced_scaffold_seed99_bbb/455.png
456.0,CN(C)CCCN1c2ccccc2CCc2ccccc21,1.0,train,../data/images/balanced_scaffold_seed99_bbb/456.png
457.0,CC(CN(C)C)CN1c2ccccc2CCc2ccccc21,1.0,train,../data/images/balanced_scaffold_seed99_bbb/457.png
458.0,CC=CC=CCNNC(=O)c1cc(C)on1,1.0,train,../data/images/balanced_scaffold_seed99_bbb/458.png
459.0,Oc1noc2c1CCNC2,1.0,train,../data/images/balanced_scaffold_seed99_bbb/459.png
460.0,CCC=C(C(=O)NC1C(=O)N2C(C(=O)O)=C(COC(N)=O)CSC12)c1csc(N)n1,0.0,train,../data/images/balanced_scaffold_seed99_bbb/460.png
461.0,Nc1nc(C(=CCC(=O)O)C(=O)NC2C(=O)N3C(C(=O)O)=CCSC23)cs1,0.0,train,../data/images/balanced_scaffold_seed99_bbb/461.png
462.0,O=C(Nc1ccccc1)OCC1(COC(=O)Nc2ccccc2)CCCC1,1.0,train,../data/images/balanced_scaffold_seed99_bbb/462.png
463.0,CCC1OC(=O)C(C)C(OC2CC(C)(OC)C(O)C(C)O2)C(C)C(OC2OC(C)CC(N(C)C)C2O)C(C)(O)CC(C)C(=NOC)C(C)C(O)C1(C)O,0.0,train,../data/images/balanced_scaffold_seed99_bbb/463.png
464.0,CCC1OC(=O)C(C)C(OC2CC(C)(OC)C(O)C(C)O2)C(C)C(OC2OC(C)CC(N(C)C)C2O)C(C)(O)CC(C)C(=NOCOCCOC)C(C)C(O)C1(C)O,0.0,train,../data/images/balanced_scaffold_seed99_bbb/464.png
465.0,CC12CCCCCC(Cc3ccc(O)cc31)C2N,1.0,train,../data/images/balanced_scaffold_seed99_bbb/465.png
466.0,O=C(c1ccccc1)c1ccc2n1CC[C@H]2C(=O)O,0.0,train,../data/images/balanced_scaffold_seed99_bbb/466.png
467.0,CN(C)CCCN1c2ccccc2C(c2ccccc2)=Nc2cccnc21,1.0,train,../data/images/balanced_scaffold_seed99_bbb/467.png
468.0,CC1=CCC2C3Cc4ccc(O)c5c4C2(CN3C)C1O5,1.0,train,../data/images/balanced_scaffold_seed99_bbb/468.png
469.0,CN(C)CCC1(c2ccccc2)C=Cc2ccccc21,1.0,train,../data/images/balanced_scaffold_seed99_bbb/469.png
470.0,CC(Cc1ccccc1)(NC(=O)CN)c1ccccc1,1.0,train,../data/images/balanced_scaffold_seed99_bbb/470.png
471.0,CCC(=O)OC(Cc1ccccc1)(c1ccccc1)C(C)CN(C)C,1.0,train,../data/images/balanced_scaffold_seed99_bbb/471.png
472.0,CC(=C(CCOC(=O)c1ccccc1)SSC(CCOC(=O)c1ccccc1)=C(C)N(C=O)Cc1cnc(C)nc1N)N(C=O)Cc1cnc(C)nc1N,1.0,train,../data/images/balanced_scaffold_seed99_bbb/472.png
473.0,Clc1ccc(C(OCCN2CCOCC2)c2ccccc2)cc1,1.0,train,../data/images/balanced_scaffold_seed99_bbb/473.png
474.0,CN(C)CCN(Cc1cccs1)c1ccccn1,1.0,train,../data/images/balanced_scaffold_seed99_bbb/474.png
475.0,O=C1NCCN1CCN1CCC(c2cn(-c3ccc(F)cc3)c3ccc(Cl)cc23)CC1,1.0,train,../data/images/balanced_scaffold_seed99_bbb/475.png
476.0,COC1(NC(=O)C(C(=O)O)c2ccc(O)cc2)C(=O)N2C(C(=O)O)=C(CSc3nnnn3C)COC21,0.0,train,../data/images/balanced_scaffold_seed99_bbb/476.png
477.0,CN(C)C1C(O)=C(C(=O)NC(C(=O)O)N2CCN(CCO)CC2)C(=O)C2(O)C(O)=C3C(=O)c4c(O)cccc4C(C)(O)C3CC12,0.0,train,../data/images/balanced_scaffold_seed99_bbb/477.png
478.0,CN(C)C1C(O)=C(C(=O)NCN2CCN(CCO)CC2)C(=O)C2(O)C(O)=C3C(=O)c4c(O)cccc4C(C)(O)C3CC12,0.0,train,../data/images/balanced_scaffold_seed99_bbb/478.png
479.0,CN(C)C1C(O)=C(C(=O)NCN2CCN(C(=N)NC(=N)N)CC2)C(=O)C2(O)C(O)=C3C(=O)c4c(O)cccc4C(C)(O)C3CC12,0.0,train,../data/images/balanced_scaffold_seed99_bbb/479.png
480.0,C#CC1(O)CCC2C3C(C)CC4=C(CCC(=O)C4)C3CCC21C,1.0,train,../data/images/balanced_scaffold_seed99_bbb/480.png
481.0,CCC1(C)CC(=O)NC(=O)C1,1.0,train,../data/images/balanced_scaffold_seed99_bbb/481.png
482.0,CNCCC(Oc1ccccc1C)c1ccccc1,1.0,train,../data/images/balanced_scaffold_seed99_bbb/482.png
483.0,CNCCC(Oc1ccccc1OC)c1ccccc1,1.0,train,../data/images/balanced_scaffold_seed99_bbb/483.png
484.0,NCCC(Oc1ccc(C(F)(F)F)cc1)c1ccccc1,1.0,train,../data/images/balanced_scaffold_seed99_bbb/484.png
485.0,CNCCC(Oc1ccc(C(F)(F)F)cc1)c1ccccc1,1.0,train,../data/images/balanced_scaffold_seed99_bbb/485.png
486.0,CC(C)C(=O)OCC(=O)C12OC(C3CCCCC3)OC1CC1C3CCC4=CC(=O)C=CC4(C)C3C(O)CC12C,1.0,train,../data/images/balanced_scaffold_seed99_bbb/486.png
487.0,CCC(NC(=O)C1CCCN1C(=O)C(Cc1ccccc1)NC(=O)C(N)CC(C)C)C(=O)NC(CCCN)C(=O)NC(CC(C)C)C(=O)NC(Cc1ccccc1)C(=O)N1CCCC1C(=O)NC(CC)C(=O)NC(C=O)CCCN,0.0,train,../data/images/balanced_scaffold_seed99_bbb/487.png
488.0,CCOC(=O)OCCC(SC(=O)OCC)=C(C)N(C=O)Cc1cnc(C)nc1N,1.0,train,../data/images/balanced_scaffold_seed99_bbb/488.png
489.0,CC(=O)OCCC(SC(C)=O)=C(C)N(C=O)Cc1cnc(C)nc1N,1.0,train,../data/images/balanced_scaffold_seed99_bbb/489.png
490.0,CN1CCN(CCCNc2ccccc2S)CC1,1.0,train,../data/images/balanced_scaffold_seed99_bbb/490.png
491.0,Cc1c[nH+][o+]c(C([NH])CC(C)C(C)(C)N(C(C)(C)C)C(C)(N)N)c1[O-],1.0,train,../data/images/balanced_scaffold_seed99_bbb/491.png
492.0,Cc1cc(C)c(=O)[nH]n1,1.0,train,../data/images/balanced_scaffold_seed99_bbb/492.png
493.0,Nc1ccc(S(=O)(=O)N2CC3CCC(CC3)C2)cc1,1.0,train,../data/images/balanced_scaffold_seed99_bbb/493.png
494.0,NS(=O)(=O)c1cc2c(cc1Cl)N=CNS2(=O)=O,0.0,train,../data/images/balanced_scaffold_seed99_bbb/494.png
495.0,O=C(CCCN1CC2CCC(CC2)C1)c1ccc(F)cc1,1.0,train,../data/images/balanced_scaffold_seed99_bbb/495.png
496.0,CC(=C(CCOP(=O)(O)O)SC(=O)c1ccccc1)N(C=O)Cc1cnc(C)nc1N,1.0,train,../data/images/balanced_scaffold_seed99_bbb/496.png
497.0,O=C(CCCN1CCN(c2cc3ccccc3cn2)CC1)c1ccc(F)cc1,1.0,train,../data/images/balanced_scaffold_seed99_bbb/497.png
498.0,NS(=O)(=O)Cc1noc2ccccc12,1.0,train,../data/images/balanced_scaffold_seed99_bbb/498.png
499.0,Cc1nc2n(c(=O)c1CCN1CCC(c3noc4cc(F)ccc34)CC1)CCCC2,1.0,train,../data/images/balanced_scaffold_seed99_bbb/499.png
500.0,Cc1nc2n(c(=O)c1CCN1CCC(c3noc4cc(F)ccc34)CC1)CCCC2O,1.0,train,../data/images/balanced_scaffold_seed99_bbb/500.png
501.0,CC(C)(C)OC(=O)c1ncn2c1C1CCCN1C(=O)c1c(Br)cccc1-2,1.0,train,../data/images/balanced_scaffold_seed99_bbb/501.png
502.0,CC(C)(C)OC(=O)c1ncn2c1C1CCCN1C(=O)c1cc(Br)ccc1-2,1.0,train,../data/images/balanced_scaffold_seed99_bbb/502.png
503.0,COc1cc(Br)c2oc(C3CCNCC3)cc2c1,1.0,train,../data/images/balanced_scaffold_seed99_bbb/503.png
504.0,CCCCCn1ccc(=O)c(O)c1C,1.0,train,../data/images/balanced_scaffold_seed99_bbb/504.png
505.0,Cc1c(O)c(=O)ccn1CCCO,0.0,train,../data/images/balanced_scaffold_seed99_bbb/505.png
506.0,CCc1c(O)c(=O)ccn1CC,1.0,train,../data/images/balanced_scaffold_seed99_bbb/506.png
507.0,CCc1c(O)c(=O)ccn1CCCCO,0.0,train,../data/images/balanced_scaffold_seed99_bbb/507.png
508.0,CCc1c(O)c(=O)ccn1CCO,0.0,train,../data/images/balanced_scaffold_seed99_bbb/508.png
509.0,Cc1c(O)c(=O)ccn1C,1.0,train,../data/images/balanced_scaffold_seed99_bbb/509.png
510.0,CCCCn1ccc(=O)c(O)c1C,1.0,train,../data/images/balanced_scaffold_seed99_bbb/510.png
511.0,CCn1ccc(=O)c(O)c1C,1.0,train,../data/images/balanced_scaffold_seed99_bbb/511.png
512.0,CCCCCCn1ccc(=O)c(O)c1C,1.0,train,../data/images/balanced_scaffold_seed99_bbb/512.png
513.0,CN(C)CCO[C@@](C)(c1ccccc1)c1ccccn1,1.0,train,../data/images/balanced_scaffold_seed99_bbb/513.png
514.0,CN1CCN=C(c2ccccc2)c2cc(Cl)ccc21,1.0,train,../data/images/balanced_scaffold_seed99_bbb/514.png
515.0,CN1c2ccc(Cl)cc2C(c2ccccc2Cl)=NCC1CO,1.0,train,../data/images/balanced_scaffold_seed99_bbb/515.png
516.0,Fc1ccccc1C1=NCCN(CC(F)(F)F)c2ccc(Cl)cc21,1.0,train,../data/images/balanced_scaffold_seed99_bbb/516.png
517.0,COCC1CN=C(c2ccccc2Cl)c2cc(Br)ccc2N1C,1.0,train,../data/images/balanced_scaffold_seed99_bbb/517.png
518.0,C=C1c2cccc(O)c2C(=O)C2=C(O)C3(O)C(=O)C(C(N)=O)=C(O)C(N(C)C)C3C(O)C12,0.0,train,../data/images/balanced_scaffold_seed99_bbb/518.png
519.0,C=C1c2c(Cl)ccc(O)c2C(=O)C2=C(O)C3(O)C(=O)C(C(N)=O)=C(O)C(N(C)C)C3C(O)C12,0.0,train,../data/images/balanced_scaffold_seed99_bbb/519.png
520.0,CC(C)N=c1cc2n(-c3ccc(Cl)cc3)c3ccccc3nc-2cc1Nc1ccc(Cl)cc1,0.0,train,../data/images/balanced_scaffold_seed99_bbb/520.png
521.0,CCC1(c2ccccc2)C(=O)NCNC1=O,1.0,train,../data/images/balanced_scaffold_seed99_bbb/521.png
522.0,c1ccc2c(c1)CCc1ccccc1N2C1CN2CCC1CC2,1.0,train,../data/images/balanced_scaffold_seed99_bbb/522.png
523.0,COc1cc(N)c(Cl)cc1C(=O)NC1CCN(Cc2ccccc2)CC1,1.0,train,../data/images/balanced_scaffold_seed99_bbb/523.png
524.0,CON=C(C(=O)NC1C(=O)N2C(C(=O)O)=CCSC12)c1csc(=N)[nH]1,0.0,train,../data/images/balanced_scaffold_seed99_bbb/524.png
525.0,CC(C)NS(=O)(=O)CCN1C(=O)c2ccccc2C1=O,1.0,train,../data/images/balanced_scaffold_seed99_bbb/525.png
526.0,CCOc1ccccc1OC(c1ccccc1)C1CNCCO1,1.0,train,../data/images/balanced_scaffold_seed99_bbb/526.png
527.0,Cc1ccc2c(c1)C(N1CCN(C)CC1)=Nc1ccccc1S2,1.0,train,../data/images/balanced_scaffold_seed99_bbb/527.png
528.0,OCCOCCN1CCN(C2=Nc3ccccc3Sc3ccccc32)CC1,1.0,train,../data/images/balanced_scaffold_seed99_bbb/528.png
529.0,CN1CCN(C2=Nc3ccccc3Sc3ccc(Cl)cc32)CC1,1.0,train,../data/images/balanced_scaffold_seed99_bbb/529.png
530.0,Cc1nnc(SCC2=C(C(=O)OCc3oc(=O)oc3C)N3C(=O)C(NC(=O)C(OC(=O)C(C)N)c4ccccc4)C3SC2)s1,0.0,train,../data/images/balanced_scaffold_seed99_bbb/530.png
531.0,CON=C(C(=O)NC1C(=O)N2C(C(=O)OC(C)OC(=O)C(C)(C)OC)=C(COC(N)=O)CSC12)c1ccco1,0.0,train,../data/images/balanced_scaffold_seed99_bbb/531.png
532.0,CON=C(C(=O)NC1C(=O)N2C(C(=O)O)=C(COC(N)=O)CSC12)c1ccco1,0.0,train,../data/images/balanced_scaffold_seed99_bbb/532.png
533.0,CON=C(C(=O)NC1C(=O)N2C(C(=O)O)=C(COC(C)=O)CSC12)c1ccco1,0.0,train,../data/images/balanced_scaffold_seed99_bbb/533.png
534.0,CON=C(C(=O)NC1C(=O)N2C(C(=O)OC(C)OC(C)=O)=C(COC(N)=O)CSC12)c1ccco1,0.0,train,../data/images/balanced_scaffold_seed99_bbb/534.png
535.0,CCOC1c2ccccc2C(=O)N(C)c2ccccc21,1.0,train,../data/images/balanced_scaffold_seed99_bbb/535.png
536.0,CN1CCN(CCC(=O)N2c3ccccc3Sc3ccc(C(F)(F)F)cc32)CC1,1.0,train,../data/images/balanced_scaffold_seed99_bbb/536.png
537.0,O=C(CCN1CCN(CCO)CC1)N1c2ccccc2Sc2ccc(C(F)(F)F)cc21,1.0,train,../data/images/balanced_scaffold_seed99_bbb/537.png
538.0,CCCCc1nc(Cl)c(CO)n1Cc1ccc(-c2ccccc2-c2nnn[nH]2)cc1,0.0,train,../data/images/balanced_scaffold_seed99_bbb/538.png
539.0,OCCCN1CCN(CCCC2c3ccccc3Sc3ccc(Cl)cc32)CC1,1.0,train,../data/images/balanced_scaffold_seed99_bbb/539.png
540.0,OCCN1CCN(CCCC2c3ccc(F)cc3Sc3ccc(C(F)(F)F)cc32)CC1,1.0,train,../data/images/balanced_scaffold_seed99_bbb/540.png
541.0,CC(C)Nc1cccnc1N1CCN(C(=O)c2cc3cc(NS(C)(=O)=O)ccc3[nH]2)CC1,0.0,train,../data/images/balanced_scaffold_seed99_bbb/541.png
542.0,NC(=O)CN1C(=O)COc2ccccc21,1.0,train,../data/images/balanced_scaffold_seed99_bbb/542.png
543.0,CN1CC(CSc2ccccn2)C=C2c3cccc4[nH]cc(c34)CC21,1.0,train,../data/images/balanced_scaffold_seed99_bbb/543.png
544.0,COC1C=COC2(C)Oc3c(C)c(O)c4c(c3C2=O)C2=NC3(CCN(CC(C)C)CC3)NC2=C(NC(=O)C(C)=CC=CC(C)C(O)C(C)C(O)C(C)C(OC(C)=O)C1C)C4=O,0.0,train,../data/images/balanced_scaffold_seed99_bbb/544.png
545.0,CN(C)C(=O)Oc1ccc[n+](C)c1,1.0,train,../data/images/balanced_scaffold_seed99_bbb/545.png
546.0,CCn1nnn(CCN2CCC(N(C(=O)COC)c3ccccc3F)C(C)C2)c1=O,1.0,train,../data/images/balanced_scaffold_seed99_bbb/546.png
547.0,Cc1cccc(C)c1NC(=O)c1ccc(N)cc1,1.0,train,../data/images/balanced_scaffold_seed99_bbb/547.png
548.0,CCN(CC)c1ccc(NC(=O)c2ccccc2N)c(C)c1,1.0,train,../data/images/balanced_scaffold_seed99_bbb/548.png
549.0,CN1CCC23c4c5ccc(OC(=O)c6cccnc6)c4OC2C(OC(=O)c2cccnc2)C=CC3C1C5,1.0,train,../data/images/balanced_scaffold_seed99_bbb/549.png
550.0,S=c1nc[nH]c2nc[nH]c12,0.0,train,../data/images/balanced_scaffold_seed99_bbb/550.png
551.0,COc1cc2c(cc1OC)C1CC(=O)C(CC(C)C)CN1CC2,1.0,train,../data/images/balanced_scaffold_seed99_bbb/551.png
552.0,CCc1c(C)[nH]c2c1C(=O)C1CN(C)CCC1C2,1.0,train,../data/images/balanced_scaffold_seed99_bbb/552.png
553.0,CNCCSC1=Cc2ccccc2Oc2ccc(F)cc21,1.0,train,../data/images/balanced_scaffold_seed99_bbb/553.png
554.0,CNCCCC1c2ccccc2C=Cc2ccccc21,1.0,train,../data/images/balanced_scaffold_seed99_bbb/554.png
555.0,NC(=O)C1c2ccccc2C=Cc2ccccc21,1.0,train,../data/images/balanced_scaffold_seed99_bbb/555.png
556.0,Nc1ccc(-c2nc3ccc(O)cc3s2)cc1I,1.0,train,../data/images/balanced_scaffold_seed99_bbb/556.png
557.0,O=c1[nH]c(=O)n(C2CCCO2)cc1F,0.0,train,../data/images/balanced_scaffold_seed99_bbb/557.png
558.0,Cc1cn(C2CC(F)C(CO)O2)c(=O)[nH]c1=O,1.0,train,../data/images/balanced_scaffold_seed99_bbb/558.png
559.0,Cc1cn(C2CC(N=[N+]=[N-])C(CO)O2)c(=O)[nH]c1=O,1.0,train,../data/images/balanced_scaffold_seed99_bbb/559.png
560.0,Cc1cn([C@H]2C[C@H](N=[N+]=[N-])[C@@H](CO)O2)c(=O)[nH]c1=O,1.0,train,../data/images/balanced_scaffold_seed99_bbb/560.png
561.0,CN(C)c1cc(-c2nc(N)n[nH]2)ccn1,0.0,train,../data/images/balanced_scaffold_seed99_bbb/561.png
562.0,CCN(CC)C(=O)NC1C=C2c3cccc4[nH]cc(c34)CC2N(C)C1,1.0,train,../data/images/balanced_scaffold_seed99_bbb/562.png
563.0,CCC(C)N(C)C(=O)c1cc2ccccc2c(-c2ccccc2Cl)n1,1.0,train,../data/images/balanced_scaffold_seed99_bbb/563.png
564.0,COC(=O)c1cncn1C(C)c1ccccc1,1.0,train,../data/images/balanced_scaffold_seed99_bbb/564.png
565.0,CCOC(=O)c1cncn1C(C)c1ccc(F)cc1,1.0,train,../data/images/balanced_scaffold_seed99_bbb/565.png
566.0,Cc1nccn1C(C)c1ccccc1,1.0,train,../data/images/balanced_scaffold_seed99_bbb/566.png
567.0,CCOC(=O)c1cncn1C(C)c1ccccc1,1.0,train,../data/images/balanced_scaffold_seed99_bbb/567.png
568.0,CCCOC(=O)c1cncn1C(C)c1ccccc1,1.0,train,../data/images/balanced_scaffold_seed99_bbb/568.png
569.0,Clc1cccc(Cl)c1NC1=NCCN1,1.0,train,../data/images/balanced_scaffold_seed99_bbb/569.png
570.0,Fc1cccc(Br)c1NC1=NCCN1,1.0,train,../data/images/balanced_scaffold_seed99_bbb/570.png
571.0,NS(=O)(=O)c1ccc(N2CCCCS2(=O)=O)cc1,1.0,train,../data/images/balanced_scaffold_seed99_bbb/571.png
572.0,CC(Cc1ccccc1)[N+](C)([O-])Cc1ccccc1,1.0,train,../data/images/balanced_scaffold_seed99_bbb/572.png
573.0,CCOC(=O)N1CCC(=O)N(c2ccccc2)c2cc(Cl)ccc21,1.0,train,../data/images/balanced_scaffold_seed99_bbb/573.png
574.0,O=C1CCNc2ccc(Cl)cc2N1c1ccccc1,1.0,train,../data/images/balanced_scaffold_seed99_bbb/574.png
575.0,Cc1ccc(CC2=CNC(NCCSCc3ccc(CN(C)C)o3)=NC2)cn1,0.0,train,../data/images/balanced_scaffold_seed99_bbb/575.png
576.0,CC1C=CC=CC=CC=CC=CC=CC=CC(OC2OC(C)C(O)C(N)C2O)CC2OC(O)(CC(O)C(O)CCC(O)CC(O)CC(O)CC(=O)OC(C)C(C)C1O)CC(O)C2C(=O)O,0.0,train,../data/images/balanced_scaffold_seed99_bbb/576.png
577.0,OCCN1CCN(CCCN2c3cc(C(F)(F)F)ccc3Sc3sccc32)CC1,1.0,train,../data/images/balanced_scaffold_seed99_bbb/577.png
578.0,CC(=O)OC1C=CC(C)=CCC(O)C=CC(C)=CC(NC(=O)C(C)=O)C2(C)C(=O)OC(C1)C(C)C2=O,0.0,train,../data/images/balanced_scaffold_seed99_bbb/578.png
579.0,CC(C)COCC(CN(Cc1ccccc1)c1ccccc1)N1CCCC1,0.0,train,../data/images/balanced_scaffold_seed99_bbb/579.png
580.0,COC1C=COC2(C)Oc3c(C)c(O)c4c(O)c(cc(O)c4c3C2=O)NC(=O)C(C)=CC=CC(C)C(O)C(C)C(O)C(C)C(OC(C)=O)C1C,0.0,train,../data/images/balanced_scaffold_seed99_bbb/580.png
581.0,CCN(CC)C(=O)COc1cc2c(O)c3c(O)c(C)c4c(c13)C(=O)C(C)(OC=CC(OC)C(C)C(OC(C)=O)C(C)C(O)C(C)C(O)C(C)C=CC=C(C)C(=O)N2)O4,0.0,train,../data/images/balanced_scaffold_seed99_bbb/581.png
582.0,CCN(CC)C(C)=NN=Cc1c2c(O)c3c(O)c(C)c4c(c3c1O)C(=O)C(C)(OC=CC(OC)C(C)C(OC(C)=O)C(C)C(O)C(C)C(O)C(C)C=CC=C(C)C(=O)N2)O4,0.0,train,../data/images/balanced_scaffold_seed99_bbb/582.png
583.0,O=C1CN=C(c2ccccc2)c2c(sc3c2CCCC3)N1,1.0,train,../data/images/balanced_scaffold_seed99_bbb/583.png
584.0,Clc1ccc(C2C3CCC(C3)C23CCC(N2CCOCC2)=N3)cc1,1.0,train,../data/images/balanced_scaffold_seed99_bbb/584.png
585.0,CCC(=O)C1(N2CCCCC2)CCN(CCCC(=O)c2ccc(F)cc2)CC1,1.0,train,../data/images/balanced_scaffold_seed99_bbb/585.png
586.0,NC(=O)C1(N2CCCCC2)CCN(CCCC(=O)c2ccc(F)cc2)CC1,1.0,train,../data/images/balanced_scaffold_seed99_bbb/586.png
587.0,COC(=O)C1=C(C)NC(C)=C(C(=O)OCCN(C)Cc2ccccc2)C1c1cccc([N+](=O)[O-])c1,0.0,train,../data/images/balanced_scaffold_seed99_bbb/587.png
588.0,Cc1c2c(cn1C)NC(=O)CN=C2c1ccccc1,1.0,train,../data/images/balanced_scaffold_seed99_bbb/588.png
589.0,O=C(O)CCCCC1SCC2NC(=O)NC21,1.0,train,../data/images/balanced_scaffold_seed99_bbb/589.png
590.0,COCC(=O)OC1(CCN(C)CCCc2nc3ccccc3[nH]2)CCc2cc(F)ccc2C1C(C)C,0.0,train,../data/images/balanced_scaffold_seed99_bbb/590.png
591.0,CCC1(CC)C(=O)NC(=O)N(c2ccccc2)C1=O,1.0,train,../data/images/balanced_scaffold_seed99_bbb/591.png
592.0,OC1CCN(c2ccc(-c3ccc(Cl)cc3Cl)nn2)CC1,1.0,train,../data/images/balanced_scaffold_seed99_bbb/592.png
593.0,OC1CCN(c2ccc(-c3ccccc3Cl)nn2)CC1,1.0,train,../data/images/balanced_scaffold_seed99_bbb/593.png
594.0,Oc1ncnc2[nH]ncc12,1.0,train,../data/images/balanced_scaffold_seed99_bbb/594.png
595.0,Nc1cccc(-n2ccccc2=O)c1,1.0,train,../data/images/balanced_scaffold_seed99_bbb/595.png
596.0,CC(C)n1cc2c3c(cccc31)C1CC(C(=O)NC3CCCCC3)CN(C)C1C2,1.0,train,../data/images/balanced_scaffold_seed99_bbb/596.png
597.0,CON=C(C(=O)NC1C(=O)N2C(C(=O)O)=C(CSC(=O)c3ccco3)CSC12)c1csc(N)n1,0.0,train,../data/images/balanced_scaffold_seed99_bbb/597.png
598.0,CCC1NC(=O)C2CCCN2C(=O)C(Cc2ccccc2)NC(=O)C(CC(C)C)NC(=O)C(CCCN)NC(=O)C(C(C)C)NC(=O)C2CCCN2C(=O)C(Cc2ccccc2)NC(=O)C(CC(C)C)NC(=O)C(CCCN)NC1=O,0.0,train,../data/images/balanced_scaffold_seed99_bbb/598.png
599.0,CC(C)CC1NC(=O)C(CCCN)NC(=O)C(C(C)C)NC(=O)C2CCCN2C(=O)C(Cc2ccccc2)NC(=O)C(CC(C)C)NC(=O)C(CCCN)NC(=O)C(C(C)C)NC(=O)C2CCCN2C(=O)C(Cc2ccccc2)NC1=O,0.0,train,../data/images/balanced_scaffold_seed99_bbb/599.png
600.0,CCCCCCC(C)(C)c1cc(O)c2c(c1)OC(C)(C)C1CCC(=O)CC21,1.0,train,../data/images/balanced_scaffold_seed99_bbb/600.png
601.0,COc1ccccc1N1CCN(CCCCN2C(=O)C3C(=O)N(C(C)(C)C)C(=O)C(C2=O)C3(C)C)CC1,1.0,train,../data/images/balanced_scaffold_seed99_bbb/601.png
602.0,COCOC(=O)C1N2C(=O)C(N3C(=O)C(c4ccccc4)NC3(C)C)C2SC1(C)C,0.0,train,../data/images/balanced_scaffold_seed99_bbb/602.png
603.0,CC1(C)SC2C(N3C(=O)C(c4ccc(O)cc4)NC3(C)C)C(=O)N2C1C(=O)O,0.0,train,../data/images/balanced_scaffold_seed99_bbb/603.png
604.0,COCOC(=O)C1N2C(=O)C(N3C(=O)C(c4ccc(O)cc4)NC3(C)C)C2SC1(C)C,0.0,train,../data/images/balanced_scaffold_seed99_bbb/604.png
605.0,CC1(C)SC2C(N3C(=O)C(c4ccccc4)NC3(C)C)C(=O)N2C1C(=O)O,0.0,train,../data/images/balanced_scaffold_seed99_bbb/605.png
606.0,CCCNC(=O)N1CC(c2ccccc2)OC1=O,1.0,train,../data/images/balanced_scaffold_seed99_bbb/606.png
607.0,CC=CC1OC2(C(=O)COC(=O)c3ccncc3)CCC3(O1)C1CCC4=CC(=O)CCC4(C)C1C(O)CC23C,1.0,train,../data/images/balanced_scaffold_seed99_bbb/607.png
608.0,CNC1CCC(c2ccccc2)c2ccccc21,1.0,train,../data/images/balanced_scaffold_seed99_bbb/608.png
609.0,CNC1CCC(c2ccc(Cl)c(Cl)c2)c2ccccc21,1.0,train,../data/images/balanced_scaffold_seed99_bbb/609.png
610.0,Cc1cccc(C)c1NC(=O)C=C1SCC(=O)N1C,1.0,train,../data/images/balanced_scaffold_seed99_bbb/610.png
611.0,Cc1cccc(Cl)c1NC(=O)C=C1SCC(=O)N1C,1.0,train,../data/images/balanced_scaffold_seed99_bbb/611.png
612.0,Cc1c(F)c(=O)n(-c2ccccc2)n1C,1.0,train,../data/images/balanced_scaffold_seed99_bbb/612.png
613.0,Cc1c(I)c(=O)n(-c2ccccc2)n1C,1.0,train,../data/images/balanced_scaffold_seed99_bbb/613.png
614.0,Cc1c(N(C)C)c(=O)n(-c2ccccc2)n1C,1.0,train,../data/images/balanced_scaffold_seed99_bbb/614.png
615.0,Cc1cc(=O)n(-c2ccccc2)n1C,1.0,train,../data/images/balanced_scaffold_seed99_bbb/615.png
616.0,Cc1cccc(C)c1NC1=NCCCS1,1.0,train,../data/images/balanced_scaffold_seed99_bbb/616.png
617.0,c1cc(CN2CCCCC2)cc(OCCCNc2nc3ccccc3s2)c1,1.0,train,../data/images/balanced_scaffold_seed99_bbb/617.png
618.0,OCC1(CO)COC(C(Cl)(Cl)Cl)OC1,1.0,train,../data/images/balanced_scaffold_seed99_bbb/618.png
619.0,O=C(COc1ccc(Cl)cc1)OCCNC12CC3CC(CC(C3)C1)C2,1.0,train,../data/images/balanced_scaffold_seed99_bbb/619.png
620.0,CCC1(c2ccccc2)C(=O)NC(=O)N1C,1.0,train,../data/images/balanced_scaffold_seed99_bbb/620.png
621.0,CCC1(c2ccccc2)NC(=O)N(C)C1=O,1.0,train,../data/images/balanced_scaffold_seed99_bbb/621.png
622.0,CCN1C(=O)NC(c2ccccc2)C1=O,1.0,train,../data/images/balanced_scaffold_seed99_bbb/622.png
623.0,CC(C)[N+]1(C)C2CCC1CC(OC(=O)C(CO)c1ccccc1)C2,0.0,train,../data/images/balanced_scaffold_seed99_bbb/623.png
624.0,C[N+]1([O-])C2CCC1CC(OC(=O)C(CO)c1ccccc1)C2,1.0,train,../data/images/balanced_scaffold_seed99_bbb/624.png
625.0,CC(C)[N+]1(C)[C@@H]2CC[C@H]1C[C@@H](OC(=O)C(CO)c1ccccc1)C2,0.0,train,../data/images/balanced_scaffold_seed99_bbb/625.png
626.0,O=C(CCCN1CCC(n2c(=S)[nH]c3ccccc32)CC1)c1ccc(F)cc1,1.0,train,../data/images/balanced_scaffold_seed99_bbb/626.png
627.0,CN(C(=O)Cc1ccc(Cl)c(Cl)c1)C1CCC2(CCCO2)CC1N1CCCC1,1.0,train,../data/images/balanced_scaffold_seed99_bbb/627.png
628.0,CN(C(=O)Cc1ccc(Cl)c(Cl)c1)[C@H]1CC[C@@]2(CCCO2)C[C@@H]1N1CCCC1,1.0,train,../data/images/balanced_scaffold_seed99_bbb/628.png
629.0,c1ccc(NCCCOc2cccc(CN3CCCCC3)c2)nc1,1.0,train,../data/images/balanced_scaffold_seed99_bbb/629.png
630.0,CCN(CCO)CCn1c(Cc2ccccc2)nc2c1c(=O)n(C)c(=O)n2C,1.0,train,../data/images/balanced_scaffold_seed99_bbb/630.png
631.0,CC[C@H](NC(=O)c1c(OCCNC(=O)Cc2ccccc2C(=O)O)c(-c2ccccc2)nc2ccccc12)c1ccccc1,0.0,train,../data/images/balanced_scaffold_seed99_bbb/631.png
632.0,CN1C(=O)CCC1c1cccnc1,1.0,train,../data/images/balanced_scaffold_seed99_bbb/632.png
633.0,CN1CCC2(C)c3cc(OC(=O)Nc4ccccc4)ccc3N(C)C12,1.0,train,../data/images/balanced_scaffold_seed99_bbb/633.png
634.0,CCC(=O)N1CCN(C(=O)OC2C3=C(SCCS3)C(=O)N2c2ccc3ccc(Cl)nc3n2)CC1,1.0,train,../data/images/balanced_scaffold_seed99_bbb/634.png
635.0,CN1CCN(C(=O)OC2C3=C(SCCS3)C(=O)N2c2ccc3ccc(Cl)nc3n2)CC1,1.0,train,../data/images/balanced_scaffold_seed99_bbb/635.png
636.0,CCCCC1CC(=O)C2(O)OC3C(NC)C(O)C(NC)C(O)C3OC2O1,0.0,train,../data/images/balanced_scaffold_seed99_bbb/636.png
637.0,C=CCC1(C(C)C#CCC)C(=O)NC(=O)N(C)C1=O,1.0,train,../data/images/balanced_scaffold_seed99_bbb/637.png
638.0,C=CCC1(C(C)CC)C(=O)NC(=O)NC1=O,1.0,train,../data/images/balanced_scaffold_seed99_bbb/638.png
639.0,C=CCC1(CC(C)C)C(=O)NC(=O)NC1=O,1.0,train,../data/images/balanced_scaffold_seed99_bbb/639.png
640.0,CCC(C)C1(CC)C(=O)NC(=O)NC1=O,1.0,train,../data/images/balanced_scaffold_seed99_bbb/640.png
641.0,CCCC(C)C1(CC)C(=O)NC(=O)NC1=O,1.0,train,../data/images/balanced_scaffold_seed99_bbb/641.png
642.0,CCCCC1(CC)C(=O)NC(=O)NC1=O,1.0,train,../data/images/balanced_scaffold_seed99_bbb/642.png
643.0,CCC1(CC)C(=O)NC(=O)N(C)C1=O,1.0,train,../data/images/balanced_scaffold_seed99_bbb/643.png
644.0,CCCCCC1(CC)C(=O)NC(=O)NC1=O,1.0,train,../data/images/balanced_scaffold_seed99_bbb/644.png
645.0,CCCCCCC1(CC)C(=O)NC(=O)NC1=O,1.0,train,../data/images/balanced_scaffold_seed99_bbb/645.png
646.0,CCCCC1(CCOC(N)=O)C(=O)NC(=O)NC1=O,1.0,train,../data/images/balanced_scaffold_seed99_bbb/646.png
647.0,CCCC1(CC)C(=O)NC(=O)NC1=O,1.0,train,../data/images/balanced_scaffold_seed99_bbb/647.png
648.0,C=CCC1(CC(C)(C)C)C(=O)NC(=O)NC1=O,1.0,train,../data/images/balanced_scaffold_seed99_bbb/648.png
649.0,CCC=C(C)C1(CC)C(=O)NC(=O)NC1=O,1.0,train,../data/images/balanced_scaffold_seed99_bbb/649.png
650.0,C=CCC1(CC=C)C(=O)NC(=O)NC1=O,1.0,train,../data/images/balanced_scaffold_seed99_bbb/650.png
651.0,CCC1(C)C(=O)NC(=O)NC1=O,1.0,train,../data/images/balanced_scaffold_seed99_bbb/651.png
652.0,C=CCC1(CC(C)O)C(=O)NC(=O)NC1=O,1.0,train,../data/images/balanced_scaffold_seed99_bbb/652.png
653.0,CCCC(CC)C1(CC)C(=O)NC(=O)NC1=O,1.0,train,../data/images/balanced_scaffold_seed99_bbb/653.png
654.0,C=CC1(C(C)CCC)C(=O)NC(=O)NC1=O,1.0,train,../data/images/balanced_scaffold_seed99_bbb/654.png
655.0,CCC1(CCC(C)C)C(=O)NC(=O)NC1=O,1.0,train,../data/images/balanced_scaffold_seed99_bbb/655.png
656.0,C=CCC1(CC(=C)Br)C(=O)NC(=O)NC1=O,1.0,train,../data/images/balanced_scaffold_seed99_bbb/656.png
657.0,CCCCCCCCC1(CC)C(=O)NC(=O)NC1=O,1.0,train,../data/images/balanced_scaffold_seed99_bbb/657.png
658.0,CCC1(CC)C(=O)NC(=O)NC1=O,1.0,train,../data/images/balanced_scaffold_seed99_bbb/658.png
659.0,CCCCCCCC1(CC)C(=O)NC(=O)NC1=O,1.0,train,../data/images/balanced_scaffold_seed99_bbb/659.png
660.0,C=CCC1(C(C)C)C(=O)NC(=O)NC1=O,1.0,train,../data/images/balanced_scaffold_seed99_bbb/660.png
661.0,NC1=NC(C(F)(F)F)(C(F)(F)F)NC1(C(F)(F)F)C(F)(F)F,1.0,train,../data/images/balanced_scaffold_seed99_bbb/661.png
662.0,CNC1C(OC2C(OC3C(O)C(O)C(NC(=N)N)C(O)C3NC(=N)N)OC(C)C2(O)CO)OC(CO)C(O)C1O,0.0,train,../data/images/balanced_scaffold_seed99_bbb/662.png
663.0,CNC1C(OC2C(OC3C(O)C(O)C(NC(=N)N)C(O)C3NC(=N)N)OC(C)C2(O)C=O)OC(CO)C(O)C1O,0.0,train,../data/images/balanced_scaffold_seed99_bbb/663.png
664.0,CCC12CCN(CC3CCC3)C(Cc3ccc(O)cc31)C2(C)C,1.0,train,../data/images/balanced_scaffold_seed99_bbb/664.png
665.0,CN1CN(c2ccccc2)C2(CCN(CCCC(=O)c3ccc(F)cc3)CC2)C1=O,1.0,train,../data/images/balanced_scaffold_seed99_bbb/665.png
666.0,O=C(CCCN1CCC2(CC1)C(=O)NCN2c1ccc(F)cc1)c1ccc(F)cc1,1.0,train,../data/images/balanced_scaffold_seed99_bbb/666.png
667.0,CCN1CN(c2ccc(Br)cc2)C2(CCN(CCCC(=O)c3ccc(F)cc3)CC2)C1=O,1.0,train,../data/images/balanced_scaffold_seed99_bbb/667.png
668.0,CCCN1CN(c2ccc(Br)cc2)C2(CCN(CCCC(=O)c3ccc(F)cc3)CC2)C1=O,1.0,train,../data/images/balanced_scaffold_seed99_bbb/668.png
669.0,CN1CN(c2ccc(Br)cc2)C2(CCN(CCCC(=O)c3ccc(F)cc3)CC2)C1=O,1.0,train,../data/images/balanced_scaffold_seed99_bbb/669.png
670.0,O=C(CCCN1CCC2(CC1)C(=O)NCN2c1ccc(Br)cc1)c1ccc(F)cc1,1.0,train,../data/images/balanced_scaffold_seed99_bbb/670.png
671.0,O=C(CCCN1CCC2(CC1)C(=O)NCN2c1ccccc1)c1ccc(F)cc1,1.0,train,../data/images/balanced_scaffold_seed99_bbb/671.png
672.0,C1=Cc2cccc(OCC3CNCCO3)c2C1,1.0,train,../data/images/balanced_scaffold_seed99_bbb/672.png
673.0,CC1(C)CN(CCN2CCN(c3cccc(Cl)c3)C2=O)C1,1.0,train,../data/images/balanced_scaffold_seed99_bbb/673.png
674.0,CNCC1CN(c2ccc(OCc3cccc(Cl)c3)cc2)C(=O)O1,1.0,train,../data/images/balanced_scaffold_seed99_bbb/674.png
675.0,COCC1CN(c2ccc(OCc3cccc(C#N)c3)cc2)C(=O)O1,1.0,train,../data/images/balanced_scaffold_seed99_bbb/675.png
676.0,Nc1nc2ccc(OC(F)(F)F)cc2s1,1.0,train,../data/images/balanced_scaffold_seed99_bbb/676.png
677.0,CC1(C)OC2CC3C4CCC5=CC(=O)CCC5(C)C4(F)C(O)CC3(C)C2(C(=O)CCl)O1,1.0,train,../data/images/balanced_scaffold_seed99_bbb/677.png
678.0,CC(=O)C12OC(C)(C)OC1CC1C3CCC4=CC(=O)CCC4(C)C3CCC12C,1.0,train,../data/images/balanced_scaffold_seed99_bbb/678.png
679.0,CCCC1OC2CC3C4CC(F)C5=CC(=O)CCC5(C)C4(F)C(O)CC3(C)C2(C(=O)CO)O1,1.0,train,../data/images/balanced_scaffold_seed99_bbb/679.png
680.0,CC1(C)OC2CC3C4CC(F)C5=CC(=O)CCC5(C)C4C(O)CC3(C)C2(C(=O)CO)O1,1.0,train,../data/images/balanced_scaffold_seed99_bbb/680.png
681.0,CC1CC2C3CC(F)C4=CC(=O)C=CC4(C)C3(Cl)C(O)CC2(C)C1C(=O)COC(=O)C(C)(C)C,1.0,train,../data/images/balanced_scaffold_seed99_bbb/681.png
682.0,CC(=O)OC(C)C(=O)C1(O)CCC2C3CCC4=CC(=O)C=CC4(C)C3(F)C(O)CC21C,1.0,train,../data/images/balanced_scaffold_seed99_bbb/682.png
683.0,CCCCCC(=O)OCC(=O)C1C(C)CC2C3CC(F)C4=CC(=O)C=CC4(C)C3C(O)CC21C,1.0,train,../data/images/balanced_scaffold_seed99_bbb/683.png
684.0,CC(=O)OCC(=O)C1(O)C(C)CC2C3CC(F)C4=CC(=O)C=CC4(C)C3C(O)CC21C,1.0,train,../data/images/balanced_scaffold_seed99_bbb/684.png
685.0,CSC(=O)C1(O)C(C)CC2C3CCC4=CC(=O)C=CC4(C)C3(F)C(O)CC21C,1.0,train,../data/images/balanced_scaffold_seed99_bbb/685.png
686.0,CCCC(=O)OC1(C(=O)COC(C)=O)C(C)CC2C3CCC4=CC(=O)C=CC4(C)C3(Cl)C(O)CC21C,1.0,train,../data/images/balanced_scaffold_seed99_bbb/686.png
687.0,CC(=O)OCC(=O)C1(O)C(C)CC2C3CCC4=CC(=O)C=CC4(C)C3(F)C(O)CC21C,1.0,train,../data/images/balanced_scaffold_seed99_bbb/687.png
688.0,CC1CC2C3CC(F)C4=CC(=O)C(Cl)=CC4(C)C3(F)C(O)CC2(C)C1(O)C(=O)CO,1.0,train,../data/images/balanced_scaffold_seed99_bbb/688.png
689.0,CC1CC2C3CC(F)C4=CC(=O)C=CC4(C)C3(Cl)C(F)CC2(C)C1C(=O)CO,1.0,train,../data/images/balanced_scaffold_seed99_bbb/689.png
690.0,CC1CC2C3CC(F)C4=CC(=O)C=CC4(C)C3(F)C(O)CC2(C)C1(O)C(=O)COC(=O)C(C)(C)C,1.0,train,../data/images/balanced_scaffold_seed99_bbb/690.png
691.0,CCCC(=O)OCC(=O)C1(OC(=O)CCC)C(C)CC2C3CCC4=CC(=O)C=CC4(C)C3(Cl)C(Cl)CC21C,1.0,train,../data/images/balanced_scaffold_seed99_bbb/691.png
692.0,CC12C=CC(=O)C=C1C(F)CC1C3CC(O)C(O)(C(=O)CO)C3(C)CC(O)C12F,1.0,train,../data/images/balanced_scaffold_seed99_bbb/692.png
693.0,CC1CC2C(C(O)CC3(C)C2CCC3(O)C(=O)COC(=O)CCC(=O)O)C2(C)C=CC(=O)C=C12,1.0,train,../data/images/balanced_scaffold_seed99_bbb/693.png
694.0,CC1CC2C3CC(F)C4=CC(=O)C=CC4(C)C3(F)C(O)CC2(C)C1C(=O)COC(=O)C(C)(C)C,1.0,train,../data/images/balanced_scaffold_seed99_bbb/694.png
695.0,CC12C=CC(=O)C=C1CCC1C3CCC(O)(C(=O)CO)C3(C)CC(Cl)C12Cl,1.0,train,../data/images/balanced_scaffold_seed99_bbb/695.png
696.0,CCCCC(=O)OC1(C(=O)CO)CCC2C3CC(F)C4=CC(=O)C=CC4(C)C3C(O)CC21C,1.0,train,../data/images/balanced_scaffold_seed99_bbb/696.png
697.0,CC(=O)OCC(=O)C1(OC(C)=O)CCC2C3CC(F)C4=CC(=O)C(Br)=CC4(C)C3(F)C(O)CC21C,1.0,train,../data/images/balanced_scaffold_seed99_bbb/697.png
698.0,CCC(=O)OC1(C(=O)SC)C(C)CC2C3CC(F)C4=CC(=O)C=CC4(C)C3(F)C(O)CC21C,1.0,train,../data/images/balanced_scaffold_seed99_bbb/698.png
699.0,CC12C=CC(=O)C=C1CCC1C2C(O)CC2(C)C1CCC2(O)C(=O)CO,1.0,train,../data/images/balanced_scaffold_seed99_bbb/699.png
700.0,CC(=O)OCC(=O)C1(O)CCC2C3CC(C)C4=CC(=O)C=CC4(C)C3C(O)CC21C,1.0,train,../data/images/balanced_scaffold_seed99_bbb/700.png
701.0,CCC(=O)OC1(C(=O)COC(C)=O)CCC2C3CC(C)C4=CC(=O)C=CC4(C)C3C(O)CC21C,1.0,train,../data/images/balanced_scaffold_seed99_bbb/701.png
702.0,CC1CC2C3CC(F)C4=CC(=O)C=CC4(C)C3(F)C(O)CC2(C)C1(O)C(=O)CCl,1.0,train,../data/images/balanced_scaffold_seed99_bbb/702.png
703.0,CC1CC2C3CC(F)(F)C4=CC(=O)C=C[C@]4(C)C3(F)C(O)CC2(C)C1(O)C(=O)CO,1.0,train,../data/images/balanced_scaffold_seed99_bbb/703.png
704.0,CCSC1(SC)CCC2C3CCC4=CC(=O)C=CC4(C)C3(F)C(O)CC21C,1.0,train,../data/images/balanced_scaffold_seed99_bbb/704.png
705.0,CC1CC2C3CC(F)C4=CC(=O)C=CC4(C)C3(F)C(O)CC2(C)C1(O)C(=O)SCF,1.0,train,../data/images/balanced_scaffold_seed99_bbb/705.png
706.0,CC(=O)C1(O)C(C)CC2C3CCC4=CC(=O)C=CC4(C)C3(F)C(O)CC21C,1.0,train,../data/images/balanced_scaffold_seed99_bbb/706.png
707.0,CC1CC2C3CCC4=CC(=O)C=CC4(C)C3(Cl)C(O)CC2(C)C1(O)C(=O)CO,1.0,train,../data/images/balanced_scaffold_seed99_bbb/707.png
708.0,CC(=O)C1(O)CCC2C3CC(C)C4=CC(=O)C=CC4(C)C3(F)C(O)CC21C,1.0,train,../data/images/balanced_scaffold_seed99_bbb/708.png
709.0,CC12C=CC(=O)C=C1CCC1C2C(O)CC2(C)C1CCC2(O)C(=O)COC(=O)CCC(=O)O,1.0,train,../data/images/balanced_scaffold_seed99_bbb/709.png
710.0,CCOC(=O)OC1(C(=O)COC(=O)CC)CCC2C3CCC4=CC(=O)C=CC4(C)C3C(O)CC21C,1.0,train,../data/images/balanced_scaffold_seed99_bbb/710.png
711.0,CCC(=O)OC1(C(=O)COC)C(C)CC2C3CCC4=CC(=O)C=CC4(C)C3(F)C(O)CC21C,1.0,train,../data/images/balanced_scaffold_seed99_bbb/711.png
712.0,CC(=O)OC1(C(C)=O)CCC2C3CC(C)C4=CC(=O)C=CC4(C)C3(F)C(O)CC21C,1.0,train,../data/images/balanced_scaffold_seed99_bbb/712.png
713.0,CC12C=CC(=O)C=C1CCC1C3CC(O)C(O)(C(=O)CO)C3(C)CC(O)C12F,1.0,train,../data/images/balanced_scaffold_seed99_bbb/713.png
714.0,CCCC(=O)OC1(C(=O)COC(C)=O)CCC2C3CC(F)C4=CC(=O)C=CC4(C)C3(F)C(O)CC21C,1.0,train,../data/images/balanced_scaffold_seed99_bbb/714.png
715.0,CC1CC2C3CC(F)C4=CC(=O)C=CC4(C)C3C(O)CC2(C)C1C(=O)CO,1.0,train,../data/images/balanced_scaffold_seed99_bbb/715.png
716.0,CC12C=CC(=O)C=C1C(F)CC1C2C(O)CC2(C)C1CCC2(O)C(=O)CO,1.0,train,../data/images/balanced_scaffold_seed99_bbb/716.png
717.0,CCCCC(=O)OC1(C(=O)CO)CCC2C3CCC4=CC(=O)C=CC4(C)C3C(O)CC21C,1.0,train,../data/images/balanced_scaffold_seed99_bbb/717.png
718.0,CC(=O)CC(=O)C1(O)CCC2C3CCC4=CC(=O)C=CC4(C)C3(Cl)C(Cl)CC21C,1.0,train,../data/images/balanced_scaffold_seed99_bbb/718.png
719.0,CC(=O)C1CCC2C3CC(C)C4=CC(=O)C=CC4(C)C3C(O)CC12C,1.0,train,../data/images/balanced_scaffold_seed99_bbb/719.png
720.0,CC1CC2C3CC(F)C4=CC(=O)C=CC4(C)C3(F)C(O)CC2(C)C1C(=O)CO,1.0,train,../data/images/balanced_scaffold_seed99_bbb/720.png
721.0,CCC(=O)C1(C)C(C)CC2C3CCC4=CC(=O)C=CC4(C)C3C(O)CC21C,1.0,train,../data/images/balanced_scaffold_seed99_bbb/721.png
722.0,CC(=O)OCC(=O)C1(O)C(C)CC2C3CC(F)(F)C4=CC(=O)C=CC4(C)C3(F)C(O)CC21C,1.0,train,../data/images/balanced_scaffold_seed99_bbb/722.png
723.0,CC1CC2C3C(Cl)CC4=CC(=O)C=CC4(C)C3C(O)CC2(C)C1(O)C(=O)CO,1.0,train,../data/images/balanced_scaffold_seed99_bbb/723.png
724.0,CC1CC2C3CC(F)C4=CC(=O)C=CC4(C)C3(Cl)C(O)CC2(C)C1C(=O)CO,1.0,train,../data/images/balanced_scaffold_seed99_bbb/724.png
725.0,CCC(=O)OC1(C(=O)SCCl)C(C)CC2C3CC(F)C4=CC(=O)C=CC4(C)C3(F)C(O)CC21C,1.0,train,../data/images/balanced_scaffold_seed99_bbb/725.png
726.0,CSC(=O)C1(OC(C)=O)C(C)CC2C3CCC4=CC(=O)C=CC4(C)C3(F)C(O)CC21C,1.0,train,../data/images/balanced_scaffold_seed99_bbb/726.png
727.0,CC1CC2C3CCC4=CC(=O)C=CC4(C)C3(F)C(O)CC2(C)C1C(=O)CO,1.0,train,../data/images/balanced_scaffold_seed99_bbb/727.png
728.0,CCCCC(=O)OC1(C(=O)CO)C(C)CC2C3CCC4=CC(=O)C=CC4(C)C3(F)C(O)CC21C,1.0,train,../data/images/balanced_scaffold_seed99_bbb/728.png
729.0,CC(=O)OCC(=O)C1(O)C(OC(C)=O)CC2C3CCC4=CC(=O)C=CC4(C)C3(F)C(O)CC21C,1.0,train,../data/images/balanced_scaffold_seed99_bbb/729.png
730.0,CC1CC2C(C(O)CC3(C)C2CCC3(O)C(=O)CO)C2(C)C=CC(=O)C=C12,1.0,train,../data/images/balanced_scaffold_seed99_bbb/730.png
731.0,CCC(=O)OC1(C(=O)CCl)C(C)CC2C3CCC4=CC(=O)C=CC4(C)C3(F)C(O)CC21C,1.0,train,../data/images/balanced_scaffold_seed99_bbb/731.png
732.0,CC(=O)OCC(=O)C1(O)CCC2C3CCC4=CC(=O)C=CC4(C)C3(F)C(O)CC21C,1.0,train,../data/images/balanced_scaffold_seed99_bbb/732.png
733.0,CCCCOC(=O)C(=O)C1C(C)CC2C3CC(F)C4=CC(=O)C=CC4(C)C3C(O)CC21C,1.0,train,../data/images/balanced_scaffold_seed99_bbb/733.png
734.0,CCC(=O)OC1(C(=O)SCF)C(C)CC2C3CC(F)C4=CC(=O)C=CC4(C)C3(F)C(O)CC21C,1.0,train,../data/images/balanced_scaffold_seed99_bbb/734.png
735.0,CC1CC2C3CCC4=CC(=O)C=CC4(C)C3(F)C(O)CC2(C)C1(O)C(=O)CCl,1.0,train,../data/images/balanced_scaffold_seed99_bbb/735.png
736.0,CCCCCCCCCCCCCCCCCC(=O)OCC(=O)OCC(=O)C1(O)CCC2C3CCC4=CC(=O)C=CC4(C)C3C(O)CC21C,1.0,train,../data/images/balanced_scaffold_seed99_bbb/736.png
737.0,CC1CC2C3CC(F)C4=CC(=O)C=CC4(C)C3C(O)CC2(C)C1(O)C(=O)CO,1.0,train,../data/images/balanced_scaffold_seed99_bbb/737.png
738.0,CCC(=O)OCC(=O)C1(OC(=O)CC)C(C)CC2C3CCC4=CC(=O)C=CC4(C)C3(F)C(O)CC21C,1.0,train,../data/images/balanced_scaffold_seed99_bbb/738.png
739.0,CC12C=CC(=O)C=C1CCC1C3CCC(O)(C(=O)CO)C3(C)CC(O)C12F,1.0,train,../data/images/balanced_scaffold_seed99_bbb/739.png
740.0,CC(=O)OCC(=O)C1C(C)CC2C3CC(F)C4=CC(=O)C=CC4(C)C3(Cl)C(O)CC21C,1.0,train,../data/images/balanced_scaffold_seed99_bbb/740.png
741.0,CCC(=O)OCC(=O)C1(OC(=O)CC)C(C)CC2C3CCC4=CC(=O)C=CC4(C)C3(Cl)C(O)CC21C,1.0,train,../data/images/balanced_scaffold_seed99_bbb/741.png
742.0,CC(=O)C1(O)CCC2C3CCC4=CC(=O)C=CC4(C)C3C(O)CC21C,1.0,train,../data/images/balanced_scaffold_seed99_bbb/742.png
743.0,CC(=O)OCC(=O)C1(OC(=O)C(C)C)C(C)CC2C3CCC4=CC(=O)C=CC4(C)C3(F)C(O)CC21C,1.0,train,../data/images/balanced_scaffold_seed99_bbb/743.png
744.0,CC(=O)OCC(=O)C1(O)CCC2C3CCC4=CC(=O)C=CC4(C)C3C(O)CC21C,1.0,train,../data/images/balanced_scaffold_seed99_bbb/744.png
745.0,CCN(CC)CC(=O)OCC(=O)C1(O)CCC2C3CCC4=CC(=O)C=CC4(C)C3C(O)CC21C,1.0,train,../data/images/balanced_scaffold_seed99_bbb/745.png
746.0,CCOC(=O)OC1(C(=O)OCCl)CCC2C3CCC4=CC(=O)C=CC4(C)C3C(O)CC21C,1.0,train,../data/images/balanced_scaffold_seed99_bbb/746.png
747.0,CC1CC2C3CC(F)C4=CC(=O)C=CC4(C)C3(F)C(O)CC2(C)C1(O)C(=O)CO,1.0,train,../data/images/balanced_scaffold_seed99_bbb/747.png
748.0,CC(C)(C)CC(=O)OCC(=O)C1(O)CCC2C3CCC4=CC(=O)C=CC4(C)C3C(O)CC21C,1.0,train,../data/images/balanced_scaffold_seed99_bbb/748.png
749.0,CC1CC2C3CCC4=CC(=O)C=CC4(C)C3(F)C(O)CC2(C)C1(C)C(=O)CO,1.0,train,../data/images/balanced_scaffold_seed99_bbb/749.png
750.0,CC(=O)OCC(=O)C1(OC(C)=O)C(C)CC2C3CC(F)C4=CC(=O)C=CC4(C)C3(F)C(O)CC21C,1.0,train,../data/images/balanced_scaffold_seed99_bbb/750.png
751.0,CCC(=O)OCC(=O)C1(OC(=O)CC)C(C)CC2C3C(Cl)CC4=CC(=O)C=CC4(C)C3C(O)CC21C,1.0,train,../data/images/balanced_scaffold_seed99_bbb/751.png
752.0,CN(C)CCON=C1c2ccccc2CCc2ccccc21,1.0,train,../data/images/balanced_scaffold_seed99_bbb/752.png
753.0,O=C(O)[C@@H]1C[C@H](CP(=O)(O)O)CCN1,1.0,train,../data/images/balanced_scaffold_seed99_bbb/753.png
754.0,C[C@@H](CN1CC(=O)NC(=O)C1)N1CC(=O)NC(=O)C1,0.0,train,../data/images/balanced_scaffold_seed99_bbb/754.png
755.0,CC(CN1CC(=O)NC(=O)C1)N1CC(=O)NC(=O)C1,0.0,train,../data/images/balanced_scaffold_seed99_bbb/755.png
756.0,CCC1(CC)C(=O)C=CNC1=O,1.0,train,../data/images/balanced_scaffold_seed99_bbb/756.png
757.0,CCC1(CC)C(=O)NC=C(C)C1=O,1.0,train,../data/images/balanced_scaffold_seed99_bbb/757.png
758.0,CN1C(=O)CC2(CCN(CCCC(=O)c3ccc(F)cc3)CC2)C1=O,1.0,train,../data/images/balanced_scaffold_seed99_bbb/758.png
759.0,COc1cc2c3c(c1O)C1(C=CC(=O)C=C1)CC3N(C)CC2,1.0,train,../data/images/balanced_scaffold_seed99_bbb/759.png
760.0,CN1CC(=O)N=C1NC(=O)Nc1cccc(Cl)c1,1.0,train,../data/images/balanced_scaffold_seed99_bbb/760.png
761.0,CC(C)(C)C1CCCCC1,1.0,train,../data/images/balanced_scaffold_seed99_bbb/761.png
762.0,CCC(OC(N)=O)C1CCCCC1,1.0,train,../data/images/balanced_scaffold_seed99_bbb/762.png
763.0,CN(C)CCOC(=O)CCC1CCCCC1,1.0,train,../data/images/balanced_scaffold_seed99_bbb/763.png
764.0,NCC1(CC(=O)O)CCCCC1,0.0,train,../data/images/balanced_scaffold_seed99_bbb/764.png
765.0,CC1CCCCC1C,1.0,train,../data/images/balanced_scaffold_seed99_bbb/765.png
766.0,C#CC1(OC(N)=O)CCCCC1,1.0,train,../data/images/balanced_scaffold_seed99_bbb/766.png
767.0,O=NN(CCCl)C(=O)NC1CCCCC1,1.0,train,../data/images/balanced_scaffold_seed99_bbb/767.png
768.0,C#CCC1(OC(N)=O)CCCCC1,1.0,train,../data/images/balanced_scaffold_seed99_bbb/768.png
769.0,NC1(C(=O)O)CCCCC1,0.0,train,../data/images/balanced_scaffold_seed99_bbb/769.png
770.0,CC(C)C(O)C1CCCCC1,1.0,train,../data/images/balanced_scaffold_seed99_bbb/770.png
771.0,C1CCCCC1,1.0,train,../data/images/balanced_scaffold_seed99_bbb/771.png
772.0,CC1CCC(C)C(C)C1,1.0,train,../data/images/balanced_scaffold_seed99_bbb/772.png
773.0,NNCC1CCCCC1,1.0,train,../data/images/balanced_scaffold_seed99_bbb/773.png
774.0,COc1ccc(C(O)CN2CCN(C(c3ccccc3)c3ccccc3)CC2)cc1OC,1.0,train,../data/images/balanced_scaffold_seed99_bbb/774.png
775.0,OCCN1CCN(CCCN2c3ccccc3C=Cc3ccccc32)CC1,1.0,train,../data/images/balanced_scaffold_seed99_bbb/775.png
776.0,CCCCCCSc1nsnc1C1=CCCN(C)C1,1.0,train,../data/images/balanced_scaffold_seed99_bbb/776.png
777.0,CCCCCCOc1nsnc1C1=CCCN(C)C1,1.0,train,../data/images/balanced_scaffold_seed99_bbb/777.png
778.0,NC(=O)CN1Cc2ccccc2OC1=O,1.0,train,../data/images/balanced_scaffold_seed99_bbb/778.png
779.0,Cn1nc(-c2cccnc2)nc1-c1ccccc1CO,1.0,train,../data/images/balanced_scaffold_seed99_bbb/779.png
780.0,CNC(=NC#N)NCCSCc1nc[nH]c1C,0.0,train,../data/images/balanced_scaffold_seed99_bbb/780.png
781.0,O=[N+]([O-])c1nccn1CCCF,1.0,train,../data/images/balanced_scaffold_seed99_bbb/781.png
782.0,CCS(=O)(=O)CCn1c([N+](=O)[O-])cnc1C,1.0,train,../data/images/balanced_scaffold_seed99_bbb/782.png
783.0,Cc1ncc([N+](=O)[O-])n1CCO,1.0,train,../data/images/balanced_scaffold_seed99_bbb/783.png
784.0,CN(C)N=Nc1[nH]cnc1C(N)=O,1.0,train,../data/images/balanced_scaffold_seed99_bbb/784.png
785.0,Cc1ncc([N+](=O)[O-])n1CC(O)CCl,1.0,train,../data/images/balanced_scaffold_seed99_bbb/785.png
786.0,O=[N+]([O-])c1nccn1CC(O)COCF,1.0,train,../data/images/balanced_scaffold_seed99_bbb/786.png
787.0,O=[N+]([O-])c1nccn1CCCCCCCCF,1.0,train,../data/images/balanced_scaffold_seed99_bbb/787.png
788.0,CN=C(NC#N)NCCSCc1nc[nH]c1C,0.0,train,../data/images/balanced_scaffold_seed99_bbb/788.png
789.0,CC1NCCOC1c1ccccc1,1.0,train,../data/images/balanced_scaffold_seed99_bbb/789.png
790.0,CC(C)N1CCOC(c2cccc(C(F)(F)F)c2)C1,1.0,train,../data/images/balanced_scaffold_seed99_bbb/790.png
791.0,CC1C(c2ccccc2)OCCN1C,1.0,train,../data/images/balanced_scaffold_seed99_bbb/791.png
792.0,CC12CCC(CC1=O)C2(C)C,1.0,train,../data/images/balanced_scaffold_seed99_bbb/792.png
793.0,O=C(O)c1cn(C2CC2)c2cc(N3CCNCC3)c(F)cc2c1=O,0.0,train,../data/images/balanced_scaffold_seed99_bbb/793.png
794.0,C[C@@H]1CN(c2c(F)c(N)c3c(=O)c(C(=O)O)cn(C4CC4)c3c2F)C[C@H](C)N1,0.0,train,../data/images/balanced_scaffold_seed99_bbb/794.png
795.0,O=C(COc1ccc(Cl)cc1)N1CCN(Cc2ccc3c(c2)OCO3)CC1,1.0,train,../data/images/balanced_scaffold_seed99_bbb/795.png
796.0,c1cc(CN2CCCCC2)cc(OCCCNc2nc3ccccc3o2)c1,1.0,train,../data/images/balanced_scaffold_seed99_bbb/796.png
797.0,C=C1CCC2(O)C3Cc4ccc(O)c5c4C2(CCN3CC2CC2)C1O5,1.0,train,../data/images/balanced_scaffold_seed99_bbb/797.png
798.0,NC(=O)OCC1C(NC(=O)C(=NOCC(=O)O)c2csc(N)n2)C(=O)N1S(=O)(=O)O,0.0,train,../data/images/balanced_scaffold_seed99_bbb/798.png
799.0,CON=C(C(=O)NC1C(=O)N(OCC(=O)O)C1C)c1csc(N)n1,0.0,train,../data/images/balanced_scaffold_seed99_bbb/799.png
800.0,CC1C(NC(=O)C(=NOC(C)(C)C(=O)O)c2csc(N)n2)C(=O)N1S(=O)(=O)O,0.0,train,../data/images/balanced_scaffold_seed99_bbb/800.png
801.0,CON=C(C(=O)NC1C(=O)N(OCC(=O)OCC(=O)OC(C)(C)C)C1C)c1csc(N)n1,0.0,train,../data/images/balanced_scaffold_seed99_bbb/801.png
802.0,OC(CN1CCCCC1)c1cc(-c2ccccc2)on1,1.0,train,../data/images/balanced_scaffold_seed99_bbb/802.png
803.0,CCCCC(=O)OC1(C(=O)CO)CCC2C3CCC4=CC(=O)CCC4(C)C3C(O)CC21C,1.0,train,../data/images/balanced_scaffold_seed99_bbb/803.png
804.0,C[C@]12C[C@H](O)[C@H]3[C@@H](CCC4=CC(=O)CC[C@@]43C)[C@@H]1CC[C@@H]2C(=O)CO,0.0,train,../data/images/balanced_scaffold_seed99_bbb/804.png
805.0,CCC(=O)OC1(C(=O)COC(C)=O)CCC2C3CCC4=CC(=O)CCC4(C)C3C(O)CC21C,1.0,train,../data/images/balanced_scaffold_seed99_bbb/805.png
806.0,CCC(=O)C1(O)CCC2C3CCC4=CC(=O)CCC4(C)C3C(O)CC21C,1.0,train,../data/images/balanced_scaffold_seed99_bbb/806.png
807.0,CC(=O)OCC(=O)C1(O)CCC2C3CCC4=CC(=O)CCC4(C)C3(F)C(O)CC21C,1.0,train,../data/images/balanced_scaffold_seed99_bbb/807.png
808.0,C[C@]12CC[C@H]3[C@@H](CCC4=CC(=O)CC[C@@]43C)[C@@H]1CC[C@@H]2O,1.0,train,../data/images/balanced_scaffold_seed99_bbb/808.png
809.0,CCCC(=O)OC1(C(=O)COC(C)=O)CCC2C3CC(C)C4=CC(=O)CCC4(C)C3C(O)CC21C,1.0,train,../data/images/balanced_scaffold_seed99_bbb/809.png
810.0,CCCC(=O)OC1(C(=O)CO)CCC2C3CCC4=CC(=O)CCC4(C)C3C(O)CC21C,1.0,train,../data/images/balanced_scaffold_seed99_bbb/810.png
811.0,CCCC(=O)OC1(C(=O)COC(=O)CC)CCC2C3CCC4=CC(=O)CCC4(C)C3C(O)CC21C,1.0,train,../data/images/balanced_scaffold_seed99_bbb/811.png
812.0,CC(=O)OCC(=O)C1(O)CCC2C3CCC4=CC(=O)CCC4(C)C3C(O)CC21C,1.0,train,../data/images/balanced_scaffold_seed99_bbb/812.png
813.0,CC1CC2C(C(O)CC3(C)C(C(=O)O)CCC23)C2(C)CCC(=O)C=C12,1.0,train,../data/images/balanced_scaffold_seed99_bbb/813.png
814.0,CCN(CC)CC(=O)OCC(=O)C1(O)CCC2C3CCC4=CC(=O)CCC4(C)C3C(O)CC21C,1.0,train,../data/images/balanced_scaffold_seed99_bbb/814.png
815.0,C[C@]12CCC(=O)C=C1CC[C@@H]1[C@@H]2[C@@H](O)C[C@]2(C=O)[C@@H](C(=O)CO)CC[C@@H]12,0.0,train,../data/images/balanced_scaffold_seed99_bbb/815.png
816.0,CC12CCC(=O)C=C1CCC1C2C(O)CC2(C)C1CCC2(O)C(=O)CS,1.0,train,../data/images/balanced_scaffold_seed99_bbb/816.png
817.0,CC12CCC(=O)C=C1CCC1C2C(O)CC2(C)C1CCC2(O)C(=O)COC(=O)CCC(=O)O,1.0,train,../data/images/balanced_scaffold_seed99_bbb/817.png
818.0,CC12CCC(=O)C=C1CCC1C2C(O)CC2(C=O)C(C(=O)CO)CCC12,0.0,train,../data/images/balanced_scaffold_seed99_bbb/818.png
819.0,CC12CCC(=O)C=C1CCC1C3CCC(O)(C(=O)CO)C3(C)CC(O)C12F,1.0,train,../data/images/balanced_scaffold_seed99_bbb/819.png
820.0,CC(C)(C)C(=O)SCC(=O)C1(O)CCC2C3CCC4=CC(=O)CCC4(C)C3C(O)CC21C,1.0,train,../data/images/balanced_scaffold_seed99_bbb/820.png
821.0,CC12CCC(=O)C=C1CCC1C2CCC2(C)C1CCC2(O)C(=O)CO,1.0,train,../data/images/balanced_scaffold_seed99_bbb/821.png
822.0,CC(=O)C1(O)C(O)CC2C3CCC4=CC(=O)CCC4(C)C3CCC21C,1.0,train,../data/images/balanced_scaffold_seed99_bbb/822.png
823.0,Cc1cccc(N2CC(CO)OC2=O)c1,1.0,train,../data/images/balanced_scaffold_seed99_bbb/823.png
824.0,COCC1CN(c2ccc(OCCC(O)C(F)(F)F)cc2)C(=O)O1,1.0,train,../data/images/balanced_scaffold_seed99_bbb/824.png
825.0,COc1ccccc1OCC1CNC(=O)O1,1.0,train,../data/images/balanced_scaffold_seed99_bbb/825.png
826.0,Cc1cc(C)cc(OCC2CNC(=O)O2)c1,1.0,train,../data/images/balanced_scaffold_seed99_bbb/826.png
827.0,O=C(Cc1ccc(Cl)c(Cl)c1)N1CCc2ccsc2[C@H]1CN1CCCC1,1.0,train,../data/images/balanced_scaffold_seed99_bbb/827.png
828.0,CCOc1cc(N)c([N+](=O)[O-])cc1C(=O)NC1CCN(CC2CC=CCC2)CC1,1.0,train,../data/images/balanced_scaffold_seed99_bbb/828.png
829.0,COC1CC(OC2C(C)OC(OC3C(C)=CCC4CC(CC5(CCC(C)C(C(C)C)O5)O4)OC(=O)C4C=C(C)C(O)C5OCC(=CC=CC3C)C45O)CC2OC)OC(C)C1O,0.0,train,../data/images/balanced_scaffold_seed99_bbb/829.png
830.0,NC(=O)C1(N2CCCCC2)CCN(CCCN2c3ccccc3CCc3ccc(Cl)cc32)CC1,1.0,train,../data/images/balanced_scaffold_seed99_bbb/830.png
831.0,NC(=O)C1(N2CCCCC2)CCN(CCCN2c3ccccc3CCc3ccccc32)CC1,1.0,train,../data/images/balanced_scaffold_seed99_bbb/831.png
832.0,CCC1OC(=O)C(C)C(OC2CC(C)(OC)C(O)C(C)O2)C(C)C(OC2OC(C)CC(N(C)C)C2O)C(C)(O)CC(C)C2NC(COCCOC)OC(C2C)C1(C)O,0.0,train,../data/images/balanced_scaffold_seed99_bbb/832.png
833.0,C=CC1CC2CCC1CC2C(O)c1ccnc2ccc(OC)cc12,1.0,train,../data/images/balanced_scaffold_seed99_bbb/833.png
834.0,Nc1nc(=O)c2ncn(COCCO)c2[nH]1,1.0,train,../data/images/balanced_scaffold_seed99_bbb/834.png
835.0,NC(=O)CN1C(=O)C(c2ccccc2)c2ccccc21,1.0,train,../data/images/balanced_scaffold_seed99_bbb/835.png
836.0,Cc1nn(C)c2c1C(c1cccc(Cl)c1)=NCCN2,1.0,train,../data/images/balanced_scaffold_seed99_bbb/836.png
837.0,O=C(O)COCCN1CCN([C@H](c2ccccc2)c2ccc(Cl)cc2)CC1,0.0,train,../data/images/balanced_scaffold_seed99_bbb/837.png
838.0,OCCOCCN1CCN(C(c2ccccc2)c2ccc(Cl)cc2)CC1,1.0,train,../data/images/balanced_scaffold_seed99_bbb/838.png
839.0,CN1CCN(C(c2ccccc2)c2ccc(Cl)cc2)CC1,1.0,train,../data/images/balanced_scaffold_seed99_bbb/839.png
840.0,OCCOCCOCCN1CCN(C(c2ccccc2)c2ccc(Cl)cc2)CC1,1.0,train,../data/images/balanced_scaffold_seed99_bbb/840.png
841.0,CC1(C)SC2C(NC(=O)C(N)C3=CCC=CC3)C(=O)N2C1C(=O)O,0.0,train,../data/images/balanced_scaffold_seed99_bbb/841.png
842.0,NCC1OC(OC2C(N)CC(N)C(OC3OC(CO)C(O)C(N)C3O)C2O)C(O)C(O)C1O,0.0,train,../data/images/balanced_scaffold_seed99_bbb/842.png
843.0,NCCC(O)C(=O)NC1CC(N)C(OC2OC(CN)CCC2N)C(O)C1OC1OC(CO)C(O)C(N)C1O,0.0,train,../data/images/balanced_scaffold_seed99_bbb/843.png
844.0,NCC1OC(OC2C(N)CC(N)C(OC3OC(CO)C(O)C(N)C3O)C2O)C(N)C(O)C1O,0.0,train,../data/images/balanced_scaffold_seed99_bbb/844.png
845.0,CNC1C(O)C(OC2C(NC(=O)C(O)CN)CC(N)C(OC3OC(CN)C(O)C(O)C3O)C2O)OCC1(C)O,0.0,train,../data/images/balanced_scaffold_seed99_bbb/845.png
846.0,NCC1CCC(N)C(OC2C(N)CC(N)C(OC3OC(CO)C(O)C(N)C3O)C2O)O1,0.0,train,../data/images/balanced_scaffold_seed99_bbb/846.png
847.0,NCC1OC(OC2C(N)CC(N)C(OC3OC(CO)C(O)C(N)C3O)C2O)C(N)CC1O,0.0,train,../data/images/balanced_scaffold_seed99_bbb/847.png
848.0,NCCC(O)CNC1CC(N)C(OC2OC(CN)C(O)C(O)C2O)C(O)C1OC1OC(CO)C(O)C(N)C1O,0.0,train,../data/images/balanced_scaffold_seed99_bbb/848.png
849.0,CNC1C(O)C(OC2C(N)CC(N)C(OC3OC(CN)CCC3N)C2O)OCC1(C)O,0.0,train,../data/images/balanced_scaffold_seed99_bbb/849.png
850.0,NCC[C@H](O)C(=O)N[C@@H]1C[C@H](N)[C@@H](O[C@H]2O[C@H](CN)[C@@H](O)[C@H](O)[C@H]2O)[C@H](O)[C@H]1O[C@H]1O[C@H](CO)[C@@H](O)[C@H](N)[C@H]1O,1.0,train,../data/images/balanced_scaffold_seed99_bbb/850.png
851.0,NCC1OC(OC2C(N)CC(NC(CO)CO)C(OC3OC(CO)C(O)C(N)C3O)C2O)C(N)C(O)C1O,0.0,train,../data/images/balanced_scaffold_seed99_bbb/851.png
852.0,COC(=O)C1=C(C)NC(C)=C(C(=O)OC(C)C)C1c1cccc2nonc12,1.0,train,../data/images/balanced_scaffold_seed99_bbb/852.png
853.0,COc1ccc2c(c1)C(=CCCN(C)C)c1ccccc1O2,1.0,train,../data/images/balanced_scaffold_seed99_bbb/853.png
854.0,COC(=O)C1C(OC(=O)c2ccccc2)CC2CCC1N2C,1.0,train,../data/images/balanced_scaffold_seed99_bbb/854.png
855.0,Cc1ccc(Cc2c[nH]c(NCCSCc3ccc(CN(C)C)o3)nc2=O)cn1,0.0,train,../data/images/balanced_scaffold_seed99_bbb/855.png
856.0,Cn1cc(CCN2CCN(c3ccccc3Cl)CC2)cn1,1.0,train,../data/images/balanced_scaffold_seed99_bbb/856.png
857.0,C1=C(CC2=NCCN2)CCc2ccccc21,1.0,train,../data/images/balanced_scaffold_seed99_bbb/857.png
858.0,COC1(NC(=O)CSCC(N)C(=O)O)C(=O)N2C(C(=O)O)=C(CSc3nnnn3C)CSC21,0.0,train,../data/images/balanced_scaffold_seed99_bbb/858.png
859.0,Cn1nnnc1SCC1=C(C(=O)O)N2C(=O)C(NC(=O)CSC(F)(F)F)C2SC1,0.0,train,../data/images/balanced_scaffold_seed99_bbb/859.png
860.0,COC1(NC(=O)CSCC#N)C(=O)N2C(C(=O)O)=C(CSc3nnnn3C)CSC21,0.0,train,../data/images/balanced_scaffold_seed99_bbb/860.png
861.0,Cn1nnnc1SCC1=C(C(=O)O)N2C(=O)C(NC(=O)CSC=CC#N)C2SC1,0.0,train,../data/images/balanced_scaffold_seed99_bbb/861.png
862.0,COc1ccc(Cl)c2c1CCCC2N(C)C,1.0,train,../data/images/balanced_scaffold_seed99_bbb/862.png
863.0,CNCCCC1CCC(C)c2ccccc21,1.0,train,../data/images/balanced_scaffold_seed99_bbb/863.png
864.0,COc1cc2c(cc1OC)S(=O)(=O)OC(C(=O)NC(C)CC(C)(C)N(C)C)C2,1.0,train,../data/images/balanced_scaffold_seed99_bbb/864.png
865.0,COc1ccc2c3c1OC1C(OC(=O)c4cccnc4)CCC4C(C2)N(C)CCC341,1.0,train,../data/images/balanced_scaffold_seed99_bbb/865.png
866.0,Cc1cc(NC(=O)C2=C(O)c3ccccc3S(=O)(=O)N2C)no1,0.0,train,../data/images/balanced_scaffold_seed99_bbb/866.png
867.0,c1ccc(C2(N3CCCCC3)CCCCC2)cc1,1.0,train,../data/images/balanced_scaffold_seed99_bbb/867.png
868.0,NC(=O)NCCN1CCN(c2cccc(C(F)(F)F)c2)CC1,1.0,train,../data/images/balanced_scaffold_seed99_bbb/868.png
869.0,CC(=O)NCCCN1CCN(c2cc(Cl)ccc2Cl)CC1,1.0,train,../data/images/balanced_scaffold_seed99_bbb/869.png
870.0,Clc1cccc(N2CCNCC2)c1,1.0,train,../data/images/balanced_scaffold_seed99_bbb/870.png
871.0,CCCCCCN1CCN(c2ccc(I)cc2)CC1,1.0,train,../data/images/balanced_scaffold_seed99_bbb/871.png
872.0,CCC(C)N1CCN(c2ccc(I)cc2)CC1,1.0,train,../data/images/balanced_scaffold_seed99_bbb/872.png
873.0,CN(C)Cc1ccnc(-c2cccc(Nc3[nH]ccc3[N+](=O)[O-])c2)c1,1.0,train,../data/images/balanced_scaffold_seed99_bbb/873.png
874.0,CCCCCCCCCCCCCC(=O)OC1C=CC2C3Cc4ccc(OCc5ccccc5)c5c4C2(CCN3C)C1O5,1.0,train,../data/images/balanced_scaffold_seed99_bbb/874.png
875.0,CC1(C)SC2C(NC(=O)C(NC(=O)Cc3ccc(C4=NCCCN4)cc3)c3ccccc3)C(=O)N2C1C(=O)O,0.0,train,../data/images/balanced_scaffold_seed99_bbb/875.png
876.0,CCCC(C)C1(CC)C(=O)NC(=S)NC1=O,1.0,train,../data/images/balanced_scaffold_seed99_bbb/876.png
877.0,CCCC(C)C1(CCSC)C(=O)NC(=S)NC1=O,1.0,train,../data/images/balanced_scaffold_seed99_bbb/877.png
878.0,C=CCC1(C(C)CCC)C(=O)NC(=S)NC1=O,1.0,train,../data/images/balanced_scaffold_seed99_bbb/878.png
879.0,CCC[C@@H](C)C1(CC)C(=O)NC(=S)NC1=O,1.0,train,../data/images/balanced_scaffold_seed99_bbb/879.png
880.0,CCCC(CC)C1(CC)C(=O)NC(=S)NC1=O,1.0,train,../data/images/balanced_scaffold_seed99_bbb/880.png
881.0,CN1CCN(c2ccccc2Cc2ccccc2)CC1,1.0,train,../data/images/balanced_scaffold_seed99_bbb/881.png
882.0,Cc1ccc(Cc2ccccc2)c(N2CCNCC2)c1,1.0,train,../data/images/balanced_scaffold_seed99_bbb/882.png
883.0,C=C1CC(C)C2C3Cc4ccc(O)cc4C2(CCN3CC2CCC2)C1,1.0,train,../data/images/balanced_scaffold_seed99_bbb/883.png
884.0,COc1ccc(CCN(C)CCCC(C#N)(c2ccc(OC)c(OC)c2)C(C)C)cc1OC,1.0,train,../data/images/balanced_scaffold_seed99_bbb/884.png
885.0,OC(CCCN1CCc2c(c3cc(F)ccc3n2-c2ccc(F)cc2)C1)c1ccc(F)cc1,1.0,train,../data/images/balanced_scaffold_seed99_bbb/885.png
886.0,NC(=O)N1CC(Oc2cccc(C(F)(F)F)c2)C1,1.0,train,../data/images/balanced_scaffold_seed99_bbb/886.png
887.0,CNC(=O)N1CC(Oc2cccc(C(F)(F)F)c2)C1,1.0,train,../data/images/balanced_scaffold_seed99_bbb/887.png
888.0,CCNC1C2CCC(C2)C1c1ccccc1,1.0,train,../data/images/balanced_scaffold_seed99_bbb/888.png
889.0,c1ccc(C2CN3CCSC3=N2)cc1,1.0,train,../data/images/balanced_scaffold_seed99_bbb/889.png
890.0,CC(C)=CCN1CCC2(C)c3cc(O)ccc3CC1C2C,1.0,train,../data/images/balanced_scaffold_seed99_bbb/890.png
891.0,CC1C2Cc3ccc(O)cc3C1(C)CCN2C,1.0,train,../data/images/balanced_scaffold_seed99_bbb/891.png
892.0,CCCCCC(=O)CCC1(C)C2Cc3ccc(O)cc3C1(C)CCN2C,1.0,train,../data/images/balanced_scaffold_seed99_bbb/892.png
893.0,CC(C)=CCN1CC[C@@]2(C)c3cc(O)ccc3C[C@@H]1[C@@H]2C,1.0,train,../data/images/balanced_scaffold_seed99_bbb/893.png
894.0,Cn1c(=O)c2nc[nH]c2n(C)c1=O,1.0,train,../data/images/balanced_scaffold_seed99_bbb/894.png
895.0,O=C(Cc1ccc(Cl)c(Cl)c1)N1CCn2ccnc2[C@H]1CN1CC[C@@H](O)C1,0.0,train,../data/images/balanced_scaffold_seed99_bbb/895.png
896.0,COc1ccc2c(C3CCN(CCCC(=O)c4ccc(F)cc4)CC3)c(C)[nH]c2c1,1.0,train,../data/images/balanced_scaffold_seed99_bbb/896.png
897.0,O=C(Cc1ccc(Cl)c(Cl)c1)N1CCc2sccc2[C@H]1CN1CCCC1,1.0,train,../data/images/balanced_scaffold_seed99_bbb/897.png
898.0,COC(=O)C1C2CC3c4[nH]c5cc(OC)ccc5c4CCN3CC2CC(OC(=O)c2cc(OC)c(OC)c(OC)c2)C1OC,1.0,train,../data/images/balanced_scaffold_seed99_bbb/898.png
899.0,COC(=O)C1C2CC3c4[nH]c5ccccc5c4CCN3CC2CC(OC(=O)c2cc(OC)c(OC)c(OC)c2)C1OC,1.0,train,../data/images/balanced_scaffold_seed99_bbb/899.png
900.0,COC(=O)C1C2CC3c4[nH]c5ccc(Cl)cc5c4CCN3CC2CC(OC(=O)c2cc(OC)c(OC)c(OC)c2)C1OC,1.0,train,../data/images/balanced_scaffold_seed99_bbb/900.png
901.0,COc1ccc2c3c([nH]c2c1)C1CC2C(CC(OC(=O)c4cc(OC)c(OC)c(OC)c4)C(OC)C2OC(C)=O)CN1CC3,1.0,train,../data/images/balanced_scaffold_seed99_bbb/901.png
902.0,CC1CC2C3CCC4=CC(=O)C=CC4(C)C3(Cl)C(O)CC2(C)C1(OC(=O)c1ccco1)C(=O)CCl,1.0,train,../data/images/balanced_scaffold_seed99_bbb/902.png
903.0,CC(=O)OCC(=O)C1(OC(=O)c2ccco2)C(C)CC2C3CCC4=CC(=O)C=CC4(C)C3(F)C(O)CC21C,1.0,train,../data/images/balanced_scaffold_seed99_bbb/903.png
904.0,CN1C(CC(=O)c2ccccc2)CCCC1CC(O)c1ccccc1,1.0,train,../data/images/balanced_scaffold_seed99_bbb/904.png
905.0,CC(=O)Nc1ccc(OC(=O)C2CCC(=O)N2)cc1,1.0,train,../data/images/balanced_scaffold_seed99_bbb/905.png
906.0,CCCC(=O)OC1(C(C)=O)CCCC2C3CCC4=CC(=O)C=CC4(C)C3C(O)CC21C,1.0,train,../data/images/balanced_scaffold_seed99_bbb/906.png
907.0,CC(C)C(N)C(=O)OCC(CO)OCn1cnc2c(=O)[nH]c(N)nc21,1.0,train,../data/images/balanced_scaffold_seed99_bbb/907.png
908.0,Nc1nc2c(ncn2COC(CO)CO)c(=O)[nH]1,1.0,train,../data/images/balanced_scaffold_seed99_bbb/908.png
909.0,Nc1nc2c(ncn2CCC(CO)CO)c(=O)[nH]1,1.0,train,../data/images/balanced_scaffold_seed99_bbb/909.png
910.0,Nc1nc2c(ncn2CCC(O)CO)c(=O)[nH]1,1.0,train,../data/images/balanced_scaffold_seed99_bbb/910.png
911.0,CC(C)C(N)C(=O)OCCOCn1cnc2c(=O)[nH]c(N)nc21,1.0,train,../data/images/balanced_scaffold_seed99_bbb/911.png
912.0,Cc1n[nH]c2c1N(c1ccccc1)C(=O)CC(=O)N2C,1.0,train,../data/images/balanced_scaffold_seed99_bbb/912.png
913.0,Cc1nn(C)c2c1N(c1ccccc1)C(=O)CC(=O)N2C,1.0,train,../data/images/balanced_scaffold_seed99_bbb/913.png
914.0,CC(O)C1C(=O)N2C(C(=O)O)=C(SC3CNC(C(=O)N(C)C)C3)C(C)C12,0.0,train,../data/images/balanced_scaffold_seed99_bbb/914.png
915.0,CNCCC(O)C1CC(SC2=C(C(=O)O)N3C(=O)C(C(C)O)C3C2C)CN1,0.0,train,../data/images/balanced_scaffold_seed99_bbb/915.png
916.0,CC12NC(Cc3ccccc31)c1ccccc12,1.0,train,../data/images/balanced_scaffold_seed99_bbb/916.png
917.0,C[C@]12N[C@H](Cc3ccccc31)c1ccccc12,1.0,train,../data/images/balanced_scaffold_seed99_bbb/917.png
918.0,CC(=O)OCC(=O)C1(O)CCC2C3CC(Cl)C4=CC(=O)C=CC4(C)C3C(=O)CC21C,1.0,train,../data/images/balanced_scaffold_seed99_bbb/918.png
919.0,CC1CC2C3CCC4=CC(=O)C=CC4(C)C3(F)C(=O)CC2(C)C1(O)C(=O)CCl,1.0,train,../data/images/balanced_scaffold_seed99_bbb/919.png
920.0,CC12C=CC(=O)C=C1C(Cl)CC1C2C(=O)CC2(C)C1CCC2(O)C(=O)CO,1.0,train,../data/images/balanced_scaffold_seed99_bbb/920.png
921.0,CCCC(=O)OC1(C(=O)CCl)C(C)CC2C3CCC4=CC(=O)C=CC4(C)C3(F)C(=O)CC21C,1.0,train,../data/images/balanced_scaffold_seed99_bbb/921.png
922.0,CC1CC2C3CCC4=CC(=O)C=CC4(C)C3C(=O)CC2(C)C1(O)C(=O)CO,1.0,train,../data/images/balanced_scaffold_seed99_bbb/922.png
923.0,CC12C=CC(=O)C=C1CCC1C2C(=O)CC2(C)C1CCC2(O)C(=O)CO,1.0,train,../data/images/balanced_scaffold_seed99_bbb/923.png
924.0,Cc1cnn(-c2c(Cl)cccc2Cl)c1C(=O)NC1C(=O)N2C1SC(C)(C)C2C(=O)O,0.0,train,../data/images/balanced_scaffold_seed99_bbb/924.png
925.0,CCc1c(C)[nH]c2c1C(=O)C(CN1CCOCC1)CC2,1.0,train,../data/images/balanced_scaffold_seed99_bbb/925.png
926.0,COC1(NC(=O)CSC(F)F)C(=O)N2C(C(=O)O)=C(CSc3nnnn3CCO)COC21,0.0,train,../data/images/balanced_scaffold_seed99_bbb/926.png
927.0,S=C1NCCC(COc2ccccc2)O1,1.0,train,../data/images/balanced_scaffold_seed99_bbb/927.png
928.0,CCC1(C2=CCCCCC2)C(=O)NC(=O)NC1=O,1.0,train,../data/images/balanced_scaffold_seed99_bbb/928.png
929.0,CN(C)CCCC1(c2ccc(F)cc2)OCc2cc(C#N)ccc21,1.0,train,../data/images/balanced_scaffold_seed99_bbb/929.png
930.0,CNCCCC1(c2ccccc2)OC(C)(C)c2ccccc21,1.0,train,../data/images/balanced_scaffold_seed99_bbb/930.png
931.0,CCC(=C(c1ccccc1)c1ccc(OCCN(C)C)cc1)c1ccccc1,1.0,train,../data/images/balanced_scaffold_seed99_bbb/931.png
932.0,O=C1C2C3CCC(C3)C2C(=O)N1CCCCN1CCN(c2ncccn2)CC1,1.0,train,../data/images/balanced_scaffold_seed99_bbb/932.png
933.0,CC(NNC(=O)c1ccccc1)c1ccccc1,1.0,train,../data/images/balanced_scaffold_seed99_bbb/933.png
934.0,CC(c1noc2ccc(Cl)cc12)n1ccnc1,1.0,train,../data/images/balanced_scaffold_seed99_bbb/934.png
935.0,CN[C@H]1CC[CH]c2ccccc21,1.0,train,../data/images/balanced_scaffold_seed99_bbb/935.png
936.0,CC(=O)OC1CC2C(COC(=O)CC(C)C)=COC(OC(=O)CC(C)C)C2C12CO2,1.0,train,../data/images/balanced_scaffold_seed99_bbb/936.png
937.0,CC(CCN1CCN(c2ccc(F)cc2)CC1)NC(=O)c1cccnc1,1.0,train,../data/images/balanced_scaffold_seed99_bbb/937.png
938.0,O=C1NCCN1C1CCN(CCC2COc3ccccc3O2)CC1,1.0,train,../data/images/balanced_scaffold_seed99_bbb/938.png
939.0,c1cc(CN2CCCCC2)cc(OCCCNc2nccs2)c1,1.0,train,../data/images/balanced_scaffold_seed99_bbb/939.png
940.0,CCC1(c2ccccc2)C(=O)NC(=O)N(C(=O)c2ccccc2)C1=O,1.0,train,../data/images/balanced_scaffold_seed99_bbb/940.png
941.0,COC1=C(C(=O)O)N2C(=O)C(NC(=O)C(N)C3C=CCC=C3)C2SC1,0.0,train,../data/images/balanced_scaffold_seed99_bbb/941.png
942.0,CC#C[C@]1(O)CC[C@H]2[C@@H]3CCC4=CC(=O)CCC4=C3[C@@H](c3ccc(N(C)C)cc3)C[C@@]21C,0.0,train,../data/images/balanced_scaffold_seed99_bbb/942.png
943.0,CC#CC1(O)CCC2C3CCC4=CC(=O)CCC4=C3C(c3ccc(N(C)C)cc3)CC21C,0.0,train,../data/images/balanced_scaffold_seed99_bbb/943.png
944.0,CN(C)CCOC1=Cc2ccccc2Sc2ccc(Cl)cc21,1.0,train,../data/images/balanced_scaffold_seed99_bbb/944.png
945.0,CN(C)CC1=Cc2ccccc2Sc2ccccc21,1.0,train,../data/images/balanced_scaffold_seed99_bbb/945.png
946.0,CCCNC(=O)c1ccc2c(c1)N(CCN1CCCC1)c1ccccc1S2,1.0,train,../data/images/balanced_scaffold_seed99_bbb/946.png
947.0,Cc1cccc2c1Oc1ccccc1C1(O)CCN(C)CC21,1.0,train,../data/images/balanced_scaffold_seed99_bbb/947.png
948.0,Cc1cccc2c1Oc1ccccc1[C@@]1(O)CCNC[C@H]21,1.0,train,../data/images/balanced_scaffold_seed99_bbb/948.png
949.0,Cc1cccc2c1Oc1ccccc1C1(O)CCNCC21,1.0,train,../data/images/balanced_scaffold_seed99_bbb/949.png
950.0,Clc1ccc2c(c1)[C@H]1CCNC[C@@H]1c1ccccc1O2,1.0,train,../data/images/balanced_scaffold_seed99_bbb/950.png
951.0,CN1CC[C@@H]2c3cc(Cl)ccc3Oc3ccccc3[C@H]2C1,1.0,train,../data/images/balanced_scaffold_seed99_bbb/951.png
952.0,CN1CCC2c3cc(Cl)ccc3Oc3ccccc3C2C1,1.0,train,../data/images/balanced_scaffold_seed99_bbb/952.png
953.0,ClC(=Cn1cncn1)c1ccc(Cl)cc1Cl,1.0,train,../data/images/balanced_scaffold_seed99_bbb/953.png
954.0,CC(C)(C)c1ccc(C(O)CCCN2CCC(C(O)(c3ccccc3)c3ccccc3)CC2)cc1,0.0,train,../data/images/balanced_scaffold_seed99_bbb/954.png
955.0,CC(C)(C(=O)O)c1ccc(C(O)CCCN2CCC(C(O)(c3ccccc3)c3ccccc3)CC2)cc1,0.0,train,../data/images/balanced_scaffold_seed99_bbb/955.png
956.0,O=C(NCCN1CCN(c2ncccn2)CC1)C12CC3CC(CC(C3)C1)C2,1.0,train,../data/images/balanced_scaffold_seed99_bbb/956.png
957.0,Nc1ccc(S(=O)(=O)Nc2ncccn2)cc1,1.0,train,../data/images/balanced_scaffold_seed99_bbb/957.png
958.0,NCC1OC(OC2C(CO)OC(OC3C(O)C(N)CC(N)C3OC3OC(CN)C(O)C(O)C3N)C2O)C(N)C(O)C1O,0.0,train,../data/images/balanced_scaffold_seed99_bbb/958.png
959.0,NC(=O)CCCN=C(c1ccc(Cl)cc1)c1cc(F)ccc1O,1.0,train,../data/images/balanced_scaffold_seed99_bbb/959.png
960.0,CCCCN=C(c1cc(Cl)ccc1O)c1ccccc1Cl,1.0,train,../data/images/balanced_scaffold_seed99_bbb/960.png
961.0,CN1CCN(C=C2N=C3CN=C(c4ccccc4Cl)c4cc([N+](=O)[O-])ccc4N3C2=O)CC1,1.0,train,../data/images/balanced_scaffold_seed99_bbb/961.png
962.0,O=C1CCCN1CCCCN1CCN(c2cc(C(F)(F)F)cc(Cl)n2)CC1,1.0,train,../data/images/balanced_scaffold_seed99_bbb/962.png
963.0,O=C1CCCN1CCCCN1CCN(c2cc(C(F)(F)F)ccn2)CC1,1.0,train,../data/images/balanced_scaffold_seed99_bbb/963.png
964.0,CC[C@H](NC(=O)c1c(OCC(=O)O)c(-c2ccccc2)nc2ccccc12)c1ccccc1,0.0,train,../data/images/balanced_scaffold_seed99_bbb/964.png
965.0,CC[C@H](NC(=O)c1c(C)c(-c2ccccc2)nc2ccccc12)c1ccccc1,1.0,train,../data/images/balanced_scaffold_seed99_bbb/965.png
966.0,CC[C@H](NC(=O)c1c(O)c(-c2ccccc2)nc2ccccc12)c1ccccc1,1.0,train,../data/images/balanced_scaffold_seed99_bbb/966.png
967.0,CC[C@H](NC(=O)c1c(OCCCC(=O)O)c(-c2ccccc2)nc2ccccc12)c1ccccc1,0.0,train,../data/images/balanced_scaffold_seed99_bbb/967.png
968.0,CCC(NC(=O)c1c(C)c(-c2ccccc2)nc2ccccc12)c1ccccc1,1.0,train,../data/images/balanced_scaffold_seed99_bbb/968.png
969.0,CC1(C)CCN(C(=O)Cc2ccc(Cl)c(Cl)c2)[C@@H](CN2CCCC2)C1,1.0,train,../data/images/balanced_scaffold_seed99_bbb/969.png
970.0,O=C(Cc1ccc(Cl)c(Cl)c1)N1CCCC[C@H]1CN1CCCC1,1.0,train,../data/images/balanced_scaffold_seed99_bbb/970.png
971.0,O=C(Cc1ccc(C(F)(F)F)cc1)N1CCCC[C@H]1CN1CCCC1,1.0,train,../data/images/balanced_scaffold_seed99_bbb/971.png
972.0,c1ccc2c(c1)CCc1cccc3c1C2CN1CCCCC31,1.0,train,../data/images/balanced_scaffold_seed99_bbb/972.png
973.0,CC(C)(C)C1(O)CCN2CC3c4ccccc4CCc4cccc(c43)C2C1,1.0,train,../data/images/balanced_scaffold_seed99_bbb/973.png
974.0,CC(C)C1(O)CCN2CC3c4ccccc4CCc4cccc(c43)C2C1,1.0,train,../data/images/balanced_scaffold_seed99_bbb/974.png
975.0,Cc1ccsc1C(=CCCN1CCC[C@@H](C(=O)O)C1)c1sccc1C,1.0,train,../data/images/balanced_scaffold_seed99_bbb/975.png
976.0,Cc1ccsc1C(=CCCN1CCCC(C(=O)O)C1)c1sccc1C,1.0,train,../data/images/balanced_scaffold_seed99_bbb/976.png
977.0,CC12C=CC(=O)C1C(=O)CCC1C2C(O)CC2(C)C1CCC2(O)C(=O)CO,1.0,train,../data/images/balanced_scaffold_seed99_bbb/977.png
978.0,CC1(C)SC2C(NC(=O)C(C(=O)Oc3ccc4c(c3)CCC4)c3ccccc3)C(=O)N2C1C(=O)O,0.0,train,../data/images/balanced_scaffold_seed99_bbb/978.png
979.0,CN(C)CCOC1(Cc2ccccc2)CC2CCC1(C)C2(C)C,1.0,train,../data/images/balanced_scaffold_seed99_bbb/979.png
980.0,CCC1CN2CCc3cc(OC)c(OC)cc3C2CC1CC1NCCc2cc(OC)c(OC)cc21,0.0,train,../data/images/balanced_scaffold_seed99_bbb/980.png
981.0,O=C1CSC2(CCN(CCCN3c4ccccc4Sc4ccc(Cl)cc43)CC2)N1,1.0,train,../data/images/balanced_scaffold_seed99_bbb/981.png
982.0,CCC1(CC)C(=O)NCC(C)C1=O,1.0,train,../data/images/balanced_scaffold_seed99_bbb/982.png
983.0,CN(C)CCCN1c2ccccc2Sc2cccnc21,1.0,train,../data/images/balanced_scaffold_seed99_bbb/983.png
984.0,O=C1Nc2ccc(Cl)cc2C(c2ccccc2)=NC1O,1.0,train,../data/images/balanced_scaffold_seed99_bbb/984.png
985.0,O=C1CN=C(c2ccccc2)c2c(Cl)cccc2N1,1.0,train,../data/images/balanced_scaffold_seed99_bbb/985.png
986.0,CC(C)(C)C(=O)OC1N=C(c2ccccc2)c2cc(Cl)ccc2NC1=O,1.0,train,../data/images/balanced_scaffold_seed99_bbb/986.png
987.0,CN(C)C(=O)OC1N=C(c2ccccc2)c2cc(Cl)ccc2N(C)C1=O,1.0,train,../data/images/balanced_scaffold_seed99_bbb/987.png
988.0,CC1N=C(c2ccccc2Cl)c2cc([N+](=O)[O-])ccc2NC1=O,1.0,train,../data/images/balanced_scaffold_seed99_bbb/988.png
989.0,CN1C(=O)CN=C(c2ccccc2F)c2cc(Cl)ccc21,1.0,train,../data/images/balanced_scaffold_seed99_bbb/989.png
990.0,C#CCN1C(=O)CN=C(c2ccccc2)c2cc(Cl)ccc21,1.0,train,../data/images/balanced_scaffold_seed99_bbb/990.png
991.0,CN1C(=O)C(O)N=C(c2ccccc2Cl)c2cc(Cl)ccc21,1.0,train,../data/images/balanced_scaffold_seed99_bbb/991.png
992.0,O=C1CN=C(c2ccccc2)c2cc(Cl)ccc2N1CC(F)(F)F,1.0,train,../data/images/balanced_scaffold_seed99_bbb/992.png
993.0,CCS(=O)(=O)CCN1C(=O)CN=C(c2ccccc2F)c2cc(Cl)ccc21,1.0,train,../data/images/balanced_scaffold_seed99_bbb/993.png
994.0,O=C1C(O)N=C(c2ccccc2F)c2cc(Cl)ccc2N1CCO,1.0,train,../data/images/balanced_scaffold_seed99_bbb/994.png
995.0,CCN(CC)CCN1C(=O)CN=C(c2ccccc2F)c2cc(Cl)ccc21,1.0,train,../data/images/balanced_scaffold_seed99_bbb/995.png
996.0,CN1C(=O)CN=C(c2ccccc2)c2cc(Cl)ccc21,1.0,train,../data/images/balanced_scaffold_seed99_bbb/996.png
997.0,CN1C(=O)C(O)N=C(c2ccccc2F)c2cc(Cl)ccc21,1.0,train,../data/images/balanced_scaffold_seed99_bbb/997.png
998.0,N#CCCN1C(=O)C(O)N=C(c2ccccc2F)c2cc(Cl)ccc21,1.0,train,../data/images/balanced_scaffold_seed99_bbb/998.png
999.0,CCOC(=O)C1N=C(c2ccccc2F)c2cc(Cl)ccc2NC1=O,1.0,train,../data/images/balanced_scaffold_seed99_bbb/999.png
1000.0,CN1C(=O)CN=C(c2ccccc2F)c2cc([N+](=O)[O-])ccc21,1.0,train,../data/images/balanced_scaffold_seed99_bbb/1000.png
1001.0,CN1C(=O)C(O)N=C(c2ccccc2)c2cc(Cl)ccc21,1.0,train,../data/images/balanced_scaffold_seed99_bbb/1001.png
1002.0,CP(C)(=O)CN1C(=O)CN=C(c2ccccc2)c2cc(Cl)ccc21,1.0,train,../data/images/balanced_scaffold_seed99_bbb/1002.png
1003.0,O=C1CN=C(c2ccccc2F)c2cc(Cl)ccc2N1CC(O)CO,1.0,train,../data/images/balanced_scaffold_seed99_bbb/1003.png
1004.0,COCN1C(=O)CN=C(c2ccccc2)c2cc([N+](=O)[O-])ccc21,1.0,train,../data/images/balanced_scaffold_seed99_bbb/1004.png
1005.0,O=C1CN=C(c2ccccc2Cl)c2cc(Cl)ccc2N1,1.0,train,../data/images/balanced_scaffold_seed99_bbb/1005.png
1006.0,O=C1CN=C(c2ccccc2)c2cc(Cl)ccc2N1,1.0,train,../data/images/balanced_scaffold_seed99_bbb/1006.png
1007.0,CN1C(=O)CN=C(c2ccccc2)c2cc([N+](=O)[O-])ccc21,1.0,train,../data/images/balanced_scaffold_seed99_bbb/1007.png
1008.0,CC(=C(CCO)SSCC1CCCO1)N(C=O)Cc1cnc(C)nc1N,1.0,train,../data/images/balanced_scaffold_seed99_bbb/1008.png
1009.0,CC(O)C1C(=O)N2C(C(=O)O)=C(F)SC12,0.0,train,../data/images/balanced_scaffold_seed99_bbb/1009.png
1010.0,CC(O)C1C(=O)N2C(C(=O)O)=C(COC(N)=O)SC12,0.0,train,../data/images/balanced_scaffold_seed99_bbb/1010.png
1011.0,CN(C)CCN(C)n1cc(-c2ccccc2)c2ccccc21,1.0,train,../data/images/balanced_scaffold_seed99_bbb/1011.png
1012.0,CC(C)n1c(C=CC(O)CC(O)CC(=O)O)c(-c2ccc(F)cc2)c2ccccc21,1.0,train,../data/images/balanced_scaffold_seed99_bbb/1012.png
1013.0,CC(=O)OCC1=C(C(=O)O)N2C(=O)C(NC(=O)c3c(-c4ccccc4Cl)noc3C)C2SC1,0.0,train,../data/images/balanced_scaffold_seed99_bbb/1013.png
1014.0,O=C(NCCCOc1cccc(CN2CCCCC2)c1)c1ccccc1,1.0,train,../data/images/balanced_scaffold_seed99_bbb/1014.png
1015.0,NC(=O)c1ncn([C@@H]2O[C@H](CO)[C@@H](O)[C@H]2O)n1,1.0,train,../data/images/balanced_scaffold_seed99_bbb/1015.png
1016.0,COc1ccc(C#N)cc1C(=O)NCCN1CCC(C(=O)c2ccc(F)cc2)CC1,1.0,train,../data/images/balanced_scaffold_seed99_bbb/1016.png
1017.0,CN1CCN(C2=Nc3cscc3C(=CC#N)c3cscc32)CC1,1.0,train,../data/images/balanced_scaffold_seed99_bbb/1017.png
1018.0,Cc1ccccc1N1CCN(CCCOc2ccccn2)CC1,1.0,train,../data/images/balanced_scaffold_seed99_bbb/1018.png
1019.0,CN1CCN(c2ncc(-c3cc(Cl)cc(Cl)c3Cl)c(N)n2)CC1,1.0,train,../data/images/balanced_scaffold_seed99_bbb/1019.png
1020.0,COCc1c(C(C)C)nc(C(C)C)c(C=CC(O)CC(O)CC(=O)O)c1-c1ccc(F)cc1,1.0,train,../data/images/balanced_scaffold_seed99_bbb/1020.png
1021.0,CC1=CSc2ccccc2N1CCCN(C)C,1.0,train,../data/images/balanced_scaffold_seed99_bbb/1021.png
1022.0,CCN1CCN(c2cc(-c3ccc(F)cc3)c3c(n2)CCCCCC3)CC1,1.0,train,../data/images/balanced_scaffold_seed99_bbb/1022.png
1023.0,CN1C2CCCC1CC(NC(=O)c1nn(C)c3ccccc13)C2,1.0,train,../data/images/balanced_scaffold_seed99_bbb/1023.png
1024.0,COc1cc2c(c(OC)c1OC)-c1ccc(OC)c(=O)cc1[C@@H](NC(C)=O)CC2,1.0,train,../data/images/balanced_scaffold_seed99_bbb/1024.png
1025.0,Cc1ncc(CSSCc2cnc(C)c(O)c2CO)c(CO)c1O,1.0,train,../data/images/balanced_scaffold_seed99_bbb/1025.png
1026.0,CC1(C)SC2C(NC(=O)C34CC5CC(CC(N)(C5)C3)C4)C(=O)N2C1C(=O)O,0.0,train,../data/images/balanced_scaffold_seed99_bbb/1026.png
1027.0,NC(=O)N1c2ccccc2C2OC2c2ccccc21,1.0,train,../data/images/balanced_scaffold_seed99_bbb/1027.png
1028.0,NC(=O)N1c2ccccc2[C@H]2O[C@@H]2c2ccccc21,1.0,train,../data/images/balanced_scaffold_seed99_bbb/1028.png
1029.0,CC1(C)C(NCC(=NOCC(=O)O)c2csc(N)n2)C(=O)N1OS(=O)(=O)O,0.0,train,../data/images/balanced_scaffold_seed99_bbb/1029.png
1030.0,c1ccc(C2CCN(CC3CCCc4c3ccc3c4OCO3)C2)cc1,1.0,train,../data/images/balanced_scaffold_seed99_bbb/1030.png
1031.0,OCCN1CCN(CCCN2c3ccccc3Sc3cc(Cl)cnc32)CC1,1.0,train,../data/images/balanced_scaffold_seed99_bbb/1031.png
1032.0,Clc1ccc(OCC2=NCCN2)cc1Cl,1.0,train,../data/images/balanced_scaffold_seed99_bbb/1032.png
1033.0,Cc1ccc(C(C)C)c(OCC2=NCCN2)c1,0.0,train,../data/images/balanced_scaffold_seed99_bbb/1033.png
1034.0,CC(C)c1ccccc1OCC1=NCCN1,0.0,train,../data/images/balanced_scaffold_seed99_bbb/1034.png
1035.0,COc1ccccc1N=CN1CCN(C)CC1,1.0,train,../data/images/balanced_scaffold_seed99_bbb/1035.png
1036.0,COc1ccccc1N=CN1CCNCC1,1.0,train,../data/images/balanced_scaffold_seed99_bbb/1036.png
1037.0,CN1c2ccccc2C(NCCCCCCC(=O)O)c2ccc(Cl)cc2S1(=O)=O,1.0,train,../data/images/balanced_scaffold_seed99_bbb/1037.png
1038.0,CNCCCC1(c2ccccc2)SC(C)(C)c2ccccc21,1.0,train,../data/images/balanced_scaffold_seed99_bbb/1038.png
1039.0,O=C1CCC2CCC(=O)N12,1.0,train,../data/images/balanced_scaffold_seed99_bbb/1039.png
1040.0,CON=CC1=CCCN(C)C1,1.0,train,../data/images/balanced_scaffold_seed99_bbb/1040.png
1041.0,O=C(CCCN1CCN2Cc3[nH]c4ccccc4c3CC2C1)c1ccc(F)cc1,1.0,train,../data/images/balanced_scaffold_seed99_bbb/1041.png
1042.0,CC1(C)SC2C(NC(=O)C(N)c3ccccc3)C(=O)N2C1C(=O)OC1OC(=O)c2ccccc21,0.0,train,../data/images/balanced_scaffold_seed99_bbb/1042.png
1043.0,C=CCC1C=C(C)CC(C)CC(OC)C2OC(O)(C(=O)C(=O)N3CCCCC3C(=O)OC(C(C)=CC3CCC(O)C(OC)C3)C(C)C(O)CC1=O)C(C)CC2OC,0.0,train,../data/images/balanced_scaffold_seed99_bbb/1043.png
1044.0,CCc1cc2c(s1)N(C)C(=O)CN=C2c1ccccc1Cl,1.0,train,../data/images/balanced_scaffold_seed99_bbb/1044.png
1045.0,COc1ccc2c(c1)c1c3n2CCN(C)C3=NCC1,1.0,train,../data/images/balanced_scaffold_seed99_bbb/1045.png
1046.0,c1ccc2c(c1)Sc1ccccc1N2CC1CN2CCC1CC2,1.0,train,../data/images/balanced_scaffold_seed99_bbb/1046.png
1047.0,Cc1cc2c(s1)Nc1ccc(F)cc1N=C2N1CCN(C)CC1,1.0,train,../data/images/balanced_scaffold_seed99_bbb/1047.png
1048.0,Cc1cc2c(s1)Nc1ccccc1N=C2N1CCN(C)CC1,1.0,train,../data/images/balanced_scaffold_seed99_bbb/1048.png
1049.0,CC(=O)OCC(=O)C1(O)C(C)CC2C3C=C(C)C4=Cc5c(cnn5-c5ccccc5)CC4(C)C3C(O)CC21C,1.0,train,../data/images/balanced_scaffold_seed99_bbb/1049.png
1050.0,CN1CCC2(C)c3cc(OC(=O)N4CCc5ccccc5C4)ccc3N(C)C12,1.0,train,../data/images/balanced_scaffold_seed99_bbb/1050.png
1051.0,CC(C)CC(OC(=O)c1ccco1)C(=O)NC1C(=O)N2C1SC(C)(C)C2C(=O)O,0.0,train,../data/images/balanced_scaffold_seed99_bbb/1051.png
1052.0,COc1ccc2c(c1)CN(C)CC2c1ccc(Cl)c(Cl)c1,1.0,train,../data/images/balanced_scaffold_seed99_bbb/1052.png
1053.0,CN1Cc2c(N)cccc2C(c2ccccc2)C1,1.0,train,../data/images/balanced_scaffold_seed99_bbb/1053.png
1054.0,CCCC(=O)N(C)Cc1c(-c2ccc(Cl)cc2)nc2ccccn12,1.0,train,../data/images/balanced_scaffold_seed99_bbb/1054.png
1055.0,CCCN(CCC)C(=O)Cc1c(-c2ccc(Cl)cc2)nc2ccc(Cl)cn12,1.0,train,../data/images/balanced_scaffold_seed99_bbb/1055.png
1056.0,CN(CC=Cc1ccccc1)CCOC(c1ccccc1)c1ccccc1,1.0,train,../data/images/balanced_scaffold_seed99_bbb/1056.png
1057.0,Cc1cc(CCN2CCN(c3cccc(Cl)c3)CC2)n[nH]1,1.0,train,../data/images/balanced_scaffold_seed99_bbb/1057.png
1058.0,Cc1cccc(N2CCN(CCc3cc(C)[nH]n3)CC2)c1,1.0,train,../data/images/balanced_scaffold_seed99_bbb/1058.png
1059.0,COC1CC(OC2C(C)C(=O)OC(C)C(C)C(O)C(C)C(=O)C3(CO3)CC(C)C(OC3OC(C)CC(N(C)C)C3O)C2C)OC(C)C1O,0.0,train,../data/images/balanced_scaffold_seed99_bbb/1059.png
1060.0,CCC(=O)OC1C(C)OC(OC2C(C)C(=O)OC(C)C(C)C(OC(=O)CC)C(C)C(=O)C3(CO3)CC(C)C(OC3OC(C)CC(N(C)C)C3O)C2C)CC1OC,0.0,train,../data/images/balanced_scaffold_seed99_bbb/1060.png
1061.0,COC1CC(OC2C(C)C(=O)OC(C)C(C)C(OC(C)=O)C(C)C(=O)C3(CO3)CC(C)C(OC3OC(C)CC(N(C)C)C3OC(C)=O)C2C)OC(C)C1OC(C)=O,0.0,train,../data/images/balanced_scaffold_seed99_bbb/1061.png
1062.0,C=C(C)CNCC(=O)N(C)c1ccc(Cl)cc1C(=O)c1ccccc1,1.0,train,../data/images/balanced_scaffold_seed99_bbb/1062.png
1063.0,Cc1ccc(C(=O)c2cc(O)c(O)c([N+](=O)[O-])c2)cc1,0.0,train,../data/images/balanced_scaffold_seed99_bbb/1063.png
1064.0,CN(C(=O)CN(CCO)CCO)c1ccc(Cl)cc1C(=O)c1ccccc1Cl,1.0,train,../data/images/balanced_scaffold_seed99_bbb/1064.png
1065.0,CN(C(=O)CNC(=O)CN)c1ccc(Cl)cc1C(=O)c1ccccc1Cl,1.0,train,../data/images/balanced_scaffold_seed99_bbb/1065.png
1066.0,C[C@H](C(=O)O)c1cccc(C(=O)c2ccccc2)c1,1.0,train,../data/images/balanced_scaffold_seed99_bbb/1066.png
1067.0,CN(C(=O)CNC(=O)C(N)CCCCN)c1ccc(Cl)cc1C(=O)c1ccccc1,1.0,train,../data/images/balanced_scaffold_seed99_bbb/1067.png
1068.0,CC(CC#N)N(C)CC(=O)N(C)c1ccc(Cl)cc1C(=O)c1ccccc1F,1.0,train,../data/images/balanced_scaffold_seed99_bbb/1068.png
1069.0,c1ccc2c(c1)cc1n2CCCNC1,1.0,train,../data/images/balanced_scaffold_seed99_bbb/1069.png
1070.0,O=C(Cn1ccnc1)c1ccc2ccccc2c1,1.0,train,../data/images/balanced_scaffold_seed99_bbb/1070.png
1071.0,OCCN1CCCN(CCCN2c3ccccc3C=Cc3ccccc32)CC1,1.0,train,../data/images/balanced_scaffold_seed99_bbb/1071.png
1072.0,CCn1c2c(c3ccccc31)CCSC2(C)CCN(C)C,1.0,train,../data/images/balanced_scaffold_seed99_bbb/1072.png
1073.0,CC1(C)SC2C(NC(=O)CSc3ccccc3)C(=O)N2C1C(=O)O,0.0,train,../data/images/balanced_scaffold_seed99_bbb/1073.png
1074.0,CN1CCC(OC2c3ccccc3CCc3ccccc32)CC1,1.0,train,../data/images/balanced_scaffold_seed99_bbb/1074.png
1075.0,CN1CCN(C2=Nc3ccccc3Sc3nccn32)CC1,1.0,train,../data/images/balanced_scaffold_seed99_bbb/1075.png
1076.0,CN(C(=O)C(c1ccccc1)c1ccccc1)[C@H](CN1CC[C@H](O)C1)c1ccccc1,0.0,train,../data/images/balanced_scaffold_seed99_bbb/1076.png
1077.0,CN(C(=O)C(c1ccccc1)c1ccccc1)C(CN1CCC(O)C1)c1ccccc1,1.0,train,../data/images/balanced_scaffold_seed99_bbb/1077.png
1078.0,Fc1ccc2[nH]c3c(c2c1)CN(CCCc1cccnc1)CC3,1.0,train,../data/images/balanced_scaffold_seed99_bbb/1078.png
1079.0,CCNC1CC(N)C(OC2OC(CN)=CCC2N)C(O)C1OC1OCC(C)(O)C(NC)C1O,0.0,train,../data/images/balanced_scaffold_seed99_bbb/1079.png
1080.0,CNC1C(O)C(OC2C(N)CC(N)C(OC3OC(CN)=CCC3N)C2O)OCC1(C)O,0.0,train,../data/images/balanced_scaffold_seed99_bbb/1080.png
1081.0,CNCCCC1(C)C(=O)N(c2ccccc2)c2ccccc21,1.0,train,../data/images/balanced_scaffold_seed99_bbb/1081.png
1082.0,CN1CCN2c3ccccc3Cn3cccc3C2C1,1.0,train,../data/images/balanced_scaffold_seed99_bbb/1082.png
1083.0,NC(=NO)C1=NNc2ccccc2N(Cc2ccccc2)C1=O,1.0,train,../data/images/balanced_scaffold_seed99_bbb/1083.png
1084.0,Cc1cccc(Cc2c[nH]cn2)c1C,1.0,train,../data/images/balanced_scaffold_seed99_bbb/1084.png
1085.0,CNc1nc(Cl)c(SC)c(N2CCN(C)CC2)n1,1.0,train,../data/images/balanced_scaffold_seed99_bbb/1085.png
1086.0,CSc1c(Cl)nc(NC(C)C)nc1N1CCN(C)CC1,1.0,train,../data/images/balanced_scaffold_seed99_bbb/1086.png
1087.0,OCCN1CCN(CCC=C2c3ccccc3Sc3ccc(Cl)cc32)CC1,1.0,train,../data/images/balanced_scaffold_seed99_bbb/1087.png
1088.0,CNC(=O)CCN1CCN(CCC=C2c3ccccc3Sc3ccc(Cl)cc32)CC1,1.0,train,../data/images/balanced_scaffold_seed99_bbb/1088.png
1089.0,OCCN1CCN(CCC=C2c3ccccc3Sc3ccc(C(F)(F)F)cc32)CC1,1.0,train,../data/images/balanced_scaffold_seed99_bbb/1089.png
1090.0,CN1CCN(CCC=C2c3ccccc3Sc3ccc(S(=O)(=O)N(C)C)cc32)CC1,1.0,train,../data/images/balanced_scaffold_seed99_bbb/1090.png
1091.0,O=C(NCCN1CCC(n2c(=O)[nH]c3cc(Cl)ccc32)CC1)c1ccc(F)cc1,1.0,train,../data/images/balanced_scaffold_seed99_bbb/1091.png
1092.0,CC1=CC(=O)N2CC(=O)N(C)c3ccc(Cl)cc3C2(c2ccccc2)O1,1.0,train,../data/images/balanced_scaffold_seed99_bbb/1092.png
1093.0,CCN1CCC(=C(c2ccccc2)c2ccccc2)C1,1.0,train,../data/images/balanced_scaffold_seed99_bbb/1093.png
1094.0,CC[C@H](NC(=O)c1c(OCCNC(=O)[C@@H]2CCCN2)c(-c2ccccc2)nc2ccccc12)c1ccccc1,0.0,train,../data/images/balanced_scaffold_seed99_bbb/1094.png
1095.0,C=CCSCC(=O)NC1C(=O)N2C1SC(C)(C)C2C(=O)O,0.0,train,../data/images/balanced_scaffold_seed99_bbb/1095.png
1096.0,CC1(C)SC2C(NC(=O)CCCC(N)C(=O)O)C(=O)N2C1C(=O)O,0.0,train,../data/images/balanced_scaffold_seed99_bbb/1096.png
1097.0,CN1CCC2(C)CC(Cc3ccc(O)cc32)C1,1.0,train,../data/images/balanced_scaffold_seed99_bbb/1097.png
1098.0,CCCCCCCCCNc1ncnc2[nH]ccc12,1.0,train,../data/images/balanced_scaffold_seed99_bbb/1098.png
1099.0,CC(=O)C1CCC2C3CC(O)C45CC4CCC5(C)C3CCC12C,1.0,train,../data/images/balanced_scaffold_seed99_bbb/1099.png
1100.0,Clc1ccc2c(c1)C(c1ccccc1)=NCc1nncn1-2,1.0,train,../data/images/balanced_scaffold_seed99_bbb/1100.png
1101.0,CN(C)Cc1nnc2n1-c1ccc(Cl)cc1C(c1ccccc1)=NC2,1.0,train,../data/images/balanced_scaffold_seed99_bbb/1101.png
1102.0,Cc1nnc2n1-c1ccc(Cl)cc1C(c1ccccc1Cl)=NC2,1.0,train,../data/images/balanced_scaffold_seed99_bbb/1102.png
1103.0,Cc1nnc2n1-c1ccc(Cl)cc1C(c1ccccc1)=NC2,1.0,train,../data/images/balanced_scaffold_seed99_bbb/1103.png
1104.0,CN1CCOC(c2ccccc2)c2ccccc2C1,1.0,train,../data/images/balanced_scaffold_seed99_bbb/1104.png
1105.0,COc1ccc2c3c1OC1C(=O)CCC4(O)C(C2)N(C)CCC314,1.0,train,../data/images/balanced_scaffold_seed99_bbb/1105.png
1106.0,COc1ccc2c3c1OC1C(=O)CCC4C(C2)N(C)CCC314,1.0,train,../data/images/balanced_scaffold_seed99_bbb/1106.png
1107.0,CN1CCC23c4c5ccc(O)c4OC2(C)C(=O)CCC3C1C5,1.0,train,../data/images/balanced_scaffold_seed99_bbb/1107.png
1108.0,C=CCN1CCC23c4c5ccc(O)c4OC2C(=O)CCC3(O)C1C5,1.0,train,../data/images/balanced_scaffold_seed99_bbb/1108.png
1109.0,COCCN1CCC23c4c5ccc(O)c4OC2C(=O)CCC3(O)C1C5,1.0,train,../data/images/balanced_scaffold_seed99_bbb/1109.png
1110.0,CC(C)=CCN1CCC23c4c5ccc(O)c4OC2C(=O)CCC3(O)C1C5,1.0,train,../data/images/balanced_scaffold_seed99_bbb/1110.png
1111.0,CN1CCC23c4c5ccc(O)c4OC2C(=O)CCC3C1C5,1.0,train,../data/images/balanced_scaffold_seed99_bbb/1111.png
1112.0,C=CCN1CC[C@]23c4c5ccc(O)c4O[C@H]2C(=O)CC[C@@]3(O)[C@H]1C5,1.0,train,../data/images/balanced_scaffold_seed99_bbb/1112.png
1113.0,CN1CCC23c4c5ccc(O)c4OC2C(=O)CCC3(O)C1C5,1.0,train,../data/images/balanced_scaffold_seed99_bbb/1113.png
1114.0,CC1(C)OC2CC3C4CC5=CC(=O)C=CC5(C)C4(F)C(O)CC3(C)C2(C(=O)COC(=O)c2cc3ccccc3o2)O1,1.0,train,../data/images/balanced_scaffold_seed99_bbb/1114.png
1115.0,COc1cc2oc(=O)c(C)c(C)c2cc1OCCCN1CCN(c2ccccc2OC)CC1,1.0,train,../data/images/balanced_scaffold_seed99_bbb/1115.png
1116.0,CCN(CC)C(=O)N1CCN(CCCc2nc3c(c(=O)n(C)c(=O)n3C)n2C)CC1,1.0,train,../data/images/balanced_scaffold_seed99_bbb/1116.png
1117.0,CC(C)(C)N1CCC(c2ccccc2)(c2ccccc2)CC1,1.0,train,../data/images/balanced_scaffold_seed99_bbb/1117.png
1118.0,CC1(C)OC(=O)Nc2ccc(Br)cc21,1.0,train,../data/images/balanced_scaffold_seed99_bbb/1118.png
1119.0,CN1C(=O)C[NH+]=C(c2ccccc2F)c2cc([N+](=O)[O-])ccc21,1.0,train,../data/images/balanced_scaffold_seed99_bbb/1119.png
1120.0,O=C1C[N+]([O-])=C(c2ccccc2)c2cc(Cl)ccc2N1,1.0,train,../data/images/balanced_scaffold_seed99_bbb/1120.png
1121.0,NC(=O)N1c2ccccc2C=Cc2ccccc21,1.0,train,../data/images/balanced_scaffold_seed99_bbb/1121.png
1122.0,CN(C)CCCN1c2ccccc2C=Cc2ccccc21,1.0,train,../data/images/balanced_scaffold_seed99_bbb/1122.png
1123.0,CC(=O)OCC(=O)C12N=C(C)OC1CC1C3CCC4=CC(=O)C=CC4(C)C3C(O)CC12C,1.0,train,../data/images/balanced_scaffold_seed99_bbb/1123.png
1124.0,CC(=O)OCC(=O)C12N=C(C)OC1CC1C3CCC4=CC(=O)C=CC4(C)C3(F)C(O)CC12C,1.0,train,../data/images/balanced_scaffold_seed99_bbb/1124.png
1125.0,CCC1OC(=O)C(C)C(OC2CC(C)(OC)C(O)C(C)O2)C(C)C(OC2OC(C)CC(N(C)C)C2O)C(C)(O)CC(C)C(=O)C(C)C(O)C1(C)O,0.0,train,../data/images/balanced_scaffold_seed99_bbb/1125.png
1126.0,CCC1OC(=O)C(C)C(OC2CC(C)(OC)C(O)C(C)O2)C(C)C(OC2OC(C)CC(N(C)C)C2O)C(C)(O)CC(C)(F)C(=O)C(C)C(O)C1(C)O,0.0,train,../data/images/balanced_scaffold_seed99_bbb/1126.png
1127.0,CCOC(=O)CCC(=O)OC1C(OC2C(C)C(OC3CC(C)(OC)C(O)C(C)O3)C(C)C(=O)OC(CC)C(C)(O)C(O)C(C)C(=O)C(C)CC2(C)O)OC(C)CC1N(C)C,0.0,train,../data/images/balanced_scaffold_seed99_bbb/1127.png
1128.0,CCOC(=O)OC1C(OC2C(C)C(OC3CC(C)(OC)C(O)C(C)O3)C(C)C(=O)OC(CC)C(C)(O)C(O)C(C)C(=O)C(C)CC2(C)O)OC(C)CC1N(C)C,0.0,train,../data/images/balanced_scaffold_seed99_bbb/1128.png
1129.0,CCC1OC(=O)C(C)C(OC2CC(C)(OC)C(O)C(C)O2)C(C)C(OC2OC(C)CC(N(C)C)C2O)C(C)(O)CC(C)C(=O)C(C)C(O)C1C,0.0,train,../data/images/balanced_scaffold_seed99_bbb/1129.png
1130.0,CCC1OC(=O)C(C)C(OC2CC(C)(OC)C(O)C(C)O2)C(C)C(OC2OC(C)CC(N(C)C)C2O)C(C)(OC)CC(C)C(=O)C(C)C(O)C1(C)O,0.0,train,../data/images/balanced_scaffold_seed99_bbb/1130.png
1131.0,CCC(=O)OC1C(OC2C(C)C(OC3CC(C)(OC)C(O)C(C)O3)C(C)C(=O)OC(CC)C(C)(O)C(O)C(C)C(=O)C(C)CC2(C)O)OC(C)CC1N(C)C,0.0,train,../data/images/balanced_scaffold_seed99_bbb/1131.png
1132.0,O=C1CCC2C3Cc4cccc(O)c4C2(CCN3CC2CC2)C1,1.0,train,../data/images/balanced_scaffold_seed99_bbb/1132.png
1133.0,Cc1nccnc1N1CCCCC1,1.0,train,../data/images/balanced_scaffold_seed99_bbb/1133.png
1134.0,O=c1[nH]c2ccccc2n1C1CCN(CCCc2noc3cc(F)ccc23)CC1,1.0,train,../data/images/balanced_scaffold_seed99_bbb/1134.png
1135.0,CNCCCN1Cc2ccccc2Cc2ccccc21,1.0,train,../data/images/balanced_scaffold_seed99_bbb/1135.png
1136.0,CN(C)CCCN1Cc2ccccc2Cc2ccccc21,1.0,train,../data/images/balanced_scaffold_seed99_bbb/1136.png
1137.0,C=CCONC1=Nc2ccc(Cl)cc2C(c2ccccc2Cl)=NC1,1.0,train,../data/images/balanced_scaffold_seed99_bbb/1137.png
1138.0,O=C1Nc2ccc(Cl)nc2C(c2ccccc2Cl)=NC1O,1.0,train,../data/images/balanced_scaffold_seed99_bbb/1138.png
1139.0,COc1cc2c(cc1OC)C(=O)C(CC1CCN(Cc3ccccc3)CC1)C2,1.0,train,../data/images/balanced_scaffold_seed99_bbb/1139.png
1140.0,CN(C)C1C(O)=C(C(=O)NCNCCCCC(N)C(=O)O)C(=O)C2(O)C(O)=C3C(=O)c4c(O)cccc4C(C)(O)C3CC12,0.0,train,../data/images/balanced_scaffold_seed99_bbb/1140.png
1141.0,CN(C)C1C(O)=C(C(N)=O)C(=O)C2(O)C(O)=C3C(=O)c4c(O)cccc4C(C)(O)C3CC12,0.0,train,../data/images/balanced_scaffold_seed99_bbb/1141.png
1142.0,CN(C)C1C(O)=C(C(N)=O)C(=O)C2(O)C(O)=C3C(=O)c4c(ccc(N)c4O)CC3CC12,0.0,train,../data/images/balanced_scaffold_seed99_bbb/1142.png
1143.0,CN(C)c1ccc(O)c2c1C[C@H]1C[C@H]3[C@H](N(C)C)C(O)=C(C(N)=O)C(=O)[C@@]3(O)C(O)=C1C2=O,1.0,train,../data/images/balanced_scaffold_seed99_bbb/1143.png
1144.0,CN(C)C1C(O)=C(C(N)=O)C(=O)C2(O)C(O)=C3C(=O)c4c(O)cccc4C(O)C3CC12,0.0,train,../data/images/balanced_scaffold_seed99_bbb/1144.png
1145.0,CN(C)C1C(O)=C(C(N)=O)C(=O)C2(O)C(O)=C3C(=O)c4c(O)ccc(Cl)c4C(C)(O)C3CC12,0.0,train,../data/images/balanced_scaffold_seed99_bbb/1145.png
1146.0,CN(C)C1C(O)=C(C(N)=O)C(=O)C2(O)C(O)=C3C(=O)c4c(O)cccc4C(C)(O)C3C(O)C12,0.0,train,../data/images/balanced_scaffold_seed99_bbb/1146.png
1147.0,CC1c2cccc(O)c2C(=O)C2=C(O)C3(O)C(=O)C(C(N)=O)=C(O)C(N(C)C)C3C(O)C21,0.0,train,../data/images/balanced_scaffold_seed99_bbb/1147.png
1148.0,CN(C)C1C(O)=C(C(N)=O)C(=O)C2(O)C(O)=C3C(=O)c4c(O)ccc([N+](=O)[O-])c4CC3CC12,0.0,train,../data/images/balanced_scaffold_seed99_bbb/1148.png
1149.0,CN(C)[C@@H]1C(O)=C(C(N)=O)C(=O)[C@@]2(O)C(O)=C3C(=O)c4c(O)ccc(Cl)c4[C@@H](O)[C@H]3C[C@@H]12,0.0,train,../data/images/balanced_scaffold_seed99_bbb/1149.png
1150.0,CN(C)C1C(O)=C(C(=O)NCO)C(=O)C2(O)C(O)=C3C(=O)c4c(O)ccc(Cl)c4C(C)(O)C3CC12,0.0,train,../data/images/balanced_scaffold_seed99_bbb/1150.png
1151.0,CC(C)N1CCC(N(C(=O)Cc2ccccc2)c2ccc(Cl)cc2)CC1,1.0,train,../data/images/balanced_scaffold_seed99_bbb/1151.png
1152.0,CCOC(=O)c1ncn2c1CN(C)C(=O)c1cc(F)ccc1-2,1.0,train,../data/images/balanced_scaffold_seed99_bbb/1152.png
1153.0,CC(F)OC(=O)c1ncn2c1CN(C)C(=O)c1cc(F)ccc1-2,1.0,train,../data/images/balanced_scaffold_seed99_bbb/1153.png
1154.0,CCOC(=O)c1ncn2c1CN(CCF)C(=O)c1cc(F)ccc1-2,1.0,train,../data/images/balanced_scaffold_seed99_bbb/1154.png
1155.0,O=C(c1cccnc1)N1CCOCC1,1.0,train,../data/images/balanced_scaffold_seed99_bbb/1155.png
1156.0,CN(C)Cc1ccnc(-c2cccc(NC3N=CC=C3[N+](=O)[O-])c2)c1,1.0,train,../data/images/balanced_scaffold_seed99_bbb/1156.png
1157.0,Cc1cccc(C=NN2CCN(C(c3ccccc3)c3ccccc3)CC2)n1,1.0,train,../data/images/balanced_scaffold_seed99_bbb/1157.png
1158.0,Cc1ncsc1CCCl,1.0,train,../data/images/balanced_scaffold_seed99_bbb/1158.png
1159.0,CNC(=NC#N)NCCSCc1csc(N=C(N)N)n1,1.0,train,../data/images/balanced_scaffold_seed99_bbb/1159.png
1160.0,CN=C(NC#N)NCCSCc1csc(N=C(N)N)n1,1.0,train,../data/images/balanced_scaffold_seed99_bbb/1160.png
1161.0,NC(N)=Nc1nc(CSCCC(N)=NS(N)(=O)=O)cs1,1.0,train,../data/images/balanced_scaffold_seed99_bbb/1161.png
1162.0,NCCc1nccs1,1.0,train,../data/images/balanced_scaffold_seed99_bbb/1162.png
1163.0,Cc1csc(N=C(N)N)n1,1.0,train,../data/images/balanced_scaffold_seed99_bbb/1163.png
1164.0,CN1CCN(C2=Cc3cc(Cl)ccc3C(=CC#N)c3ccccc32)CC1,1.0,train,../data/images/balanced_scaffold_seed99_bbb/1164.png
1165.0,CCC(C(N)=O)N1CCCC1=O,1.0,train,../data/images/balanced_scaffold_seed99_bbb/1165.png
1166.0,NC(=O)CN1CCCC1=O,1.0,train,../data/images/balanced_scaffold_seed99_bbb/1166.png
1167.0,CC(C)N(CCNC(=O)CN1CCCC1=O)C(C)C,1.0,train,../data/images/balanced_scaffold_seed99_bbb/1167.png
1168.0,NC(=O)CN1CC(O)CC1=O,1.0,train,../data/images/balanced_scaffold_seed99_bbb/1168.png
1169.0,COc1ccc(C(CN(C)C)C2(O)CCCCC2)cc1,1.0,train,../data/images/balanced_scaffold_seed99_bbb/1169.png
1170.0,CN(C)CCC(c1ccccc1)C1CCCCC1,1.0,train,../data/images/balanced_scaffold_seed99_bbb/1170.png
1171.0,COc1cccc2c1C(=O)c1c(O)c3c(c(O)c1C2=O)CC(O)(C(=O)CO)CC3OC1CC(N)C(OC2CCCCO2)C(C)O1,0.0,train,../data/images/balanced_scaffold_seed99_bbb/1171.png
1172.0,CN(C)CCC=C1c2ccccc2CSc2ccccc21,1.0,train,../data/images/balanced_scaffold_seed99_bbb/1172.png
1173.0,COc1cc2c(cc1OC)C(c1cccc(Cl)c1)=NN=C(C)C2,1.0,train,../data/images/balanced_scaffold_seed99_bbb/1173.png
1174.0,COc1cc2c(cc1OC)C(c1ccc(N)cc1)=NN=C(C)C2,1.0,train,../data/images/balanced_scaffold_seed99_bbb/1174.png
1175.0,CCC1C(C)=NN=C(c2ccc(OC)c(OC)c2)c2cc(OC)c(OC)cc21,1.0,train,../data/images/balanced_scaffold_seed99_bbb/1175.png
1176.0,CN(CCN(C)CNC(=O)C1=C(O)C(N(C)C)C2CC3C(=C(O)C2(O)C1=O)C(=O)c1c(O)cccc1C3(C)O)CNC(=O)C1=C(O)C(N(C)C)C2CC3C(=C(O)C2(O)C1=O)C(=O)c1c(O)cccc1C3(C)O,0.0,train,../data/images/balanced_scaffold_seed99_bbb/1176.png
1177.0,c1cc2c(c(N3CCNCC3)c1)OCCO2,1.0,train,../data/images/balanced_scaffold_seed99_bbb/1177.png
1178.0,COc1ccc2c(c1)c(CC(=O)O)c(C)n2C(=O)c1ccc(Cl)cc1,0.0,train,../data/images/balanced_scaffold_seed99_bbb/1178.png
1179.0,CC(NCCn1cnc2c1c(=O)n(C)c(=O)n2C)C(O)c1ccccc1,1.0,train,../data/images/balanced_scaffold_seed99_bbb/1179.png
1180.0,Cn1c(=O)c2c(ncn2CCNCC(O)c2ccc(O)c(O)c2)n(C)c1=O,0.0,train,../data/images/balanced_scaffold_seed99_bbb/1180.png
1181.0,CC(Cc1ccccc1)NCCn1cnc2c1c(=O)n(C)c(=O)n2C,1.0,train,../data/images/balanced_scaffold_seed99_bbb/1181.png
1182.0,CNC(=O)Oc1ccc2c(c1)C1(C)CCN(C)C1N2C,1.0,train,../data/images/balanced_scaffold_seed99_bbb/1182.png
1183.0,CCCCCCCNC(=O)Oc1ccc2c(c1)C1(C)CCN(C)C1N2C,1.0,train,../data/images/balanced_scaffold_seed99_bbb/1183.png
1184.0,CC(C)(C)NCC(O)COc1cccc2c1CCC(=O)N2,1.0,train,../data/images/balanced_scaffold_seed99_bbb/1184.png
1185.0,Nc1nc(=O)[nH]cc1F,1.0,train,../data/images/balanced_scaffold_seed99_bbb/1185.png
1186.0,c1ccc(-c2cc(CCC3CCNCC3)c3ccccc3n2)cc1,1.0,train,../data/images/balanced_scaffold_seed99_bbb/1186.png
1187.0,c1csc(Cc2ccccc2OCC2CNCCO2)c1,1.0,train,../data/images/balanced_scaffold_seed99_bbb/1187.png
1188.0,CC(=O)C1CCC2C3CC=C4CC(OC(=O)CCC(=O)O)CCC4(C)C3CCC12C,1.0,train,../data/images/balanced_scaffold_seed99_bbb/1188.png
1189.0,FC(F)(F)c1ccc(N2CCNCC2)nc1Cl,1.0,train,../data/images/balanced_scaffold_seed99_bbb/1189.png
1190.0,CCn1cc(C(=O)O)c(=O)c2cc(F)c(N3CCNCC3)nc21,0.0,train,../data/images/balanced_scaffold_seed99_bbb/1190.png
1191.0,CC1COC(=O)C(C(C)C)NC(=O)C(C)OC(=O)C(C(C)C)NC(=O)C(C(C)C)OC(=O)C(C(C)C)NC(=O)C(C)OC(=O)C(C(C)C)NC(=O)C(C)COC(=O)C(C(C)C)NC(=O)C(C)OC(=O)C(C(C)C)NC1=O,0.0,train,../data/images/balanced_scaffold_seed99_bbb/1191.png
1192.0,COc1ccc2c3c1OC1CC(O)C=CC31CCN(C)C2,1.0,train,../data/images/balanced_scaffold_seed99_bbb/1192.png
1193.0,O=C1NC(=O)C(CC2CCCCN2)(c2ccccc2)C(=O)N1,1.0,train,../data/images/balanced_scaffold_seed99_bbb/1193.png
1194.0,CC(C)(C)C(O)C=Cc1ccc2c(c1)OCO2,1.0,train,../data/images/balanced_scaffold_seed99_bbb/1194.png
1195.0,COCC1=C(C(=O)O)N2C(=O)C(NC(=O)C(=NOC)c3csc(N)n3)C2SC1,0.0,train,../data/images/balanced_scaffold_seed99_bbb/1195.png
1196.0,COCC1=C(C(=O)O)N2C(=O)C(NC(=O)C(=NO)c3csc(N)n3)C2SC1,0.0,train,../data/images/balanced_scaffold_seed99_bbb/1196.png
1197.0,CON=C(C(=O)NC1C(=O)N2C(C(=O)OCOC(=O)C(C)(C)C)=CCSC12)c1csc(NC(=O)C(C)N)n1,0.0,train,../data/images/balanced_scaffold_seed99_bbb/1197.png
1198.0,C=CC1=C(C(=O)O)N2C(=O)C(NC(=O)C(=NO)c3csc(N)n3)C2SC1,0.0,train,../data/images/balanced_scaffold_seed99_bbb/1198.png
1199.0,CON=C(C(=O)NC1C(=O)N2C(C(=O)O)=C(C)CSC12)c1csc(N)n1,0.0,train,../data/images/balanced_scaffold_seed99_bbb/1199.png
1200.0,C=CC1=C(C(=O)O)N2C(=O)C(NC(=O)C(=NOCC(=O)O)c3csc(N)n3)C2SC1,0.0,train,../data/images/balanced_scaffold_seed99_bbb/1200.png
1201.0,Cc1cccc(C)c1NC(=O)CN1CCCC1=O,1.0,train,../data/images/balanced_scaffold_seed99_bbb/1201.png
1202.0,Cc1cccc(OC2CCNCC2O)c1C,1.0,train,../data/images/balanced_scaffold_seed99_bbb/1202.png
1203.0,O=C1CN=C(c2ccccc2)c2cc(Cl)ccc2N1CCOCC1CC1,1.0,train,../data/images/balanced_scaffold_seed99_bbb/1203.png
1204.0,c1cnc2c(c1)C(Cc1ccncc1)(Cc1ccncc1)c1cccnc1-2,1.0,train,../data/images/balanced_scaffold_seed99_bbb/1204.png
1205.0,CNC1C(OC2OC(CO)C(N)C(O)C2O)OC2CC(N)C(OC3C(N)CC(N)C(O)C3O)OC2C1O,0.0,train,../data/images/balanced_scaffold_seed99_bbb/1205.png
1206.0,CC1CN(CCCn2c3ccccc3c3ccccc32)CC(C)N1,1.0,train,../data/images/balanced_scaffold_seed99_bbb/1206.png
1207.0,COc1cccc(C(=O)NC2CC3CCC(C2)N3Cc2ccccc2)c1OC,1.0,train,../data/images/balanced_scaffold_seed99_bbb/1207.png
1208.0,OC[C@H]1O[C@@H](n2cnc3c2N=CNC[C@H]3O)CC1O,1.0,train,../data/images/balanced_scaffold_seed99_bbb/1208.png
1209.0,O=C(c1ccccn1)N1CCN(Cc2ccccc2)CC1,1.0,train,../data/images/balanced_scaffold_seed99_bbb/1209.png
1210.0,CN1C2CCC1CC(NC(=O)N1CC(C)(C)c3ccccc31)C2,1.0,train,../data/images/balanced_scaffold_seed99_bbb/1210.png
1211.0,c1ccc2oc(-c3ccncc3)cc2c1,1.0,train,../data/images/balanced_scaffold_seed99_bbb/1211.png
1212.0,CC(=O)c1ccc2c(c1)N(CCCN1CCC(CCO)CC1)c1ccccc1S2,1.0,train,../data/images/balanced_scaffold_seed99_bbb/1212.png
1213.0,CCCCCCCCCCCCCCCC(=O)OCCC1CCN(CCCN2c3ccccc3Sc3ccc(S(=O)(=O)N(C)C)cc32)CC1,1.0,train,../data/images/balanced_scaffold_seed99_bbb/1213.png
1214.0,OCCOC1CCN(CCCN2c3ccccc3Sc3ccc(C(F)(F)F)cc32)CC1,1.0,train,../data/images/balanced_scaffold_seed99_bbb/1214.png
1215.0,COc1ccc2c(c1)N(CC(C)CN1CCC(O)CC1)c1ccccc1S2,1.0,train,../data/images/balanced_scaffold_seed99_bbb/1215.png
1216.0,CS(=O)(=O)c1ccc2c(c1)N(CCCN1CCC(C(N)=O)CC1)c1ccccc1S2,1.0,train,../data/images/balanced_scaffold_seed99_bbb/1216.png
1217.0,N#Cc1ccc2c(c1)N(CCCN1CCC(O)CC1)c1ccccc1S2,1.0,train,../data/images/balanced_scaffold_seed99_bbb/1217.png
1218.0,CN(C)S(=O)(=O)c1ccc2c(c1)N(CCCN1CCC(CCO)CC1)c1ccccc1S2,1.0,train,../data/images/balanced_scaffold_seed99_bbb/1218.png
1219.0,CC1CC2C3CCC4=CC(=O)C=CC4(C)C3(F)C(O)CC2(C)C1(OC(=O)c1ccccc1)C(=O)CO,1.0,train,../data/images/balanced_scaffold_seed99_bbb/1219.png
1220.0,CC(=O)OC1CC2(C)C(CC(O)C3C4(C)CCC(O)C(C)C4CCC32C)C1=C(CCC=C(C)C)C(=O)O,0.0,train,../data/images/balanced_scaffold_seed99_bbb/1220.png
1221.0,O=C(c1ccc(F)cc1)C1CCN(CCCn2c(=O)[nH]c3cc(Cl)ccc32)CC1,1.0,train,../data/images/balanced_scaffold_seed99_bbb/1221.png
1222.0,O=C(c1ccc(F)cc1)C1CCN(CCCn2c(=O)[nH]c3ccccc32)CC1,1.0,train,../data/images/balanced_scaffold_seed99_bbb/1222.png
1223.0,CC(C)CC(N)C(=O)NC(CCCN)C(=O)NC(C(=O)NC(CCCN)C(=O)N1CCCC1C(=O)NC(C=O)Cc1ccccc1)C(C)C,0.0,train,../data/images/balanced_scaffold_seed99_bbb/1223.png
1224.0,COc1cc(C(=O)OCCN2CCN(CCCN3c4ccccc4Sc4ccc(Cl)cc43)CC2)cc(OC)c1OC,1.0,train,../data/images/balanced_scaffold_seed99_bbb/1224.png
1225.0,CNC1CCc2ncsc2C1,1.0,train,../data/images/balanced_scaffold_seed99_bbb/1225.png
1226.0,O=C1CC2c3cc(Cl)ccc3OC3(CCNCC23)N1,1.0,train,../data/images/balanced_scaffold_seed99_bbb/1226.png
1227.0,CN1c2cc(F)ccc2C(c2ccccc2)=NCC1CNC(=O)c1ccoc1,1.0,train,../data/images/balanced_scaffold_seed99_bbb/1227.png
1228.0,Cc1c[nH]c(=O)[nH]c1=O,1.0,train,../data/images/balanced_scaffold_seed99_bbb/1228.png
1229.0,CC(C)[N+](C)(CCOC(=O)C1c2ccccc2Oc2ccccc21)C(C)C,0.0,train,../data/images/balanced_scaffold_seed99_bbb/1229.png
1230.0,COc1cccc2c1CC(CCCNCCCCN1C(=O)CC3(CCCC3)CC1=O)CO2,1.0,train,../data/images/balanced_scaffold_seed99_bbb/1230.png
1231.0,CON=C(C(=O)NC1C(=O)N2C(C(=O)O)=C(CSc3cnns3)CSC12)c1csc(N)n1,0.0,train,../data/images/balanced_scaffold_seed99_bbb/1231.png
1232.0,CC(=O)OC1C(=O)C2(C)C(O)CC3OCC3(OC(C)=O)C2C(OC(=O)c2ccccc2)C2(O)CC(OC(=O)C(O)C(NC(=O)c3ccccc3)c3ccccc3)C(C)=C1C2(C)C,0.0,train,../data/images/balanced_scaffold_seed99_bbb/1232.png
1233.0,O=C(Cc1ccc(Cl)c(Cl)c1)N1CCc2occc2C1CN1CCC(O)C1,1.0,train,../data/images/balanced_scaffold_seed99_bbb/1233.png
1234.0,O=C(Cc1ccc(Cl)c(Cl)c1)N1CCc2occc2[C@H]1CN1CCCC1,1.0,train,../data/images/balanced_scaffold_seed99_bbb/1234.png
1235.0,O=C1N=C(NC2CC2)OC1c1ccccc1,1.0,train,../data/images/balanced_scaffold_seed99_bbb/1235.png
1236.0,CCn1nc(C)c2c1C(c1ccccc1)=NCC(=O)N2,1.0,train,../data/images/balanced_scaffold_seed99_bbb/1236.png
1237.0,OCCN1CCCN(CCCN2c3ccccc3Sc3ccc(C(F)(F)F)cc32)CC1,1.0,train,../data/images/balanced_scaffold_seed99_bbb/1237.png
1238.0,CCCCCCCCCC1(C)OCC(COC(N)=O)O1,1.0,train,../data/images/balanced_scaffold_seed99_bbb/1238.png
1239.0,CC(C)C1(C(C)C)OCC(CO)O1,1.0,train,../data/images/balanced_scaffold_seed99_bbb/1239.png
1240.0,CN(C)CCC1(C)OCCC2=C1Cc1ccccc12,1.0,train,../data/images/balanced_scaffold_seed99_bbb/1240.png
1241.0,COC1(NC(=O)C(C(=O)O)c2ccsc2)C(=O)N2C(C(=O)O)C(C)(C)SC21,0.0,train,../data/images/balanced_scaffold_seed99_bbb/1241.png
1242.0,O=C1NCN(c2ccccc2)C12CCN(CCCOc1ccc(F)cc1)CC2,1.0,train,../data/images/balanced_scaffold_seed99_bbb/1242.png
1243.0,O=C(CCCN1CCN(C(=O)OC2CCCCC2)CC1)c1ccc(F)cc1,1.0,train,../data/images/balanced_scaffold_seed99_bbb/1243.png
1244.0,O=[N+]([O-])C1=CC=NC1NCCSCc1ncccc1Br,1.0,train,../data/images/balanced_scaffold_seed99_bbb/1244.png
1245.0,O=[N+]([O-])C1=CC=NC1NCCSCc1ccccn1,1.0,train,../data/images/balanced_scaffold_seed99_bbb/1245.png
1246.0,Nc1ncc2ncn(COCCO)c2n1,1.0,train,../data/images/balanced_scaffold_seed99_bbb/1246.png
1247.0,CC(C)OCC(COC(C)C)OCn1cnc2cnc(N)nc21,1.0,train,../data/images/balanced_scaffold_seed99_bbb/1247.png
1248.0,CC(=O)OCC(CCn1cnc2cnc(N)nc21)COC(C)=O,1.0,train,../data/images/balanced_scaffold_seed99_bbb/1248.png
1249.0,CN(C)CC(=O)C=C1c2ccccc2CCc2ccccc21,1.0,train,../data/images/balanced_scaffold_seed99_bbb/1249.png
1250.0,C[N+](C)([O-])CCC=C1c2ccccc2CCc2ccccc21,1.0,train,../data/images/balanced_scaffold_seed99_bbb/1250.png
1251.0,CNCCC=C1c2ccccc2CCc2ccccc21,1.0,train,../data/images/balanced_scaffold_seed99_bbb/1251.png
1252.0,NCC1CC(=O)N(Cc2ccccc2)C1,1.0,train,../data/images/balanced_scaffold_seed99_bbb/1252.png
1253.0,CCC1OC(=O)C(C)C(OC2CC(C)(OC)C(O)C(C)O2)C(C)C(OC2OC(C)CC(N(C)C)C2O)C(C)(O)CC(C)CN(C)C(C)C(O)C1(C)O,0.0,train,../data/images/balanced_scaffold_seed99_bbb/1253.png
1254.0,C(=Cc1ccccc1)c1ccccc1,1.0,train,../data/images/balanced_scaffold_seed99_bbb/1254.png
1255.0,CC1OC(C)OC(C)O1,1.0,train,../data/images/balanced_scaffold_seed99_bbb/1255.png
1256.0,Cc1c(C)c2ccc(OCc3nnc(C(C)C)s3)cc2oc1=O,1.0,train,../data/images/balanced_scaffold_seed99_bbb/1256.png
1257.0,CC12CCC(=O)C=C1CCC1C2C2CC3(C(O)O2)C(C(=O)CO)CCC13,0.0,train,../data/images/balanced_scaffold_seed99_bbb/1257.png
1258.0,COc1ccc(CCN2CCN(c3ccccc3Cl)CC2)cc1OC,1.0,train,../data/images/balanced_scaffold_seed99_bbb/1258.png
1259.0,Nc1ccn([C@H]2CC[C@@H](CO)O2)c(=O)n1,1.0,train,../data/images/balanced_scaffold_seed99_bbb/1259.png
1260.0,Nc1ccn([C@@H]2O[C@H](CO)[C@@H](O)[C@@H]2O)c(=O)n1,1.0,train,../data/images/balanced_scaffold_seed99_bbb/1260.png
1261.0,CCC(=O)N(c1ccccc1)C1(C(=O)OC)CCN(CCC(=O)OC)CC1,1.0,train,../data/images/balanced_scaffold_seed99_bbb/1261.png
1262.0,O=C1C(O)=C(C2CCC(c3ccc(Cl)cc3)CC2)C(=O)c2ccccc21,0.0,train,../data/images/balanced_scaffold_seed99_bbb/1262.png
1263.0,CCCCc1oc2ccccc2c1C(=O)c1cc(I)c(OCCN(CC)CC)c(I)c1,0.0,train,../data/images/balanced_scaffold_seed99_bbb/1263.png
1264.0,O=c1[nH]c2ccccc2n1C1CCN(CCOc2ccccc2)CC1,1.0,train,../data/images/balanced_scaffold_seed99_bbb/1264.png
1265.0,O=C(CC1c2ccccc2C(=O)N1c1ccc2ccc(Cl)nc2n1)N1CCC2(CC1)OCCO2,1.0,train,../data/images/balanced_scaffold_seed99_bbb/1265.png
1266.0,CON=C(C(=O)NC1C(=O)N2C(C(=O)O)=C(C=Cc3scnc3C)CSC12)c1csc(N)n1,0.0,train,../data/images/balanced_scaffold_seed99_bbb/1266.png
1267.0,O=C(c1ccco1)N(c1cnccn1)C1CCN(CCc2ccccc2)CC1,1.0,train,../data/images/balanced_scaffold_seed99_bbb/1267.png
1268.0,COc1ccc(-c2cc(=O)c3c(O)cc(OC4OC(COC5OC(C)C(O)C(O)C5O)C(O)C(O)C4O)cc3o2)cc1O,0.0,train,../data/images/balanced_scaffold_seed99_bbb/1268.png
1269.0,CC(C)NC1C2CCC(CC2)C1(O)c1ccc(Cl)c(Cl)c1,1.0,train,../data/images/balanced_scaffold_seed99_bbb/1269.png
1270.0,O=C1N(c2ccccc2)c2ccccc2C1(Cc1ccncc1)Cc1ccncc1,1.0,train,../data/images/balanced_scaffold_seed99_bbb/1270.png
1271.0,Cc1cn([C@H]2C=C[C@@H](CO)O2)c(=O)[nH]c1=O,1.0,train,../data/images/balanced_scaffold_seed99_bbb/1271.png
1272.0,Cc1cn(C2C=CC(CO)O2)c(=O)[nH]c1=O,1.0,train,../data/images/balanced_scaffold_seed99_bbb/1272.png
1273.0,O=C1CCC(N2C(=O)C3C4CCC(C4)C3C2=O)C(=O)N1,1.0,train,../data/images/balanced_scaffold_seed99_bbb/1273.png
1274.0,NC(=O)CS(=O)C(c1ccccc1)c1ccccc1,1.0,train,../data/images/balanced_scaffold_seed99_bbb/1274.png
1275.0,CCC(=O)C(CCN(C)C)(c1ccccc1)c1ccccc1,1.0,train,../data/images/balanced_scaffold_seed99_bbb/1275.png
1276.0,CC(CN(C)C)OC(C)(c1ccccc1)c1ccc(Cl)cc1,0.0,train,../data/images/balanced_scaffold_seed99_bbb/1276.png
1277.0,CNCCOC(c1ccccc1)c1ccccc1C,1.0,train,../data/images/balanced_scaffold_seed99_bbb/1277.png
1278.0,Cc1ccccc1C(OCCN(C)C)c1ccccc1,1.0,train,../data/images/balanced_scaffold_seed99_bbb/1278.png
1279.0,CCC(O)C(CC(C)N(C)C)(c1ccccc1)c1ccccc1,1.0,train,../data/images/balanced_scaffold_seed99_bbb/1279.png
1280.0,CC(=O)NNC(=O)CC(O)(c1ccccc1)c1ccccc1,1.0,train,../data/images/balanced_scaffold_seed99_bbb/1280.png
1281.0,CNCCCCOc1ccccc1Cc1ccccc1,1.0,train,../data/images/balanced_scaffold_seed99_bbb/1281.png
1282.0,CCN(CC)CCOC(=O)C(O)(c1ccccc1)c1ccccc1,1.0,train,../data/images/balanced_scaffold_seed99_bbb/1282.png
1283.0,CN(C)CCOC(C)(c1ccccc1)c1ccc(Cl)cc1,1.0,train,../data/images/balanced_scaffold_seed99_bbb/1283.png
1284.0,CN(C)CC(O)C(c1ccccc1)c1cccc(Cl)c1,1.0,train,../data/images/balanced_scaffold_seed99_bbb/1284.png
1285.0,CCC(=O)C(CC(C)N(C)C)(c1ccccc1)c1ccccc1,1.0,train,../data/images/balanced_scaffold_seed99_bbb/1285.png
1286.0,CC(C)(c1ccc(O)cc1)c1ccc(O)cc1,1.0,train,../data/images/balanced_scaffold_seed99_bbb/1286.png
1287.0,CN(C)CCOC(c1ccccc1)c1ccccc1,1.0,train,../data/images/balanced_scaffold_seed99_bbb/1287.png
1288.0,CCCCSc1ccc(C(SCCN(C)C)c2ccccc2)cc1,1.0,train,../data/images/balanced_scaffold_seed99_bbb/1288.png
1289.0,CCC(OC(C)=O)C(CC(C)N(C)C)(c1ccccc1)c1ccccc1,1.0,train,../data/images/balanced_scaffold_seed99_bbb/1289.png
1290.0,CN(C)CCOC(c1ccccc1)c1ccc(Br)cc1,1.0,train,../data/images/balanced_scaffold_seed99_bbb/1290.png
1291.0,CCCCCC(N)C(O)(c1ccccc1)c1ccccc1,1.0,train,../data/images/balanced_scaffold_seed99_bbb/1291.png
1292.0,CCC(=O)C(c1ccccc1)(c1ccccc1)C(C)CN(C)C,1.0,train,../data/images/balanced_scaffold_seed99_bbb/1292.png
1293.0,CN(C)CCOC(c1ccccc1)c1ccccc1C(C)(C)C,1.0,train,../data/images/balanced_scaffold_seed99_bbb/1293.png
1294.0,COCc1c(C(=O)OC(C)C)ncc2[nH]c3cccc(Oc4ccc(Cl)cc4)c3c12,1.0,train,../data/images/balanced_scaffold_seed99_bbb/1294.png
1295.0,Clc1ccc2c(c1)[C@H]1CNC[C@H]1c1ccccc1O2,1.0,train,../data/images/balanced_scaffold_seed99_bbb/1295.png
1296.0,Clc1ccc2c(c1)C1CNCC1c1ccccc1O2,1.0,train,../data/images/balanced_scaffold_seed99_bbb/1296.png
1297.0,CN1C[C@@H]2c3cc(Cl)ccc3Oc3ccccc3[C@@H]2C1,1.0,train,../data/images/balanced_scaffold_seed99_bbb/1297.png
1298.0,CN1CC2c3ccccc3Oc3ccc(Cl)cc3C2C1,1.0,train,../data/images/balanced_scaffold_seed99_bbb/1298.png
1299.0,C=C[C@H]1CN2CC[C@H]1C[C@@H]2[C@@H](O)c1ccnc2ccc(OC)cc12,1.0,train,../data/images/balanced_scaffold_seed99_bbb/1299.png
1300.0,C=C[C@H]1CN2CC[C@H]1C[C@H]2[C@H](O)c1ccnc2ccc(OC)cc12,0.0,train,../data/images/balanced_scaffold_seed99_bbb/1300.png
1301.0,O=c1[nH]c2ccccc2c(=O)n1CCN1CC2CC(c3ccc(F)cc3)C2C1,1.0,train,../data/images/balanced_scaffold_seed99_bbb/1301.png
1302.0,CCN(CC)C(=O)C1(c2ccccc2)CC1CN,1.0,train,../data/images/balanced_scaffold_seed99_bbb/1302.png
1303.0,NC1CC1c1ccccc1,1.0,train,../data/images/balanced_scaffold_seed99_bbb/1303.png
1304.0,CN(C)CCCn1c(=O)n(-c2ccccc2)c2cc(Cl)ccc21,1.0,train,../data/images/balanced_scaffold_seed99_bbb/1304.png
1305.0,c1ccc(C2(c3ccccc3)OCC(C3CCCCN3)O2)cc1,1.0,train,../data/images/balanced_scaffold_seed99_bbb/1305.png
