idx,smiles,hERG,group,img_path
0.0,CC(=O)N1CCOc2cc3c(cc21)CCN(CCCSc1nnc(-c2cccc4nc(C)ccc24)n1C)CC3,1.0,train,../data/images/hERG/0.png
1.0,COc1ccc(-c2nnc(C(=O)N3CCC(Oc4ccc(CN5CCCC5)nc4)CC3)o2)cc1,0.0,train,../data/images/hERG/1.png
2.0,O=C1CCc2ccc(F)cc2N1CCCN1CCC(n2c(=O)[nH]c3ccccc32)CC1,1.0,train,../data/images/hERG/2.png
3.0,CN1CCC[C@H]1c1cccnc1,0.0,train,../data/images/hERG/3.png
4.0,CC(=O)NC1CCN(C(=O)NC2CCN(Cc3ccn(-c4ccc(C(F)(F)F)cc4)c3)CC2)C1,0.0,train,../data/images/hERG/4.png
5.0,CCN1C[C@@H]2[C@H](C1)[C@H]2CN(Cc1cccc(OC(F)(F)F)c1)C(=O)c1cn(C)cn1,1.0,train,../data/images/hERG/5.png
6.0,CN(C)CCC1=C(Cc2cccnn2)c2ccc(Cl)cc2C1,1.0,train,../data/images/hERG/6.png
7.0,O=C1OCCN1C1CCN(CCc2ccc(Oc3nc4ccccc4s3)cc2)CC1,1.0,train,../data/images/hERG/7.png
8.0,COc1ccc2ncc(=O)n(CCN3CC[C@@H](NCc4ccc5c(n4)NC(=O)CO5)[C@@H](F)C3)c2c1,0.0,train,../data/images/hERG/8.png
9.0,O=C(CNc1ncnc2ccc(C(F)(F)F)cc12)NC1CN([C@H]2CC[C@@H](c3ccccc3)CC2)C1,1.0,train,../data/images/hERG/9.png
10.0,O=c1ccc2ncc(F)c3c2n1C[C@@]3(O)CC12CCC(NCc3ncc4c(c3Cl)OCCO4)(CC1)CO2,0.0,train,../data/images/hERG/10.png
11.0,Cc1nc(Nc2cc(N[C@@H]3CCCC[C@@H]3N)cnc2C(N)=O)cc(OCC(C)(C)O)n1,0.0,train,../data/images/hERG/11.png
12.0,COc1cc(C(=O)NCCN2CCCC2)ccc1Oc1ccc(Cl)cc1NS(=O)(=O)c1ccc(Cl)c(C(F)(F)F)c1,0.0,train,../data/images/hERG/12.png
13.0,O=C(NC(c1ccccc1)c1ccccc1)NS(=O)(=O)c1ccc(OCCCN2CCCCC2)cc1,0.0,train,../data/images/hERG/13.png
14.0,O=C(N1CC[C@H](N[C@H]2CC[C@@](O)(c3ccc(-c4ncccn4)cn3)CC2)C1)C1(O)CCN(c2cc(C(F)(F)F)ccn2)CC1,0.0,train,../data/images/hERG/14.png
15.0,COc1cc(-c2cn(C3CCc4ccccc4N(CC4CC4)C3=O)nn2)ccc1-n1cnc(C)c1,1.0,train,../data/images/hERG/15.png
16.0,COc1ccc(Cl)c(-c2ccc(NC(=O)c3ccnn3C)nc2N)c1,0.0,train,../data/images/hERG/16.png
17.0,CCCCN1CCC[C@@H]1Cn1nc(Cc2ccc(Cl)cc2)c2cccnc2c1=O,1.0,train,../data/images/hERG/17.png
18.0,O=C(CCCN1CCCCC1)Nc1cc(-c2cncc(F)c2)n[nH]1,0.0,train,../data/images/hERG/18.png
19.0,COc1ccc(CN2CCC(C#N)(CNC(=O)c3cc(CC(C)C)n(-c4ccccc4)n3)CC2)cc1,1.0,train,../data/images/hERG/19.png
20.0,O=C(NC1CCN(Cc2ccc3oc(=O)oc3c2)CC1)c1cc(=O)c2ccc(F)cc2o1,0.0,train,../data/images/hERG/20.png
21.0,Brc1ccc2[nH]c3c(c2c1)CCCC3Nc1ccccc1,0.0,train,../data/images/hERG/21.png
22.0,CC(C)(C)OC(=O)N1CCC(C(=O)NCCCNc2nc3ccccc3[nH]2)CC1,0.0,train,../data/images/hERG/22.png
23.0,NC1(C(=O)NC(CCS(N)(=O)=O)c2ccc(Cl)cc2)CCN(c2ncnc3[nH]ccc23)CC1,0.0,train,../data/images/hERG/23.png
24.0,N[C@H]1CC[C@@H](N2CC(NC(=O)CNc3n[nH]c4ccc(C(F)(F)F)cc34)C2)CC1,0.0,train,../data/images/hERG/24.png
25.0,COc1ccc2c(=O)n(C)c(-c3ccc(OC4CCN(C5CCC5)CC4)cc3)nc2c1,1.0,train,../data/images/hERG/25.png
26.0,CC(C#N)=C1CCN(c2ccc(N3C[C@H](Cn4cc(F)nn4)OC3=O)cc2F)CC1,0.0,train,../data/images/hERG/26.png
27.0,COc1ccc2ncc(F)c(C/C(=N/O)C34CCC(NCc5ccc6c(n5)NC(=O)CO6)(CC3)CO4)c2n1,1.0,train,../data/images/hERG/27.png
28.0,CO[C@@H]1COCC[C@@H]1N[C@@H]1CC[C@@](C(=O)N2CCN(c3ccnc(C(F)(F)F)n3)CC2)(C(C)C)C1,0.0,train,../data/images/hERG/28.png
29.0,CC(=O)O[C@@H](C(=O)N1N=CC[C@H]1C(=O)NCc1cc(Cl)ccc1-n1cnnn1)c1ccc(F)cc1,0.0,train,../data/images/hERG/29.png
30.0,Cn1c(SCCCN2CCC3CC3(c3ccc(C(F)(F)F)cc3)CC2)nnc1-c1ccnnc1,1.0,train,../data/images/hERG/30.png
31.0,Cc1cc(Nc2ncc(Cl)c(Nc3ccccc3S(=O)(=O)C(C)C)n2)c(OC2CCC2)cc1C1CCNCC1,1.0,train,../data/images/hERG/31.png
32.0,O=C(c1cccc(Cl)c1Cl)N(CC(F)(F)F)[C@H]1CCNC1,0.0,train,../data/images/hERG/32.png
33.0,Cc1nc2ccccc2n1C1CC2CCC(C1)N2CCC1(c2cccc(F)c2)CCN(C(=O)C(C)(C)C)CC1,1.0,train,../data/images/hERG/33.png
34.0,N#Cc1ccnc(C2=NC(c3ccc(F)cc3)(c3ccc(F)cc3)[C@H](CO)N2)c1,1.0,train,../data/images/hERG/34.png
35.0,CN(C)CCC(c1ccc(Br)cc1)c1ccccn1,1.0,train,../data/images/hERG/35.png
36.0,N#Cc1ccc(O[C@@H]2CN[C@@H](C(=O)N3CCCN(C4CCCC4)CC3)C2)cc1,1.0,train,../data/images/hERG/36.png
37.0,CNCc1ccc(Cl)cc1Oc1ccc(F)c(Cl)c1,1.0,train,../data/images/hERG/37.png
38.0,CC(=O)C1=NN2c3cc(Cl)ccc3OC[C@H]2[C@@]1(CCCN1CCN(C(C)=O)CC1)c1ccccc1,1.0,train,../data/images/hERG/38.png
39.0,CC1CCCN(CCN2CCN(c3cccc(Cl)c3)C2=O)C1,1.0,train,../data/images/hERG/39.png
40.0,COc1cc(F)ccc1-c1cncc(CNC(=O)C2CCC2)c1,0.0,train,../data/images/hERG/40.png
41.0,COc1ccc([C@]2(O)CC[C@@H](N3CC(NC(=O)CNC(=O)c4cccc(C(F)(F)F)c4)C3)CC2)cc1,1.0,train,../data/images/hERG/41.png
42.0,C[C@@H]1CN(c2nc(N3CCOC[C@@H]3C)c3ncc(-c4ccccc4)nc3n2)C[C@H](C)O1,0.0,train,../data/images/hERG/42.png
43.0,CCN(CC)C(=O)c1ccc(C2=CC3(CCCNCC3)Oc3ccccc32)cc1,0.0,train,../data/images/hERG/43.png
44.0,N#Cc1ccc2[nH]c(C3CCN(CCn4c(=O)ccc5ncc(Oc6cccnc6)cc54)CC3)nc2c1,1.0,train,../data/images/hERG/44.png
45.0,O=C(N1Cc2ccccc2C1)N1CCC[C@H]1CN1CCCC1,0.0,train,../data/images/hERG/45.png
46.0,C[C@H]1CCc2c([nH]c3ccccc23)[C@@]2(N1)C(=O)Nc1ccc(Br)cc12,0.0,train,../data/images/hERG/46.png
47.0,O=C(NCc1ccc(OC(F)(F)F)cc1)C1c2ccccc2C(=O)N1CCc1ncccn1,0.0,train,../data/images/hERG/47.png
48.0,CN(C)[C@@H]1CCN(c2ccc(Cl)c(Cl)c2)c2ccccc21,1.0,train,../data/images/hERG/48.png
49.0,N#Cc1ccc(CNC(=O)N(c2cccc(F)c2)C2CCN(CCC3(c4cccc(F)c4)CCN(C(=O)c4ccc(C#N)cc4)CC3)CC2)cc1,1.0,train,../data/images/hERG/49.png
50.0,C=CCN(Cc1nccs1)C(=O)[C@@]1(c2cccs2)C[C@H]1CN,0.0,train,../data/images/hERG/50.png
51.0,CC(O)(c1ccc(CN2CCC3(CC2)OCc2cc(F)ncc23)cc1)c1ccc(F)c(F)c1,1.0,train,../data/images/hERG/51.png
52.0,c1ccc(Cc2ncc3c(n2)CCNCC3)cc1,0.0,train,../data/images/hERG/52.png
53.0,O=C(O)c1ccc(Oc2ccc(CN3CCC(N4C(=O)N(C5CCOCC5)C[C@H]4c4ccccc4)CC3)cc2)cc1,0.0,train,../data/images/hERG/53.png
54.0,CNC(C)c1ccc(Cl)cc1Oc1ccc(C)cc1,1.0,train,../data/images/hERG/54.png
55.0,CC(C)OC[C@H](Oc1ncnc2c1cnn2-c1ccccc1Cl)C(=O)Nc1ccc(Cl)cn1,0.0,train,../data/images/hERG/55.png
56.0,O=C(NCC(=O)N1CC[C@H](N[C@H]2CC[C@@](O)(c3ccc(-c4nccs4)cn3)CC2)C1)c1cccc(C(F)(F)F)c1,0.0,train,../data/images/hERG/56.png
57.0,CCc1ncc([C@]2(O)CC[C@H](N3CC(NC(=O)CNC(=O)c4cccc(C(F)(F)F)c4)C3)CC2)s1,0.0,train,../data/images/hERG/57.png
58.0,COc1ncc(-c2cccc3c2C[C@H](NC(=O)c2ccc(OCCC(F)(F)F)nc2)CO3)cn1,0.0,train,../data/images/hERG/58.png
59.0,O=C(NCC1CCN(Cc2ccc(Br)nc2)CC1)c1cc(Cl)cc(Cl)c1,1.0,train,../data/images/hERG/59.png
60.0,CC(C)(C)NC(=O)C1c2ccc(NS(C)(=O)=O)cc2C(=O)N1Cc1ccccc1-c1ccccc1,0.0,train,../data/images/hERG/60.png
61.0,O=C(CNc1ncnc2ccc(C(F)(F)F)cc12)NC1CN([C@H]2CC[C@@](O)(c3ccccc3)CC2)C1,0.0,train,../data/images/hERG/61.png
62.0,COC(=O)N[C@H](C(=O)N1C[C@@H](C)C[C@H]1c1nc(-c2ccc(-c3ccc(-c4ccc5[nH]c([C@@H]6C[C@H](C)CN6C(=O)[C@@H](NC(=O)OC)C(C)C)nc5c4)cc3)cc2)c[nH]1)C(C)C,0.0,train,../data/images/hERG/62.png
63.0,COc1ccccc1Oc1ccccc1CN1CCC2(CC1)CCN(C(=O)c1ccnc(N)c1)CC2,0.0,train,../data/images/hERG/63.png
64.0,Nc1nc2cc3c(cc2s1)CCN(Cc1ccncc1)CC3,0.0,train,../data/images/hERG/64.png
65.0,O=C(c1ccc(F)cc1)N1CCN(c2ccc(OCCCN3CCCCCC3)cc2)C(=O)C1,0.0,train,../data/images/hERG/65.png
66.0,COC1COCCC1N[C@@H]1C[C@H]2CN(C(=O)OCCNC(C)=O)C[C@@]2(C(=O)N2CCc3ncc(C(F)(F)F)cc3C2)C1,0.0,train,../data/images/hERG/66.png
67.0,Cn1c(N(Cc2ccc(C(=O)Nc3nnn[nH]3)cc2)[C@H]2CC[C@H](C(C)(C)C)CC2)nc2cc(C(F)(F)F)ccc21,0.0,train,../data/images/hERG/67.png
68.0,Fc1ccc(N(CCNCCc2ccccc2)c2ccc(F)cc2)cc1,1.0,train,../data/images/hERG/68.png
69.0,COc1cccc(N2CCN(CCN3CCC(C(F)(F)F)CC3)C2=O)c1,0.0,train,../data/images/hERG/69.png
70.0,O=C([C@H]1C[C@H](Oc2cccc(F)c2)CN1)N1CCCN(C2CCC2)CC1,1.0,train,../data/images/hERG/70.png
71.0,CC(C)Oc1ccc(F)cc1-c1ccc(N2C[C@H](CNC(=O)c3ccc(-c4nc5cc(C#N)cc(C(C)C)c5o4)cc3)OC2=O)nc1,0.0,train,../data/images/hERG/71.png
72.0,CN1CCC(COCc2cc(C(F)(F)F)cc(C3(F)CC3)n2)(c2ccc(F)cc2)CC1,1.0,train,../data/images/hERG/72.png
73.0,CC(C)OCC1(C(=O)c2ccc(N)c(Cl)c2)CCCN1,0.0,train,../data/images/hERG/73.png
74.0,Cn1ccnc1[C@]1(O)CC[C@H](N2CC(NC(=O)CNC(=O)c3cccc(C(F)(F)F)c3)C2)CC1,0.0,train,../data/images/hERG/74.png
75.0,Cc1cccc(N2CCN(CCCNC(=O)c3nc(C)n(-c4ccc5c(c4)OCCO5)c3C)CC2)c1C,1.0,train,../data/images/hERG/75.png
76.0,COc1cc(-c2cn([C@H]3C[C@@H](C(F)(F)F)CN(CC(F)(F)F)C3=O)nn2)ccc1-n1cnc(C)c1,0.0,train,../data/images/hERG/76.png
77.0,COC1COCCC1N[C@@H]1C[C@H]2CN(c3nccs3)C[C@@]2(C(=O)N2CCc3ncc(C(F)(F)F)cc3C2)C1,0.0,train,../data/images/hERG/77.png
78.0,CC(=O)Nc1cc(Nc2cc(NC3COC3)n3ncc(C#N)c3n2)ccc1C,0.0,train,../data/images/hERG/78.png
79.0,COc1cc(-c2cn(C3C(=O)NC4CCC3C4)nn2)ccc1-n1cnc(C)c1,1.0,train,../data/images/hERG/79.png
80.0,O=c1[nH]c([C@@H]2CCCN2)nc2c1oc1ccc(Cl)cc12,0.0,train,../data/images/hERG/80.png
81.0,O=C(Nc1ccc(C(F)(F)F)cc1)NS(=O)(=O)c1ccc(OCCN2CCCC2)cc1,0.0,train,../data/images/hERG/81.png
82.0,CC(C)(C)NC(=O)C1c2ccccc2C(=O)N1Cc1ccccc1-c1ccc(F)c(F)c1,0.0,train,../data/images/hERG/82.png
83.0,COc1ccccc1Oc1cccc(CN2CCC3(CC2)CCN(C(=O)c2ccc(Cl)cc2)CC3)c1,1.0,train,../data/images/hERG/83.png
84.0,CCN1CCCC(CN2CCN(C(=O)Nc3ccc(Cl)c(Cl)c3)CC2)C1,1.0,train,../data/images/hERG/84.png
85.0,O=C(NCc1cccnc1OCC(F)(F)F)c1cncc(-c2ccc(Cl)cc2)c1,0.0,train,../data/images/hERG/85.png
86.0,COc1ccccc1Oc1ccccc1CN1CCC2(CC1)CCN(C(=O)c1ccccc1-c1nnn[nH]1)CC2,0.0,train,../data/images/hERG/86.png
87.0,COc1cc2c(cc1OC)[C@H](C[C@H](O)c1ccc(Cl)cc1)N(C)CC2,1.0,train,../data/images/hERG/87.png
88.0,Cc1c(Cl)ccc(OC2CCN(C[C@H](O)CNC(=O)c3c[nH]c(=O)cc3C(F)(F)F)CC2)c1Cl,1.0,train,../data/images/hERG/88.png
89.0,C=CC(=O)N1CCC[C@@H](n2nc(-c3cccc(C(=O)Nc4ccc(C(C)C)c(C)c4)c3)c3c(N)ncnc32)C1,1.0,train,../data/images/hERG/89.png
90.0,COc1cc([C@H]2CC[C@H](N3CC(NC(=O)CNC(=O)c4cccc(C(F)(F)F)c4)C3)CC2)ccn1,1.0,train,../data/images/hERG/90.png
91.0,CC(C)[C@]1(C(=O)NCc2cc(C(F)(F)F)cc(C(F)(F)F)c2)CC[C@@H](N2CCC(c3cncnc3)CC2)C1,1.0,train,../data/images/hERG/91.png
92.0,CS(=O)(=O)N1Cc2ccc(/C=C/C(=O)NO)cc2C1,0.0,train,../data/images/hERG/92.png
93.0,CN(C)CCC1=C(Cc2cnccn2)c2ccc(Cl)cc2C1,1.0,train,../data/images/hERG/93.png
94.0,Cc1ccc2c(-c3nnc(SCCCN4CC5CC5(c5ccccc5)C4)n3C)cccc2n1,1.0,train,../data/images/hERG/94.png
95.0,O=S(=O)(Nc1ccc([C@]23CNC[C@H]2C3)cc1)c1ccc(C(F)(F)F)cc1,1.0,train,../data/images/hERG/95.png
96.0,NC(=O)N1CCN(Cc2ccc3c(c2)Cc2c(-c4csc(C#CCOc5ccccc5)c4)n[nH]c2-3)CC1,1.0,train,../data/images/hERG/96.png
97.0,C=CCN(C(=O)[C@@]1(c2cccs2)C[C@H]1CN)C1CC1,0.0,train,../data/images/hERG/97.png
98.0,Cc1cccc(Nc2nc(N[C@@H]3CCC(F)(F)C[C@@H]3N)ncc2C(N)=O)c1,1.0,train,../data/images/hERG/98.png
99.0,CCOC(=O)COc1ccc2ncc(F)c(CCC34CCC(NCc5ccc6c(n5)NC(=O)CO6)(CC3)CO4)c2n1,1.0,train,../data/images/hERG/99.png
100.0,Cn1cc2c(Nc3nc(N[C@@H]4CCOC[C@@H]4N)cc4cc[nH]c(=O)c34)cccc2n1,0.0,train,../data/images/hERG/100.png
101.0,Cc1ccc(-c2cc3sc(N4CCC(N5CCCCC5)CC4)nc3cn2)cn1,1.0,train,../data/images/hERG/101.png
102.0,c1ccc2c3c([nH]c2c1)C(C1CCCCC1)N[C@@H](c1nc(-c2cnccn2)c[nH]1)C3,1.0,train,../data/images/hERG/102.png
103.0,N#Cc1cc(N2CCN(CCN3CCC(C(F)(F)F)CC3)C2=O)ccc1F,1.0,train,../data/images/hERG/103.png
104.0,O=C(NC1CC1c1ccccc1)N1CCC(n2cncn2)CC1,0.0,train,../data/images/hERG/104.png
105.0,CN(C)C(=O)c1cc(CN2CCOc3c(F)cccc32)c2oc(N3CCOCC3)cc(=O)c2c1,0.0,train,../data/images/hERG/105.png
106.0,CNC(=O)c1cccc(C2CCN([C@@H]3C[C@H]4OCC[C@@]4(C(=O)N4COc5ccc(C(F)(F)F)cc5C4)C3)CC2)c1,1.0,train,../data/images/hERG/106.png
107.0,COc1ccc(-c2nnc(SCCCN3CCc4ccc(-c5cc(C)on5)cc4CC3)n2C)cn1,1.0,train,../data/images/hERG/107.png
108.0,COc1ccc2nccc([C@@H](O)CN3CCC(NCc4ccc5c(c4)OCCO5)CC3)c2c1,0.0,train,../data/images/hERG/108.png
109.0,CC(C)N1CCN(C(=O)N2CCC(NC(=O)C3CCCC3)CC2)CC1,0.0,train,../data/images/hERG/109.png
110.0,O=C(Nc1ccccc1)NS(=O)(=O)c1ccc(OCCCN2CCCCC2)cc1,0.0,train,../data/images/hERG/110.png
111.0,Cc1cc(C)n(CC(NC(=O)NC2CCN(Cc3ccn(-c4ccc(C(F)(F)F)cc4)c3)CC2)c2ccccc2)n1,1.0,train,../data/images/hERG/111.png
112.0,C[C@@H](NC(=O)Cc1ccc(-c2cnn3ncccc23)cc1)c1ccc(OCC(F)(F)F)cn1,0.0,train,../data/images/hERG/112.png
113.0,Cc1ccc(OC(=O)N(CC(=O)O)Cc2cccc(OCc3nc(-c4ccc(Cl)cc4)oc3C)c2)cc1,0.0,train,../data/images/hERG/113.png
114.0,COC1COCCC1N[C@@H]1C[C@H]2CCC[C@@]2(C(=O)N2CCc3ccc(OC(F)(F)F)cc3C2)C1,1.0,train,../data/images/hERG/114.png
115.0,COC(=O)N1CCC(C2N[C@@H](c3nc(-c4ccccc4)c[nH]3)Cc3c2[nH]c2ccccc32)CC1,1.0,train,../data/images/hERG/115.png
116.0,N#Cc1ccc(CNC(=O)N(c2cccc(F)c2)C2CCN(CCC3(c4cccc(F)c4)CCN(C(=O)c4c(F)cccc4F)CC3)CC2)cc1,1.0,train,../data/images/hERG/116.png
117.0,Cc1nc2cnc(Oc3ccc(F)c4cccnc34)cc2c(=O)n1C[C@H]1CCCN(C(C)C)C1,1.0,train,../data/images/hERG/117.png
118.0,N#Cc1ccc2cc1Oc1ccc(Br)c(c1)CN1CC[C@@H](NCc3cncn3C2)C1=O,1.0,train,../data/images/hERG/118.png
119.0,Cc1nc2ccccc2n1C1CC2CCC(C1)N2CCC1(c2cccc(F)c2)CCN(C(=O)c2cc(S(=O)(=O)NC3CC3)c(F)cc2Cl)CC1,0.0,train,../data/images/hERG/119.png
120.0,O=C1c2cccc3c2[C@H](CCC3)CN1[C@@H]1CN2CCC1CC2,1.0,train,../data/images/hERG/120.png
121.0,COc1ccc([C@@H](C)N[C@@H]2CC[C@@H](C(=O)C3CCC(c4ccccc4)(c4nnc(C)s4)CC3)C(C)(C)C2)cc1,0.0,train,../data/images/hERG/121.png
122.0,Fc1ncccc1-c1cnc2nc(N3CCC(N4CCCCC4)CC3)sc2c1,1.0,train,../data/images/hERG/122.png
123.0,CCC(C)C(C)CN1CCC(CNC(=O)c2cc(Cl)cc(Cl)c2)CC1,1.0,train,../data/images/hERG/123.png
124.0,Nc1nc2cc3c(cc2s1)CCN(Cc1cnc[nH]1)CC3,0.0,train,../data/images/hERG/124.png
125.0,CC(C)(O)[C@H]1CC[C@H](Nc2ccn3ncc(-c4cccc(C(F)(F)F)c4)c3n2)CC1,0.0,train,../data/images/hERG/125.png
126.0,CCN(CC)C(=O)c1ccc(C(=C2CCN(Cc3ccc(F)cc3)CC2)c2ccc(NC(C)=O)cc2)cc1,1.0,train,../data/images/hERG/126.png
127.0,N#C[C@@H]1C[C@H](F)CN1C(=O)[C@@H](N)Cc1cscn1,0.0,train,../data/images/hERG/127.png
128.0,CCc1cccc(NC(=O)N2CCc3nc(-c4cnc(C#N)nc4)nc(-c4ccccc4C)c3C2)c1,1.0,train,../data/images/hERG/128.png
129.0,Fc1cccc(C(Cc2ccccc2OC(F)F)N2CCNCC2)c1,1.0,train,../data/images/hERG/129.png
130.0,COc1cc(N2C(=O)N(c3ccc(-c4ccc(C(N)=O)cc4)cc3)C(=O)C23CCN(Cc2ncccc2C)CC3)ncn1,1.0,train,../data/images/hERG/130.png
131.0,O=C(Nc1c[nH]c2ncc(-c3ccccc3F)cc12)c1cnn2ccc(NC[C@H]3CCNC[C@@H]3F)nc12,1.0,train,../data/images/hERG/131.png
132.0,COc1ccc(Nc2cc(N[C@@H]3CCCC[C@@H]3N)nnc2C(N)=O)nc1C(C)C,1.0,train,../data/images/hERG/132.png
133.0,O=C(C1CCN(c2cccc(C(F)(F)F)n2)CC1)N1CC[C@H](N[C@H]2CC[C@@](O)(c3ccc(-c4ncccn4)cn3)CC2)C1,1.0,train,../data/images/hERG/133.png
134.0,C[C@H](c1cccnc1F)c1c(CCN(C)C)sc2ccccc12,1.0,train,../data/images/hERG/134.png
135.0,CCOc1cc2ncc(C(N)=O)c(Nc3ccc(F)cc3F)c2cc1N1CCN(C)C(=O)C1,0.0,train,../data/images/hERG/135.png
136.0,COc1cc(NS(C)(=O)=O)ccc1Nc1c2ccccc2nc2ccccc12,1.0,train,../data/images/hERG/136.png
137.0,c1ccc(Cn2cc(NCCN3CCCCC3)nn2)cc1,0.0,train,../data/images/hERG/137.png
138.0,O=c1c(F)cc2ncc(F)c3c2n1C[C@@]3(O)CN1CCC(NCc2cc3c(cn2)OCCO3)CC1,0.0,train,../data/images/hERG/138.png
139.0,N#Cc1cncc(-c2cc3sc(N4CCC(N5CCCCC5)CC4)nc3cn2)c1,1.0,train,../data/images/hERG/139.png
140.0,O=C(Nc1cccc(C(F)(F)F)c1)n1ccc2cc(Oc3ncnc4c3CCNC4)ccc21,1.0,train,../data/images/hERG/140.png
141.0,Cn1c(SCCCN2CC3CCN(c4ccc(C(F)(F)F)cc4)C3C2)nnc1C1CCCC1,1.0,train,../data/images/hERG/141.png
142.0,COc1cc(-c2cn(Cc3csc4ccccc34)nn2)ccc1-n1cnc(C)c1,1.0,train,../data/images/hERG/142.png
143.0,C=CC(=O)Nc1cc(Nc2ncc(Cl)c(-c3cnn4ccccc34)n2)c(OC)cc1N1CC(N(C)C)C1,1.0,train,../data/images/hERG/143.png
144.0,COc1nn(C2CCN(C(C)=O)CC2)cc1Nc1ncc(Cl)c(-c2cnc3ccccn23)n1,1.0,train,../data/images/hERG/144.png
145.0,Cc1c(F)c(N2CCNC(C)C2)cc2c1c(=O)c(C(=O)O)cn2C1CC1,0.0,train,../data/images/hERG/145.png
146.0,CN(Cc1ccc(OC2CN(C(=O)c3nnc(-c4ccccc4)o3)C2)cc1)CC1(C)COC1,0.0,train,../data/images/hERG/146.png
147.0,O=C(NCCc1ccccc1-c1cccnc1)c1ccc(OCCC(F)(F)F)nc1,1.0,train,../data/images/hERG/147.png
148.0,O=C(CNc1n[nH]c2ccc(C(F)(F)F)cc12)NC1CN([C@H]2CC[C@@H](c3cccnc3)CC2)C1,0.0,train,../data/images/hERG/148.png
149.0,O=C(NC[C@@H](O)CN1CCC(Oc2ccc(Cl)c(Cl)c2)CC1)c1c[nH]nc1C(F)(F)F,1.0,train,../data/images/hERG/149.png
150.0,CCCCCCCN(CC)C/C=C/c1ccc(Cl)cc1,1.0,train,../data/images/hERG/150.png
151.0,O=C(c1ccccn1)[C@]12Cc3cnn(-c4ccc(F)cc4)c3C=C1CCN(S(=O)(=O)c1ccc(F)cc1)C2,1.0,train,../data/images/hERG/151.png
152.0,Cc1cc2[nH]c(C3CCN(CCn4c(=O)ccc5ncc(Oc6ccc(S(N)(=O)=O)cc6)cc54)CC3)nc2cc1C#N,0.0,train,../data/images/hERG/152.png
153.0,CCN(CC)C(=O)c1ccc(C2=CC3(CCCNC3)Oc3ccccc32)cc1,0.0,train,../data/images/hERG/153.png
154.0,O=C(C1CC2(CCN(C3CCOCC3)CC2)C1)N1CCN2CCCCC2C1,0.0,train,../data/images/hERG/154.png
155.0,Cc1ccc(N2CCN(CCN(C)C[C@]34CC[C@H](CC3)C4(C)C)C2=O)cc1,1.0,train,../data/images/hERG/155.png
156.0,Cc1nc(Nc2cc(N[C@@H]3CCCC[C@@H]3N)nnc2C(N)=O)ccc1F,0.0,train,../data/images/hERG/156.png
157.0,Cc1nc(C)c(-c2nnc(SCCCN3CCC4(CCc5ccc(Cl)cc54)C3)n2C)s1,1.0,train,../data/images/hERG/157.png
158.0,C[C@H]1Cc2c(ncnc2Oc2ccc3c(ccn3C(=O)Nc3cc(C4(C)CC4)[nH]n3)c2)CN1,0.0,train,../data/images/hERG/158.png
159.0,COc1cc2c(cc1Nc1ncc(Cl)c(Nc3ccc(N4CCOCC4)cc3OC)n1)CCN(CC(=O)N(C)C)CC2,1.0,train,../data/images/hERG/159.png
160.0,CC(=O)Nc1cccc(N2CCN(CCCCN(C)S(=O)(=O)CC(C)C)CC2)c1,1.0,train,../data/images/hERG/160.png
161.0,O=C1CCCN1C1CCN(CCc2ccc(Oc3nc4ccccc4s3)cc2)CC1,1.0,train,../data/images/hERG/161.png
162.0,Cc1ccnc(C)c1C(=O)N1CCC(C)(N2CCC(N(c3ccccc3)c3cccnc3)CC2)CC1,0.0,train,../data/images/hERG/162.png
163.0,CC(C)(C1CCN(C(=O)c2cc(F)ccc2S(C)(=O)=O)CC1)S(=O)(=O)c1cccc(C(F)(F)F)c1,0.0,train,../data/images/hERG/163.png
164.0,CC1(C)Oc2c(CN3CCC4(CC3)CCN(C(=O)c3ccc(N)cn3)CC4)cccc2C1(F)F,0.0,train,../data/images/hERG/164.png
165.0,CS(=O)(=O)c1ccc(C(=O)N2CCN(c3ccc(OC4CCN(C5CCC5)CC4)cc3)C(=O)C2)cc1,0.0,train,../data/images/hERG/165.png
166.0,Cc1ncoc1-c1nnc(SCCCN[C@@H]2CC3C[C@]3(c3ccc(C(F)(F)F)cc3F)C2)n1C,1.0,train,../data/images/hERG/166.png
167.0,CS(=O)(=O)c1cccc(C[C@H](NC(=O)c2c(Cl)cc3c(c2Cl)CCN(C(=O)c2ccc4ccoc4c2)C3)C(=O)O)c1,0.0,train,../data/images/hERG/167.png
168.0,CCCS(=O)(=O)N1CCN(C2(CNC(=O)c3c(F)cccc3F)CCC(F)(F)CC2)CC1,0.0,train,../data/images/hERG/168.png
169.0,O=C(CNC(=O)c1ccccc1)NC1CN([C@H]2CC[C@H](c3ccc4c(c3)OCO4)CC2)C1,1.0,train,../data/images/hERG/169.png
170.0,O=[N+]([O-])c1ccc(S(=O)(=O)N2CCC(CN3CCC(c4noc5cc(F)ccc45)CC3)CC2)cc1,1.0,train,../data/images/hERG/170.png
171.0,CC(C)(O)[C@]1(C(=O)NCc2cc(C(F)(F)F)cc(C(F)(F)F)c2)CC[C@@H](N2CCC(c3ccc(F)cc3)CC2)C1,1.0,train,../data/images/hERG/171.png
172.0,CSc1nc(C)cc(C(=O)NCCN2CCN(c3cccc(C)c3C)CC2)n1,0.0,train,../data/images/hERG/172.png
173.0,COc1cc(-c2cn(C3CC([Si](C)(C)C)CCNC3=O)nn2)ccc1-n1cnc(C)c1,1.0,train,../data/images/hERG/173.png
174.0,CC(=O)Nc1ccc2c(c1)N(c1cc(NC3CC3)n3ncc(C#N)c3n1)CC2,0.0,train,../data/images/hERG/174.png
175.0,Cc1ncoc1-c1nnc(SCCCN2CC3CCN(c4ccccc4OC(F)(F)F)C3C2)n1C,1.0,train,../data/images/hERG/175.png
176.0,COc1ccc2c(-c3cnn(-c4ccccc4)c3)ccnc2c1,1.0,train,../data/images/hERG/176.png
177.0,Cc1ncccc1-c1nc2cn(-c3cccc(OC(F)F)c3)nc2c(=O)n1C[C@H]1CCCN(C[C@H]2CCCO2)C1,1.0,train,../data/images/hERG/177.png
178.0,COc1cc(N2C(=O)N(c3ccc(-c4ccc5[nH]ncc5c4)cc3)C(=O)C23CCN(Cc2ncccc2C)CC3)ncn1,1.0,train,../data/images/hERG/178.png
179.0,COc1ccc(C2Sc3ccccc3N(CCN(C)C)C(=O)C2OC(C)=O)cc1,0.0,train,../data/images/hERG/179.png
180.0,CCOC(=O)[C@H]1CC[C@@H](N2CC(NC(=O)CNc3nn(C4CCCC4)c4ccc(C(F)(F)F)cc34)C2)CC1,1.0,train,../data/images/hERG/180.png
181.0,CCOC(=O)C1CCN(CCOc2ccc(S(=O)(=O)NC(=O)Nc3ccccc3)cc2)CC1,0.0,train,../data/images/hERG/181.png
182.0,CNC(=O)N1CCC(C2N[C@@H](c3nc(-c4ccccc4)c[nH]3)Cc3c2[nH]c2ccccc32)CC1,1.0,train,../data/images/hERG/182.png
183.0,NC[C@]1(c2cccc(Cl)c2)CC[C@H](n2nc(-c3cccnc3)ccc2=O)CC1,1.0,train,../data/images/hERG/183.png
184.0,Cc1c(-c2ccc3cc(CCN4CCC[C@H]4C)ccc3n2)cnn1-c1ccc(Cl)c(Cl)c1,1.0,train,../data/images/hERG/184.png
185.0,CS(=O)(=O)Cc1ccc(CN2[C@@H]3CC[C@H]2C[C@H](Oc2cccc(C(N)=O)c2)C3)cc1,1.0,train,../data/images/hERG/185.png
186.0,CC(C)(C)CCN1CCC(CNC(=O)c2cc(Cl)cc(Cl)c2)CC1,1.0,train,../data/images/hERG/186.png
187.0,O=C(CCCCCCC(=O)Nc1ccc2ccnc(Nc3ccc(Br)cc3F)c2c1)NO,0.0,train,../data/images/hERG/187.png
188.0,COc1ccc2c(c1)CC(CCN(C)C)=C2Cc1cnccn1,1.0,train,../data/images/hERG/188.png
189.0,CN(C)CCC1CCN(c2cc(C(=O)NC[C@H]3CC[C@H](CNC(=O)OCC(C)(C)C)CC3)c3ccccc3n2)CC1,0.0,train,../data/images/hERG/189.png
190.0,CNC(=O)c1cccc(NC(=O)N2CCC(Oc3ccccc3Cl)CC2)c1,0.0,train,../data/images/hERG/190.png
191.0,N[C@H](C(=O)N1CC(c2cc(F)ccc2F)=C[C@H]1c1ccccc1)C1CC1,1.0,train,../data/images/hERG/191.png
192.0,CCN(CC)c1ccc(NC(=O)C2(N(C)C(=O)OCC(C)C)CCc3cccc(OC)c3C2)cc1,1.0,train,../data/images/hERG/192.png
193.0,COCc1ccc(CCN2CCC(COc3nc4ccccc4c4cn(C)cc34)CC2)cc1,1.0,train,../data/images/hERG/193.png
194.0,CCOC(=O)[C@H]1CC[C@@H](N2CC(NC(=O)CNC3=NC(Cc4ccccc4)c4ccc(C(F)(F)F)cc43)C2)CC1,1.0,train,../data/images/hERG/194.png
195.0,Cn1cc2c(OCC3CCN(CCN4CCOCC4)CC3)nc3ccccc3c2c1,1.0,train,../data/images/hERG/195.png
196.0,O=C(CNc1ncnc2ccc(C(F)(F)F)cc12)NC1CN([C@H]2CC[C@@H](c3ccccc3O)CC2)C1,1.0,train,../data/images/hERG/196.png
197.0,Cc1ccc(C(=O)N2CCN(c3ccc(OCCCN4CCCCC4)cc3)C(=O)C2)cc1,0.0,train,../data/images/hERG/197.png
198.0,FC(F)(F)c1cc(Nc2ccccc2)nc(NCc2ccccn2)n1,0.0,train,../data/images/hERG/198.png
199.0,C[C@@H]1CN(C(=O)OC2(C(F)(F)F)COC2)CCN1c1ncc(OCc2ccc(S(C)(=O)=O)cc2F)cn1,0.0,train,../data/images/hERG/199.png
200.0,C[C@@H]1CCCN1CCCOc1ccc(C2=NNC(=O)C(C)(C)C2)cc1,0.0,train,../data/images/hERG/200.png
201.0,Cc1ccc2c(-c3nnc(SCCCN4CCc5cc6nc(C7CC7)oc6cc5CC4)n3C)cccc2n1,1.0,train,../data/images/hERG/201.png
202.0,O=C1N(CCN2Cc3ccccc3C2)CCN1Cc1cc(Cl)ccc1Cl,1.0,train,../data/images/hERG/202.png
203.0,Cc1nc2ccc(Oc3ccc(F)cc3)nc2c(=O)n1C[C@H]1CCCN(C(C)C)C1,1.0,train,../data/images/hERG/203.png
204.0,COc1cccc2nc(C#Cc3ccccc3)ccc12,0.0,train,../data/images/hERG/204.png
205.0,COc1cccc(-c2c[nH]c([C@H]3Cc4c([nH]c5ccccc45)[C@@H](C4CCOCC4)N3)n2)c1,1.0,train,../data/images/hERG/205.png
206.0,Nc1ccc(-c2nnc(C3CCN(Cc4ccc(-c5nc6cc[nH]c(=O)c6cc5-c5ccccc5)cc4)CC3)[nH]2)cn1,1.0,train,../data/images/hERG/206.png
207.0,CS(=O)(=O)Cc1cc(N2CCOCC2)nc(-c2ccc(NC(=O)Nc3ccc(F)cc3)cc2)n1,0.0,train,../data/images/hERG/207.png
208.0,N#Cc1ccc(Cn2cncc2CN[C@H]2CCN(C(=O)c3cccc(Cl)c3)C2=O)cc1,1.0,train,../data/images/hERG/208.png
209.0,C[C@@H](O)c1nc2cnc3[nH]ccc3c2n1[C@H]1CCCOC1,0.0,train,../data/images/hERG/209.png
210.0,CCC1OC(=O)C(C)C(OC2CC(C)(OC)C(O)C(C)O2)C(C)C(OC2OC(C)CC(N(C)C)C2O)C(C)(O)CC(C)C(=O)C(C)C(O)C1(C)O,0.0,train,../data/images/hERG/210.png
211.0,Cc1cnc(Nc2cc(N3CCOCC3)nc(N[C@@H](C)c3ncc(F)cn3)n2)s1,0.0,train,../data/images/hERG/211.png
212.0,CN(C(=O)Cc1ccc(-n2cnnn2)cc1)C1CCN(Cc2nc3cc(F)ccc3s2)CC1,1.0,train,../data/images/hERG/212.png
213.0,CO[C@H](C)C(=O)N[C@@H](Cc1ccc2c(c1)OCO2)[C@H](O)CN[C@H]1CC2(CCC2)Oc2ncc(CC(C)(C)C)cc21,0.0,train,../data/images/hERG/213.png
214.0,CC(=O)N1C[C@@H](Oc2cccc(F)c2)C[C@@H]1C(=O)N1CCCN(C2CCC2)CC1,1.0,train,../data/images/hERG/214.png
215.0,Cn1c(SCCCN2C[C@@H]3C[C@]3(c3ccc(C(F)(F)F)cc3)C2)nnc1-c1cncnc1,1.0,train,../data/images/hERG/215.png
216.0,CC1(C)CN2C(CS/C(=N\C3CCCCC3)NC3CCCCC3)=CSC2=N1,0.0,train,../data/images/hERG/216.png
217.0,COC1COCCC1N[C@@H]1C[C@H]2CCC[C@@]2(C(=O)N2CCc3ncc(Cl)cc3C2)C1,0.0,train,../data/images/hERG/217.png
218.0,COc1cccc(-c2cccc(C3(C)N=C(C)C(N)=N3)c2)c1,0.0,train,../data/images/hERG/218.png
219.0,O=C(NC1CCN(Cc2ccc(OCCCN3C(=O)CSC3=O)c(F)c2)CC1)c1cc(=O)c2ccc(F)cc2o1,1.0,train,../data/images/hERG/219.png
220.0,COc1ccc(CCNC(=O)c2ccc(OCCC(F)(F)F)nc2)c(-c2cnc(OC)nc2)c1,1.0,train,../data/images/hERG/220.png
221.0,N#Cc1ccc(Cn2cncc2CN[C@H]2CCN(C(=O)c3cccnc3O)C2=O)cc1,0.0,train,../data/images/hERG/221.png
222.0,O=C1COc2ccc(CNC34CCC(CCc5ccnc6ccc(C(F)(F)F)nc56)(CC3)OC4)nc2N1,1.0,train,../data/images/hERG/222.png
223.0,Cc1nc2cc3c(cc2o1)CCN(CCCCSc1nnc(-c2ocnc2C)n1C)CC3,0.0,train,../data/images/hERG/223.png
224.0,COc1cc(N)c(Cl)cc1C(=O)NC1CCN(Cc2ccccc2)CC1,1.0,train,../data/images/hERG/224.png
225.0,Cc1cc(N2CC[C@H](N3CCC[C@@H]3C)C2)ccc1NC(=O)C1CCOCC1,0.0,train,../data/images/hERG/225.png
226.0,COc1ccc2nccc(NC(=O)[C@H]3CC[C@H](NCc4cc5c(cn4)OCCO5)CC3)c2n1,0.0,train,../data/images/hERG/226.png
227.0,CC(C)CN(C(=O)c1cccc(C(F)(F)F)c1Cl)[C@H]1CCNC1,1.0,train,../data/images/hERG/227.png
228.0,Cc1ncc(-c2nc(Nc3ccc(N4CCOCC4)cc3)ncc2F)n1C(C)C,0.0,train,../data/images/hERG/228.png
229.0,Cc1cccc(C(=O)Nc2cccc(NC(=O)c3ccccc3C(F)(F)F)c2)c1,0.0,train,../data/images/hERG/229.png
230.0,CCOC[C@H](Oc1ncnc2c1cnn2-c1ncccc1Cl)C(=O)Nc1ccc(C#N)cn1,0.0,train,../data/images/hERG/230.png
231.0,COc1ccc(-n2c(C)nnc2SCc2nc(-c3ccc(OC)c(OC)c3)no2)cc1,0.0,train,../data/images/hERG/231.png
232.0,Cc1ccc2c(-c3nnc(SCCC(C)N4CCc5cc6c(cc5CC4)C(=O)N(C)C6)n3C)cccc2n1,0.0,train,../data/images/hERG/232.png
233.0,CC(=O)Nc1cccc(-c2ccc([C@H]3CN(C)C[C@@H]3NS(=O)(=O)C(C)C)cc2)c1,0.0,train,../data/images/hERG/233.png
234.0,O=C(c1ccc(F)cc1)N1CCN(c2ccc(OC3CCN(C4CCCC4)CC3)cc2)C(=O)C1,0.0,train,../data/images/hERG/234.png
235.0,CN1C[C@H]2CCC[C@@]2(c2ccc(Cl)c(Cl)c2)C1,1.0,train,../data/images/hERG/235.png
236.0,COC(=O)N1CCC(C)(CN2CCC3(CC2)CN(S(C)(=O)=O)c2ncccc23)CC1,0.0,train,../data/images/hERG/236.png
237.0,COc1ccccc1Oc1ccccc1CN1CCC2(CC1)CCN(C(=O)c1ccncn1)CC2,1.0,train,../data/images/hERG/237.png
238.0,O=C(Nc1ccc(-c2nnc(NCCCN3CCCCC3)o2)c(Cl)c1)c1ccccc1F,1.0,train,../data/images/hERG/238.png
239.0,O=C(NC1CCN(Cc2ccn(-c3ccc(C(F)(F)F)cc3)c2)CC1)N[C@H](CO)c1ccccc1,0.0,train,../data/images/hERG/239.png
240.0,COC1COCCC1N[C@@H]1C[C@H]2CNC[C@@]2(C(=O)N2CCc3ncc(C(F)(F)F)cc3C2)C1,0.0,train,../data/images/hERG/240.png
241.0,CC1(c2cccc(-c3cccnc3)c2)N=C(N)C(c2ccccc2)=N1,0.0,train,../data/images/hERG/241.png
242.0,C[C@@H]1CN(c2nc(N3CCOCC3)c3ccc(-c4cccc(CNCCO)c4)nc3n2)C[C@H](C)O1,0.0,train,../data/images/hERG/242.png
243.0,Cc1nc(C(=O)NCCCN2CCN(c3cccc(Cl)c3Cl)CC2)cc(C(C)C)n1,1.0,train,../data/images/hERG/243.png
244.0,CC(Oc1ccc(S(C)(=O)=O)cc1C(=O)N1CCN(c2ncc(C(F)(F)F)cc2Cl)CC1)C(F)(F)F,1.0,train,../data/images/hERG/244.png
245.0,N#Cc1c[nH]c(C(=O)Nc2ccc(C3CCN(C(=O)CN4CCOCC4)CC3)cc2C2=CCCCC2)n1,0.0,train,../data/images/hERG/245.png
246.0,Cc1ccccc1S(=O)(=O)N1Cc2ccc(/C=C/C(=O)NO)cc2C1,0.0,train,../data/images/hERG/246.png
247.0,CSc1nc(-c2cc(OCCN3CCCC3)c(Cl)cc2Cl)c2c(C#N)c[nH]c2n1,1.0,train,../data/images/hERG/247.png
248.0,O=C(NC1CCN(Cc2ccn(-c3ccc(C(F)(F)F)cc3)c2)CC1)N1CCCC1Cc1cccnc1,1.0,train,../data/images/hERG/248.png
249.0,O=C(c1cccc(Cl)c1Cl)N(C1=CCOC=C1)[C@H]1CCNC1,0.0,train,../data/images/hERG/249.png
250.0,CCn1cc([C@@]2(c3nn(CC(=O)O)c(=O)o3)N[C@@H](c3nc(-c4ccc(F)cn4)c[nH]3)Cc3c2[nH]c2ccccc32)cn1,0.0,train,../data/images/hERG/250.png
251.0,CC(Oc1ccc(S(C)(=O)=O)cc1C(=O)N1CCN(c2ccc(C(F)(F)F)cc2)CC1)C(F)(F)F,1.0,train,../data/images/hERG/251.png
252.0,CNC(=O)c1ccc(Nc2ncc(F)c(-c3cnc(C)n3C(C)C)n2)cc1F,0.0,train,../data/images/hERG/252.png
253.0,O=c1cc([C@H]2CCN[C@@H](Cc3ccccc3)C2)o[nH]1,0.0,train,../data/images/hERG/253.png
254.0,COc1cc(N)c(Cl)cc1C(=O)N[C@H]1CCN(CCCn2cncn2)C[C@H]1OC,1.0,train,../data/images/hERG/254.png
255.0,CCN(CC)CCCCNc1nnc(-c2ccc(NC(=O)c3ccccc3F)cc2)o1,0.0,train,../data/images/hERG/255.png
256.0,CCCOCCn1c(=O)c(N2CCN(CC)CC2)nc2cnc(-c3ccc(OC)nc3)cc21,1.0,train,../data/images/hERG/256.png
257.0,COc1ccc2c(c1)CC(CCN(C)C)=C2[C@@H](C)c1nccnc1OC,1.0,train,../data/images/hERG/257.png
258.0,O=C(Nc1ccc(-c2nnc(NCCCN3CCCCC3)o2)c(F)c1)c1ccccc1F,1.0,train,../data/images/hERG/258.png
259.0,O=C(Nc1cc(Cl)ccc1Cl)NS(=O)(=O)c1ccc(OCCCN2CCCC2)cc1,0.0,train,../data/images/hERG/259.png
260.0,O=C1O[C@]2(CC[C@H](c3nc4cc(C(F)(F)F)ccc4[nH]3)CC2)CN1c1ccccc1,1.0,train,../data/images/hERG/260.png
261.0,CC(C)=CCn1c(N2CCC[C@H](N)C2)c(C#N)c2c1c(=O)n(Cc1nccc3ccccc13)c(=O)n2C,1.0,train,../data/images/hERG/261.png
262.0,CC(C)c1cc(C#N)cc2nc(-c3ccc(C(=O)NC[C@H]4CC[C@H](c5ccc(C(C)(C)C)cc5)CC4)cc3)oc12,0.0,train,../data/images/hERG/262.png
263.0,N#Cc1ccc(C(=O)N2CCN(c3ccc(OCCCN4CCCC4)cc3)C(=O)C2)cc1,0.0,train,../data/images/hERG/263.png
264.0,COc1cccc2c1nc(N)n1nc(CN3CCN(c4ccncc4)C[C@H]3C)nc21,1.0,train,../data/images/hERG/264.png
265.0,C(#Cc1cc(-c2n[nH]c3c2Cc2cc(Cn4cccn4)ccc2-3)cs1)COc1ccccc1,0.0,train,../data/images/hERG/265.png
266.0,Cc1ncc(-c2nc(Nc3ccc(C(N)=O)cc3)ncc2F)n1C(C)C,0.0,train,../data/images/hERG/266.png
267.0,O=C(c1ccccn1)[C@]12Cc3cnn(-c4ccc(F)cc4)c3C=C1CCN(S(=O)(=O)c1ccc(C(F)(F)F)cc1)C2,1.0,train,../data/images/hERG/267.png
268.0,NC(=O)c1cccc(O[C@@H]2C[C@H]3CC[C@@H](C2)N3Cc2ccccn2)c1,1.0,train,../data/images/hERG/268.png
269.0,Cc1cc(OCCN2CCOCC2)nn1-c1ccc2ccccc2c1,0.0,train,../data/images/hERG/269.png
270.0,O=C(O)C[C@@H]1COc2cc3c(cc21)OC[C@@H](c1cccc(Cl)c1)O3,0.0,train,../data/images/hERG/270.png
271.0,Cc1ncc(-c2ccnc(Nc3ccc(C(N)=O)cc3)n2)n1C(C)C,0.0,train,../data/images/hERG/271.png
272.0,FC(F)(F)c1ccc(C2=CC3(CCNCC3)Oc3ccccc32)cc1,1.0,train,../data/images/hERG/272.png
273.0,Cc1c(-c2noc(-c3ccc(OC(C)C)c(C#N)c3)n2)ccc2c1CCN(C(CO)CO)C2,0.0,train,../data/images/hERG/273.png
274.0,CC[C@]1(c2cccc(NS(C)(=O)=O)c2)[C@@H]2CN(CC3Cc4ccccc4C3)C[C@@H]21,1.0,train,../data/images/hERG/274.png
275.0,CCC(=O)N1CCC(c2ccc(C(=O)NC(=N)N)cc2C(F)(F)F)CC1,0.0,train,../data/images/hERG/275.png
276.0,CC(=O)OCC(=O)NC1CCN(CCc2ccc(Oc3nc4ccccc4s3)cc2)CC1,1.0,train,../data/images/hERG/276.png
277.0,CN(C)[C@@H]1CCC[C@H]1Nc1nc(Nc2ccc(S(C)(=O)=O)cc2)ncc1C(F)(F)F,1.0,train,../data/images/hERG/277.png
278.0,CN(CCN1CCN(C2COOC2)C1=O)C[C@]12CC[C@H](CC1)C2(C)C,1.0,train,../data/images/hERG/278.png
279.0,CC(=O)Nc1ccc2c3c(cccc13)C(=O)N(CCCCN1CCC(Nc3nc4ccccc4n3Cc3ccc(F)cc3)CC1)C2=O,1.0,train,../data/images/hERG/279.png
280.0,C=C[C@H]1CN2CC[C@H]1C[C@@H]2[C@@H](O)c1ccnc2ccc(OC)cc12,1.0,train,../data/images/hERG/280.png
281.0,COc1ccccc1N1CCN(C[C@@H](O)COc2ccc(C(F)(F)F)cc2)CC1,1.0,train,../data/images/hERG/281.png
282.0,O=C(CNC(=O)c1cccc(C(F)(F)F)c1)NC1CN([C@H]2CC[C@@](O)(c3nncs3)CC2)C1,0.0,train,../data/images/hERG/282.png
283.0,CCc1cn(-c2ccc(F)cc2)c2ccc(Cl)cc12,0.0,train,../data/images/hERG/283.png
284.0,CC1(C)CC(NC(=O)CCO)c2cc(-c3ccc(Cl)cc3)c(-c3ccc(Cl)cc3Cl)nc2O1,1.0,train,../data/images/hERG/284.png
285.0,N#Cc1ccc(N2N=C(c3ccc4[nH]c(=O)oc4c3)C[C@@H]2c2ccc(F)cc2)cc1,1.0,train,../data/images/hERG/285.png
286.0,Cc1ccc2c(-c3nnc(SCCCN4CCc5ccc6oc(C(F)(F)F)nc6c5CC4)n3C)cccc2n1,1.0,train,../data/images/hERG/286.png
287.0,COc1ccc(-c2nnc(C(=O)N3CC(Oc4ccc(CN(C)C)c(F)c4)C3)o2)cc1,0.0,train,../data/images/hERG/287.png
288.0,NC[C@]1(c2cccc(Cl)c2)CC[C@H](N2CCn3c(nnc3C(F)(F)F)C2=O)CC1,0.0,train,../data/images/hERG/288.png
289.0,NCc1ccc(F)c(C2CCN(C(=O)c3cc(C(=O)O)cc(-c4nc(-c5cccs5)no4)c3)CC2)c1,0.0,train,../data/images/hERG/289.png
290.0,O=C(CC1CCN(Cc2ccn(-c3ccc(C(F)(F)F)cn3)c2)CC1)NC(c1ccc(F)cc1)c1ccc(F)cc1,1.0,train,../data/images/hERG/290.png
291.0,CC(C)(O)C(=O)N1CCC(CCN2CCC(N(C(=O)NCc3ccc(C#N)cc3)c3cccc(F)c3)CC2)(c2cccc(F)c2)CC1,1.0,train,../data/images/hERG/291.png
292.0,CCC(CC)N(C(=O)c1cccc(Cl)c1Cl)[C@H]1CCNC1,1.0,train,../data/images/hERG/292.png
293.0,O=C(CC1CCN(Cc2ccn(-c3ccc(C(F)(F)F)cc3)c2)CC1)NC(c1ccccc1)c1cnc[nH]1,0.0,train,../data/images/hERG/293.png
294.0,CC(=O)C1=NN(c2ccccc2)/C(=C2/S/C(=N\c3nc(-c4ccccc4)cc(-c4ccccc4)c3C#N)N(c3ccccc3)C2=O)S1,1.0,train,../data/images/hERG/294.png
295.0,CCN(CC)Cc1ccc2c(c1)CC[C@H](N1CCN(CCC3CCCCC3)CC1=O)C2,1.0,train,../data/images/hERG/295.png
296.0,Cc1cc(F)ccc1C1CCN(CC2Cc3c(Cl)ccc(O)c3CN2)CC1,1.0,train,../data/images/hERG/296.png
297.0,COc1ccc(CCN2C(=O)N(NS(C)(=O)=O)CC2c2ccc(C)cc2)cc1,0.0,train,../data/images/hERG/297.png
298.0,C[C@@H]1CCCN1CCCOc1ccc(N2CCN(C(=O)c3ccc(F)cc3F)CC2=O)cc1,1.0,train,../data/images/hERG/298.png
299.0,CCN1CCN(c2cc3[nH]c(C(=O)[C@]4(C)CC[C@](C)(O)CC4)nc3cc2Cl)CC1,1.0,train,../data/images/hERG/299.png
300.0,O=C1OCc2cc(CCN3CCN(C(=O)Cc4ccc(-n5cnnn5)nc4)CC3)ccc21,1.0,train,../data/images/hERG/300.png
301.0,COc1cc(/C=C/c2nc3ccccc3[nH]2)ccc1-n1cnc(C)c1,1.0,train,../data/images/hERG/301.png
302.0,O=C(C1CC12CCN(C1CCOCC1)CC2)N1CCN(C2CC2)CC1,0.0,train,../data/images/hERG/302.png
303.0,CC(C)S(=O)(=O)N[C@H]1CN(c2ccccc2)C[C@@H]1c1ccc(-c2cccc(NS(C)(=O)=O)c2)cc1,1.0,train,../data/images/hERG/303.png
304.0,CC(C)N(C)[C@@H]1CC[C@H](N2CC[C@H](NC(=O)c3cccc(C(F)(F)F)n3)C2=O)[C@H](CS(C)(=O)=O)C1,0.0,train,../data/images/hERG/304.png
305.0,NS(=O)(=O)c1ccc(OCCN2CCCC2)cc1,0.0,train,../data/images/hERG/305.png
306.0,COc1cc(N2CCN(C(N)=O)CC2)ccc1Nc1ncc(Cl)c(-c2cnc3ccccn23)n1,0.0,train,../data/images/hERG/306.png
307.0,FC(F)(F)Oc1cccc(-c2c[nH]c([C@H]3Cc4c([nH]c5ccccc45)[C@@H](C4CCOCC4)N3)n2)c1,1.0,train,../data/images/hERG/307.png
308.0,COc1ncc2ncc(=O)n(CCN3CCC(NCc4cc5c(cn4)OCCO5)CC3)c2n1,0.0,train,../data/images/hERG/308.png
309.0,Cc1ncc(-c2ccnc(Nc3ccc(C(N)=O)c(F)c3)n2)n1C(C)C,1.0,train,../data/images/hERG/309.png
310.0,CC#Cc1cncc(-c2cc(C3(C4CC4)N=C(C)C(N)=N3)ccc2O)c1,0.0,train,../data/images/hERG/310.png
311.0,CCN(CC)C(=O)c1ccc(C2=CC3(CCNCC3)Oc3ccccc32)s1,1.0,train,../data/images/hERG/311.png
312.0,Fc1ccc(Cn2cc(NCCN3CCCCC3)nn2)cc1,0.0,train,../data/images/hERG/312.png
313.0,CS(=O)(=O)c1ccc2c(c1)N(CCN1CCC(NCc3ccc4c(n3)NC(=O)CO4)CC1)C(=O)CO2,0.0,train,../data/images/hERG/313.png
314.0,CN1CCN(c2cccc3c2C[C@H](NC(=O)c2ccc(OCC(F)(F)F)nc2)CO3)CC1,1.0,train,../data/images/hERG/314.png
315.0,Cc1ncoc1-c1nnc(SCCCN2CCC3(CCCc4cc(Br)ccc43)C2)n1C,1.0,train,../data/images/hERG/315.png
316.0,Cc1ncoc1-c1nnc(SCCCN2CC3CC3(c3ccc(S(F)(F)(F)(F)F)cc3)C2)n1C,1.0,train,../data/images/hERG/316.png
317.0,CSc1ccccc1C(=O)N(C1CCCC1)[C@H]1CCNC1,0.0,train,../data/images/hERG/317.png
318.0,C[C@@H](c1ccc(-c2ccc(=O)n(C)c2F)cc1)[C@H](N)C(=O)N1CC[C@H](F)C1,0.0,train,../data/images/hERG/318.png
319.0,COc1cc(F)ccc1-c1cncc(NCc2ccccc2)c1,1.0,train,../data/images/hERG/319.png
320.0,c1ccc(N2CCN(CC3CCCCN3)C2)cc1,0.0,train,../data/images/hERG/320.png
321.0,CC(C)(O)C(=O)c1oc2nc(-c3ccccc3Cl)c(-c3ccc(Cl)cc3)cc2c1NC(=O)CO,1.0,train,../data/images/hERG/321.png
322.0,Clc1ccc(-n2c(-c3ccc(Cl)cc3Cl)nc3c(NN4CCCCC4)ncnc32)cc1,1.0,train,../data/images/hERG/322.png
323.0,CCN(C(=O)Cc1ccc(S(C)(=O)=O)cc1)C1CCN(CC[C@@H](c2ccccc2)N2CCN(S(=O)(=O)CC(F)(F)F)CC2)CC1,1.0,train,../data/images/hERG/323.png
324.0,C[C@@H]1CCCN1CCc1cc2cc(-c3ccc(C#N)cc3)ccc2o1,1.0,train,../data/images/hERG/324.png
325.0,O=C(C1CCOC1)N1C[C@@H]2[C@H](CNc3nc(-c4ccccn4)cs3)[C@@H]2C1,1.0,train,../data/images/hERG/325.png
326.0,Cc1ccc(COCc2cccc(COCc3ccc(C)cc3)[n+]2C)cc1,1.0,train,../data/images/hERG/326.png
327.0,COCCOCC#Cc1cc(-c2n[nH]c3c2Cc2ccc(Cn4cncn4)cc2-3)cs1,0.0,train,../data/images/hERG/327.png
328.0,COc1ccccc1[C@@H](C)N[C@@H]1CC[C@@H](C(=O)N2CCC(C(=O)N3CCCC3)(c3ccccc3)CC2)C(C)(C)C1,0.0,train,../data/images/hERG/328.png
329.0,COc1cnc2ccc(=O)n(CCN3CCC(c4nc5cc(Cl)ccc5[nH]4)CC3)c2c1,1.0,train,../data/images/hERG/329.png
330.0,C[C@H]1CN(C(=O)c2ccc(-c3ccccc3F)cc2)CCN1C(=O)c1ccc2cc[nH]c2c1,0.0,train,../data/images/hERG/330.png
331.0,CN(C)Cc1ccc2c(c1)CC[C@H](N(C)C(=O)c1ccc(-c3ccc(F)cc3)cn1)C2,1.0,train,../data/images/hERG/331.png
332.0,CCCN(c1cncnc1)P(=O)(c1ccccc1)c1ccccc1,0.0,train,../data/images/hERG/332.png
333.0,COC(=O)c1ccc2c(c1)N(CCN1CCC(NCc3ccc4c(n3)NC(=O)CO4)CC1)C(=O)CO2,0.0,train,../data/images/hERG/333.png
334.0,N#Cc1cccc(NP(=O)(c2ccccc2)c2ccccc2)c1,0.0,train,../data/images/hERG/334.png
335.0,N[C@@H]1CCCN(c2c(Cl)cccc2/C=C2\SC(=O)NC2=O)C1,0.0,train,../data/images/hERG/335.png
336.0,CNC(=O)[C@@H](C)Oc1cccc2ncnc(Nc3ccc(OCc4ccccn4)c(Cl)c3)c12,0.0,train,../data/images/hERG/336.png
337.0,COc1ccc2nccc(NC(=O)[C@]3(O)CC[C@@H](NCc4cc5c(cn4)OCCO5)CC3)c2c1,0.0,train,../data/images/hERG/337.png
338.0,CC(=O)N1CCC(C(=O)N(CCCN2CCN(Cc3ccc(F)cc3)CC2)c2ccc(C)c(Cl)c2)CC1,1.0,train,../data/images/hERG/338.png
339.0,c1ccc2c3c([nH]c2c1)[C@@H](C1CCOCC1)N[C@@H](c1nc(-c2cscn2)c[nH]1)C3,1.0,train,../data/images/hERG/339.png
340.0,COc1cc(Nc2cccc3c2nc(-c2ccc(F)cc2)n3C)cnc1-n1cnc(C)c1,1.0,train,../data/images/hERG/340.png
341.0,O=C(c1ccccc1C(F)(F)F)N(c1ccccc1)[C@H]1CCNC1,0.0,train,../data/images/hERG/341.png
342.0,CCCCCCCN(CC)CC#Cc1ccc(Cl)cc1,1.0,train,../data/images/hERG/342.png
343.0,COCCc1nc(CN[C@H]2CC[C@@H](F)C2)n(C(C)C)c1-c1ccc(Cl)cc1,0.0,train,../data/images/hERG/343.png
344.0,CCN1CCC(S(=O)(=O)c2c(Cl)ccc(NC(=O)Nc3cccc(F)c3Cl)c2O)CC1,0.0,train,../data/images/hERG/344.png
345.0,O=C(O)c1cc2occc2[nH]1,0.0,train,../data/images/hERG/345.png
346.0,CCS(=O)(=O)c1ccc(-c2cnc(N)c(-c3ccc(C(F)(F)F)nc3)n2)cc1,1.0,train,../data/images/hERG/346.png
347.0,CC(C)(C)OC[C@@H]1C(=O)NCCN1C(=O)C[C@H](N)Cc1cc(F)c(F)cc1F,0.0,train,../data/images/hERG/347.png
348.0,O=S(=O)(Nc1ccc([C@]23CNC[C@H]2C3)cc1)c1ccc(OC(F)(F)F)cc1,1.0,train,../data/images/hERG/348.png
349.0,OC1CCN(CCc2ccc(Oc3nc4ccccc4s3)cc2)CC1,1.0,train,../data/images/hERG/349.png
350.0,Cc1nc2ccccc2n1Cc1ccc(C(=O)N(C)[C@@H]2CCN(C3CCC3)C2)cc1,0.0,train,../data/images/hERG/350.png
351.0,N[C@@H]1CO[C@H]1COc1ccc2ncc(F)c(CCC34CCC(NCc5ccc6c(n5)NC(=O)CO6)(CC3)CO4)c2n1,0.0,train,../data/images/hERG/351.png
352.0,C[C@@H]1CN(C(=O)OCC(F)(F)F)CCN1c1ncc(OCc2ccncc2C#N)cn1,0.0,train,../data/images/hERG/352.png
353.0,O=C1COc2ccc(CNC3CCN(CCN4C(=O)COc5ccc(OC(F)(F)F)cc54)CC3)nc2N1,1.0,train,../data/images/hERG/353.png
354.0,Cc1ncc(-c2ccccc2CCNC(=O)c2ccc(C(=O)NCCCC(F)(F)F)nc2)cn1,0.0,train,../data/images/hERG/354.png
355.0,Cc1ncoc1-c1nnc(SCCCN2CC3CCN(c4cccc(F)c4)C3C2)n1C,1.0,train,../data/images/hERG/355.png
356.0,Cc1cc(-c2nc(-c3ccc4cc(CCN5CCC[C@H]5C)ccc4n3)cs2)no1,1.0,train,../data/images/hERG/356.png
357.0,COc1ccc(OC2CN(C(=O)NC3CCN(Cc4ccn(-c5ccc(C(F)(F)F)cc5)c4)CC3)C2)cc1,1.0,train,../data/images/hERG/357.png
358.0,COCC1[C@@H]2CC[C@H]1CN(CCN1CCN(c3cccc(Cl)c3)C1=O)C2,1.0,train,../data/images/hERG/358.png
359.0,COc1cc(-n2cnn3cc(-c4ccc(Cl)cc4)cc3c2=O)ccc1OCCN1CCCC1,1.0,train,../data/images/hERG/359.png
360.0,O=C1NCCN1CCN1CC=C(c2cn(-c3ccc(F)cc3)c3ccc(Cl)cc23)CC1,1.0,train,../data/images/hERG/360.png
361.0,O=c1cc(OCc2ccccc2)ccn1-c1ccc2c(cnn2C[C@@H]2CCCN2)c1,1.0,train,../data/images/hERG/361.png
362.0,Cc1nn(C2CCNCC2)c(C)c1Nc1ncc(Cl)c(-c2cnn3ccccc23)n1,0.0,train,../data/images/hERG/362.png
363.0,CC(C)[C@]1(C(=O)N2CCN(c3cc(C(F)(F)F)ccn3)CC2)CC[C@@H](NC2CCOCC2)C1,1.0,train,../data/images/hERG/363.png
364.0,CC[C@@H]1Sc2ccccc2O[C@@H]1c1ccc(OCCCN2CCCC2)cc1,1.0,train,../data/images/hERG/364.png
365.0,Cc1nc2ccccc2n1C1CC2CCC(C1)N2CCC1(c2cccc(F)c2)CCN(C(=O)c2cc(S(N)(=O)=O)c(F)cc2Cl)CC1,0.0,train,../data/images/hERG/365.png
366.0,COc1cc(N)c(Cl)cc1C(=O)N[C@H]1CCN(CCC(=O)N2CCCC2)C[C@H]1OC,0.0,train,../data/images/hERG/366.png
367.0,O=C(NC[C@@H](O)CN1CCC(Oc2ccc(Cl)c(Cl)c2)CC1)c1c[nH]c(=O)c2c(F)cccc12,1.0,train,../data/images/hERG/367.png
368.0,O=C1OCc2ccc(CCN3CCN(C(=O)Cc4ccc(-n5cnnn5)cc4)CC3)cc21,0.0,train,../data/images/hERG/368.png
369.0,CCCCN(CC)C/C=C/Cc1ccc(Cl)cc1,1.0,train,../data/images/hERG/369.png
370.0,CC1(C)Cc2c(CN3CCC4(CC3)CCN(C(=O)c3ccc(N)cn3)CC4)cccc2O1,0.0,train,../data/images/hERG/370.png
371.0,COc1cc(-c2cn(CC(=O)N([C@H](C)c3ccccc3)[C@H](C)c3ccccc3)nn2)ccc1-n1cnc(C)c1,1.0,train,../data/images/hERG/371.png
372.0,O=C1CSC(c2cc(C(F)(F)F)cc(S(=O)(=O)N3CCN(C(=O)[C@@H]4C[C@H]4c4ccc(C(F)(F)F)cc4)CC3)c2)=N1,1.0,train,../data/images/hERG/372.png
373.0,Cc1cc(C(=O)O)ccc1NC(=O)[C@H](C1CCCCC1)n1c(-c2ccc(Cl)cc2)nc2cc(F)c(F)cc21,1.0,train,../data/images/hERG/373.png
374.0,Nc1nc2ccccc2n1CC(O)c1ccc(Cl)cc1Cl,0.0,train,../data/images/hERG/374.png
375.0,CN(C(=O)Cc1ccc(-n2cnnn2)cc1)C1CCN(Cc2ccc(C(F)(F)F)cc2)CC1,1.0,train,../data/images/hERG/375.png
376.0,CCc1nc2ccccc2c(=O)n1-c1ccc(OCCCN2CCCC2)cc1,1.0,train,../data/images/hERG/376.png
377.0,CC(C)N1Cc2cc(-c3cc(-c4ccc(Cl)nc4)no3)ccc2C1=O,0.0,train,../data/images/hERG/377.png
378.0,Fc1ccc(C2(COCc3cc(C(F)(F)F)cc(Cl)n3)CCNCC2)cc1,0.0,train,../data/images/hERG/378.png
379.0,O=c1c2ccccc2c(Cc2ccc(Cl)cc2)nn1C[C@H]1CCCN1CCCCc1ccc(OCCCN2CCCCCC2)cc1,1.0,train,../data/images/hERG/379.png
380.0,CC1(C)c2nc(-c3ccc(F)cc3)c(Nc3ccc(Cl)cc3)n2CCN1C(=O)CN,1.0,train,../data/images/hERG/380.png
381.0,Cn1nccc1-c1cc(NC(=O)c2cccc(C(F)(F)F)c2)ccc1OCCN1CCOCC1,1.0,train,../data/images/hERG/381.png
382.0,O=C(CNCC1(O)CCCCC1)N1CCc2ccccc2[C@@H]1C1CCCCC1,0.0,train,../data/images/hERG/382.png
383.0,CO[C@H]1CN(Cc2ccc(C(F)(F)F)cc2)CC[C@H]1N(C)C(=O)Cc1ccc(-n2cnnn2)cc1,1.0,train,../data/images/hERG/383.png
384.0,CN1CCC(COCc2cc(C(F)(F)F)cc(C3(F)CC3)n2)(c2ccccc2)CC1,0.0,train,../data/images/hERG/384.png
385.0,O=C1CCCN1C1CCN(Cc2ccc(Oc3nc4ccccc4s3)cc2)CC1,0.0,train,../data/images/hERG/385.png
386.0,Cc1c2c(n3c1CCCNC(=O)[C@H](C)Nc1cc-3ccc1C(N)=O)CC(C)(C)CC2=O,0.0,train,../data/images/hERG/386.png
387.0,C=C(C)c1ccc(N2CC(CNC(=O)c3ccc(-c4nc5cc(C#N)cc(C(C)C)c5o4)cc3)OC2=O)nc1,0.0,train,../data/images/hERG/387.png
388.0,CCN(CC)Cc1ccc2c(c1)CC[C@H](N1CCN(CCC3CCCS3)CC1=O)C2,0.0,train,../data/images/hERG/388.png
389.0,N#CC1(NC(=O)[C@@H]2CCCC[C@H]2C(=O)N2CCN(c3nc4ccccc4s3)CC2)CC1,1.0,train,../data/images/hERG/389.png
390.0,C[C@@H](C[C@@](C)(CS(=O)(=O)N1CCC(OCc2ccc(Cl)cc2Cl)CC1)N(O)C=O)c1ncc(F)cn1,1.0,train,../data/images/hERG/390.png
391.0,CC(C)c1cc(C#N)cc2nc(-c3ccc(C(=O)NC[C@@H]4CN(c5ccc(-c6ccccc6OC(F)(F)F)cn5)C(=O)O4)cc3)oc12,0.0,train,../data/images/hERG/391.png
392.0,Cc1cccc(Nc2nc(N[C@@H]3COC[C@@H]3N)ncc2C(N)=O)c1,1.0,train,../data/images/hERG/392.png
393.0,COc1cccc(-c2cccc(C3(C4CCOCC4)N=C(C)C(N)=N3)c2)c1,0.0,train,../data/images/hERG/393.png
394.0,CC(=O)Nc1ccc2ccn(-c3cc(NC4CC4)n4ncc(C#N)c4n3)c2c1,1.0,train,../data/images/hERG/394.png
395.0,O=C(O)c1ccc(C2=CC3(CCNCC3)Oc3ccccc32)cc1,0.0,train,../data/images/hERG/395.png
396.0,O=C1N=C(O)NC1(c1ccccc1)c1ccccc1,0.0,train,../data/images/hERG/396.png
397.0,OC(c1cccnc1)(c1cccnc1)C(c1ccccc1)N1CCCOCC1,1.0,train,../data/images/hERG/397.png
398.0,CC(C)c1cc(C#N)cc2nc(-c3ccc(C(=O)NC[C@H]4CN(c5ccc(-c6ccccc6OC(F)(F)F)cn5)C(=O)O4)cc3)oc12,1.0,train,../data/images/hERG/398.png
399.0,CN(C)CC[C@H](NC(=O)C1(N)CCN(c2ncnc3[nH]ccc23)CC1)c1ccc(Cl)cc1,0.0,train,../data/images/hERG/399.png
400.0,FC(F)(F)c1cc(Nc2ccncc2)nc(NCc2ccc3c(c2)OCO3)n1,0.0,train,../data/images/hERG/400.png
401.0,C/C(=N\NC(=O)c1cccc(S(=O)(=O)N2CCOCC2)c1)c1cc(Cl)ccc1O,0.0,train,../data/images/hERG/401.png
402.0,COc1ncc(-c2ccccc2C(F)(F)CNC(=O)c2ccc(COCC(F)(F)F)nc2)cn1,0.0,train,../data/images/hERG/402.png
403.0,CC(C)(C)c1ccc(C(=O)NCC2CCN(C(=O)CCCCC(c3ccc(F)cc3)c3ccc(F)cc3)C2)cc1,1.0,train,../data/images/hERG/403.png
404.0,Cc1ncc(-c2nc(Nc3ccc(N4CCN(C(=O)CO)CC4)cc3)ncc2F)n1C(C)C,0.0,train,../data/images/hERG/404.png
405.0,Fc1ccc(-c2cnc3nc(N4CCC(N5CCCCC5)CC4)sc3c2)cn1,1.0,train,../data/images/hERG/405.png
406.0,Cc1cnc(NC(=O)[C@H](CO[C@H](C)CO)Oc2ncnc3c2cnn3-c2c(Cl)cccc2C#N)cn1,0.0,train,../data/images/hERG/406.png
407.0,Fc1cccc(-n2cc(NCCN3CCCCC3)nn2)c1,1.0,train,../data/images/hERG/407.png
408.0,Cc1ncoc1-c1nnc(SCCCN2CC3CN(c4ccc(C(F)(F)F)cc4)C3C2)n1C,1.0,train,../data/images/hERG/408.png
409.0,CC(=O)N1CCN2CCCc3c(C)c4c(n3-c3ccc(C(N)=O)c(c3)NC[C@H]2C1)CC(C)(C)CC4=O,0.0,train,../data/images/hERG/409.png
410.0,O=C(O)c1ccccc1CN1CCC(CN2CCC(Oc3ccc(Cl)c(Cl)c3)CC2)CC1,0.0,train,../data/images/hERG/410.png
411.0,CC(C)CS(=O)(=O)n1ccc2c(-c3ccc(C(F)(F)F)cc3)cc(N3CCNCC3)nc21,1.0,train,../data/images/hERG/411.png
412.0,CCN1CCN(Cc2cnc(-c3ccc(C(=O)Nc4ccccc4N)cc3)c(F)c2)CC1,0.0,train,../data/images/hERG/412.png
413.0,O=C1COc2ccc(CNC3CCN(CCn4c(=O)ccc5ncc(O[C@H]6CCOC6)cc54)CC3)nc2N1,0.0,train,../data/images/hERG/413.png
414.0,COc1c(OC(C)(C)C)cc(CN2CC(=O)N(CCCCCC(c3ccc(F)cc3)c3ccc(F)cc3)CC2=O)cc1OC(C)(C)C,0.0,train,../data/images/hERG/414.png
415.0,COc1ccc(C2CCN(CCN3CCOc4ccccc43)CC2)cc1OC,1.0,train,../data/images/hERG/415.png
416.0,O=C(N[C@H]1CC[C@H](C(=O)O)CC1)[C@H](C1CCCCC1)n1c(-c2ccc(Cl)cc2)nc2cc(F)c(F)cc21,1.0,train,../data/images/hERG/416.png
417.0,O=C1COc2ccc(CNC34CCC(CCc5c(F)cnc6ccc(OC7CC(O)CC(O)C7)nc56)(CC3)OC4)nc2N1,1.0,train,../data/images/hERG/417.png
418.0,C[C@@H]1CN(c2nnc(C(F)(F)F)o2)CCN1c1ncc(OCc2ccncc2C#N)cn1,0.0,train,../data/images/hERG/418.png
419.0,CS(=O)(=O)c1ccc(-c2ccc3[nH]nc(-c4cncc(O[C@H]5CNCCC56CC6)n4)c3c2)c(F)c1,1.0,train,../data/images/hERG/419.png
420.0,Cc1ccc2c(-c3nnc(SCCC(C)N4CCc5cc6nc(C)oc6c(Br)c5CC4)n3C)cccc2n1,1.0,train,../data/images/hERG/420.png
421.0,Cc1cn(-c2ccc(Nc3cccc4c3nc(-c3ccc(F)cc3)n4C)cn2)cn1,0.0,train,../data/images/hERG/421.png
422.0,CONC(=O)CCCN(C)C(=O)c1ccc2c(c1)c1c(n2C)CC[C@@H](C2CCOCC2)C1,0.0,train,../data/images/hERG/422.png
423.0,O=C(Nc1cnc(Cl)nc1)c1ccc(F)c(F)c1,0.0,train,../data/images/hERG/423.png
424.0,CC(=O)Nc1cccc(Nc2ncnc(N3CCc4ccccc4C3)n2)c1,1.0,train,../data/images/hERG/424.png
425.0,CC(C)N1CCN(Cc2cnc(-c3ccc(C(=O)Nc4ccccc4N)cc3)c(F)c2)CC1,0.0,train,../data/images/hERG/425.png
426.0,CC1(C)C[C@@H](NC(=O)c2ccc3[nH]ncc3c2)c2cc(-c3ccc(Cl)cc3)c(-c3ccc(Cl)cc3Cl)nc2O1,1.0,train,../data/images/hERG/426.png
427.0,C[C@@H]1CN(C(=O)c2ccccc2)CCN1C(=O)C(=O)c1c[nH]c2ncccc12,0.0,train,../data/images/hERG/427.png
428.0,O=C1N(CCN2C[C@@H]3CC[C@H]2Cc2ccccc2C3)CCN1c1cccc(Cl)c1,1.0,train,../data/images/hERG/428.png
429.0,COC1COCCC1N[C@@H]1C[C@H]2C[C@@H](OC)C[C@@]2(C(=O)N2CCc3ncc(C(F)(F)F)cc3C2)C1,0.0,train,../data/images/hERG/429.png
430.0,N#Cc1ccc(CCN2CCN(CCc3ccc4nonc4c3)CC2)cc1,1.0,train,../data/images/hERG/430.png
431.0,Cn1c(SCCCN2CC3CCN(c4ccc(C(F)(F)F)cc4)C3C2)nnc1-c1ccncn1,1.0,train,../data/images/hERG/431.png
432.0,COc1ccc([C@@H](C)N[C@@H]2CC[C@@H](C(=O)N3CCC(C(=O)N4CCCCC4)(c4ccccc4)CC3)C(C)(C)C2)cc1,1.0,train,../data/images/hERG/432.png
433.0,N[C@H]1CCCC[C@H]1Nc1cc2nc[nH]c(=O)c2c(Nc2cccc3cc[nH]c23)n1,0.0,train,../data/images/hERG/433.png
434.0,O=C(Nc1ccc(-c2nnc(NCCCN3CCCCC3)o2)cc1)c1ccc(F)cc1,1.0,train,../data/images/hERG/434.png
435.0,CC(C)COc1ccc(Cl)cc1-c1ccccc1-c1cccc(C(=O)[O-])n1,0.0,train,../data/images/hERG/435.png
436.0,COc1ccc(-c2cc(-c3ccc4c(c3)CN(C(C)C)C4=O)on2)cn1,0.0,train,../data/images/hERG/436.png
437.0,N#Cc1ccc(CCN2CCN(CCc3ccc(C#N)cc3)CC2)cc1,1.0,train,../data/images/hERG/437.png
438.0,O=C(Nc1ccc(Cl)cc1CO)NC1CCN(Cc2ccn(-c3ccc(C(F)(F)F)cc3)c2)CC1,1.0,train,../data/images/hERG/438.png
439.0,CN(C)C[C@@H]1CCN(C(=O)Nc2nc3c(s2)-c2nc(C(C)(C)C)sc2CC3)[C@@H]1C(N)=O,1.0,train,../data/images/hERG/439.png
440.0,NC(=O)c1nnc(N[C@@H]2CCCC[C@@H]2N)nc1Nc1cccc2[nH]ccc12,1.0,train,../data/images/hERG/440.png
441.0,Cc1nnc([C@]2(c3cnn(C)c3)N[C@@H](c3nc(-c4ccc(F)cn4)c[nH]3)Cc3c2[nH]c2ccccc32)o1,1.0,train,../data/images/hERG/441.png
442.0,CN1CCN(CC(=O)Nc2ccc(-c3cccc4c(=O)cc(N5CCOCC5)oc34)c3sc4ccccc4c23)CC1,0.0,train,../data/images/hERG/442.png
443.0,O=C([C@@H]1C[C@H]1c1ccc(C(F)(F)F)cc1)N1CCN(S(=O)(=O)c2cc(C(O)C(F)(F)F)cc(C(F)(F)F)c2)CC1,1.0,train,../data/images/hERG/443.png
444.0,O=C1COc2ccc(CNC34CCC(CC5Cn6c(=O)ccc7ncc(F)c5c76)(CC3)OC4)nc2N1,0.0,train,../data/images/hERG/444.png
445.0,CN1CCC[C@@H](c2nc3ccccc3n2Cc2ccc(F)cc2)C1,1.0,train,../data/images/hERG/445.png
446.0,O=C(c1ccc(F)cc1F)N1CCN(c2ccc(OC3CCN(C4CCCC4)CC3)cc2)C(=O)C1,0.0,train,../data/images/hERG/446.png
447.0,COC1COCCC1N[C@@H]1C[C@H]2CCC[C@@]2(C(=O)N2CCc3ccc(Br)cc3C2)C1,0.0,train,../data/images/hERG/447.png
448.0,CC(C)CN(C[C@@H](O)[C@H](Cc1ccccc1)NC(=O)O[C@H]1CO[C@H]2OCC[C@H]21)S(=O)(=O)c1ccc(N)cc1,0.0,train,../data/images/hERG/448.png
449.0,NC(=O)c1cnc(N[C@@H]2CCCC[C@@H]2N)nc1Nc1cccc2cc[nH]c12,0.0,train,../data/images/hERG/449.png
450.0,Cc1nc(-c2ccc(F)cc2)nc(OCCCN2CCCCC2)c1Cl,1.0,train,../data/images/hERG/450.png
451.0,CCc1n[nH]c(CC)c1Oc1cc(C#N)cc(C#N)c1,1.0,train,../data/images/hERG/451.png
452.0,COc1ccc([C@H]2CN(CCC3CCOCC3)C[C@@H]2CNC(=O)c2cccc(Cl)c2)cc1,1.0,train,../data/images/hERG/452.png
453.0,O=C(O)C1CN(Cc2ccc(-c3nc4cc(Cc5ccccc5F)ccc4s3)c(F)c2)C1,0.0,train,../data/images/hERG/453.png
454.0,CC(C)N1CCN(C(=O)N2CCC(c3ccccc3)CC2)CC1,0.0,train,../data/images/hERG/454.png
455.0,COc1ccccc1C[C@@H](C(=O)O)N1CCC(CN2CCC(Oc3ccc(Cl)c(Cl)c3)CC2)CC1,1.0,train,../data/images/hERG/455.png
456.0,Cc1nccnc1C(=O)N1CCC([C@H](N)Cc2cc(F)c(F)cc2F)CC1,0.0,train,../data/images/hERG/456.png
457.0,CN(C)c1ccc(/C=C/c2c(F)cccc2Cl)nc1,0.0,train,../data/images/hERG/457.png
458.0,O=C(Nc1cc(Cl)ccc1Cl)NS(=O)(=O)c1ccc(OCCCN2CCCCC2)cc1,0.0,train,../data/images/hERG/458.png
459.0,CCOC(=O)c1c(-c2ccc(N(C)C)cc2)csc1N,0.0,train,../data/images/hERG/459.png
460.0,Cn1ccc(NC(=O)c2cc(Oc3ccc(C(=O)N4CCC4)cc3)cc(OC(CF)CF)c2)n1,0.0,train,../data/images/hERG/460.png
461.0,CN(CCN1CCN(c2cccc(Cl)c2)C1=O)Cc1cc2ccccc2s1,1.0,train,../data/images/hERG/461.png
462.0,C1=C/COCc2cc(ccc2OCCN2CCCC2)Nc2nccc(n2)-c2ccc(s2)COC/1,1.0,train,../data/images/hERG/462.png
463.0,Cc1ncoc1-c1nnc(SCCCN2CC3CC3(c3ccc(OC(F)(F)F)cc3)C2)n1C,1.0,train,../data/images/hERG/463.png
464.0,CCCCCCC[N+](CC)(CC)CCCCc1ccc(Cl)cc1,1.0,train,../data/images/hERG/464.png
465.0,Cc1cccc(C(=O)Nc2cccc(NC(=O)c3cccc(C)c3)c2)c1,0.0,train,../data/images/hERG/465.png
466.0,CC1COCC(C)N1S(=O)(=O)c1ccc(-c2ccc(CCN3CCC[C@H]3C)cc2)cc1,1.0,train,../data/images/hERG/466.png
467.0,CC(C)CN(C(=O)c1ccccc1C(C)C)[C@H]1CCNC1,0.0,train,../data/images/hERG/467.png
468.0,Cc1cc(F)ccc1-c1c(Oc2ccc(/C=C/C(=O)O)cc2)c2ccc(O)cc2oc1=O,0.0,train,../data/images/hERG/468.png
469.0,COc1ccc(-c2nnc(C(=O)N3CC(Oc4ccc(CN(C)C)cn4)C3)o2)cc1,0.0,train,../data/images/hERG/469.png
470.0,Nc1nc2cc3c(cc2s1)CCN(Cc1cccnc1)CC3,0.0,train,../data/images/hERG/470.png
471.0,Nc1nc2c(C(=O)N[C@@H]3CN4CCC3CC4)cccc2o1,0.0,train,../data/images/hERG/471.png
472.0,CN(C(=O)Cc1ccc(-n2cnnn2)cc1)[C@@H]1CCN(Cc2ccc(C(F)(F)F)cn2)C[C@@H]1F,1.0,train,../data/images/hERG/472.png
473.0,COc1ccccc1Oc1ccccc1CN1CCC2(CC1)CCN(C(=O)c1cc(N)ccn1)CC2,0.0,train,../data/images/hERG/473.png
474.0,O=C(c1nnc(-c2ccccc2)o1)N1CCC(Oc2ccc(CN3CCC(O)C3)cc2)CC1,0.0,train,../data/images/hERG/474.png
475.0,Nc1ccc(-c2ccccc2F)cc1NC(=O)c1ccc(CN2CCC3(CCCN3)CC2)cc1,1.0,train,../data/images/hERG/475.png
476.0,Cc1nsc(-c2nnc3n2CCN(C(=O)c2ccc(F)cc2)C3)n1,0.0,train,../data/images/hERG/476.png
477.0,N#Cc1cccc([C@]2(O)CC[C@@H](N3CC(NC(=O)CNC(=O)c4cccc(C(F)(F)F)c4)C3)CC2)c1,1.0,train,../data/images/hERG/477.png
478.0,O=C(/C=C/c1ccc2c(c1)CN(S(=O)(=O)C1CC1)C2)NO,0.0,train,../data/images/hERG/478.png
479.0,COc1cccc2c1nc(N)n1nc(CN3CCN(c4cnn(C(C)(C)C)c4)C[C@H]3C)nc21,0.0,train,../data/images/hERG/479.png
480.0,CC(O)c1ccc2c(c1)N(CCN1CCC(NCc3ccc4c(n3)NC(=O)CO4)CC1)C(=O)CO2,0.0,train,../data/images/hERG/480.png
481.0,Cc1ncoc1-c1nnc(SCCCN2CCC3(CCc4cc(F)ccc43)C2)n1C,1.0,train,../data/images/hERG/481.png
482.0,Cc1noc2cc3c(cc12)CCN(CCCSc1nnc(-c2ccc(C(F)(F)F)cc2)n1C)CC3,1.0,train,../data/images/hERG/482.png
483.0,Cc1cc(Cl)ccc1OC1CCN(C[C@H](O)CNC(=O)c2c[nH]c(=O)c3cc(S(C)(=O)=O)ccc23)CC1,1.0,train,../data/images/hERG/483.png
484.0,c1ccc(Cn2cc(NCCN3CCCCCC3)nn2)cc1,0.0,train,../data/images/hERG/484.png
485.0,C1=C(CS/C(=N\C2CCCCC2)NC2CCCCC2)N2CCN=C2S1,0.0,train,../data/images/hERG/485.png
486.0,CC1(C)CC(NC(=O)C(F)(F)CO)c2cc(-c3ccc(Cl)cc3)c(-c3ccc(Cl)cc3Cl)nc2O1,1.0,train,../data/images/hERG/486.png
487.0,Cc1ccc2c(-c3nnc(SCCCN4CCc5cc6nc(C)oc6c(C)c5CC4)n3C)cccc2n1,1.0,train,../data/images/hERG/487.png
488.0,O=C(NC1CCN(Cc2ccn(-c3ccc(C(F)(F)F)cc3)c2)CC1)N1CC(N2CCC(C(F)(F)F)CC2)C1,1.0,train,../data/images/hERG/488.png
489.0,CN1CCC(COCc2cc(C(F)(F)F)cc(C3CC3)n2)(c2ccc(Cl)cc2)CC1,1.0,train,../data/images/hERG/489.png
490.0,O=C(Nc1ccc(C[C@@H]2CC[C@H]([C@H](O)c3ccccc3)N2)cc1)[C@@H]1CCc2cccc(=O)n21,0.0,train,../data/images/hERG/490.png
491.0,COc1ncnc(Cn2cc(C(=O)NCC(F)F)c3ncc(C)cc32)c1C,0.0,train,../data/images/hERG/491.png
492.0,CCn1cc([C@]2(c3cccc(C#CC4CC4)c3)N=C(N)c3c(F)cccc32)cc(C)c1=O,1.0,train,../data/images/hERG/492.png
493.0,Cc1ncc(CNC2CCN(CCn3c(=O)ccc4c3ccc(=O)n4C)CC2)cc1C#N,0.0,train,../data/images/hERG/493.png
494.0,COc1ccc(S(=O)(=O)N2Cc3ccc(/C=C/C(=O)NO)cc3C2)cc1,0.0,train,../data/images/hERG/494.png
495.0,Cc1c(C(=O)NCCN2CCN(c3cccc(Cl)c3Cl)CC2)cc(C(C)(C)C)n1C,1.0,train,../data/images/hERG/495.png
496.0,COC(=O)C1(CNC(=O)c2cc(Cl)cc(Cl)c2)CCN(Cc2ccccc2C(F)(F)F)CC1,1.0,train,../data/images/hERG/496.png
497.0,CC1(C)CCc2cc(S(=O)(=O)N(CC(=O)O)C3(c4cccc(-c5cc(Cl)cc(Cl)c5)c4)CCC3)ccc2O1,0.0,train,../data/images/hERG/497.png
498.0,CCO[C@H]1COCC[C@H]1N[C@@H]1CC[C@@](C(=O)N2CCN(c3cc(C(F)(F)F)ccn3)CC2)(C(C)C)C1,1.0,train,../data/images/hERG/498.png
499.0,O=C(NCc1cc(Cl)cc(Cl)c1)N(c1ccc(Br)cc1)C1CCN(C2CCCC2)CC1,1.0,train,../data/images/hERG/499.png
500.0,O=C1COc2cnc(CNC34CCC(C[C@]5(O)Cn6c(=O)ccc7ncc(F)c5c76)(CC3)OC4)cc2N1,0.0,train,../data/images/hERG/500.png
501.0,NC(=O)C(c1ccccc1)(c1ccccc1)[C@@H]1CCN(CCc2ccc3c(c2)CCO3)C1,1.0,train,../data/images/hERG/501.png
502.0,O=C(NC1CC1c1ccccc1)N1CCC(c2nc(-c3ccc4ccccc4n3)no2)CC1,1.0,train,../data/images/hERG/502.png
503.0,O=c1cc(OCc2cccc(F)c2)ccn1-c1ccc(OCCN2CCCC2)cc1,1.0,train,../data/images/hERG/503.png
504.0,COc1ccc([C@H]2CN(CCc3ccc(OC)c(OC)c3)C[C@@H]2CC(=O)Nc2cccc(Cl)c2)cc1,1.0,train,../data/images/hERG/504.png
505.0,CC(C)OC[C@H](Oc1ncnc2c1cnn2-c1ccccc1Cl)C(=O)Nc1ccc(F)cn1,0.0,train,../data/images/hERG/505.png
506.0,COC(=O)C(CCCN(C)CCCc1nc2ccccc2[nH]1)(c1ccc(Br)cc1)C(C)C,1.0,train,../data/images/hERG/506.png
507.0,CC(C)CN(C(=O)c1ccc(Cl)c(Cl)c1)[C@H]1CCNC1,0.0,train,../data/images/hERG/507.png
508.0,CC(C)n1nc(C(=O)NCC2CCN(CCNS(C)(=O)=O)CC2)c2ccccc21,1.0,train,../data/images/hERG/508.png
509.0,CS(=O)(=O)N[C@H]1CC[C@@H](N2CC(NC(=O)CNc3n[nH]c4ccc(C(F)(F)F)cc34)C2)CC1,0.0,train,../data/images/hERG/509.png
510.0,Cn1c(=O)ccc2ccc(CN3CCC(NC(=O)c4cc(=O)c5ccc(F)cc5o4)CC3)cc21,0.0,train,../data/images/hERG/510.png
511.0,COc1cc(N)c(Cl)cc1C(=O)N[C@H]1CCN(CCC(=O)N2CCCCC2)C[C@H]1OC,0.0,train,../data/images/hERG/511.png
512.0,COC1COCCC1N[C@@H]1C[C@H]2C[C@@H](C(N)=O)C[C@@]2(C(=O)N2CCc3ncc(C(F)(F)F)cc3C2)C1,0.0,train,../data/images/hERG/512.png
513.0,O[C@H](COc1ccc(Cl)cc1)CN1CCN(Cc2c(F)cccc2Cl)CC1,1.0,train,../data/images/hERG/513.png
514.0,OCCN1CCN(c2ccc3nc(-c4ccccc4)c(-c4ccc(CN5CCC(c6nnc(-c7ncccn7)[nH]6)CC5)cc4)nc3n2)CC1,0.0,train,../data/images/hERG/514.png
515.0,CCOc1cc2nccc(Oc3cnc(CC(=O)Nc4n[nH]c(CC)c4C)c(OC)c3)c2cc1OC,0.0,train,../data/images/hERG/515.png
516.0,CCOC(=O)C(N)c1ccc(C(=O)Nc2cc(-c3cccs3)ccc2N)cc1,1.0,train,../data/images/hERG/516.png
517.0,CC(=O)NCCc1ccccc1-c1ccc([C@H]2CNCC[C@@]23OC(=O)c2cc(F)c(F)cc23)c(C)c1,0.0,train,../data/images/hERG/517.png
518.0,N[C@H](CO)c1cc(C(=O)N[C@@H]2CCc3ccc(Oc4ccnc5c4CCC(=O)N5)cc3C2)cc(C(F)(F)F)c1,0.0,train,../data/images/hERG/518.png
519.0,Cn1ccnc1C(=O)N1CCC(c2ccc(C(=O)NC(=N)N)cc2C(F)(F)F)CC1,0.0,train,../data/images/hERG/519.png
520.0,NC1(c2cc(C(=O)N[C@@H]3CCc4ccc(Oc5ccnc6c5CCC(=O)N6)cc4C3)cc(C(F)(F)F)c2)CCC1,1.0,train,../data/images/hERG/520.png
521.0,O[C@H]1C[C@H](CN2CCC(c3c(Cl)cccc3Cl)CC2)CCc2cccnc21,1.0,train,../data/images/hERG/521.png
522.0,O=[N+]([O-])c1ccc(CCN2CCN(CCc3ccc([N+](=O)[O-])cc3)CC2)cc1,1.0,train,../data/images/hERG/522.png
523.0,CC(C)C(=O)N(Cc1ccc(Cl)cc1Cl)[C@H]1CCNC1,0.0,train,../data/images/hERG/523.png
524.0,CN1CCN(c2ccc3nc(N)n(CC(O)c4ccc(C(F)(F)F)cc4Cl)c3n2)CC1,0.0,train,../data/images/hERG/524.png
525.0,O=C(Cn1ccccc1=O)Nc1ccc(C[C@@H]2CC[C@H]([C@H](O)c3ccccc3)N2)cc1,0.0,train,../data/images/hERG/525.png
526.0,NC(=O)C(NC(=O)C1(N)CCN(c2ncnc3[nH]ccc23)CC1)c1ccc(Cl)cc1,0.0,train,../data/images/hERG/526.png
527.0,CC[C@H]1OC(=O)[C@H](C)[C@@H](O[C@H]2C[C@@](C)(OC)[C@@H](O)[C@H](C)O2)[C@H](C)[C@@H](O[C@@H]2O[C@H](C)C[C@H](N(C)C)[C@H]2O)[C@](C)(OC)C[C@@H](C)C(=O)[C@H](C)[C@@H](O)[C@]1(C)O,0.0,train,../data/images/hERG/527.png
528.0,Cc1cc([C@H]2C[C@H]3CSC(N)=N[C@@]3(c3ccc(F)cc3F)CO2)on1,1.0,train,../data/images/hERG/528.png
529.0,COc1cc(-c2cn([C@H]3C[C@@H]([Si](C)(C)C)CCN(Cc4ccccc4)C3=O)nn2)ccc1-n1cnc(C)c1,0.0,train,../data/images/hERG/529.png
530.0,Cn1c(SCCCN2CC3CCN(c4ccc(F)cc4C(F)(F)F)C3C2)nnc1-c1cnccn1,1.0,train,../data/images/hERG/530.png
531.0,Cc1nc2cccnc2c(=O)n1-c1ccc(OC2CCN(C3CCC3)CC2)cc1,0.0,train,../data/images/hERG/531.png
532.0,CC(C)(N)C(=O)N1CCn2c(nc(-c3ccc(F)cc3)c2Nc2ccc(F)c(F)c2)C1,1.0,train,../data/images/hERG/532.png
533.0,Cc1ncoc1-c1nnc(SCCCN2[C@@H]3CC[C@H]2C[C@@H](c2ccc(C(C)(C)C)cc2)C3)n1C,1.0,train,../data/images/hERG/533.png
534.0,COc1cc2nnc(C(N)=O)c(Nc3ccc(C)cc3F)c2cc1N1CCN(C)CC1,0.0,train,../data/images/hERG/534.png
535.0,CC(C)[C@]1(C(=O)N2CCN(c3cc(C(F)(F)F)ccn3)CC2)CC[C@@H](N[C@H]2CCOC[C@H]2O)C1,1.0,train,../data/images/hERG/535.png
536.0,C[C@@H]1NC(c2cc(C#N)ccn2)=NC1(c1ccc(F)nc1)c1ccc(F)nc1,0.0,train,../data/images/hERG/536.png
537.0,CS(=O)(=O)c1cccc(C(=O)N2CCN(c3ccc(OCCCN4CCCCC4)cc3)C(=O)C2)c1,0.0,train,../data/images/hERG/537.png
538.0,CCn1cc([C@@]2(c3nnc(NC)o3)N[C@@H](c3nc(-c4ccc(F)cn4)c[nH]3)Cc3c2[nH]c2ccccc32)cn1,1.0,train,../data/images/hERG/538.png
539.0,CN(CCC(=O)NC1CC1)C(=O)c1ccc2c(c1)c1c(n2C)CCC(C2CCOCC2)C1,0.0,train,../data/images/hERG/539.png
540.0,COc1ccc([C@H]2CC[C@@H](N3CC(NC(=O)CNc4noc5ccc(C(F)(F)F)cc45)C3)CC2)cn1,1.0,train,../data/images/hERG/540.png
541.0,CS(=O)(=O)c1ccc([C@@H](CC2CCCC2)C(=O)Nc2cnc([C@H](O)CO)cn2)cc1Cl,0.0,train,../data/images/hERG/541.png
542.0,O=C(CC1CCN(Cc2ccn(-c3ccc(C(F)(F)F)cc3)c2)CC1)NC(c1ccc(F)cc1)c1ccc(=O)[nH]c1,0.0,train,../data/images/hERG/542.png
543.0,COC1COCCC1N[C@@H]1C[C@H]2CN(C3CC3)C[C@@]2(C(=O)N2CCc3ncc(C(F)(F)F)cc3C2)C1,0.0,train,../data/images/hERG/543.png
544.0,NCC(O)COc1ccc2ncc(F)c(CCC34CCC(NCc5ccc6c(n5)NC(=O)CO6)(CC3)CO4)c2n1,1.0,train,../data/images/hERG/544.png
545.0,COc1ccc(-c2c[nH]c([C@H]3Cc4c([nH]c5ccccc45)[C@@H](C4CCOCC4)N3)n2)cc1,1.0,train,../data/images/hERG/545.png
546.0,Cc1ccc2c(-c3nnc(SCCCN4CCc5ccc(-c6ncc(C)o6)cc5CC4)n3C)cccc2n1,1.0,train,../data/images/hERG/546.png
547.0,O=S1(=O)CCC(COc2ccc3c(c2)CCC2(CCN(C4CCC4)CC2)O3)CC1,0.0,train,../data/images/hERG/547.png
548.0,O=C(NOCCO)c1ccc2cncn2c1Nc1ccc(I)cc1F,1.0,train,../data/images/hERG/548.png
549.0,CCN(CC)C(=O)c1ccc(C2=CC3(CCNCC3)Oc3ccccc32)c(F)c1,1.0,train,../data/images/hERG/549.png
550.0,COC1COCCC1N[C@@H]1C[C@H]2C[C@H](C(F)(F)F)C[C@@]2(C(=O)N2CCc3ncc(C(F)(F)F)cc3C2)C1,0.0,train,../data/images/hERG/550.png
551.0,N#Cc1ccc(C(=O)N2CCC(c3ccc(C(=O)NC(=N)N)cc3C(F)(F)F)CC2)cc1,1.0,train,../data/images/hERG/551.png
552.0,Cc1onc(-c2ccccc2Cl)c1C(=O)N(C)c1ccc(Cl)cc1,0.0,train,../data/images/hERG/552.png
553.0,CC(=O)N1CC2CN(CCc3ccc(Oc4nc5ncccc5s4)cc3)CC2C1,0.0,train,../data/images/hERG/553.png
554.0,CCCCN1CCC[C@@H]1Cn1nc(Cc2ccc(Cl)cc2)c2ccccc2c1=O,1.0,train,../data/images/hERG/554.png
555.0,O=C1COc2ccc(CNC34CCC(CCc5c(F)cnc6ccc(OCC7(O)COC7)nc56)(CC3)OC4)nc2N1,0.0,train,../data/images/hERG/555.png
556.0,CC(C)N(C)[C@@H]1CC[C@H](N2CC[C@H](NC(=O)c3cccc(OC(F)(F)F)c3)C2=O)[C@H](CS(=O)(=O)C(C)(C)C)C1,0.0,train,../data/images/hERG/556.png
557.0,O=C(NCCN1CCCCC1)c1ccc(Oc2ncc(Cl)cc2NS(=O)(=O)c2ccc(Cl)c(C(F)(F)F)c2)cc1,1.0,train,../data/images/hERG/557.png
558.0,COc1ccc(-n2c(SCc3nc(-c4ccc(C)cc4)no3)nnc2-c2ccncc2)cc1,0.0,train,../data/images/hERG/558.png
559.0,C[C@@H]1CCCN1CCc1ccc2nc(-c3nc4ccccc4s3)ccc2c1,1.0,train,../data/images/hERG/559.png
560.0,COc1c(C(O)CN2CCN(C(=O)Cc3ccc(-n4cnnn4)nc3)CC2)ccc2c1COC2=O,0.0,train,../data/images/hERG/560.png
561.0,Fc1cccc(CN(C2CCOCC2)[C@H]2CCNC2)c1C(F)(F)F,1.0,train,../data/images/hERG/561.png
562.0,COc1ccc(Oc2cc(C)c(-c3csc(NC(=O)c4ccnc(F)c4)n3)c(C)c2)cc1,0.0,train,../data/images/hERG/562.png
563.0,COc1cccc([C@]2(O)CC[C@H](N3CC(NC(=O)CNc4ncnc5ccc(C(F)(F)F)cc45)C3)CC2)n1,0.0,train,../data/images/hERG/563.png
564.0,Cc1ncc(OC[C@@]2(c3ccc(F)c(F)c3)C[C@H]2C(=O)Nc2ccc(F)cn2)c(C)n1,1.0,train,../data/images/hERG/564.png
565.0,Cc1c(Cl)cccc1C(=O)N(CC(C)C)[C@H]1CCNC1,0.0,train,../data/images/hERG/565.png
566.0,COc1cc(C)nc(Nc2cc(N[C@@H]3CCCC[C@@H]3N)cnc2C(N)=O)c1,1.0,train,../data/images/hERG/566.png
567.0,COC1COCCC1N[C@@H]1C[C@H]2C[C@H](C(N)=O)C[C@@]2(C(=O)N2CCc3ncc(C(F)(F)F)cc3C2)C1,0.0,train,../data/images/hERG/567.png
568.0,CC(=O)C1=NN2c3cc(Cl)ccc3OC[C@H]2C1(CCCN1CCOCC1)c1ccccc1,1.0,train,../data/images/hERG/568.png
569.0,CCOc1cc(C(O)CN2CCN(C[C@H](O)c3ccc4c(c3C)COC4=O)CC2)ncc1C#N,0.0,train,../data/images/hERG/569.png
570.0,O=C(C1CC2(CCN(c3ccccc3)CC2)C1)N1CCN(C2CCC2)CC1,0.0,train,../data/images/hERG/570.png
571.0,CCOC(=O)CCCOc1ccc2ncc(F)c(CCC34CCC(NCc5ccc6c(n5)NC(=O)CO6)(CC3)CO4)c2n1,1.0,train,../data/images/hERG/571.png
572.0,COc1ccc(CCCN2C(=O)N(NS(C)(=O)=O)C[C@@H]2c2ccc(OC)cc2)cc1,0.0,train,../data/images/hERG/572.png
573.0,CCN(CCO)C(=O)c1cc2cccnn2c1-c1cccc(C)c1,0.0,train,../data/images/hERG/573.png
574.0,CCc1nc2cc3c(cc2o1)CCN(CCCSc1nnc(-c2ccc(C(F)(F)F)cc2)n1C)CC3,1.0,train,../data/images/hERG/574.png
575.0,Clc1cccc(OC(c2ccccc2)C2CCNCC2)c1Cl,1.0,train,../data/images/hERG/575.png
576.0,CC(C)S(=O)(=O)N[C@@H]1COC[C@@H]1c1ccc(-c2ccc(F)nc2)cc1,0.0,train,../data/images/hERG/576.png
577.0,CC(C)c1noc(-c2nnc3n2CCN(C(=O)c2ccc(F)cc2)[C@@H]3C)n1,1.0,train,../data/images/hERG/577.png
578.0,CCOC(=O)CCc1ccc(OC[C@H](O)CNC(C)(C)Cc2ccc3ccccc3c2)c(C#N)c1,1.0,train,../data/images/hERG/578.png
579.0,Cc1cc(C)nc(N2C[C@H]3CN(C(=O)c4ccccc4-n4nccn4)C[C@H]3C2)n1,0.0,train,../data/images/hERG/579.png
580.0,Nc1nnc2c3cc(-c4ccccc4)c(-c4ccc(CN5CCC(c6n[nH]c(-c7ccccn7)n6)CC5)cc4)nc3ccn12,1.0,train,../data/images/hERG/580.png
581.0,CNCc1ccc(Cl)cc1Oc1ccc(C)c(C)c1,1.0,train,../data/images/hERG/581.png
582.0,O=C(NCc1ccc(O)cc1Cl)C1CCN(Cc2ccn(-c3ccc(C(F)(F)F)cc3)c2)CC1,1.0,train,../data/images/hERG/582.png
583.0,O=c1cc([C@H]2CCN[C@@H](CCc3ccccc3)C2)o[nH]1,0.0,train,../data/images/hERG/583.png
584.0,CN(C)c1cnc2c(CCC34CCC(NCc5ccc6c(n5)NC(=O)CO6)(CC3)CO4)c(F)cnc2c1,1.0,train,../data/images/hERG/584.png
585.0,COCC[C@H](Oc1ncnc2c1cnn2-c1ccccc1OC)C(=O)Nc1ccc(C)cn1,0.0,train,../data/images/hERG/585.png
586.0,CCc1c(CNC23CCC(CCc4c(F)cnc5ccc(OC)nc45)(CC2)OC3)nc2c(c1C)OCC(=O)N2,1.0,train,../data/images/hERG/586.png
587.0,O=C(NCc1ccc(CC(F)(F)F)cc1)C1c2ccccc2C(=O)N1CCc1ccccn1,0.0,train,../data/images/hERG/587.png
588.0,O=C(CNc1nc(C(F)(F)F)nc2ccc(C(F)(F)F)cc12)NC1CN([C@H]2CC[C@@](O)(c3cncs3)CC2)C1,0.0,train,../data/images/hERG/588.png
589.0,O=C(CNC(=O)c1cccc(C(F)(F)F)c1)NC1CN([C@H]2CC[C@@](O)(c3ccns3)CC2)C1,0.0,train,../data/images/hERG/589.png
590.0,c1ccc2sc(Oc3ccc(CCN4CCCCC4)cc3)nc2c1,1.0,train,../data/images/hERG/590.png
591.0,COc1ccc(-c2nnc(C(=O)N3CC(Oc4ccc(CN5CCCC56COC6)cc4)C3)o2)cc1,0.0,train,../data/images/hERG/591.png
592.0,Cn1nc(NCC(=O)NC2CN([C@H]3CC[C@@H](c4cccnc4)CC3)C2)c2cc(C(F)(F)F)ccc21,0.0,train,../data/images/hERG/592.png
593.0,O=C(NC1CCCCC1)NS(=O)(=O)c1ccc(OCCCCN2CCCC2)cc1,0.0,train,../data/images/hERG/593.png
594.0,CC(C)Oc1cccc(N2CCN(CCN3Cc4ccccc4C3)C2=O)c1,1.0,train,../data/images/hERG/594.png
595.0,O=C(N1CCN(C2CC2)CC1)N1Cc2ccccc2C1,0.0,train,../data/images/hERG/595.png
596.0,Fc1cc(C(CC2CNC2)Oc2ccccc2F)ccc1Cl,1.0,train,../data/images/hERG/596.png
597.0,COc1cnccc1[C@H]1CC[C@@H](N2CC(NC(=O)CNc3ncnc4ccc(C(F)(F)F)cc34)C2)CC1,0.0,train,../data/images/hERG/597.png
598.0,CCN(CC)Cc1ccc(Nc2ccnc3cc(Cl)ccc23)cc1O,1.0,train,../data/images/hERG/598.png
599.0,COc1ccc([C@@H](C)N[C@@H]2CC[C@@H](C(=O)N3CCC(c4ccccc4)(N4CCCCC4=O)CC3)C(C)(C)C2)cc1,0.0,train,../data/images/hERG/599.png
600.0,CC1(C(F)F)NCCc2c1oc1cc(S(=O)(=O)c3cccc(F)c3)ccc21,0.0,train,../data/images/hERG/600.png
601.0,COc1ccc2ncc(F)c([C@@H](O)CN3CCC(NCc4cc5c(cn4)OCCO5)CC3)c2n1,1.0,train,../data/images/hERG/601.png
602.0,O=C1CC2CCc3cc(OC4CCN(C5CCC5)CC4)ccc3C2=NN1,0.0,train,../data/images/hERG/602.png
603.0,Cc1nc2ccccc2n1C1CC2CCC(C1)N2CCC1(c2ccccc2)CCN(C(=O)c2ccc(S(N)(=O)=O)cc2)CC1,0.0,train,../data/images/hERG/603.png
604.0,Fc1ncccc1-c1cc2sc(N3CCC(N4CCCCC4)CC3)nc2cn1,1.0,train,../data/images/hERG/604.png
605.0,COc1cc(OC)cc(-c2nnc([C@@]3(Cc4ccccc4)OC(=O)N([C@H](C)c4ccccc4)C3=O)o2)c1,0.0,train,../data/images/hERG/605.png
606.0,CCC(O)(CC)c1cn(-c2ccc(F)cc2)c2ccc(Cl)cc12,0.0,train,../data/images/hERG/606.png
607.0,Oc1nnc2c3cc(-c4ccccc4)c(-c4ccc(CN5CCC(c6n[nH]c(-c7ccccn7)n6)CC5)cc4)nc3ccn12,1.0,train,../data/images/hERG/607.png
608.0,Cc1nc2cc(C(F)(F)F)ccc2c(=O)n1-c1ccc(OCCCN2CCCC2)cc1,1.0,train,../data/images/hERG/608.png
609.0,Cc1n[nH]c2ccc(-c3cncc(OC[C@@H](N)Cc4ccccc4)c3)cc12,0.0,train,../data/images/hERG/609.png
610.0,Cc1c2c(n3c1CCCN1CCC[C@@H](C1)Nc1cc-3ccc1C(N)=O)CC(C)(C)CC2=O,1.0,train,../data/images/hERG/610.png
611.0,CC(C)(NC(=O)c1nn(-c2ccc(Cl)cc2Cl)c(-c2ccc(Cl)cc2)c1CO)c1noc(C(F)(F)F)n1,0.0,train,../data/images/hERG/611.png
612.0,CN(C(=O)Cc1ccc(-n2cnnn2)cc1)C1CCN(Cc2ccc(C(F)(F)F)c(F)c2)CC1,1.0,train,../data/images/hERG/612.png
613.0,COc1cc(-c2cn(C3CC(C)(C)CCNC3=O)nn2)ccc1-n1cnc(C)c1,0.0,train,../data/images/hERG/613.png
614.0,Cn1c(SCCCN2CC3CCN(c4ccccc4OC(F)(F)F)C3C2)nnc1-c1cnccn1,1.0,train,../data/images/hERG/614.png
615.0,c1ccc([C@H]([C@@H](c2ccccc2)N2CCCC2)N2CCCC2)cc1,0.0,train,../data/images/hERG/615.png
616.0,C=CC(=O)Nc1cc(Nc2ncc(Cl)c(-c3cn(C)c4ccccc34)n2)c(OC)cc1N(C)CCN(C)C,1.0,train,../data/images/hERG/616.png
617.0,CC(C)c1noc(N2CCN(c3ncc(OCc4ccc(S(C)(=O)=O)cc4F)cn3)[C@H](C)C2)n1,1.0,train,../data/images/hERG/617.png
618.0,O=C(O)c1ccc(N2N=C(c3ccc4[nH]c(=O)oc4c3)CC2c2ccc(F)cc2)cc1,0.0,train,../data/images/hERG/618.png
619.0,CC(C)(C)C(F)CN1CCC(CNC(=O)c2cc(Cl)cc(Cl)c2)CC1,1.0,train,../data/images/hERG/619.png
620.0,COc1ccc2c(c1)CC(CCN(C)C)=C2[C@@H](C)c1nccs1,0.0,train,../data/images/hERG/620.png
621.0,CCN(CC)CCNC(=O)c1c(C)[nH]c(/C=C2\C(=O)Nc3ccc(F)cc32)c1C,1.0,train,../data/images/hERG/621.png
622.0,O=C(c1cc[n+]([O-])cc1)N1CCC2(CCN(Cc3cccc(Oc4ccccc4)c3)CC2)CC1,0.0,train,../data/images/hERG/622.png
623.0,Cc1[nH]c2ccccc2c1CCN1CCc2cc(/C=C/C(=O)NO)ccc2C1,0.0,train,../data/images/hERG/623.png
624.0,C[C@H]1Cn2c(nnc2-c2cnccn2)C(=O)N1Cc1cccc(C(F)(F)F)c1Cl,0.0,train,../data/images/hERG/624.png
625.0,COc1cc(-c2cn(CC(=O)N(CC(F)(F)F)c3ccc4c(c3)CCC4)nn2)ccc1-n1cnc(C)c1,1.0,train,../data/images/hERG/625.png
626.0,Cc1cnc(N2CCC([C@H]3C[C@H]3CCOc3nc(C)cc(C#N)n3)CC2)nc1,1.0,train,../data/images/hERG/626.png
627.0,COc1ccc(CCN2C(=O)N(NS(C)(=O)=O)CC2c2ccc(C(F)(F)F)cc2)cc1,1.0,train,../data/images/hERG/627.png
628.0,CCOc1nc(C(=O)NCc2ccc(S(C)(=O)=O)cc2)cc(N)c1C#N,0.0,train,../data/images/hERG/628.png
629.0,O=C(O)c1ccc(CN2CCC(CN3CCC(Oc4ccc(Cl)c(Cl)c4)CC3)CC2)cc1,0.0,train,../data/images/hERG/629.png
630.0,CCn1nc([C@]2(c3cnn(C)c3)N[C@@H](c3nc(-c4ccc(F)cn4)c[nH]3)Cc3c2[nH]c2ccccc32)oc1=O,0.0,train,../data/images/hERG/630.png
631.0,Cc1nccn1C[C@H]1CCc2c(c3ccccc3n2C)C1=O,1.0,train,../data/images/hERG/631.png
632.0,N#Cc1ccc(CCN2CCN(CCc3ccc([N+](=O)[O-])cc3)CC2)cc1,1.0,train,../data/images/hERG/632.png
633.0,CC(C)N1CCN[C@@H](CN2CCN(C(=O)Nc3ccc(Cl)c(Cl)c3)CC2)C1,1.0,train,../data/images/hERG/633.png
634.0,COc1cc(-c2cn(C3CC(C(F)(F)F)CCNC3=O)nn2)ccc1-n1cnc(C)c1,0.0,train,../data/images/hERG/634.png
635.0,CC(C)N1CCC(Oc2ccc(N3CCN(C(=O)c4cc(F)cc(F)c4)CC3=O)cc2)CC1,0.0,train,../data/images/hERG/635.png
636.0,COc1ccccc1OCCNCC(O)COc1cccc2[nH]c3ccccc3c12,0.0,train,../data/images/hERG/636.png
637.0,Cc1cnc(-c2ccc3c(c2)CCN(CCCSc2nnc(-c4cccs4)n2C)CC3)o1,1.0,train,../data/images/hERG/637.png
638.0,Cc1ccc2c(-c3nnc(SCCN4CCc5cc6nc(C(F)(F)F)oc6c(Br)c5CC4)n3C)cccc2n1,1.0,train,../data/images/hERG/638.png
639.0,Cc1nc2ccccc2c(=O)n1-c1ccc(OCCCN2CCCC2)cc1,0.0,train,../data/images/hERG/639.png
640.0,Cc1nc2ccncc2c(=O)n1-c1ccc(OC2CCN(C3CCC3)CC2)cc1,0.0,train,../data/images/hERG/640.png
641.0,Cc1ccc(O)c([C@H](CCN(C(C)C)C(C)C)c2ccccc2)c1,1.0,train,../data/images/hERG/641.png
642.0,NC(=O)c1cc(-c2ccccc2F)sc1Nc1cccc(CN2CCOCC2)n1,1.0,train,../data/images/hERG/642.png
643.0,C[C@@H]1COCCN1c1nc(-c2cncc3[nH]ccc23)cc2c1ncn2C,0.0,train,../data/images/hERG/643.png
644.0,CO[C@H](C[C@H](CCCCNCc1ccc(F)cc1)C(=O)NO)c1ccc(F)cc1,1.0,train,../data/images/hERG/644.png
645.0,O=c1c2ccccc2ncn1-c1ccc(OCCCN2CCCC2)cc1,1.0,train,../data/images/hERG/645.png
646.0,COc1ncc2ccc(=O)n(CCN3CCC(NCc4cc5c(cn4)OCCO5)CC3)c2n1,0.0,train,../data/images/hERG/646.png
647.0,COc1cnc(-c2ccccc2CCNC(=O)c2ccc(OCCC(F)(F)F)nc2)cn1,0.0,train,../data/images/hERG/647.png
648.0,O=C1COc2ccc(CNC34CCC(CCc5ccnc6cc(Cl)cnc56)(CC3)OC4)nc2N1,1.0,train,../data/images/hERG/648.png
649.0,COc1cccc2c1OC(c1ccc(OCCCN3CCCCC3)cc1)C(C)S2(=O)=O,1.0,train,../data/images/hERG/649.png
650.0,Cc1cccc(Nc2nc(N[C@@H]3CCOC[C@@H]3N)ncc2C(N)=O)c1,1.0,train,../data/images/hERG/650.png
651.0,COc1ccc([C@H]2CN(CCCN3CCCC3=O)C[C@@H]2CC(=O)Nc2cccc(Cl)c2)cc1,1.0,train,../data/images/hERG/651.png
652.0,OC(c1ccc2c(cnn2-c2ccc(F)cc2)c1)(c1cccc(Cl)c1Cl)C(F)(F)F,0.0,train,../data/images/hERG/652.png
653.0,O=C(c1ccc(Oc2cccc(Cl)c2)nc1)N1CCCN(C2CCC2)CC1,1.0,train,../data/images/hERG/653.png
654.0,O=C(CNC(=O)c1cccc(C(F)(F)F)c1)NC1CN([C@H]2CC[C@@](O)(c3cncs3)CC2)C1,0.0,train,../data/images/hERG/654.png
655.0,COC1CCN(S(=O)(=O)c2ccc(-c3ccc(CCN4CCC[C@H]4C)cc3)cc2)CC1,1.0,train,../data/images/hERG/655.png
656.0,COCCN1Cc2c(nc(C)c(CN)c2-c2ccc(Cl)cc2Cl)C1=O,0.0,train,../data/images/hERG/656.png
657.0,COc1cc(N2C(=O)N(c3ccc(-c4ccc(C(=O)O)cc4)nc3)C(=O)C23CCN(Cc2ncccc2C)CC3)ncn1,0.0,train,../data/images/hERG/657.png
658.0,COc1ccc(C(CC(=O)N2CCN(Cc3nc4ccc(C)cc4o3)CC2)c2ccccc2)cc1,1.0,train,../data/images/hERG/658.png
659.0,O=C(Nc1ccc(Cl)cn1)[C@H](COCCO)Oc1ncnc2c1cnn2-c1ncccc1Cl,0.0,train,../data/images/hERG/659.png
660.0,COc1ccc(-c2nnc(C(=O)N3CCC(Oc4ccc(CN5CCCC5)cc4)CC3)o2)cc1,0.0,train,../data/images/hERG/660.png
661.0,CC(C)Oc1ccc([C@]2(O)CC[C@H](N3CC(NC(=O)CNC(=O)c4cccc(C(F)(F)F)c4)C3)CC2)cn1,0.0,train,../data/images/hERG/661.png
662.0,COc1cc(OC2CCNCC2)ccc1Nc1ncc(Cl)c(-c2cnc3ccccn23)n1,1.0,train,../data/images/hERG/662.png
663.0,Fc1ccc(CN(C2CCOCC2)[C@H]2CCNC2)c(F)c1F,1.0,train,../data/images/hERG/663.png
664.0,Cc1cc(-c2ccc3c(c2)CCN(CCCSc2nnc(C(F)(F)F)n2C)CC3)no1,1.0,train,../data/images/hERG/664.png
665.0,COC(=O)C1=C(C)NC(C)=C(C(=O)OC(C)C)C1c1cccc2c1NON2,0.0,train,../data/images/hERG/665.png
666.0,Nc1cnc(-c2cc3sc(N4CCC(N5CCCCC5)CC4)nc3cn2)cn1,0.0,train,../data/images/hERG/666.png
667.0,CC(=O)Nc1cccc(C2CCN(Cc3ccc(C(=O)c4nc(C)c(C)n4-c4ccc(F)cc4)cc3)CC2)c1,1.0,train,../data/images/hERG/667.png
668.0,COc1cc(-c2cn(C3(C)CCc4ccccc4N(CC(F)(F)F)C3=O)nn2)ccc1-n1cnc(C)c1,1.0,train,../data/images/hERG/668.png
669.0,O=C(O)C[C@@H]1c2ccccc2C[C@H]1NC(=O)c1cc2sc(Cl)c(Cl)c2[nH]1,0.0,train,../data/images/hERG/669.png
670.0,O=C(NC1CCCCC1)NS(=O)(=O)c1ccc(OCCCN2CCCC2)cc1,0.0,train,../data/images/hERG/670.png
671.0,CC(N(C)C)C1(c2ccc(Cl)c(Cl)c2)CCCCC1,0.0,train,../data/images/hERG/671.png
672.0,Cc1c(CNC2CCCC2)nn(-c2ncccc2Cl)c1-c1cccnc1,0.0,train,../data/images/hERG/672.png
673.0,CC(C)CN(C(=O)c1cc(Cl)cc(Cl)c1)[C@H]1CCNC1,0.0,train,../data/images/hERG/673.png
674.0,CNCc1cc(F)c(OC)cc1Oc1ccc(Cl)c(Cl)c1,1.0,train,../data/images/hERG/674.png
675.0,Cc1noc(/C(=C/c2cccc(-n3cc(C(=O)Nc4c(Cl)cncc4Cl)c(=O)c4cccnc43)c2)c2ccc(S(C)(=O)=O)cc2)n1,1.0,train,../data/images/hERG/675.png
676.0,C[n+]1c(CCCOc2ccccc2)cccc1CCCOc1ccccc1,1.0,train,../data/images/hERG/676.png
677.0,Oc1ccc(CCN2CCC(Nc3nc4ccccc4n3Cc3ccc(F)cc3)CC2)cc1,1.0,train,../data/images/hERG/677.png
678.0,CNCc1ccc(Br)cc1Oc1ccc(Cl)c(Cl)c1,1.0,train,../data/images/hERG/678.png
679.0,Cc1cc(C)nc(Nc2cc(NC[C@@H](N)CS(C)(=O)=O)cnc2C(N)=O)c1,0.0,train,../data/images/hERG/679.png
680.0,CNC(=O)CC[C@@H](CO)N(C)C(=O)c1ccc2c(c1)c1c(n2C)CC[C@@H](C2CCOCC2)C1,0.0,train,../data/images/hERG/680.png
681.0,Cc1ccc2c(-c3nnc(SCCCN4CCc5ccc6oc(C(F)(F)C(F)(F)F)nc6c5CC4)n3C)cccc2n1,1.0,train,../data/images/hERG/681.png
682.0,O=C(O)C1(F)CCN(C2CC[C@]3(Cc4ccccc4Cc4ccccc43)C2)CC1,0.0,train,../data/images/hERG/682.png
683.0,CCCCCCCN(CC)CC#CCOC(c1ccccc1)c1ccccc1,1.0,train,../data/images/hERG/683.png
684.0,COc1cc(N2CCN(C(=O)Cn3nc(C(F)(F)F)c(Cl)c3C)CC2)ccc1Cl,0.0,train,../data/images/hERG/684.png
685.0,O=c1ccc(-c2ccc(OC3CCN(C4CCC4)CC3)cc2)n[nH]1,1.0,train,../data/images/hERG/685.png
686.0,CNCCCN1c2ccccc2CCc2ccccc21,1.0,train,../data/images/hERG/686.png
687.0,O=S(=O)(c1cccc(F)c1)c1ccc2c3c(oc2c1)CNCC3,1.0,train,../data/images/hERG/687.png
688.0,Cn1ncnc1[C@H]1c2n[nH]c(=O)c3cc(F)cc(c23)N[C@@H]1c1ccc(F)cc1,0.0,train,../data/images/hERG/688.png
689.0,CN1CCCC(n2nc(Cc3ccc(Cl)cc3)c3ccccc3c2=O)CC1,1.0,train,../data/images/hERG/689.png
690.0,CN(C)CC/C=C1/c2ccccc2COc2ccccc21,1.0,train,../data/images/hERG/690.png
691.0,Cc1nc(-c2ccc(Cl)cc2)nc(OCCCN2CCCCC2)c1Cl,1.0,train,../data/images/hERG/691.png
692.0,CN1Cc2cncn2Cc2ccc(C#N)c(c2)Oc2ccc3cccc(c3c2)N2CC[C@H]1C2=O,1.0,train,../data/images/hERG/692.png
693.0,CS(=O)(=O)C1(c2cc(N3CCOCC3)nc(-c3cccc4[nH]ccc34)n2)CC1,0.0,train,../data/images/hERG/693.png
694.0,Cc1ccc2c(-c3nnc(SCCCN4CCc5cc6nc(CC7CC7)oc6cc5CC4)n3C)cccc2n1,1.0,train,../data/images/hERG/694.png
695.0,CC[C@H]1OC(=O)[C@H](C)C(=O)[C@H](C)[C@@H](O[C@@H]2O[C@H](C)C[C@H](N(C)C)[C@H]2O)[C@](C)(O)C[C@@H](C)C(=O)[C@H](C)[C@H]2N(C3CN([C@H](C)c4ccnc5ncccc45)C3)C(=O)O[C@]12C,0.0,train,../data/images/hERG/695.png
696.0,Cc1ncoc1-c1nnc(SCCCN2CCc3cc4nc(CC5CC5)oc4cc3CC2)n1C,1.0,train,../data/images/hERG/696.png
697.0,Cc1cccc2c(=O)n(-c3ccc(OCCCN4CCCC4)cc3)c(C)nc12,1.0,train,../data/images/hERG/697.png
698.0,CCOC(=O)c1sc2nc(/C=C/c3ccc(-n4cnc(C)c4)c(OC)c3)nc(N)c2c1C,1.0,train,../data/images/hERG/698.png
699.0,CN(C(=O)Cc1ccc(-n2cnnn2)cc1)C1CCN(Cc2nc3c(s2)CCCC3)CC1,1.0,train,../data/images/hERG/699.png
700.0,CCN(CC)C(=O)c1ccc(C2=CC3(CCNCC3)Oc3ccccc32)cc1C,1.0,train,../data/images/hERG/700.png
701.0,CN1c2nc(-c3ccc(Cl)cc3Cl)c(-c3ccc(Cl)cc3)cc2C(C(=O)NCO)CC1(C)C,1.0,train,../data/images/hERG/701.png
702.0,c1ccc(CCCNCCC(c2ccccc2)c2ccccc2)cc1,1.0,train,../data/images/hERG/702.png
703.0,O=C(NC[C@H]1CCCC[C@H]1O)NC1CCN(Cc2ccn(-c3ccc(C(F)(F)F)cc3)c2)CC1,1.0,train,../data/images/hERG/703.png
704.0,O=C(/C=C/c1ccc2c(c1)CN(S(=O)(=O)c1cccs1)C2)NO,0.0,train,../data/images/hERG/704.png
705.0,COCCOc1cc2ncc(C(N)=O)c(Nc3ccc(F)cc3F)c2cc1N1CCN(C)CC1,0.0,train,../data/images/hERG/705.png
706.0,Cc1cc(NCc2c(F)cccc2C(F)(F)F)c2cccc(C(N)=O)c2n1,1.0,train,../data/images/hERG/706.png
707.0,COC1COCCC1N[C@@H]1C[C@H]2CCC[C@@]2(C(=O)N2CCc3ncc(OC(C)C)cc3C2)C1,0.0,train,../data/images/hERG/707.png
708.0,COc1ccccc1Oc1ccccc1CN1CCC2(CC1)CCN(C(=O)c1cc(Cl)c(Cl)cc1C(=O)O)CC2,0.0,train,../data/images/hERG/708.png
709.0,N#Cc1ccccc1C[C@@H](C(=O)O)N1CCC(CN2CCC(Oc3ccc(Cl)c(Cl)c3)CC2)CC1,0.0,train,../data/images/hERG/709.png
710.0,C[C@@H]1CCCCN1CCCNCc1ccc(CNCCCN2CCCC[C@H]2C)cc1,0.0,train,../data/images/hERG/710.png
711.0,Cc1nnc(C(=O)NC(C)(C)c2nc(C(=O)NCc3ccc(F)cc3)c(O)c(=O)n2C)o1,0.0,train,../data/images/hERG/711.png
712.0,Fc1cccc(-c2nc3cnn(Cc4cc(-c5ccc(C(F)(F)F)cc5C(F)(F)F)no4)cc-3n2)c1F,0.0,train,../data/images/hERG/712.png
713.0,O=C(NC1CCN(C2CCc3c2ccc2c3OCO2)CC1)c1cc(=O)c2cc(F)ccc2o1,1.0,train,../data/images/hERG/713.png
714.0,Cc1cccc([C@H]2CC[C@@H](CNC(=O)c3ccc(-c4nc5cc(C#N)cc(C(C)C)c5o4)cc3)CC2)c1,0.0,train,../data/images/hERG/714.png
715.0,CCOC(=O)[C@H]1CC[C@@H](N2CC(NC(=O)CNc3nn(CC)c4ccc(C(F)(F)F)cc34)C2)CC1,1.0,train,../data/images/hERG/715.png
716.0,C[C@@H](C[C@@H](CS(=O)(=O)N1CCC(OCc2ccc(Cl)cc2Cl)CC1)N(O)C=O)c1ncc(F)cn1,1.0,train,../data/images/hERG/716.png
717.0,COc1c(C)cc(C2(c3cccc(-c4cncnc4)c3)N=C(C)C(N)=N2)cc1C,0.0,train,../data/images/hERG/717.png
718.0,COc1cccc(-n2cc3nc(CC(C)C)n(C[C@H]4CCCN(C[C@H]5CCCO5)C4)c(=O)c3n2)c1,1.0,train,../data/images/hERG/718.png
719.0,C1CCC(C(CC2CCCCN2)C2CCCCC2)CC1,1.0,train,../data/images/hERG/719.png
720.0,C[C@@H](c1ccc(-c2ccc(F)cc2F)cc1)N1CC[C@](CCO)(c2ccc(F)cc2)OC1=O,0.0,train,../data/images/hERG/720.png
721.0,CC(=O)NCCc1ccccc1-c1ccc([C@H]2CNCC[C@@]23OCc2cc(F)c(F)cc23)c(C)c1,1.0,train,../data/images/hERG/721.png
722.0,COC(=O)N[C@H](C(=O)N1CCC[C@H]1c1ncc(-c2ccc(-c3ccc(-c4cnc([C@@H]5CCCN5C(=O)[C@@H](NC(=O)OC)C(C)C)[nH]4)cc3)cc2)[nH]1)C(C)C,0.0,train,../data/images/hERG/722.png
723.0,COc1ccc2ncc(F)c(CCC34CCC(N(C)Cc5ccc6c(n5)NC(=O)CO6)(CC3)CO4)c2n1,1.0,train,../data/images/hERG/723.png
724.0,O=C(NS(=O)(=O)c1ccccc1)N1CCC(N2CCC(Oc3ccc(Cl)c(Cl)c3)CC2)CC1,1.0,train,../data/images/hERG/724.png
725.0,CN(C(=O)N1CC(c2cc(F)ccc2F)=C[C@@]1(CO)c1ccccc1)C1CCNCC1,0.0,train,../data/images/hERG/725.png
726.0,Cc1ncc(-c2ccnc(Nc3ccc(S(C)(=O)=O)cc3)n2)n1C(C)C,1.0,train,../data/images/hERG/726.png
727.0,CCCCNc1nccc2[nH]c3ccccc3c12,1.0,train,../data/images/hERG/727.png
728.0,Clc1ccc(C2CC=CCNC2)cc1Cl,0.0,train,../data/images/hERG/728.png
729.0,O=[N+]([O-])c1ccc(CCN2CCNCC2)cc1,1.0,train,../data/images/hERG/729.png
730.0,CC1=C(c2ccc(OCCCN3CCCC3)cc2)Oc2ccccc2S1,1.0,train,../data/images/hERG/730.png
731.0,CN(C(=O)N1CC(c2cc(F)ccc2F)=CC1c1cccc(O)c1)C1CCNCC1,1.0,train,../data/images/hERG/731.png
732.0,CCOc1cc2ncc(C(N)=O)c(Nc3ccc(F)cc3F)c2cc1N1CCN(C)CC1,0.0,train,../data/images/hERG/732.png
733.0,[O-][S+]1CCC(C2N[C@@H](c3nc(-c4ccccc4)c[nH]3)Cc3c2[nH]c2ccccc32)CC1,1.0,train,../data/images/hERG/733.png
734.0,COc1cc(N2CCC(N3CCOCC3)CC2)ccc1-c1nc2c(N[C@H]3[C@@H](C(N)=O)[C@@H]4C=C[C@H]3C4)c(Cl)cnc2[nH]1,0.0,train,../data/images/hERG/734.png
735.0,O=C(Nc1ccc(-c2nnc(NCCCN3CCCC3)o2)cc1)c1ccccc1F,1.0,train,../data/images/hERG/735.png
736.0,NC1=N[C@](c2ccnc(C(F)(F)F)c2)(c2ccc(F)c(-c3cncnc3)c2)c2cccc(F)c21,1.0,train,../data/images/hERG/736.png
737.0,CCCCOC(=O)N1CCN(C(=O)[C@H](CCC(=O)O)NC(=O)c2cc(N3CCC(C(=O)N4CCCC4)CC3)cc(-c3ccccc3)n2)CC1,0.0,train,../data/images/hERG/737.png
738.0,CC(C)(C)c1cc(C(=O)Nc2nc(CN)cs2)n(Cc2ccccc2)n1,1.0,train,../data/images/hERG/738.png
739.0,CN1C[C@@H]2[C@H](C1)[C@H]2CN(Cc1ccc(F)c(Cl)c1)C(=O)c1cn(C)cn1,1.0,train,../data/images/hERG/739.png
740.0,CN[C@@H]1Cc2ccccc2[C@@H](c2ccc(Cl)c(Cl)c2)C1,1.0,train,../data/images/hERG/740.png
741.0,Cc1ncoc1-c1nnc(SCCCNC2CC3CC3(c3ccccc3)C2)n1C,1.0,train,../data/images/hERG/741.png
742.0,Cc1cccc(S(=O)(=O)N2Cc3ccc(/C=C/C(=O)NO)cc3C2)c1,0.0,train,../data/images/hERG/742.png
743.0,O=C(NC[C@@H]1OC(=O)N2c3ccc(N4CCOCC4=O)cc3OC[C@@H]12)c1ccc(Cl)s1,0.0,train,../data/images/hERG/743.png
744.0,Cc1ncoc1-c1nnc(SCCCN2CCc3cc4nc(C(F)(F)C(F)(F)F)oc4cc3CC2)n1C,1.0,train,../data/images/hERG/744.png
745.0,CC(C)S(=O)(=O)N[C@H]1CN(C)C[C@@H]1c1ccc(-c2ccsc2)cc1,1.0,train,../data/images/hERG/745.png
746.0,Cc1noc(Cn2nc3ccc(-c4ccc(OC(F)(F)F)cc4)cn3c2=O)n1,0.0,train,../data/images/hERG/746.png
747.0,CN1C[C@@H]2CCC[C@]2(c2ccc(Cl)c(Cl)c2)C1,1.0,train,../data/images/hERG/747.png
748.0,O=C1COc2ccc(CNC34CCC(CCc5c(F)cnc6ccc(OC[C@@H]7C[C@@H](O)[C@@H](O)C7)nc56)(CC3)OC4)nc2N1,1.0,train,../data/images/hERG/748.png
749.0,CCC1OC(=O)C(C)C(OC2CC(C)(OC)C(O)C(C)O2)C(C)C(OC2OC(C)CC(N(C)C)C2O)C(C)(OC)CC(C)C(=O)C(C)C(O)C1(C)O,0.0,train,../data/images/hERG/749.png
750.0,NC1(C(=O)N[C@@H](CCN2CCCCC2)c2ccc(Cl)cc2)CCN(c2ncnc3[nH]ccc23)CC1,0.0,train,../data/images/hERG/750.png
751.0,CC(=O)Nc1cccc(Nc2ncnc(N3CCC(OCc4ccc(C(F)(F)F)cc4)CC3)n2)c1C,0.0,train,../data/images/hERG/751.png
752.0,CC1(C)C[C@@H]2C[C@@](C)(CN2CCN2CCN(c3cccc(Cl)c3)C2=O)C1,1.0,train,../data/images/hERG/752.png
753.0,N#Cc1ccc2cc1Oc1ccc3c(c1)[C@@H](CCO3)N1CC[C@H](NCc3cncn3C2)C1=O,1.0,train,../data/images/hERG/753.png
754.0,CN1CCC[C@@H]1Cn1nc(Cc2ccc(Cl)cc2)c2ccncc2c1=O,1.0,train,../data/images/hERG/754.png
755.0,O=C(Nc1ccc(OC2(C(=O)O)CC2)cc1F)[C@H](C1CCCCC1)n1c(-c2ccc(Cl)cc2)nc2cc(F)c(F)cc21,0.0,train,../data/images/hERG/755.png
756.0,Cc1nnc(C(C)C)n1C1CCN(C(C)C[C@H](NC(=O)C2CCC(F)(F)CC2)c2ccccc2)CC1,1.0,train,../data/images/hERG/756.png
757.0,O=C1N(CCN2CCC(c3nnc(-c4ccccc4)o3)CC2)CCN1c1cccc(Cl)c1,1.0,train,../data/images/hERG/757.png
758.0,CCO[C@H]1CC[C@@H](N2CC(NC(=O)CNc3n[nH]c4ccc(C(F)(F)F)cc34)C2)CC1,1.0,train,../data/images/hERG/758.png
759.0,O=C1COc2ccc(CNC34CCC(CC5(O)Cn6c(=O)c(Cl)cc7ncc(F)c5c76)(CC3)OC4)nc2N1,0.0,train,../data/images/hERG/759.png
760.0,Cc1nc(Oc2ccc(C(N)=O)cc2)ccc1CN1CCC(N2C(=O)N(C3CCOCC3)C[C@H]2c2ccccc2)CC1,0.0,train,../data/images/hERG/760.png
761.0,O=C(CNC(=O)c1cccc(C(F)(F)F)c1)NC1CN([C@H]2CC[C@@H](c3ccc4c(c3)OCO4)CC2)C1,1.0,train,../data/images/hERG/761.png
762.0,CCOC(=O)N1CCC(CN2CC[C@H](NC(=O)c3cc(Cl)c(N)cc3OC)[C@H](OC)C2)CC1,1.0,train,../data/images/hERG/762.png
763.0,Cc1cc(C#N)ccc1-c1ccnc(NCc2n[nH]c(-c3ccccc3)c2Cl)c1,0.0,train,../data/images/hERG/763.png
764.0,CNC(=O)c1ccc(Oc2ccc(S(=O)(=O)[C@]3(C(=O)NO)CCC4(CCNCC4)C3)cc2)cc1,0.0,train,../data/images/hERG/764.png
765.0,O=C(CCc1ccccc1)N[C@H]1CC[C@H](c2ccc(O)cc2)CC1,0.0,train,../data/images/hERG/765.png
766.0,N[C@@H]1CCCN(c2c(/C=C3\SC(=O)NC3=O)cccc2-c2ccccc2)C1,0.0,train,../data/images/hERG/766.png
767.0,Cn1c(SCCCN2CC3CCN(c4ccc(F)cc4)C3C2)nnc1-c1cc[nH]c(=O)c1,1.0,train,../data/images/hERG/767.png
768.0,COc1ccc2c(c1)C(=O)N(Cc1ccccc1-c1ccccc1)C2C(=O)NC(C)(C)C,0.0,train,../data/images/hERG/768.png
769.0,Cc1cc(C2C=CN=CN2)c(C)s1,0.0,train,../data/images/hERG/769.png
770.0,CCn1cc([C@@]2(c3nnc(N(C)C)o3)N[C@@H](c3nc(-c4ccc(F)cn4)c[nH]3)Cc3c2[nH]c2ccccc32)cn1,1.0,train,../data/images/hERG/770.png
771.0,CC(=O)N[C@@H](CCN1[C@@H]2CC[C@H]1C[C@@H](n1c(C)nc3c1CCN(c1cnccn1)C3)C2)c1cccc(F)c1,1.0,train,../data/images/hERG/771.png
772.0,O=c1cc(-c2ccc(OC3CCN(C4CCC4)CC3)cc2)cn[nH]1,1.0,train,../data/images/hERG/772.png
773.0,N#Cc1ccc(Cn2cncc2CN[C@H]2CCN(Cc3cccc(Cl)c3)C2=O)cc1,1.0,train,../data/images/hERG/773.png
774.0,CCNCCc1cccc(C(F)(F)F)c1,0.0,train,../data/images/hERG/774.png
775.0,CC(C)c1cc(C#N)cc2nc(-c3ccc(C(=O)NC[C@H]4CC[C@@H](c5ccc(C(C)(C)C)cc5)CC4)cc3)oc12,0.0,train,../data/images/hERG/775.png
776.0,CC(=O)N1CCN(c2ccc(OC[C@@H]3CO[C@@](Cn4ccnc4)(c4ccc(Cl)cc4Cl)O3)cc2)CC1,1.0,train,../data/images/hERG/776.png
777.0,CC(=O)c1ccc2c(c1)N(CCN1CCC(NCc3ccc4c(n3)NC(=O)CO4)CC1)C(=O)CO2,0.0,train,../data/images/hERG/777.png
778.0,O=C(O)[C@@H](c1ccccc1)N1CCC(CN2CCC(Oc3ccc(Cl)c(Cl)c3)CC2)CC1,0.0,train,../data/images/hERG/778.png
779.0,O=C(c1cnn2cccnc12)N1CCN(c2ccc(OCCCN3CCCCC3)cc2)C(=O)C1,0.0,train,../data/images/hERG/779.png
780.0,Fc1nccc2c3cnc(Nc4ccc(N5CCNCC5)cn4)nc3n(C3CCCC3)c12,1.0,train,../data/images/hERG/780.png
781.0,COC1COCCC1N[C@@H]1C[C@H]2CCC[C@@]2(C(=O)N2CCc3ncc([N+](=O)[O-])cc3C2)C1,0.0,train,../data/images/hERG/781.png
782.0,C=CC(=O)Nc1cccc(Oc2nc(Nc3ccc(N4CCN(C)CC4)cc3)nc3[nH]ccc23)c1,1.0,train,../data/images/hERG/782.png
783.0,CS(=O)(=O)c1ccc([C@@H](CC2CCCC2)C(=O)Nc2cnccn2)cc1Cl,1.0,train,../data/images/hERG/783.png
784.0,CN(C)Cc1ccccc1Oc1ccc(Cl)c(Cl)c1,1.0,train,../data/images/hERG/784.png
785.0,CN(C)C(=O)N1CC(c2cc(F)ccc2F)=C[C@H]1c1cccc(O)c1,0.0,train,../data/images/hERG/785.png
786.0,CNC1CCCC(c2c[nH]c3ccc(NC(=N)c4cccs4)cc23)C1,0.0,train,../data/images/hERG/786.png
787.0,COc1cc(N2C(=O)N(c3ccc(-c4ccc(C(=O)O)c(Cl)c4)cc3)C(=O)C23CCN(Cc2ncccc2C)CC3)ncn1,1.0,train,../data/images/hERG/787.png
788.0,COC(=O)C1(CNC(=O)c2cc(OC)cc(OC)c2)CCN(Cc2ccc(OC)cc2)CC1,1.0,train,../data/images/hERG/788.png
789.0,CNc1nn2cc3c(nc2c1S(=O)(=O)c1ccccc1)CCN(C)C3,1.0,train,../data/images/hERG/789.png
790.0,CCOc1nc(C(=O)NCc2cccnc2)cc(N)c1C#N,0.0,train,../data/images/hERG/790.png
791.0,C[C@@H](c1ccc(-c2cccc(C(=O)O)c2)cc1)[C@H](N)C(=O)N1CC[C@H](F)C1,0.0,train,../data/images/hERG/791.png
792.0,CCN(C(=O)Cc1ccc(S(C)(=O)=O)cc1)C1CCN(CCC(c2ccccc2)N2CCN(c3cccc(F)c3)CC2)CC1,1.0,train,../data/images/hERG/792.png
793.0,N#Cc1ccc2ccc(=O)n(CCN3CC[C@H](NCc4ccc5c(n4)NC(=O)CO5)[C@H](O)C3)c2c1,0.0,train,../data/images/hERG/793.png
794.0,COc1ccc(-n2cc3nc(-c4ccccc4C)n(CC4CCCN(C(C)C)C4)c(=O)c3n2)cc1,0.0,train,../data/images/hERG/794.png
795.0,O=C1COc2ccc(CNC3CCN(CCN4C(=O)COc5ccc(-n6cnnn6)cc54)CC3)nc2N1,0.0,train,../data/images/hERG/795.png
796.0,COC1COCCC1N[C@@H]1C[C@H]2CN(C(=O)OCCC3CCOCC3)C[C@@]2(C(=O)N2CCc3ncc(C(F)(F)F)cc3C2)C1,0.0,train,../data/images/hERG/796.png
797.0,CCCC1NC(C)C2C(=O)N=C(c3cc(S(=O)(=O)N4CCN(CC)CC4)ccc3OCC)NN12,0.0,train,../data/images/hERG/797.png
798.0,COc1c(C(C)(C)C)cc(C(=O)N2CCC(CNC(=O)CCCCC(c3ccc(F)cc3)c3ccc(F)cc3)C2)cc1C(C)(C)C,1.0,train,../data/images/hERG/798.png
799.0,COC(=O)N(CC(=O)O)Cc1cc(OCc2nc(-c3ccc(Cl)cc3)oc2C)ccc1F,0.0,train,../data/images/hERG/799.png
800.0,CN1CCN(c2ncc3cc(-c4ccccc4)c(-c4ccc(CN5CCC(c6nnc(-c7ccc(N)nc7)[nH]6)CC5)cc4)nc3n2)CC1,1.0,train,../data/images/hERG/800.png
801.0,COc1ccc2c(c1)c(/C=N/NS(=O)(=O)c1ccc(C)cc1)cn2CC(=O)Nc1ccc(Cl)cc1,0.0,train,../data/images/hERG/801.png
802.0,OC(c1ccccc1)(c1ccccc1)C1CCNCC1,0.0,train,../data/images/hERG/802.png
803.0,O=C(c1ccc(F)cc1F)N1CCN(c2ccc(OCCCN3CCCC3)cc2)C(=O)C1,0.0,train,../data/images/hERG/803.png
804.0,Cc1ccc(OC(=O)N(CC(=O)O)Cc2cccc(OCc3nc(-c4ccc(C)cc4)oc3C)c2)cc1,0.0,train,../data/images/hERG/804.png
805.0,COc1ccc([C@H]2CN(CCc3ccc(OC)c(OC)c3)C[C@@H]2CCc2cc3ccc(Cl)cc3[nH]2)cc1,1.0,train,../data/images/hERG/805.png
806.0,CC(C)(C)CCN1CCC(CNC(=O)c2ccc(Cl)c(Cl)c2)CC1,1.0,train,../data/images/hERG/806.png
807.0,CCc1oc(CCc2cc(N3CCOCC3)cc(NC(C)=O)n2)nc1C,1.0,train,../data/images/hERG/807.png
808.0,N[C@H]1CN(c2ccn3cnnc3n2)CC[C@@H]1c1cc(F)c(F)cc1F,0.0,train,../data/images/hERG/808.png
809.0,O=C(C1CCN(c2cc(C(F)(F)F)ncn2)CC1)N1CC[C@H](N[C@H]2CC[C@@](O)(c3ccc(-c4ncccn4)cn3)CC2)C1,0.0,train,../data/images/hERG/809.png
810.0,Cc1nc2ccccc2c(=O)n1-c1ccc(OC2CCC(N3CCCC3)C2)cc1,0.0,train,../data/images/hERG/810.png
811.0,N#Cc1ccc(-c2ccc3c(c2)OC[C@H]2[C@H](CO)OC(=O)N32)cn1,0.0,train,../data/images/hERG/811.png
812.0,N#Cc1ccc(NC(=O)[C@H](CN2CC(O)C2)Oc2ncnc3c2cnn3-c2ccccc2Cl)nc1,1.0,train,../data/images/hERG/812.png
813.0,Cc1cccc(NC(=O)c2ccc(-c3ccc(C#N)cc3)o2)c1,1.0,train,../data/images/hERG/813.png
814.0,Cc1nc(SCc2cc(N3CCOCC3)cc(NCC#N)n2)n(C)c1C,0.0,train,../data/images/hERG/814.png
815.0,Cc1ncn(-c2cc(Cl)c(C(=O)NC[C@@H](c3cccc(F)c3)c3nc4c(F)ccc(C)c4c(=O)[nH]3)c(Cl)c2)n1,0.0,train,../data/images/hERG/815.png
816.0,N#Cc1c[nH]c(C(=O)Nc2ccc(C3CCN(C(=O)NCCO)CC3)cc2C2=CCCCC2)n1,0.0,train,../data/images/hERG/816.png
817.0,O=C(NS(=O)(=O)c1ccc(Cl)cc1)N1CCC(N2CCC(Oc3ccc(Cl)c(Cl)c3)CC2)CC1,0.0,train,../data/images/hERG/817.png
818.0,CC(C)Oc1ccc(-c2nc(-c3ccc4c(c3)CCN(C(CO)CO)CC4)no2)cc1C#N,0.0,train,../data/images/hERG/818.png
819.0,Nc1c(-c2ccc([C@H]3CC[C@H](CC(=O)O)CC3)cc2)cnc2ccnn12,0.0,train,../data/images/hERG/819.png
820.0,CC(=O)N1CCC(N(C)C(=O)N2CC(c3cc(F)ccc3F)=C[C@H]2c2ccccc2)CC1,0.0,train,../data/images/hERG/820.png
821.0,O=S(=O)(c1cccc(F)c1)c1ccc2c3c(oc2c1)C1(CCOCC1)NCC3,0.0,train,../data/images/hERG/821.png
822.0,CN1CC(C)(NC(=O)Nc2cccc(-c3nnnn3C)c2)C(CN2CCC[C@@H](Cc3ccc(F)cc3)C2)OC1=O,0.0,train,../data/images/hERG/822.png
823.0,O=C(NCc1ccc(OC(F)(F)F)cc1)C1c2ccccc2C(=O)N1CCc1ccc(F)cn1,1.0,train,../data/images/hERG/823.png
824.0,Cc1cc(C(=O)NCCCN2CCN(c3cccc(Cl)c3Cl)CC2)nc(C)n1,0.0,train,../data/images/hERG/824.png
825.0,CC(=O)Nc1cccc(CN2CCC(NC(=O)c3cc(=O)c4ccc(F)cc4o3)CC2)c1,0.0,train,../data/images/hERG/825.png
826.0,Fc1ccccc1-c1nc2ccn(Cc3cc(-c4ccc(C(F)(F)F)cc4C(F)(F)F)no3)cc-2n1,1.0,train,../data/images/hERG/826.png
827.0,CN1CCC(Cc2ccc3c(c2)Cc2c(-c4csc(C#CCOc5ccccc5)c4)n[nH]c2-3)CC1,1.0,train,../data/images/hERG/827.png
828.0,Cc1cc(C2CC=CCNC2)ccc1Cl,0.0,train,../data/images/hERG/828.png
829.0,C[C@H](c1nc(-c2ccc(S(C)(=O)=O)cc2Cl)no1)[C@H](N)C(=O)N1CCCC1,0.0,train,../data/images/hERG/829.png
830.0,O=C(O)C(c1ccccc1)N1CCC(N2CCC(Oc3ccc(Cl)c(Cl)c3)CC2)CC1,1.0,train,../data/images/hERG/830.png
831.0,Cc1nn2ccccc2c1CCNCc1ccc(/C=C/C(=O)NO)cc1,0.0,train,../data/images/hERG/831.png
832.0,CC(=O)NC1CCN(Cc2ccc(Oc3nc4ccccc4s3)cc2)CC1,0.0,train,../data/images/hERG/832.png
833.0,CS(=O)(=O)c1ccc2c(C(=O)NC[C@@H](O)CN3CCC(Oc4ccc(Cl)c(Cl)c4)CC3)c[nH]c(=O)c2c1,1.0,train,../data/images/hERG/833.png
834.0,COC(=O)c1ccc(C2=CC3(CCNCC3)Oc3ccccc32)cc1,1.0,train,../data/images/hERG/834.png
835.0,c1ccc2c3c([nH]c2c1)[C@@H](C1CCOCC1)N[C@@H](c1nc(-c2ccsc2)c[nH]1)C3,1.0,train,../data/images/hERG/835.png
836.0,CC(C)c1ncc([C@H]2CC[C@@H](N3CC(NC(=O)CNc4nn(C)c5ccc(C(F)(F)F)cc45)C3)CC2)s1,0.0,train,../data/images/hERG/836.png
837.0,O=C(NCC(=O)N1CC[C@H](N[C@H]2CC[C@@](O)(c3ccc(-c4cccnc4)cn3)CC2)C1)c1cccc(C(F)(F)F)c1,0.0,train,../data/images/hERG/837.png
838.0,COc1cc(-c2cn(Cc3cc(C(F)(F)F)cc(C(F)(F)F)c3)nn2)ccc1-n1cnc(C)c1,1.0,train,../data/images/hERG/838.png
839.0,CS(=O)(=O)N1CCN(Cc2cn3cc(-c4cccc5[nH]ncc45)nc(N4CCOCC4)c3n2)CC1,0.0,train,../data/images/hERG/839.png
840.0,C[C@@H]1CN(c2nc(C(F)(F)F)no2)CCN1c1ncc(OCc2ccc(S(C)(=O)=O)cc2F)cn1,1.0,train,../data/images/hERG/840.png
841.0,N[C@H]1CCCC[C@H]1Nc1cc2nc[nH]c(=O)c2c(Nc2cccc3c(Cl)c[nH]c23)n1,0.0,train,../data/images/hERG/841.png
842.0,COc1ccc(C(=O)Oc2ccc(S(=O)(=O)C3(C(=O)NO)CCC4(CCNCC4)C3)cc2)cc1,0.0,train,../data/images/hERG/842.png
843.0,CNc1cc(Nc2cnc(C#N)c(O[C@H](C)CN(C)C)n2)ncc1-c1cnn(C)c1,0.0,train,../data/images/hERG/843.png
844.0,COCc1ccc2c3nc(N4CCC[C@@H](N)C4)n(Cc4ccccc4Cl)c3c(=O)n(C)c2c1,1.0,train,../data/images/hERG/844.png
845.0,CC#CCn1c(N2CCC[C@H](N)C2)c(C#N)c2c1c(=O)n(CC(=O)c1cccc(OC)c1)c(=O)n2C,1.0,train,../data/images/hERG/845.png
846.0,Cc1cccc(NC(=O)N[C@@H]2N=C(c3ccccc3)c3ccccc3N(C)C2=O)c1,1.0,train,../data/images/hERG/846.png
847.0,Cc1onc(-c2c(Cl)cccc2Cl)c1NC(=O)OCc1c(F)cccc1Cl,0.0,train,../data/images/hERG/847.png
848.0,COc1cc(N2C(=O)N(c3ccc(-c4ccc5nc[nH]c5c4)cc3)C(=O)C23CCN(Cc2ncccc2C)CC3)ncn1,0.0,train,../data/images/hERG/848.png
849.0,COCCONC(=O)N(Cc1ccsc1)C1CCN([C@H](C)CCNC(=O)c2c(C)cc(Cl)nc2C)CC1,0.0,train,../data/images/hERG/849.png
850.0,CN(C)C(=O)CN1CCc2cc3nc(N)sc3cc2CC1,0.0,train,../data/images/hERG/850.png
851.0,COc1ccccc1N1CCC2CN(CCCSc3nnc(-c4cnccn4)n3C)CC21,1.0,train,../data/images/hERG/851.png
852.0,O=C(NCc1ccc(F)cc1)N(c1ccc(Br)cc1)C1CCN(CCO)CC1,1.0,train,../data/images/hERG/852.png
853.0,Cc1ncc([C@H]2CC[C@@H](N3CC(NC(=O)CNc4nn(C)c5ccc(C(F)(F)F)cc45)C3)CC2)s1,0.0,train,../data/images/hERG/853.png
854.0,CC(C)OC(=O)C1=CN(C(=O)c2ccc(OCCN3CCOCC3)cc2)CC(C)(C)c2c1[nH]c1cc(F)ccc21,0.0,train,../data/images/hERG/854.png
855.0,Cc1ncc(-c2ccnc(Nc3ccc(N4CCN(C(=O)[C@H](C)O)CC4)cc3)n2)n1C(C)C,0.0,train,../data/images/hERG/855.png
856.0,Cc1cccnc1CN1CCC2(CC1)C(=O)N(c1ccc(-c3ccc(N4CCOCC4)cc3)cc1)C(=O)N2c1cc(O)ncn1,0.0,train,../data/images/hERG/856.png
857.0,Cc1ncc(-c2ccnc(Nc3ccc(N4CCN(C(=O)CO)CC4)cc3)n2)n1C(C)C,0.0,train,../data/images/hERG/857.png
858.0,Cn1cnc(C(=O)N(Cc2cccc(OC(F)(F)F)c2)[C@H]2C[C@H]3CNC[C@H]3C2)c1,0.0,train,../data/images/hERG/858.png
859.0,CN(CCO)CC(=O)N1CCC(c2ccc(NC(=O)c3nc(C#N)c[nH]3)c(C3=CCCCC3)c2)CC1,0.0,train,../data/images/hERG/859.png
860.0,COc1cc(C(CO)CO)ccc1Nc1ncc(Cl)c(-c2cnc3ccccn23)n1,0.0,train,../data/images/hERG/860.png
861.0,COc1cnc2ccc(=O)n(CCN3CC[C@@H](NCc4ccc5c(n4)NC(=O)CO5)[C@@H](F)C3)c2c1,0.0,train,../data/images/hERG/861.png
862.0,O=C(O)c1ccc(-n2cc(C3CCN(CCN4CCNC4=O)CC3)c3cc(Cl)ccc32)cc1,0.0,train,../data/images/hERG/862.png
863.0,Oc1ccc(Cl)c2c1CNC(CN1CCC3(CCc4ccccc43)CC1)C2,1.0,train,../data/images/hERG/863.png
864.0,CCC1(C)NC(=O)c2cc(S(=O)(=O)Nc3ccc(F)cc3F)cc(Cl)c2NC1=O,0.0,train,../data/images/hERG/864.png
865.0,O=C(N1CCOCC1)N1CCN(c2cnc3cc(C(F)(F)F)cc(NCc4cccc([N+](=O)[O-])c4)c3c2)CC1,1.0,train,../data/images/hERG/865.png
866.0,CCCCN1CCCC[C@@H]1C(=O)Nc1c(C)cccc1C,0.0,train,../data/images/hERG/866.png
867.0,Cn1cnc(C(=O)N(Cc2cccc(OC(F)(F)F)c2)C[C@H]2[C@@H]3CN(CC4CC4)C[C@@H]32)c1,1.0,train,../data/images/hERG/867.png
868.0,O=C(Nc1ccc(F)cn1)[C@H](CN1CC(O)C1)Oc1ncnc2c1cnn2-c1ccccc1Cl,0.0,train,../data/images/hERG/868.png
869.0,C[C@H]1c2c([nH]c3ccc(C(F)(F)F)cc23)C[C@H]2CCN(CCCC3CCOCC3)C[C@@H]21,1.0,train,../data/images/hERG/869.png
870.0,Cc1ncccc1C(=O)N1CC[C@H](NCc2cncn2Cc2ccc(C#N)cc2)C1=O,1.0,train,../data/images/hERG/870.png
871.0,CC(C)NC(=O)NS(=O)(=O)c1ccc(OCCCN2CCCCC2)cc1,0.0,train,../data/images/hERG/871.png
872.0,COc1cccc(C(=O)Nc2ccc(OCCN3CCOCC3)c(-c3ccnn3C)c2)c1,0.0,train,../data/images/hERG/872.png
873.0,O=C(Nc1ccccc1)NS(=O)(=O)c1ccc(OCCN2CCCCC2)cc1,0.0,train,../data/images/hERG/873.png
874.0,CCOc1cc(CN2CCC(Nc3nc4cc(S(=O)(=O)CC)ccc4o3)CC2)ccc1OC,1.0,train,../data/images/hERG/874.png
875.0,CS(=O)(=O)c1cccc(-c2ccc3ncc(-c4ccc(C(=O)N5CCC(O)C5)cc4)n3n2)c1,0.0,train,../data/images/hERG/875.png
876.0,COc1ccc2ncc(C)c(CCC34CCC(NCc5ccc6c(n5)NC(=O)CO6)(CC3)CO4)c2n1,1.0,train,../data/images/hERG/876.png
877.0,CCCc1cccc(Nc2cc(N[C@@H]3CCCC[C@@H]3N)nnc2C(N)=O)n1,1.0,train,../data/images/hERG/877.png
878.0,CC(C)N(C)[C@@H]1CC[C@H](NC(=O)CNC(=O)c2cccc(C(F)(F)F)c2)[C@H](COc2ccccc2)C1,1.0,train,../data/images/hERG/878.png
879.0,CC(C)[C@H](N)C(=O)N1CC(c2cc(F)ccc2F)=C[C@H]1c1cccc(O)c1,1.0,train,../data/images/hERG/879.png
880.0,CC(=O)N[C@@H](CCN1[C@@H]2CC[C@H]1C[C@@H](n1c(C)nc3c1CCN(C(=O)C(C)(C)C)C3)C2)c1cccc(F)c1,1.0,train,../data/images/hERG/880.png
881.0,C=CC(=O)Nc1cc(Nc2nccc(-c3cn(C)c4ccccc34)n2)c(OC)cc1N(C)CCN(C)C,0.0,train,../data/images/hERG/881.png
882.0,Nc1ncc(-c2ccc(C(=O)N3CCOCC3)cc2)cc1-c1ccc(C(F)(F)F)cc1,1.0,train,../data/images/hERG/882.png
883.0,CCCCN1CCCC[C@H]1C(=O)Nc1c(C)cccc1C,0.0,train,../data/images/hERG/883.png
884.0,O=C(Nc1ccc(Cl)c(Cl)c1)N1CCN(C[C@@H]2CCCN(C3CC3)C2)CC1,1.0,train,../data/images/hERG/884.png
885.0,CCOC(=O)Nc1cccc([C@@H](c2ccc(C(=O)N(C)CC)cc2)N2CCN(Cc3nc[nH]c3C)CC2)c1,0.0,train,../data/images/hERG/885.png
886.0,CC(=O)c1ccc(NC(=O)NS(=O)(=O)c2ccc(OCCCN3CCCC3)cc2)cc1,0.0,train,../data/images/hERG/886.png
887.0,O=C(O)c1ccc(-c2noc(C3CCN(C(=O)NC4CC4c4ccccc4)CC3)n2)cc1,0.0,train,../data/images/hERG/887.png
888.0,C[C@H]1COCCN1c1cc(CS(C)(=O)=O)nc(-c2ccc3[nH]ccc3c2)n1,0.0,train,../data/images/hERG/888.png
889.0,CN(C)C/C=C/C(=O)N1CCOc2cc3ncnc(Nc4ccc(F)c(Cl)c4)c3cc21,0.0,train,../data/images/hERG/889.png
890.0,Cc1nc2ccccc2c(=O)n1-c1ccc(OCCCN2CCC[C@H](C)C2)cc1,1.0,train,../data/images/hERG/890.png
891.0,Cc1ccc(NC(=O)[C@H](COC(C)C)Oc2ncnc3c2cnn3-c2ncccc2Cl)nc1,0.0,train,../data/images/hERG/891.png
892.0,Cc1[nH]c2ccccc2c1CC(=O)N1Cc2ccc(/C=C/C(=O)NO)cc2C1,0.0,train,../data/images/hERG/892.png
893.0,COc1ccc(N(Cc2cnccc2C)C2CCN([C@H](C)CCNC(=O)c3c(C)cc(Cl)nc3C)CC2)cc1,1.0,train,../data/images/hERG/893.png
894.0,CC(C)(C)c1cc(NC(=O)n2ccc3cc(Oc4ncnc5c4CCNC5)ccc32)no1,1.0,train,../data/images/hERG/894.png
895.0,N#CC1(NC(=O)[C@@H]2CCCC[C@H]2C(=O)N2CCN(c3nc(C(F)(F)F)c(Cl)s3)CC2)CC1,0.0,train,../data/images/hERG/895.png
896.0,Cc1ccc(NC(=O)[C@H](COC(C)C)Oc2ncnc3c2cnn3-c2ccccc2Cl)nc1,0.0,train,../data/images/hERG/896.png
897.0,Cc1nn(C)c(C)c1NS(=O)(=O)c1c(Cl)cc(-c2ccnc(N3CCNCC3)c2)cc1Cl,0.0,train,../data/images/hERG/897.png
898.0,COc1cc2nccc(CCC34CCC(NCc5ccc6c(n5)NC(=O)CO6)(CC3)CO4)c2nc1OC,1.0,train,../data/images/hERG/898.png
899.0,COc1cc(N2C(=O)N(c3ccc(-c4ccc(C(=O)O)cc4Cl)cc3)C(=O)C23CCN(Cc2ncccc2C)CC3)ncn1,0.0,train,../data/images/hERG/899.png
900.0,O=C(Nc1ccc(-c2nnc(NCCCN3CCCCCC3)o2)cc1)c1ccccc1F,1.0,train,../data/images/hERG/900.png
901.0,COC[C@H]1CCCN1CCn1ncc2cc(-n3ccc(OCc4ccccc4)cc3=O)ccc21,1.0,train,../data/images/hERG/901.png
902.0,COc1cnc2ccc(=O)n3c2c1[C@](O)(CC12CCC(NCc4ccc5c(n4)NC(=O)CO5)(CC1)CO2)C3,0.0,train,../data/images/hERG/902.png
903.0,Cn1c(SCCCN2CC3CCN(c4ccccc4C(F)(F)F)C3C2)nnc1-c1cccnc1,1.0,train,../data/images/hERG/903.png
904.0,CCn1cc([C@@]2(c3nnc(SC)o3)N[C@@H](c3nc(-c4ccc(F)cn4)c[nH]3)Cc3c2[nH]c2ccccc32)cn1,1.0,train,../data/images/hERG/904.png
905.0,Cc1cc(-c2ccc3c(c2)CCN(CCCSc2nnc(-c4ccccc4)n2C)CC3)no1,1.0,train,../data/images/hERG/905.png
906.0,COCCN1CCC[C@H](Cn2c(-c3cccnc3C)nc3cn(C4CCCCC4)nc3c2=O)C1,0.0,train,../data/images/hERG/906.png
907.0,CCCOCCn1c(=O)c(NCCNCCO)nc2cnc(-c3ccc(OC)nc3)cc21,1.0,train,../data/images/hERG/907.png
908.0,CCN(CC)[C@@H](C(=O)N1CCC[C@H]1c1ncc(-c2ccc(-c3ccc(-c4cnc([C@@H]5CCCN5C(=O)[C@H](C)NC(=O)OC)[nH]4)cc3)cc2)[nH]1)c1ccccc1,1.0,train,../data/images/hERG/908.png
909.0,O=C(NC1CCc2ccccc2CC1)N1CCC(c2nc(-c3ccccn3)no2)CC1,0.0,train,../data/images/hERG/909.png
910.0,Cn1ncc(C(=O)N2CCC(Nc3cc(=O)n(C)c4ccccc34)CC2)c1Cl,0.0,train,../data/images/hERG/910.png
911.0,COc1cccc(CN2CCc3cc4nc(N)sc4cc3CC2)c1,1.0,train,../data/images/hERG/911.png
912.0,O=c1ccc(OCCCN2CCCCC2)nn1-c1ccc(F)c(F)c1,1.0,train,../data/images/hERG/912.png
913.0,Cc1c(OC2CCN(CC3CCN([C@@H](Cc4ccc(F)cc4)C(=O)O)CC3)CC2)ccc(C#N)c1Cl,0.0,train,../data/images/hERG/913.png
914.0,COc1cc(NC(=O)c2ccccc2F)ccc1-c1nnc(NCCCN2CCOCC2)o1,0.0,train,../data/images/hERG/914.png
915.0,COc1cc(N2C(=O)N(c3ccc(-c4ccc(C(=O)O)cc4C)cc3)C(=O)C23CCN(Cc2ncccc2C)CC3)ncn1,0.0,train,../data/images/hERG/915.png
916.0,Cc1ncccc1N1C[C@]2(CC[C@@H](c3nc4cc(OC(F)(F)F)ccc4[nH]3)CC2)OC1=O,0.0,train,../data/images/hERG/916.png
917.0,C[C@@H](Oc1nnc(-c2ccncc2)n1C)c1noc(-c2cccc(Cl)c2)n1,0.0,train,../data/images/hERG/917.png
918.0,CN1CCN(C(=O)NC2CCN(Cc3ccn(-c4ccc(C(F)(F)F)cc4)c3)CC2)C(c2ccccc2)C1,1.0,train,../data/images/hERG/918.png
919.0,COc1ccc2ncc(C#N)c(CCC34CCC(NCc5ccc6c(n5)NC(=O)CO6)(CC3)CO4)c2n1,1.0,train,../data/images/hERG/919.png
920.0,O=C(NC1CCN(Cc2ccn(-c3ccc(C(F)(F)F)cc3)c2)CC1)NC(Cc1cnccn1)c1ccccc1,1.0,train,../data/images/hERG/920.png
921.0,Cc1ncoc1-c1nnc(SCCCN2CCc3cc4nc(C(C)C)oc4cc3CC2)n1C,1.0,train,../data/images/hERG/921.png
922.0,O=C(Nc1ccc(Cl)cn1)[C@H](CN1CC(O)C1)Oc1ncnc2c1cnn2-c1ccccc1Cl,1.0,train,../data/images/hERG/922.png
923.0,COc1cc(CC(=O)N2CCOCC2)ccc1Nc1ncc(Cl)c(-c2cnc3ccccn23)n1,1.0,train,../data/images/hERG/923.png
924.0,COCC(C)Nc1nc(N2CCOC[C@@H]2C)c2ccc(-c3ccc(OC)c(CO)c3)nc2n1,0.0,train,../data/images/hERG/924.png
925.0,Cc1c(OC2CCN(CC3CCN([C@@H](Cc4ccc(F)cc4)C(=O)O)CC3)CC2)ccc(Cl)c1Cl,0.0,train,../data/images/hERG/925.png
926.0,Cc1c(O)ccc2c1C(=O)N(Cc1ccccc1-c1ccc(F)c(F)c1)C2C(=O)NC(C)(C)C,0.0,train,../data/images/hERG/926.png
927.0,Cc1ncoc1-c1nnc(SCCCN2CCC3(CCc4cc(Br)ccc43)C2)n1C,1.0,train,../data/images/hERG/927.png
928.0,C[C@@H]1CN(c2nc(C(F)(F)F)no2)CCN1c1ncc(OCc2ccc(C[S+](C)[O-])cc2F)cn1,0.0,train,../data/images/hERG/928.png
929.0,CC(=O)c1ccc(CN2CCC(NC(=O)c3cc(=O)c4ccc(F)cc4o3)CC2)cc1,0.0,train,../data/images/hERG/929.png
930.0,Nc1nc2c(C(=O)N[C@@H]3CN4CCC3CC4)cc(Cl)cc2o1,1.0,train,../data/images/hERG/930.png
931.0,CCNCc1cc(Nc2ccnc3cc(Cl)ccc23)ccc1O,1.0,train,../data/images/hERG/931.png
932.0,CC(C)(C#N)c1cnc(N2CCN(C(=O)[C@@H]3CCCC[C@H]3C(=O)NC3(C#N)CC3)CC2)s1,0.0,train,../data/images/hERG/932.png
933.0,O=C(NC[C@@H](O)CN1CCC(Oc2ccc(Cl)c(Cl)c2)CC1)c1cc(=O)[nH]c2ccccc12,0.0,train,../data/images/hERG/933.png
934.0,COc1cnc2ccc(=O)n(C[C@H](N)[C@H]3CC[C@H](NCc4ccc5c(n4)NC(=O)CO5)CC3)c2c1,0.0,train,../data/images/hERG/934.png
935.0,CC(=O)N1CCC(n2cc(Nc3ncc(Cl)c(-c4cnn5ccccc45)n3)c(C)n2)CC1,1.0,train,../data/images/hERG/935.png
936.0,C[C@H](O)C(=O)NC1CC(C)(C)Oc2nc(-c3ccc(Cl)cc3Cl)c(-c3ccc(Cl)cc3)cc21,1.0,train,../data/images/hERG/936.png
937.0,COc1ccc2nccc([C@@H](O)CC[C@@H]3CCN(C4CC(c5cc(F)cc(F)c5)C4)C[C@@H]3C(=O)O)c2c1,1.0,train,../data/images/hERG/937.png
938.0,CN1CCN(Cc2ccc3c(c2)Cc2c(-c4csc(C#CCOc5ccc(Cl)cc5)c4)n[nH]c2-3)CC1,1.0,train,../data/images/hERG/938.png
939.0,O=C(Nc1ccc(C[C@@H]2CC[C@H]([C@H](O)c3ccccc3)N2)cc1)[C@@H]1CCc2nccc(=O)n21,0.0,train,../data/images/hERG/939.png
940.0,Cc1nc2ccccc2n1-c1ccc(C(=O)N(C)[C@@H]2CCN(C3CCCC3)C2)cc1,1.0,train,../data/images/hERG/940.png
941.0,O=C(O)c1ccc(NC(=O)[C@H](C2CCCCC2)n2c(-c3ccc(Cl)cc3)nc3ccccc32)c(C(F)(F)F)c1,0.0,train,../data/images/hERG/941.png
942.0,Cc1cccc(Nc2nc(NCC3CCCCN3)ncc2C(N)=O)c1,1.0,train,../data/images/hERG/942.png
943.0,C=CC(=O)Nc1cc(Nc2ncc(Cl)c(-c3cnn4ccccc34)n2)c(OC)cc1N1CC[C@@H](N(C)C)C1,1.0,train,../data/images/hERG/943.png
944.0,Cc1cnc(Nc2cc(N3CCN(C)CC3)nc(N[C@@H](C)c3ccc(F)cn3)n2)s1,0.0,train,../data/images/hERG/944.png
945.0,COc1cccc(-c2cccc(C3(C)N=C(N)CS3)c2)c1,1.0,train,../data/images/hERG/945.png
946.0,Cc1nc2ccccc2n1C1C[C@H]2CC[C@@H](C1)N2CC[C@H](NC(=O)C1CC[S+]([O-])CC1)c1cccc(F)c1,0.0,train,../data/images/hERG/946.png
947.0,CC1(C)CC(NC(=O)C2(O)CC2)c2cc(-c3ccc(Cl)cc3)c(-c3ccc(Cl)cc3Cl)nc2O1,1.0,train,../data/images/hERG/947.png
948.0,N#Cc1ccc2ccc(=O)n(CCN3CC[C@@H](NCc4ccc5c(n4)NC(=O)CO5)[C@@H](O)C3)c2c1,0.0,train,../data/images/hERG/948.png
949.0,CCCCN(CC)CCCCCc1ccc(Cl)cc1,1.0,train,../data/images/hERG/949.png
950.0,CS(=O)(=O)c1ccc(C(CC2CCCC2)C(=O)Nc2nccs2)cc1F,0.0,train,../data/images/hERG/950.png
951.0,COc1cc(N)c(Cl)cc1C(=O)N[C@H]1CCN(CCC(=O)N2CCOCC2)C[C@H]1OC,0.0,train,../data/images/hERG/951.png
952.0,Clc1cnc2oc(N3CCN4CCC3CC4)nc2c1,1.0,train,../data/images/hERG/952.png
953.0,Cc1nc2cc3c(cc2o1)CCN(CCCSc1nnc(-c2ccc(F)c(F)c2)n1C)CC3,1.0,train,../data/images/hERG/953.png
954.0,O=C1N(CCN2Cc3ccccc3C2)CCN1c1cccc(Cl)c1,1.0,train,../data/images/hERG/954.png
955.0,O=C(/C=C/c1ccc(CNCCc2c[nH]c3ccccc23)cc1)NO,0.0,train,../data/images/hERG/955.png
956.0,Cn1cc(-c2ccc3c(c2)[nH]c2c(C(N)=O)cnc(N[C@H](C4CC4)C(F)(F)F)c23)cn1,1.0,train,../data/images/hERG/956.png
957.0,COc1cc(-c2cn(CC(=O)N(Cc3ccccc3)[C@H](C)c3ccccc3)nn2)ccc1-n1cnc(C)c1,1.0,train,../data/images/hERG/957.png
958.0,Cc1cnc(NC(=O)[C@H](COC2CCC2)Oc2ncnc3c2cnn3-c2ccccc2Cl)cn1,0.0,train,../data/images/hERG/958.png
959.0,COc1cc(-c2cn(C3CC[C@H]4CCCC[C@@H]4NC3=O)nn2)ccc1-n1cnc(C)c1,0.0,train,../data/images/hERG/959.png
960.0,O=C(c1nnc(-c2ccc(F)cc2)o1)N1CCC(Oc2ccc(CN3CCCC3)cc2)CC1,1.0,train,../data/images/hERG/960.png
961.0,CNC(C)c1ccccc1Oc1ccc(Cl)c(Cl)c1,1.0,train,../data/images/hERG/961.png
962.0,O=C(O[C@H]1CN2CCC1CC2)N1CCc2ccccc2[C@@H]1c1ccccc1,1.0,train,../data/images/hERG/962.png
963.0,Clc1ccc2c(c1)N=C(N1CCNCC1)c1ccccc1N2,0.0,train,../data/images/hERG/963.png
964.0,Cc1ccc2c(-c3nnc(SCCCN4CCc5cc6c(cc5CC4)OCC(=O)N6)n3C)cccc2n1,1.0,train,../data/images/hERG/964.png
965.0,CC#CCn1c(N2CCC[C@@H](N)C2)cc(=O)n(Cc2ccc3ccc(Cl)cc3n2)c1=O,0.0,train,../data/images/hERG/965.png
966.0,COc1ccc(C(=O)N2CCN(c3ccc4c(c3)CCC(=O)N4)CC2)cc1OC,1.0,train,../data/images/hERG/966.png
967.0,Cc1cc(OC2CCN(CC3CCN([C@@H](Cc4ccc(F)cc4)C(=O)O)CC3)CC2)ccc1Cl,0.0,train,../data/images/hERG/967.png
968.0,NC(=O)c1cccc(S[C@H]2C[C@H]3CC[C@@H](C2)N3Cc2ccccc2)c1,1.0,train,../data/images/hERG/968.png
969.0,CS(=O)(=O)Nc1ccc2ccc3ncc(-c4ccccc4)cc3c(=O)c2c1,1.0,train,../data/images/hERG/969.png
970.0,COc1ccc(N2CCN(Cc3nc4c5cccc(OC)c5nc(N)n4n3)[C@H](C)C2)cc1,0.0,train,../data/images/hERG/970.png
971.0,CC#CCn1c(N2CCC[C@H](N)C2)c(C#N)c2c1c(=O)n(Cc1nccc3ccccc13)c(=O)n2C,0.0,train,../data/images/hERG/971.png
972.0,Cc1cccc(CN2[C@@H]3CC[C@H]2C[C@H](Oc2cccc(C(N)=O)c2)C3)c1,1.0,train,../data/images/hERG/972.png
973.0,COc1cccc2nc(C)n(-c3ccc(OC4CCN(C5CCC5)CC4)cc3)c(=O)c12,0.0,train,../data/images/hERG/973.png
974.0,O=C1COc2ccc(CN[C@H]3CCN(CCn4c(=O)ccc5ncc(F)cc54)C[C@H]3F)nc2N1,0.0,train,../data/images/hERG/974.png
975.0,CC(C)[C@]1(C)CC(=O)N(Cc2cc(F)cc(C(=O)N[C@@H](C)c3ccccc3)c2)C(=N)N1,1.0,train,../data/images/hERG/975.png
976.0,O=C(/C=C/c1ccc2c(c1)CN(C(=O)c1cccnc1)C2)NO,0.0,train,../data/images/hERG/976.png
977.0,Cc1ccccc1-n1nc(-c2c(-c3ccc(F)cc3)nn3c2NC[C@@H](CO)C3)ccc1=O,0.0,train,../data/images/hERG/977.png
978.0,COc1ccc(N2C(=O)[C@@H](Cc3ccc(OCCc4nc(-c5ccccc5)oc4C)cc3)[C@H]2C(=O)O)cc1,0.0,train,../data/images/hERG/978.png
979.0,CS(=O)(=O)Cc1cc(N2CCOCC2)nc(-c2cnc3[nH]ccc3c2)n1,0.0,train,../data/images/hERG/979.png
980.0,O=C1CCc2ccncc2N1CCCN1CCC(n2c(=O)[nH]c3ccccc32)CC1,0.0,train,../data/images/hERG/980.png
981.0,NC(=O)C1CCN(CCOc2ccc(Oc3nc4ncccc4s3)cc2)CC1,0.0,train,../data/images/hERG/981.png
982.0,CN(CCN1CCCCC1)C(=O)[C@H]1CC[C@@]2(CC1)OC(=O)c1ccccc12,0.0,train,../data/images/hERG/982.png
983.0,Cn1nc(NCC(=O)NC2CN([C@H]3CC[C@@H](C(=O)O)CC3)C2)c2cc(C(F)(F)F)ccc21,0.0,train,../data/images/hERG/983.png
984.0,CN1[C@@H]2CCC[C@H]1C[C@H](NC(=O)c1cccc3oc(N4CCOCC4)nc13)C2,1.0,train,../data/images/hERG/984.png
985.0,Nc1nc(NC2CCNC2)c2sc(-c3ccc(C(F)(F)F)cc3)cc2n1,1.0,train,../data/images/hERG/985.png
986.0,C[N+](C)(CCCCNC(=O)Cc1ccc(OCc2ccccc2)cc1)CCNC(=O)c1nc(Cl)c(N)nc1N,0.0,train,../data/images/hERG/986.png
987.0,CCCCCCCN(CC)C/C=C\Cc1ccccc1,1.0,train,../data/images/hERG/987.png
988.0,COc1ccc([C@@H](C)N[C@@H]2CC[C@@H](C(=O)N3CCC(c4ccccc4)(c4nnco4)CC3)C(C)(C)C2)cc1,0.0,train,../data/images/hERG/988.png
989.0,CCOC(=O)C1CCN(CCCCOc2ccc(S(=O)(=O)NC(=O)Nc3ccccc3)cc2)CC1,0.0,train,../data/images/hERG/989.png
990.0,COc1ccc2cccc(Oc3ccc4nc(C)n(C[C@H]5CCCN(C(C)C)C5)c(=O)c4n3)c2n1,0.0,train,../data/images/hERG/990.png
991.0,O=C1COc2ccc(CNC34CCC(CCc5c(F)cnc6ccc(N7CCOCC7)nc56)(CC3)OC4)nc2N1,1.0,train,../data/images/hERG/991.png
992.0,COC(=O)N1C[C@@H]2C[C@@H](NC3CCOCC3OC)C[C@]2(C(=O)N2CCc3ncc(C(F)(F)F)cc3C2)C1,0.0,train,../data/images/hERG/992.png
993.0,COC1COCCC1N[C@@H]1C[C@H]2CCCC[C@@]2(C(=O)N2CCc3ncc(C(F)(F)F)cc3C2)C1,0.0,train,../data/images/hERG/993.png
994.0,O=C1CC(Cc2ccccc2)CCN1CC(O)c1ccc(O)cc1,0.0,train,../data/images/hERG/994.png
995.0,CCC(NCCCC[C@@H](C[C@@H](OC)c1ccc(F)cc1)C(=O)NO)c1ccc(F)cc1,1.0,train,../data/images/hERG/995.png
996.0,O=[N+]([O-])c1cn2c(n1)OC[C@@H](OCc1ccc(OC(F)(F)F)cc1)C2,0.0,train,../data/images/hERG/996.png
997.0,COc1ccc(-c2cc3sc(N4CCC(N5CCCCC5)CC4)nc3cn2)cn1,1.0,train,../data/images/hERG/997.png
998.0,Cc1ccc(S(=O)(=O)N/N=C/c2cn(CC(=O)Nc3ccc(F)cc3F)c3ccccc23)cc1,0.0,train,../data/images/hERG/998.png
999.0,COc1c(C)cc(C2(c3cccc(-c4cncnc4)c3)N=C(N)c3c(F)cccc32)cc1C#N,1.0,train,../data/images/hERG/999.png
1000.0,O=C1N(CCN2CCC(C(F)(F)F)CC2)CCN1c1cccc(Cl)c1F,0.0,train,../data/images/hERG/1000.png
1001.0,CC1(c2cccc(-c3cccnc3)c2)N=C(N)c2ccccc2O1,1.0,train,../data/images/hERG/1001.png
1002.0,CCCCCCC(N1CCOCC1)C(O)(c1cccnc1)c1cccnc1,0.0,train,../data/images/hERG/1002.png
1003.0,Cc1ccccc1-c1nc2cc(-c3ccc(Cl)cc3)sc2c(=O)n1CC1CCCN(C(C)C)C1,1.0,train,../data/images/hERG/1003.png
1004.0,O=C(NC1CCN(Cc2ccc3oc(=O)[nH]c3c2)CC1)c1cc(=O)c2ccc(F)cc2o1,0.0,train,../data/images/hERG/1004.png
1005.0,Cc1ccc(-c2c(C)c(CNC3CCCC3F)nn2-c2ncccc2Cl)cn1,0.0,train,../data/images/hERG/1005.png
1006.0,CS(=O)(=O)Nc1ccc(OC[C@@H](O)CNCCc2ccc(Cl)c(F)c2)cc1,1.0,train,../data/images/hERG/1006.png
1007.0,CCS(=O)(=O)n1cc2c(n1)CN([C@H]1CO[C@H](c3cc(F)ccc3F)[C@@H](N)C1)C2,0.0,train,../data/images/hERG/1007.png
1008.0,COC(=O)C(CCC(=O)N1CCN(c2ccccc2OC)CC1)(c1ccc(Br)cc1)C(C)C,0.0,train,../data/images/hERG/1008.png
1009.0,CSc1ccccc1C(=O)N(C1CCCCC1)[C@H]1CCNC1,1.0,train,../data/images/hERG/1009.png
1010.0,O=C1CCc2ncccc2N1CCCN1CCC(n2c(=O)[nH]c3ccccc32)CC1,0.0,train,../data/images/hERG/1010.png
1011.0,Fc1ccc(-c2c[nH]c([C@H]3Cc4c([nH]c5ccccc45)C(C4CCCCC4)N3)n2)nc1,1.0,train,../data/images/hERG/1011.png
1012.0,CC(c1ccc(C#N)cc1)N1C[C@H](N)[C@H](C(=O)N2CCC[C@H]2C#N)C1,1.0,train,../data/images/hERG/1012.png
1013.0,COc1cc2c(Nc3cc(CC(=O)Nc4cccc(F)c4F)[nH]n3)ncnc2cc1OCCCN1CCC[C@@H]1CO,0.0,train,../data/images/hERG/1013.png
1014.0,O=C(O)c1cccc(C2CCN([C@@H]3C[C@H]4OCC[C@@]4(C(=O)N4COc5ccc(C(F)(F)F)cc5C4)C3)CC2)c1,0.0,train,../data/images/hERG/1014.png
1015.0,Cc1ncoc1-c1nnc(SCCCN2CCc3ccc4oc(C(F)(F)C(F)(F)F)nc4c3CC2)n1C,1.0,train,../data/images/hERG/1015.png
1016.0,COc1ccccc1S(=O)(=O)NC(=O)N1CCC(N2CCC(Oc3ccc(Cl)c(Cl)c3)CC2)CC1,0.0,train,../data/images/hERG/1016.png
1017.0,O=C(CC1CCN(Cc2ccc(-c3ccc(Cl)cc3)o2)CC1)N1CCCC(CO)C1,1.0,train,../data/images/hERG/1017.png
1018.0,CNC(=O)CCCN(C)C(=O)c1ccc2c(c1)c1c(n2C)CC[C@@H](C2CCOCC2)C1,0.0,train,../data/images/hERG/1018.png
1019.0,CCN(CCN1CCOCC1)c1cn(C23CC4CC(CC(C4)C2)C3)nn1,0.0,train,../data/images/hERG/1019.png
1020.0,CNCc1cc(F)ccc1Oc1ccc(C)c(C)c1,0.0,train,../data/images/hERG/1020.png
1021.0,CC(C)=CCn1c(N2CCCNCC2)c(C#N)c2c1c(=O)n(Cc1nc(C)c3ccccc3n1)c(=O)n2C,1.0,train,../data/images/hERG/1021.png
1022.0,CN1CCC(CNc2ccn3ncc(-c4cccc(OC(F)(F)F)c4)c3n2)CC1,1.0,train,../data/images/hERG/1022.png
1023.0,O=C(CCc1ccccc1)c1ccccc1OCC(O)CN1CCN(C(c2ccccc2)(c2ccccc2)c2ccccc2)CC1,0.0,train,../data/images/hERG/1023.png
1024.0,Cc1cc(C(=O)O)ccc1-c1ccc(N2C(=O)N(c3cnccn3)C3(CCN(Cc4ncccc4C)CC3)C2=O)cc1,1.0,train,../data/images/hERG/1024.png
1025.0,O=C1N(CCN2Cc3ccccc3C2)CCN1c1ccc(F)c(Cl)c1,1.0,train,../data/images/hERG/1025.png
1026.0,O=C(CNc1nccc2ncc(C(F)(F)F)cc12)NC1CN([C@H]2CC[C@@](O)(c3cncs3)CC2)C1,0.0,train,../data/images/hERG/1026.png
1027.0,Cn1cc(-c2cnc3ccc4ccc(NS(=O)(=O)N5CC(F)C5)cc4c(=O)c3c2)cn1,0.0,train,../data/images/hERG/1027.png
1028.0,CC(C)N1CCN(Cc2cnc(-c3ccc(C(=O)Nc4ccccc4N)cc3)c(C#N)c2)CC1,0.0,train,../data/images/hERG/1028.png
1029.0,CCn1cc([C@@]2(c3nnc(S)o3)N[C@@H](c3nc(-c4ccc(F)cn4)c[nH]3)Cc3c2[nH]c2ccccc32)cn1,0.0,train,../data/images/hERG/1029.png
1030.0,c1ccc2c3c([nH]c2c1)C(C1CCOCC1)NC(c1nc(C2CCCCC2)c[nH]1)C3,1.0,train,../data/images/hERG/1030.png
1031.0,COc1nccnc1[C@H](C)C1=C(CCN(C)C)Cc2ccccc21,1.0,train,../data/images/hERG/1031.png
1032.0,O=C(NC[C@@H](O)CN1CCC(Oc2ccc(Cl)c(Cl)c2)CC1)c1c[nH]c(=O)cc1C(F)(F)F,1.0,train,../data/images/hERG/1032.png
1033.0,Clc1cnc(N2CCC([C@H]3C[C@H]3CCOc3ccc(-n4ccnn4)cc3)CC2)nc1,0.0,train,../data/images/hERG/1033.png
1034.0,Cc1ccc(C2(O)CCN(C(C)C(O)c3ccc4c(c3)CCC(=O)N4)CC2)cc1,1.0,train,../data/images/hERG/1034.png
1035.0,COc1cc(-c2nc3n(n2)CCC[C@H]3c2ccccc2C(F)(F)F)ccc1-n1cnc(C)c1,0.0,train,../data/images/hERG/1035.png
1036.0,Cc1c(C(=O)NC2(c3noc(C(F)(F)F)n3)CC2)nn(-c2ccc(Cl)cc2Cl)c1-c1ccc(Cl)cc1,0.0,train,../data/images/hERG/1036.png
1037.0,Cc1ncccc1Oc1ncc(Cl)cc1NS(=O)(=O)c1ccc(Cl)c(Cl)c1,0.0,train,../data/images/hERG/1037.png
1038.0,Cc1ccc2nc3c(n2c1)CCN(CCCSc1nnc(-c2cccc4nc(C)ccc24)n1C)CC3,1.0,train,../data/images/hERG/1038.png
1039.0,CC(C)N(C(=O)c1ccc(C2=CC3(CCNCC3)Oc3ccccc32)cc1)C(C)C,1.0,train,../data/images/hERG/1039.png
1040.0,N[C@H]1CC(C(=O)N2CCn3c(nnc3C(F)(F)F)C2)=CC[C@@H]1c1cc(F)c(F)c(F)c1,0.0,train,../data/images/hERG/1040.png
1041.0,OCC[C@]1(c2cc3ccccc3o2)CCCNC1,0.0,train,../data/images/hERG/1041.png
1042.0,OC(c1cccnc1)(c1cccnc1)C(Cc1ccccc1)N1CCOCC1,0.0,train,../data/images/hERG/1042.png
1043.0,CO/N=C1\CN(c2nc3c(cc2F)C(=O)C(C(=O)O)CN3C2CC2)CC12CNC2,0.0,train,../data/images/hERG/1043.png
1044.0,O=C(O)c1cc(CN2CCN(c3ccc(C(F)(F)F)cc3)CC2)c2ccccn2c1=O,1.0,train,../data/images/hERG/1044.png
1045.0,CC(C)(O)C(c1ccccc1)N1CCOCC1,0.0,train,../data/images/hERG/1045.png
1046.0,C[C@@H]1C[C@H](N)C[C@H](c2ccncc2NC(=O)c2ccc(F)c(-c3c(F)cccc3F)n2)C1,0.0,train,../data/images/hERG/1046.png
1047.0,CN(C)CC(O)Cn1ncc2cc(-n3ccc(OCc4ccccc4)cc3=O)ccc21,0.0,train,../data/images/hERG/1047.png
1048.0,CS(=O)(=O)C1(c2cc(N3CCOCC3)nc(-c3cccc4[nH]ccc34)n2)CCNCC1,0.0,train,../data/images/hERG/1048.png
1049.0,Cc1ccc2c(-c3nnc(SCCCN4CCc5ccc6nc(C(C)(F)F)oc6c5CC4)n3C)cccc2n1,1.0,train,../data/images/hERG/1049.png
1050.0,CCOC(=O)N1CCC(CN2CCC3(CC2)OC(=O)N(C)c2ncccc23)CC1,1.0,train,../data/images/hERG/1050.png
1051.0,O=C(O)C(c1ccccc1)N1CCO[C@H](CN2CCC(Oc3ccc(Cl)c(Cl)c3)CC2)C1,0.0,train,../data/images/hERG/1051.png
1052.0,C=CC(=O)Nc1cc(Nc2ncc(C)c(-c3cn(C)c4ccccc34)n2)c(OC)cc1N(C)CCN(C)C,0.0,train,../data/images/hERG/1052.png
1053.0,O=C(CC1CCN(Cc2ccn(-c3ccc(C(F)(F)F)cc3)c2)CC1)N1CCN(C(=O)N2CCCC2)CC1,0.0,train,../data/images/hERG/1053.png
1054.0,O=C(c1ccc(C[C@@H]2CC[C@H]([C@H](O)c3ccccc3)N2)cc1)N1CCC2(CCOC2=O)CC1,0.0,train,../data/images/hERG/1054.png
1055.0,CC(=O)Nc1cc(Nc2cc(NC3COC3)n3ncc(C#N)c3n2)ccc1C1CC1,0.0,train,../data/images/hERG/1055.png
1056.0,CCN(C(=O)Cc1ccc(S(C)(=O)=O)cc1)C1CCN(CCC(c2ccccc2)N2CCN(c3ccccc3)CC2)CC1,0.0,train,../data/images/hERG/1056.png
1057.0,C[C@H]1CN(S(=O)(=O)C[C@]23CC[C@H](CC2=O)C3(C)C)CCN1c1ncc(C(F)(F)F)cc1F,0.0,train,../data/images/hERG/1057.png
1058.0,COc1cnc2ccc(=O)n(CCN3CCC(NCc4cnc(C)c(C#N)c4)CC3)c2c1,0.0,train,../data/images/hERG/1058.png
1059.0,O=C(O)c1cccc(CN2C(=O)/C(=C(\c3ccccc3)c3ccc(Cl)cc3)c3ccccc32)c1,0.0,train,../data/images/hERG/1059.png
1060.0,CCc1oc(CCc2cc(N3CCOCC3)cc(NC)n2)nc1C,1.0,train,../data/images/hERG/1060.png
1061.0,Cc1ncc(OC[C@@]2(c3ccccc3)C[C@H]2C(=O)Nc2ccc(F)cn2)c(C)n1,1.0,train,../data/images/hERG/1061.png
1062.0,O=C(Nc1ccc(C(F)(F)F)c(Cl)c1)N1CCN(C[C@@H]2CCCN(C3CC3)C2)CC1,1.0,train,../data/images/hERG/1062.png
1063.0,CC(C)[C@@H]1NC(=O)[C@H](Cc2ccccc2)N(C)C(=O)[C@H](C(C)C)NC(=O)[C@H](Cc2ccccc2)N(C)C1=O,0.0,train,../data/images/hERG/1063.png
1064.0,Cn1cc(-c2cc(C(=O)N[C@@H]3CCc4ccc(Oc5ccnc6c5CCC(=O)N6)cc4C3)cc(C(F)(F)F)c2)cn1,0.0,train,../data/images/hERG/1064.png
1065.0,CC(C)n1ncc2c1C(=O)CC1(CCN(C(=O)c3ccc4[nH]ncc4c3)CC1)C2,0.0,train,../data/images/hERG/1065.png
1066.0,CC(C)(C)c1cccc(Nc2cc(N[C@@H]3CCCC[C@@H]3N)nnc2C(N)=O)n1,1.0,train,../data/images/hERG/1066.png
1067.0,CCN(CC)C(=O)c1ccc(C2=CC3(CCNCC3)Oc3ccccc32)nc1,0.0,train,../data/images/hERG/1067.png
1068.0,COc1ccccc1CC(c1cccc(F)c1)N1CCNCC1,0.0,train,../data/images/hERG/1068.png
1069.0,CCC(NC(=O)C1(N)CCN(c2ncnc3[nH]ccc23)CC1)c1ccc(Cl)cc1,1.0,train,../data/images/hERG/1069.png
1070.0,Fc1ccc(-n2cc(C3CCNCC3)c3cc(Cl)ccc32)cc1,1.0,train,../data/images/hERG/1070.png
1071.0,CCC1(c2cccc(-c3cncnc3)c2)N=C(N)c2ccccc2O1,1.0,train,../data/images/hERG/1071.png
1072.0,CC(C)(C)C(=O)N1CCN(c2ccc(OCCCN3CCCCC3)cc2)C(=O)C1,0.0,train,../data/images/hERG/1072.png
1073.0,CCCC(=O)O[C@@H](C(=O)N1N=CC[C@H]1C(=O)NCc1cc(Cl)ccc1-n1cnnn1)c1ccc(F)cc1,0.0,train,../data/images/hERG/1073.png
1074.0,CC1CCN(CCN2CCN(c3cccc(Cl)c3)C2=O)CC1,1.0,train,../data/images/hERG/1074.png
1075.0,N#Cc1cccc(N2CCN(CCN3CCC(C(F)(F)F)CC3)C2=O)c1,1.0,train,../data/images/hERG/1075.png
1076.0,O=C(O)c1cccc(N2CCC(CN3CCC(Oc4ccc(CO)c(Cl)c4)CC3)CC2)c1,0.0,train,../data/images/hERG/1076.png
1077.0,c1ccc(-c2c[nH]c([C@H]3Cc4c([nH]c5ccccc45)[C@H](C4CCOCC4)N3)n2)cc1,1.0,train,../data/images/hERG/1077.png
1078.0,COC1COCCC1N[C@@H]1C[C@H]2CN(c3ccccc3)C[C@@]2(C(=O)N2CCc3ncc(C(F)(F)F)cc3C2)C1,0.0,train,../data/images/hERG/1078.png
1079.0,Cc1cc(C)nc(N2C[C@H]3CN(C(=O)c4c(F)cccc4-n4nccn4)C[C@H]3C2)n1,0.0,train,../data/images/hERG/1079.png
1080.0,C[C@@H]1CCCN1CCc1ccc(-c2ccc(S(=O)(=O)N3CCC(O)C3)cc2)cc1,1.0,train,../data/images/hERG/1080.png
1081.0,O=C(Nc1cc(Cl)ccc1Cl)NS(=O)(=O)c1ccc(OCCN2CCCC2)cc1,0.0,train,../data/images/hERG/1081.png
1082.0,COC(=O)C1(CNC(=O)c2cc(Cl)cc(Cl)c2)CCN(Cc2ccccc2OC)CC1,1.0,train,../data/images/hERG/1082.png
1083.0,Cn1nc(-c2cnc3[nH]cc(C(=O)N[C@]4(C)C[C@H](N)C4)c3n2)c2ccc(F)cc21,0.0,train,../data/images/hERG/1083.png
1084.0,Cc1c(CCN2CCN(C(=O)Cc3cncc(-n4cnnn4)c3)CC2)ccc2c1COC2=O,0.0,train,../data/images/hERG/1084.png
1085.0,CN1C(=O)[C@@H](CN2CCCCC2)C[C@H]1C#Cc1ccccc1,1.0,train,../data/images/hERG/1085.png
1086.0,CN(CCN1CCN(c2ccc(F)cc2)C1=O)C[C@]12CC[C@H](CC1)C2(C)C,1.0,train,../data/images/hERG/1086.png
1087.0,O=C(c1ccc(C[C@@H]2CC[C@H]([C@H](O)c3ccccc3)N2)cc1)N1C[C@@H]2[C@H](C1)[C@H]2c1nnco1,0.0,train,../data/images/hERG/1087.png
1088.0,CN(C)Cc1ccc(C(F)(F)F)cc1Oc1ccc(Cl)c(Cl)c1,1.0,train,../data/images/hERG/1088.png
1089.0,C[C@H](c1ccc(Cl)nc1)N1[C@@H]2CC[C@H]1C[C@H](Oc1cccc(C(N)=O)c1)C2,1.0,train,../data/images/hERG/1089.png
1090.0,Cc1cc(-c2ccc3c(c2)CCN(CCCSc2nnc(-c4cccc(Cl)c4)n2C)CC3)no1,1.0,train,../data/images/hERG/1090.png
1091.0,C[C@H]1Cc2c(ncnc2Oc2ccc3c(ccn3C(=O)Nc3cccc(C(F)(F)F)c3)c2)CN1,0.0,train,../data/images/hERG/1091.png
1092.0,CC(C)CCOc1ccc2c(c1)[C@H]1OCCC[C@H]1[C@@H](C1CCOCC1)N2,0.0,train,../data/images/hERG/1092.png
1093.0,Fc1cccc(Cn2cc(NCCN3CCCCC3)nn2)c1,0.0,train,../data/images/hERG/1093.png
1094.0,CCCCN(CC)CC#CCCc1ccc(C)cc1,1.0,train,../data/images/hERG/1094.png
1095.0,c1ccc(-c2[nH]c3ccccc3c2C2CCCNC2)cc1,1.0,train,../data/images/hERG/1095.png
1096.0,O=c1ccc2ncc(F)c3c2n1C[C@@]3(O)CC12CCC(NCc3cc4c(cn3)OCCS4(=O)=O)(CC1)CO2,0.0,train,../data/images/hERG/1096.png
1097.0,COc1ccc2ncc(=O)n(CCN3CCC(NCc4ccc5c(n4)NC(=O)CO5)CC3)c2c1,0.0,train,../data/images/hERG/1097.png
1098.0,COc1cc2c(cc1O)[C@@H](Cc1ccc(O)c(Oc3ccc(C[C@@H]4c5cc(OC)c(OC)cc5CCN4C)cc3)c1)N(C)CC2,1.0,train,../data/images/hERG/1098.png
1099.0,COc1ccc2ccc(=O)n(CCN3CCC(NCc4cc5c(cn4)OCCO5)CC3)c2n1,0.0,train,../data/images/hERG/1099.png
1100.0,Cc1csc(-c2nnc3n2CCN(C(=O)c2ccc(-c4cccs4)cc2)[C@@H]3C)n1,0.0,train,../data/images/hERG/1100.png
1101.0,CNCc1cc(Oc2ccc3c(ccn3C(=O)Nc3ccc(F)c(C(F)(F)F)c3)c2)ncn1,1.0,train,../data/images/hERG/1101.png
1102.0,COc1ccc2ncc(=O)n(C[C@H](N)[C@H]3CC[C@H](NCc4ccc5c(n4)NC(=O)CO5)CC3)c2c1,0.0,train,../data/images/hERG/1102.png
1103.0,Cn1nccc1-c1cc(C(=O)N[C@@H]2CCc3ccc(Oc4ccnc5c4CCC(=O)N5)cc3C2)cc(C(F)(F)F)c1,0.0,train,../data/images/hERG/1103.png
1104.0,COc1cccc(C(=O)Cn2c(=O)c3c(c(C#N)c(N4CCCNCC4)n3CC=C(C)C)n(C)c2=O)c1,1.0,train,../data/images/hERG/1104.png
1105.0,CN(C)CCN1CCN(c2ncc3cc(-c4ccccc4)c(-c4ccc(CN5CCC(c6nnc(-c7ncccn7)[nH]6)CC5)cc4)nc3n2)CC1,1.0,train,../data/images/hERG/1105.png
1106.0,OC(c1cc(C(F)(F)F)nc2c(C(F)(F)F)cccc12)C1CCCCN1,1.0,train,../data/images/hERG/1106.png
1107.0,CN(C(=O)c1ccc(-c2ccc(F)cc2)cc1)[C@H]1CCc2cc(CN3CCN(C(N)=O)CC3)ccc2C1,1.0,train,../data/images/hERG/1107.png
1108.0,CNc1nc(NCCN2CCNCC2)c2sc(-c3ccc(C(F)(F)F)cc3)cc2n1,1.0,train,../data/images/hERG/1108.png
1109.0,CN(C(=O)c1ccccc1Oc1ccccc1)[C@H]1CCNC1,1.0,train,../data/images/hERG/1109.png
1110.0,COc1ccc2ncc(F)c(C[C@H](OC)C34CCC(NCc5ccc6c(n5)NC(=O)CO6)(CC3)CO4)c2n1,1.0,train,../data/images/hERG/1110.png
1111.0,O=C(NCc1ccc(OC(F)(F)F)cc1)C1c2ccccc2C(=O)N1CCOc1ccccn1,1.0,train,../data/images/hERG/1111.png
1112.0,COc1cc(C(O)CN2CCN(CCc3ccc4c(c3C)COC4=O)CC2)ncc1C#N,1.0,train,../data/images/hERG/1112.png
1113.0,Cc1oc(-c2cccc(Cl)c2)nc1CCOc1cccc(C[C@@H]2C(=O)N(c3ccc(C(C)(C)C)cc3)[C@@H]2C(=O)O)c1,1.0,train,../data/images/hERG/1113.png
1114.0,Cn1cnc(CC(=O)N2CCC(c3ccc(NC(=O)c4nc(C#N)c[nH]4)c(C4=CCCCC4)c3)CC2)c1,0.0,train,../data/images/hERG/1114.png
1115.0,COc1cccc2c1S(=O)(=O)C(C)C(c1ccc(OCCCN3CCCC3)cc1)O2,1.0,train,../data/images/hERG/1115.png
1116.0,O=C(NC1CCN(Cc2ccn(-c3ccc(C(F)(F)F)cc3)c2)CC1)NS(=O)(=O)c1ccc(F)cc1,0.0,train,../data/images/hERG/1116.png
1117.0,N[C@H]1CN(C(=O)c2cnc3ccccc3n2)C(=O)[C@H]1C(=O)N1CCCC1,0.0,train,../data/images/hERG/1117.png
1118.0,CC(C)(O)c1ccc(-c2cccc(-n3cc(C(=O)NC4CC4)c(=O)c4cccnc43)c2)c[n+]1[O-],0.0,train,../data/images/hERG/1118.png
1119.0,CCCn1c(-c2ccccn2)cc(C(=O)NCCCN2CCN(c3cccc(Cl)c3Cl)CC2)c1C,1.0,train,../data/images/hERG/1119.png
1120.0,CC1COc2c(N3CCN(C)CC3)c(F)cc3c(=O)c(C(=O)O)cn1c23,0.0,train,../data/images/hERG/1120.png
1121.0,COc1cc(NC(=O)c2ccccc2F)ccc1-c1nnc(NCCCCN2CCOCC2)o1,0.0,train,../data/images/hERG/1121.png
1122.0,COc1ccc(CCN2C(=O)N(NS(C)(=O)=O)C[C@H]2c2ccc(OC)cc2)cc1,0.0,train,../data/images/hERG/1122.png
1123.0,O=C(NCc1ccc(F)cc1)N(c1ccc(Br)cc1)C1CCN(C2CCCC2)CC1,1.0,train,../data/images/hERG/1123.png
1124.0,CCC(CC)N[C@@H]1C[C@H]2CCC[C@@]2(C(=O)N2CCc3ncc(C(F)(F)F)cc3C2)C1,0.0,train,../data/images/hERG/1124.png
1125.0,CC(C)=CCn1c(N2CCC[C@H](N)C2)c(C#N)c2ncn(Cc3ccnc4ccccc34)c(=O)c21,1.0,train,../data/images/hERG/1125.png
1126.0,N#Cc1cccc(C[C@@H](C(=O)O)N2CCC(CN3CCC(Oc4ccc(Cl)c(Cl)c4)CC3)CC2)c1,0.0,train,../data/images/hERG/1126.png
1127.0,COc1ccc(C[C@@H](C(=O)O)N2CCC(CN3CCC(Oc4ccc(Cl)c(Cl)c4)CC3)CC2)cc1,1.0,train,../data/images/hERG/1127.png
1128.0,Cc1nn(C2CCN(C(=O)[C@@H](C)O)CC2)c(C)c1Nc1ncc(Cl)c(-c2cnn3ccccc23)n1,0.0,train,../data/images/hERG/1128.png
1129.0,O=C(N[C@H]1C2CC3CC1C[C@](O)(C3)C2)c1cnc(N2CCOCC2)nc1C1CC1,0.0,train,../data/images/hERG/1129.png
1130.0,COc1cnc2ccc(=O)n(CCN3CC[C@H](NCc4ccc5c(n4)NC(=O)CO5)[C@H](F)C3)c2c1,0.0,train,../data/images/hERG/1130.png
1131.0,COc1cc([C@@]2(O)CCN(CC(N)=O)C[C@@H]2O)ccc1Nc1ncc2ccc(-c3ccccc3OC)n2n1,0.0,train,../data/images/hERG/1131.png
1132.0,O=C1N(CCN2CCC(C(F)(F)F)CC2)CCN1c1cccc(O)c1,0.0,train,../data/images/hERG/1132.png
1133.0,COc1ccc2ncc(=O)n(CCN3CC[C@H](NCc4ccc5c(n4)NC(=O)CO5)[C@H](F)C3)c2c1,0.0,train,../data/images/hERG/1133.png
1134.0,O=C1COc2ccc(CNC34CCC(CCc5c(F)cnc6ccc(OCC(O)CO)nc56)(CC3)OC4)nc2N1,1.0,train,../data/images/hERG/1134.png
1135.0,COc1cnc(-c2cccc3c2C[C@H](NC(=O)c2ccc(OCC(F)(F)F)nc2)CO3)cn1,0.0,train,../data/images/hERG/1135.png
1136.0,COC[C@@H](NC(C)=O)C(=O)NCc1ccccc1,0.0,train,../data/images/hERG/1136.png
1137.0,Cc1ccc2c(-c3nnc(SCCCN4CCc5cc6nc(-c7cc(C)nn7C)oc6cc5CC4)n3C)cccc2n1,1.0,train,../data/images/hERG/1137.png
1138.0,CCCCN1CCCCC1C(=O)Nc1c(C)cccc1C,0.0,train,../data/images/hERG/1138.png
1139.0,COC1COCCC1N[C@@H]1C[C@H]2CCC[C@@]2(C(=O)N2CCc3ncc(Br)cc3C2)C1,0.0,train,../data/images/hERG/1139.png
1140.0,COc1cccc(C(=O)Cn2c(=O)c3c(c(C#N)c(N4CCC[C@H](N)C4)n3CC=C(C)C)n(C)c2=O)c1,1.0,train,../data/images/hERG/1140.png
1141.0,CCCCN(CC)C/C=C/CCc1ccc(Cl)cc1,1.0,train,../data/images/hERG/1141.png
1142.0,COc1ccc([C@]2(O)CC[C@H](N3CC(NC(=O)CNC(=O)c4cccc(C(F)(F)F)c4)C3)CC2)nc1,0.0,train,../data/images/hERG/1142.png
1143.0,COc1cc(-c2cn(Cc3ccc(-c4noc(C)n4)cc3)nn2)ccc1-n1cnc(C)c1,1.0,train,../data/images/hERG/1143.png
1144.0,CN1CC=CCC(c2cc3ccccc3o2)C1,0.0,train,../data/images/hERG/1144.png
1145.0,FC(F)(F)Oc1ccc(-c2c[nH]c([C@H]3Cc4c([nH]c5ccccc45)[C@@H](C4CCOCC4)N3)n2)cc1,1.0,train,../data/images/hERG/1145.png
1146.0,Cn1ncc(C(=O)N2CCC(Nc3cc(=O)[nH]c4ccccc34)CC2)c1Cl,0.0,train,../data/images/hERG/1146.png
1147.0,O=C(OC1CC2CC3CC(C1)N2CC3O)c1c[nH]c2ccccc12,0.0,train,../data/images/hERG/1147.png
1148.0,CC/C(=C(\c1ccccc1)c1ccc(OCCN(C)C)cc1)c1ccccc1,1.0,train,../data/images/hERG/1148.png
1149.0,CCOC[C@H](Oc1ncnc2c1cnn2-c1ncccc1Cl)C(=O)Nc1ccc(F)cn1,0.0,train,../data/images/hERG/1149.png
1150.0,C[C@@H]1CCCN1CCc1ccc(-c2ccc(S(N)(=O)=O)cc2)cc1,1.0,train,../data/images/hERG/1150.png
1151.0,O=C(O)c1cccc(N2CCC(CN3CCC(Oc4ccc(Cl)c(Cl)c4)CC3)CC2)c1,0.0,train,../data/images/hERG/1151.png
1152.0,COCC[C@H](Oc1ncnc2c1cnn2-c1ccccc1Cl)C(=O)Nc1ccc(C)cn1,0.0,train,../data/images/hERG/1152.png
1153.0,COc1c(C(C)(C)C)cc(C(=O)NC[C@H]2CCN(C(=O)CCCCC(c3ccc(F)cc3)c3ccc(F)cc3)C2)cc1C(C)(C)C,1.0,train,../data/images/hERG/1153.png
1154.0,Cc1[nH]c2ccccc2c1CCN1CCc2ccc(/C=C/C(=O)NO)cc2C1,1.0,train,../data/images/hERG/1154.png
1155.0,Cc1ccccc1[C@@H]1CCN(C[C@@H]2CCc3cccnc3[C@@H](O)C2)C[C@H]1O,0.0,train,../data/images/hERG/1155.png
1156.0,COc1cccc2c1nc(N)n1nc(CN3CCN(c4cccnc4)C[C@H]3C)nc21,0.0,train,../data/images/hERG/1156.png
1157.0,Cc1cc(C#N)ccc1-c1ccnc(NCc2n[nH]c3nc(N)ccc23)c1,1.0,train,../data/images/hERG/1157.png
1158.0,O=C1OCc2cc(CCC3CCN(C(=O)Cc4ccc(-n5cnnn5)nc4)CC3)ccc21,1.0,train,../data/images/hERG/1158.png
1159.0,CO[C@@H]1COCC[C@@H]1N[C@@H]1CC[C@@](C(=O)N2CCN(c3nccc(C(F)(F)F)n3)CC2)(C(C)C)C1,1.0,train,../data/images/hERG/1159.png
1160.0,C1=C(c2ccccc2)c2ccccc2OC12CCNCC2,1.0,train,../data/images/hERG/1160.png
1161.0,Cn1cc(-c2ccc3c(c2)[nH]c2c(C(N)=O)cnc(NC(C4CC4)C4CC4)c23)cn1,1.0,train,../data/images/hERG/1161.png
1162.0,Cc1nnc(C(C)C)n1[C@@H]1C[C@H]2CC[C@@H](C1)N2CC[C@H](NC(=O)C1CCC(F)(F)CC1)c1ccccc1,0.0,train,../data/images/hERG/1162.png
1163.0,O=C(NC1CCN(Cc2ccc(OCCCN(C3CC3)C3CC3)c(F)c2)CC1)c1cc(=O)c2ccc(F)cc2o1,1.0,train,../data/images/hERG/1163.png
1164.0,CN1CCC(COCc2cc(C(F)(F)F)cc(Cl)n2)(c2ccccc2F)CC1,0.0,train,../data/images/hERG/1164.png
1165.0,O=C(O)C1CN(C2CC[C@]3(Cc4ccccc4Cc4ccccc43)C2)C1,0.0,train,../data/images/hERG/1165.png
1166.0,COc1ccc(CC(=O)N2CCC3(CC2)CN([C@@H]2CCc4cc(-c5ncccn5)ccc42)C3)cc1,1.0,train,../data/images/hERG/1166.png
1167.0,CC(C)c1cc(C#N)cc2nc(-c3ccc(C(=O)NC[C@@]4(C)CN(c5ccc(-c6ccccc6OC(F)(F)F)cn5)C(=O)O4)cc3)oc12,0.0,train,../data/images/hERG/1167.png
1168.0,CN(CCOc1ccc(-n2ccc(OCc3ccccc3)cc2=O)cc1)Cc1ccccc1,1.0,train,../data/images/hERG/1168.png
1169.0,CC(=O)Nc1cc(Nc2cc(NC3CC3)n3ncc(C#N)c3n2)cnc1C,0.0,train,../data/images/hERG/1169.png
1170.0,CCN(CC)C(=O)c1cccc(C2=CC3(CCNCC3)Oc3ccccc32)c1,1.0,train,../data/images/hERG/1170.png
1171.0,C[C@H]1Sc2ccccc2O[C@@H]1c1ccc(OCCCN2CCCC2)cc1,1.0,train,../data/images/hERG/1171.png
1172.0,CCN(C)C(=O)c1ccc([C@H](c2ccccn2)N2CCN(Cc3ccccn3)CC2)cc1,0.0,train,../data/images/hERG/1172.png
1173.0,C[C@H]1Cn2c(nnc2-c2cnccn2)CN1C(=O)c1cccc(C(F)(F)F)c1Cl,0.0,train,../data/images/hERG/1173.png
1174.0,Cc1ccccc1-c1nc2cn(-c3ccc(F)cc3)nc2c(=O)n1CC1CCCN(C(C)C)C1,0.0,train,../data/images/hERG/1174.png
1175.0,CCC(=O)OC(Cc1ccccc1)(c1ccccc1)C(C)CN(C)C,1.0,train,../data/images/hERG/1175.png
1176.0,O=C(c1ccccc1C(F)(F)F)N(CC1CCCC1)[C@H]1CCNC1,0.0,train,../data/images/hERG/1176.png
1177.0,Cc1ccc2c(-c3nnc(SCCCN4CCc5nc6ccc(Cl)cn6c5CC4)n3C)cccc2n1,1.0,train,../data/images/hERG/1177.png
1178.0,c1ccc(C2CC3(N4CCCC4)CNCC2C(c2ccccc2)C3)cc1,1.0,train,../data/images/hERG/1178.png
1179.0,CN=[S+](C)([O-])c1ccc(C2=C(c3ccccc3)C(=O)OC2)cc1,0.0,train,../data/images/hERG/1179.png
1180.0,Cc1nc2n(c(=O)c1CCN1CCC(C3NOc4cc(F)ccc43)CC1)CCCC2,1.0,train,../data/images/hERG/1180.png
1181.0,Cn1cc(-c2ccnc3c2OCCNC3)c(-c2ccc(F)cc2)n1,0.0,train,../data/images/hERG/1181.png
1182.0,Cc1cc(-c2ccc3c(c2)CCN(CCCSc2nnc(C4CCOCC4)n2C)CC3)no1,1.0,train,../data/images/hERG/1182.png
1183.0,O=C1N(CCN2Cc3ccccc3C2)CCN1Cc1cccc(C(F)(F)F)c1,1.0,train,../data/images/hERG/1183.png
1184.0,COc1ccc2ncc(F)c(CCN3CC[C@@H](NCc4cc5c(cn4)OCCO5)[C@@H](O)C3)c2n1,1.0,train,../data/images/hERG/1184.png
1185.0,CN(C)Cc1cc(C(=O)N[C@@H]2CCc3ccc(Oc4ccnc5c4CCC(=O)N5)cc3C2)cc(C(F)(F)F)c1,1.0,train,../data/images/hERG/1185.png
1186.0,COc1cc(C(=O)N2CCOCC2)ccc1Nc1ncc(Cl)c(-c2cnc3ccccn23)n1,1.0,train,../data/images/hERG/1186.png
1187.0,COc1ccc2ncc(F)c(CC(N)C34CCC(NCc5ccc6c(n5)NC(=O)CO6)(CC3)CO4)c2n1,0.0,train,../data/images/hERG/1187.png
1188.0,O=P(c1ccccc1)(c1ccccc1)N(Cc1ccccn1)c1cccnc1,0.0,train,../data/images/hERG/1188.png
1189.0,C[C@@H]1CN(C(=O)c2ccccc2)CCN1C(=O)C(=O)c1c[nH]c2ccncc12,0.0,train,../data/images/hERG/1189.png
1190.0,COc1cc(/C=C2\CCCN([C@@H](C)c3ccc(F)cc3)C2=O)ccc1-n1cnc(C)c1,1.0,train,../data/images/hERG/1190.png
1191.0,CC(C)(N)C(=O)N1CCn2c(nc(-c3ccc(F)cc3)c2Nc2ccc(F)cc2)C1(C)C,0.0,train,../data/images/hERG/1191.png
1192.0,Cc1ccc2c(-c3nnc(SCCCN4CCc5cc6nc(CC(F)(F)F)oc6cc5CC4)n3C)cccc2n1,1.0,train,../data/images/hERG/1192.png
1193.0,Cc1cnc(NC(=O)[C@H](COC2CCC2)Oc2ncnc3c2cnn3-c2ncccc2Cl)cn1,0.0,train,../data/images/hERG/1193.png
1194.0,COc1ccc([C@]2(O)CC[C@H](N3CC(NC(=O)CNc4ncnc5ccc(C(F)(F)F)cc45)C3)CC2)cn1,0.0,train,../data/images/hERG/1194.png
1195.0,COC(=O)C(CCCN1CC=C(c2ccccc2OC)CC1)(c1ccc(Br)cc1)C(C)C,1.0,train,../data/images/hERG/1195.png
1196.0,O=C(NCc1ccc(OCC(F)(F)F)cc1)C1c2ccccc2C(=O)N1CCc1ccccn1,1.0,train,../data/images/hERG/1196.png
1197.0,N#CCCCN(c1cccnc1)P(=O)(c1ccccc1)c1ccccc1,0.0,train,../data/images/hERG/1197.png
1198.0,CCN[C@H]1CC[C@@H](c2c[nH]c3ccc(NC(=N)c4cccs4)cc32)CC1,0.0,train,../data/images/hERG/1198.png
1199.0,C[C@@H]1CCCN1CCCOc1ccc(-c2ccc(=O)n(-c3ncccn3)n2)cc1,0.0,train,../data/images/hERG/1199.png
1200.0,Cc1cc(-c2ccc3c(c2)CCN(CCCSc2nnc(-c4ccc(Cl)c(Cl)c4)n2C)CC3)no1,1.0,train,../data/images/hERG/1200.png
1201.0,CN1CCC(COCc2cc(C(F)(F)F)cc(N3CC=CC3)n2)(c2ccc(F)cc2)CC1,1.0,train,../data/images/hERG/1201.png
1202.0,O=C1COc2ccc(CNC3CCN(CCN4C(=O)COc5ccc([N+](=O)[O-])cc54)CC3)nc2N1,0.0,train,../data/images/hERG/1202.png
1203.0,C[C@@H](c1ccc(-c2cccc(-c3noc(O)n3)c2)cc1)[C@H](N)C(=O)N1CC[C@H](F)C1,0.0,train,../data/images/hERG/1203.png
1204.0,CN1C[C@H]2CCCC[C@@]2(c2ccc(Cl)c(Cl)c2)C1,1.0,train,../data/images/hERG/1204.png
1205.0,Cc1ccc2c(-c3nnc(SCCN4CCc5cc6nc(C)oc6c(C)c5CC4)n3C)cccc2n1,0.0,train,../data/images/hERG/1205.png
1206.0,CN(C(=O)Cc1ccc(-n2cnnn2)cc1)C1CCN(Cc2ccc(C(F)(F)F)nc2)CC1,0.0,train,../data/images/hERG/1206.png
1207.0,C[C@@H]1CCCN1CCc1ccc(-c2ccc(S(=O)(=O)NCc3ccccc3)cc2)cc1,1.0,train,../data/images/hERG/1207.png
1208.0,CN(CCN1CCN(c2ccccc2)C1=O)C[C@]12CC[C@H](CC1)C2(C)C,1.0,train,../data/images/hERG/1208.png
1209.0,Cc1ccccc1C[C@@H](C(=O)O)N1CCC(CN2CCC(Oc3ccc(Cl)c(Cl)c3)CC2)CC1,0.0,train,../data/images/hERG/1209.png
1210.0,CNC(=O)Nc1ccc(O)cc1OC[C@@H](O)CN1CCC2(CC1)Cc1cc(Cl)ccc1O2,1.0,train,../data/images/hERG/1210.png
1211.0,COc1ccc(-c2nnc(C(=O)N3CC(Oc4ccc(CN5CCCC5)cc4)C3)o2)cc1,1.0,train,../data/images/hERG/1211.png
1212.0,CC1(C)Cc2cccc(CN3CCC4(CC3)CCN(C(=O)c3ccc(N)cn3)CC4)c2O1,0.0,train,../data/images/hERG/1212.png
1213.0,Cc1ccc2c(-c3nnc(SCCCN4CCc5ccc6nc(C)sc6c5CC4)n3C)cccc2n1,1.0,train,../data/images/hERG/1213.png
1214.0,CO[C@@H]1COCC[C@@H]1N[C@@H]1CC[C@@](C(=O)N2CCN(c3cncc(C(F)(F)F)c3)CC2)(C(C)C)C1,1.0,train,../data/images/hERG/1214.png
1215.0,CC(C)CNc1nc(C#N)nc(N2CCNCC2)c1N,0.0,train,../data/images/hERG/1215.png
1216.0,N[C@H]1Cn2c(nc3ccc(F)cc32)C[C@@H]1c1cc(F)c(F)cc1F,0.0,train,../data/images/hERG/1216.png
1217.0,CCOC(=O)C1CCN(CCOc2ccc(S(N)(=O)=O)cc2)CC1,0.0,train,../data/images/hERG/1217.png
1218.0,COc1ccc(CCCN2C(=O)N(NS(C)(=O)=O)C[C@H]2c2ccc(OC)cc2)cc1,0.0,train,../data/images/hERG/1218.png
1219.0,N#Cc1c[nH]c(C(=O)Nc2ccc(C3CCN(C(=O)c4cccnc4)CC3)cc2C2=CCCCC2)n1,0.0,train,../data/images/hERG/1219.png
1220.0,COc1ccc(N2C(=O)[C@@H](Cc3cccc(OCCc4nc(-c5ccccc5)oc4C)c3)[C@H]2C(=O)O)cc1,0.0,train,../data/images/hERG/1220.png
1221.0,O=C(/C=C/[C@@H]1CCCN1)N1CCN(c2cnc3cc(C(F)(F)F)cc(NCc4cccc([N+](=O)[O-])c4)c3c2)CC1,0.0,train,../data/images/hERG/1221.png
1222.0,O=C(Nc1ccccc1)NS(=O)(=O)c1ccc(OCCCCN2CCCC2)cc1,0.0,train,../data/images/hERG/1222.png
1223.0,NC(=O)c1ccnc(O[C@H]2C[C@H]3CC[C@@H](C2)N3Cc2ccccc2)c1,1.0,train,../data/images/hERG/1223.png
1224.0,O=C(c1ccccc1Cl)N(CC1CCC1)[C@H]1CCNC1,0.0,train,../data/images/hERG/1224.png
1225.0,CCc1c(C)[nH]c2c1/C(=N/OC(=O)Nc1ccccc1)CCC2,0.0,train,../data/images/hERG/1225.png
1226.0,Cn1c(C2CC2)nc2ccc(-n3ccc(OCc4ccc(Cl)s4)cc3=O)cc21,0.0,train,../data/images/hERG/1226.png
1227.0,O=C(c1ccccc1Oc1ccccc1)N(C1CCC1)[C@H]1CCNC1,1.0,train,../data/images/hERG/1227.png
1228.0,CC(C)S(=O)(=O)N[C@H]1CN(c2ccccc2)C[C@@H]1c1ccc(-c2ccc(C#N)cc2)cc1,1.0,train,../data/images/hERG/1228.png
1229.0,N[C@@H]1COC[C@H]1Oc1ccc2ncc(F)c(CCC34CCC(NCc5ccc6c(n5)NC(=O)CO6)(CC3)CO4)c2n1,0.0,train,../data/images/hERG/1229.png
1230.0,CNC(=O)CN1CCC(n2nc(C)c(Nc3ncc(Cl)c(-c4cnn5ccccc45)n3)c2C)CC1,0.0,train,../data/images/hERG/1230.png
1231.0,CCNC(=O)Nc1cccc(CNc2cc(C(F)(F)F)cc3ncc(N4CCN(C)CC4)cc23)c1,0.0,train,../data/images/hERG/1231.png
1232.0,C[C@H]1CCCN1CCCOc1ccc(N2CCN(C(=O)c3ccc(F)cc3F)CC2=O)cc1,0.0,train,../data/images/hERG/1232.png
1233.0,C[C@@H]1CN(c2noc(C(F)(F)F)n2)CCN1c1ncc(OCc2ccncc2C#N)cn1,1.0,train,../data/images/hERG/1233.png
1234.0,CN(C)C(=O)c1cccc(CN2CCc3cc4nc(N)sc4cc3CC2)c1,0.0,train,../data/images/hERG/1234.png
1235.0,Cc1ncccc1-c1nnc(SCCCN2C[C@@H]3C[C@]3(c3ccc(C(F)(F)F)cc3)C2)n1C,1.0,train,../data/images/hERG/1235.png
1236.0,Cn1cc(Cl)c(C(=O)N2CCN(CC(=O)c3ccc(F)cc3)CC2)n1,0.0,train,../data/images/hERG/1236.png
1237.0,CN1CCN(Cc2ccc3c(c2)Cc2c(-c4csc(C#CCOc5ccccc5Cl)c4)n[nH]c2-3)CC1,1.0,train,../data/images/hERG/1237.png
1238.0,CC(=O)NC(=O)C1CCC(C2N=CC(c3cccc(Br)c3)=N2)CC1,1.0,train,../data/images/hERG/1238.png
1239.0,Cc1nc2ccccc2c(=O)n1-c1ccc(OCCCN2CCCCC2)cc1,1.0,train,../data/images/hERG/1239.png
1240.0,NC1=NC(c2cccc(-c3cncnc3)c2)(c2ccnc(C(F)F)c2)c2cccc(F)c21,1.0,train,../data/images/hERG/1240.png
1241.0,COc1cc(-n2ccnc(CCCc3ccccc3)c2=O)ccc1OCCN1CCCC1,1.0,train,../data/images/hERG/1241.png
1242.0,Cc1[nH]c2ccccc2c1C1CCN(Cc2ccc(/C=C/C(=O)NO)cc2)C1,0.0,train,../data/images/hERG/1242.png
1243.0,CC(C)(C)NC(=O)NCCN1CCOC(CNC(=O)c2cc(Cl)cc(Cl)c2)C1,0.0,train,../data/images/hERG/1243.png
1244.0,COc1ccc2c(c1)CCN(C(=O)CNCC1(O)CCCCC1)[C@@H]2C(C)C,0.0,train,../data/images/hERG/1244.png
1245.0,O=C1OC2(CCN(c3nc4cc(C(F)(F)F)ccc4[nH]3)CC2)CN1c1ccccc1,1.0,train,../data/images/hERG/1245.png
1246.0,CN1CCN(Cc2ccc3c(c2)Cc2c(-c4csc(C#CCNC(=O)Nc5ccccc5)c4)n[nH]c2-3)CC1,1.0,train,../data/images/hERG/1246.png
1247.0,C[C@@H]1CN(C(=O)OC2(C(F)(F)F)COC2)CCN1c1ncc(OCc2ccc(OS(C)(=O)=O)cc2F)cn1,0.0,train,../data/images/hERG/1247.png
1248.0,CCCCCCCN(CC)CC#CCOCc1ccc(Cl)cc1,1.0,train,../data/images/hERG/1248.png
1249.0,CC(=O)N[C@@H]1CC(C)(C)Oc2nc(-c3ccc(Cl)cc3Cl)c(-c3ccc(Cl)cc3)cc21,1.0,train,../data/images/hERG/1249.png
1250.0,CN1CCC(COCc2cc(C(F)(F)F)cc(C#N)n2)(c2ccccc2)CC1,0.0,train,../data/images/hERG/1250.png
1251.0,O=C(Nc1ccc(-c2nnn[nH]2)cc1F)[C@H](C1CCCCC1)n1c(-c2ccc(Cl)cc2)nc2cc(F)c(F)cc21,0.0,train,../data/images/hERG/1251.png
1252.0,O=C(NC(c1ccccc1)c1ccccc1)[C@@H]1CC[C@@H](N2CCOCC2)C[C@H]1c1ccc(Br)cc1,1.0,train,../data/images/hERG/1252.png
1253.0,C[C@@H](CO)OC[C@H](Oc1ncnc2c1cnn2-c1ncccc1Cl)C(=O)Nc1ccc(F)cn1,0.0,train,../data/images/hERG/1253.png
1254.0,O=C(NCc1ccncc1)C1c2ccccc2C(=O)N1Cc1ccccc1-c1ccccc1,0.0,train,../data/images/hERG/1254.png
1255.0,CN(C)Cc1ccc2c(c1)CC[C@H](N(C)C(=O)c1ccc(-c3ccc(Cl)cc3)cn1)C2,1.0,train,../data/images/hERG/1255.png
1256.0,Cc1cc(C#Cc2cn(-c3ccc(F)cc3)c(C)n2)ccn1,0.0,train,../data/images/hERG/1256.png
1257.0,CS(=O)(=O)CCNCc1ccc(-c2ccc3ncnc(Nc4ccc(OCc5cccc(F)c5)c(Cl)c4)c3c2)o1,1.0,train,../data/images/hERG/1257.png
1258.0,CC(=O)Nc1ccc2c(c1)C(N1CCC(NC(=O)c3cc(=O)c4ccc(F)cc4o3)CC1)CC2,0.0,train,../data/images/hERG/1258.png
1259.0,O=C(c1ccc(CN2CCC(F)CC2)cc1)N1CCN(C2CC2)CC1,0.0,train,../data/images/hERG/1259.png
1260.0,C[C@@H]1CCCN1CCc1ccc2nc(-c3ccc4nccnc4c3)ccc2c1,1.0,train,../data/images/hERG/1260.png
1261.0,CN(Cc1nc2ccccc2c(=O)[nH]1)Cc1nnc(-c2ccccc2)o1,0.0,train,../data/images/hERG/1261.png
1262.0,O=C(NO)c1cnc(N2C[C@H]3CN(Cc4ccc5ccccc5c4)C[C@H]3C2)nc1,1.0,train,../data/images/hERG/1262.png
1263.0,COc1cc(F)ccc1-c1cncc(CNC(C)C)c1,1.0,train,../data/images/hERG/1263.png
1264.0,O=C1OCc2cc(CCN3CCN(C(=O)Cc4ccc(-n5cnnn5)cc4C(F)(F)F)CC3)ccc21,1.0,train,../data/images/hERG/1264.png
1265.0,Cc1cc(-c2nnc(SCCCN3CC4CCN(c5ccc(C(F)(F)F)cc5)C4C3)n2C)on1,1.0,train,../data/images/hERG/1265.png
1266.0,COc1ccc([C@@H]2Sc3ccccc3N(CCN(C)C)C(=O)[C@@H]2OC(C)=O)cc1,0.0,train,../data/images/hERG/1266.png
1267.0,Cc1ccc2c(c1C)N(S(=O)(=O)c1ccc(C(C)(C)C)cc1)Cc1ccc(C(F)(F)F)nc1N2,0.0,train,../data/images/hERG/1267.png
1268.0,O=C(CNc1nccc2ccc(C(F)(F)F)cc12)NC1CN([C@H]2CC[C@@](O)(c3cncs3)CC2)C1,0.0,train,../data/images/hERG/1268.png
1269.0,COc1nccnc1N1C(=O)N(c2ccc(-c3ccc(C(=O)O)cc3C)cc2)C(=O)C12CCN(Cc1ncccc1C)CC2,1.0,train,../data/images/hERG/1269.png
1270.0,CCCCCCCN(CC)CCCCc1ccc(Cl)cc1,1.0,train,../data/images/hERG/1270.png
1271.0,CN1CCN(C(=O)c2ccc3c(c2)Cc2c(-c4csc(C#CCOc5ccccc5)c4)n[nH]c2-3)CC1,1.0,train,../data/images/hERG/1271.png
1272.0,Cc1cc(Nc2ncc(Cl)c(Nc3ccccc3S(=O)(=O)C(C)C)n2)c(OC(C)C)cc1C1CCN(C)CC1,1.0,train,../data/images/hERG/1272.png
1273.0,C[C@H]1COCCN1c1nc(N2CCOC[C@@H]2C)c2ccc(-c3cccc(C(=O)NCCO)c3)nc2n1,0.0,train,../data/images/hERG/1273.png
1274.0,COc1ccc(CCNC(C)COc2c(C)cccc2C)cc1OC,1.0,train,../data/images/hERG/1274.png
1275.0,CC(=O)Nc1cc(Nc2cc(NC3COC3)n3ncc(C#N)c3n2)c(F)cc1C,0.0,train,../data/images/hERG/1275.png
1276.0,Cc1cc(C#N)ccc1-c1ccnc(NCc2cc(-c3ccccn3)[nH]n2)c1,1.0,train,../data/images/hERG/1276.png
1277.0,CNCc1cc(C(F)(F)F)ccc1Oc1ccc(C)cc1,0.0,train,../data/images/hERG/1277.png
1278.0,C[C@@H]1CCCN1CCCOc1ccc(-c2ccc(=O)n(C)n2)cc1,0.0,train,../data/images/hERG/1278.png
1279.0,OC(c1cccnc1)(c1cccnc1)C(c1ccccc1)N1CCNCC1,1.0,train,../data/images/hERG/1279.png
1280.0,Cc1cc2ncc3c(n2n1)CN([C@H]1CO[C@H](c2cc(F)c(F)cc2F)[C@@H](N)C1)C3,1.0,train,../data/images/hERG/1280.png
1281.0,N#Cc1c(-c2ccccc2)cc(-c2ccccc2)nc1/N=C1\S/C(=C2\SC(c3ccccc3)=NN2c2ccccc2)C(=O)N1c1ccccc1,1.0,train,../data/images/hERG/1281.png
1282.0,Cc1nc2cc(OC(F)(F)F)ccc2n1-c1ccc(C(=O)NC2CC2)s1,1.0,train,../data/images/hERG/1282.png
1283.0,Nc1ccc(-c2ccsc2)cc1NC(=O)c1ccc(CN2CCC3(CCCN3)CC2)cc1,1.0,train,../data/images/hERG/1283.png
1284.0,COc1ccc(CCN(C)CCN2CCN(c3cccc(Cl)c3)C2=O)cc1OC,1.0,train,../data/images/hERG/1284.png
1285.0,CNC(C)(C)C(=O)N1CCN(C(=O)c2cc(Cc3c[nH]c(=O)c4cc(Cl)c(Cl)n34)ccc2F)CC1,0.0,train,../data/images/hERG/1285.png
1286.0,C[C@H]1CNC[C@H](C)N1c1nc2c(C(=O)N[C@@H]3C[C@H]4CCC[C@@H](C3)N4C)cccc2o1,1.0,train,../data/images/hERG/1286.png
1287.0,CC(C)N(C)[C@@H]1CC[C@H](N2CC[C@H](NC(=O)c3cc(F)cc(C(F)(F)F)c3)C2=O)[C@H](CS(=O)(=O)C(C)(C)C)C1,0.0,train,../data/images/hERG/1287.png
1288.0,CC(C)N(C)[C@@H]1CC[C@H](N2CC[C@H](NC(=O)c3cc(C(F)(F)F)cc(C(F)(F)F)c3)C2=O)[C@H](CS(=O)(=O)c2ccccc2)C1,1.0,train,../data/images/hERG/1288.png
1289.0,CS(=O)(=O)N(CC(=O)NCC1CC1)c1cc(C(F)(F)F)ccc1Cl,0.0,train,../data/images/hERG/1289.png
1290.0,CNCc1cccc(-c2ccc3c(N4CCOCC4)nc(N4C[C@@H](C)O[C@@H](C)C4)nc3n2)c1,0.0,train,../data/images/hERG/1290.png
1291.0,C[C@H](CO)OC[C@H](Oc1ncnc2c1cnn2-c1ncccc1Cl)C(=O)Nc1ccc(C#N)cn1,0.0,train,../data/images/hERG/1291.png
1292.0,COc1cc(-c2cn([C@H]3C[C@@H](C(C)(C)C)CCN(CC45CC6CC(CC(C6)C4)C5)C3=O)nn2)ccc1-n1cnc(C)c1,1.0,train,../data/images/hERG/1292.png
1293.0,Cn1cnc(S(=O)(=O)N2Cc3ccc(/C=C/C(=O)NO)cc3C2)c1,0.0,train,../data/images/hERG/1293.png
1294.0,O=C(NC1CCN(Cc2ccc(OCCCN3CCOCC3)c(F)c2)CC1)c1cc(=O)c2ccc(F)cc2o1,0.0,train,../data/images/hERG/1294.png
1295.0,CNCC(=O)N1CCN(c2ccc(Nc3ncc(Cl)c(-c4cnc5ccccn45)n3)c(OC)c2)CC1,1.0,train,../data/images/hERG/1295.png
1296.0,c1c(NCCN2CCOCC2)nnn1C12CC3CC(CC(C3)C1)C2,0.0,train,../data/images/hERG/1296.png
1297.0,CC1(C)CC(NC(=O)C(C)(O)C(F)(F)F)c2cc(-c3ccc(Cl)cc3)c(-c3ccc(Cl)cc3Cl)nc2O1,1.0,train,../data/images/hERG/1297.png
1298.0,O=C(O)[C@H](Cc1ccc(Cl)cc1)N1CCC(CN2CCC(Oc3ccc(Cl)c(Cl)c3)CC2)CC1,1.0,train,../data/images/hERG/1298.png
1299.0,Cc1ncccc1-c1nnc(SCCCN2CCc3ccc4oc(C(F)(F)F)nc4c3CC2)n1C,1.0,train,../data/images/hERG/1299.png
1300.0,Cc1nc2ccccc2n1C1CC2CCC(C1)N2CCC1(c2cccc(F)c2)CCN(C(=O)c2c(F)ccc(NS(C)(=O)=O)c2F)CC1,0.0,train,../data/images/hERG/1300.png
1301.0,COc1cc(N2CCN(C(=O)CO)CC2)ccc1Nc1ncc(Cl)c(-c2cnc3ccccn23)n1,0.0,train,../data/images/hERG/1301.png
1302.0,COc1ccc(-c2nc(CCOc3cccc(C[C@@H]4C(=O)N(c5ccc(C(C)(C)C)cc5)[C@@H]4C(=O)O)c3)c(C)o2)cc1,1.0,train,../data/images/hERG/1302.png
1303.0,N#Cc1ccc(C[C@@H](C(=O)O)N2CCC(CN3CCC(Oc4ccc(Cl)c(Cl)c4)CC3)CC2)cc1,1.0,train,../data/images/hERG/1303.png
1304.0,CC(C)(C)c1cc(C(=O)NC[C@H]2CCN(C(=O)CCCCC(c3ccc(F)cc3)c3ccc(F)cc3)C2)cc(C(C)(C)C)c1,1.0,train,../data/images/hERG/1304.png
1305.0,CCc1c(C)[nH]c2c1/C(=N/NC(=O)Nc1ccccc1)CCC2,0.0,train,../data/images/hERG/1305.png
1306.0,COc1ccccc1CCNCC(=O)N1CCc2ccccc2C1C1CCCCC1,1.0,train,../data/images/hERG/1306.png
1307.0,C[C@@H]1CCCN1CCc1ccc(-c2ccc(S(=O)(=O)NC3CCC3)cc2)cc1,1.0,train,../data/images/hERG/1307.png
1308.0,COc1ccc(CCN(C)CCCN(C(=O)c2ccc([N+](=O)[O-])cc2)c2ccc(OC)c(OC)c2)cc1OC,1.0,train,../data/images/hERG/1308.png
1309.0,C[C@@H]1CN(c2nnc(C(F)(F)F)o2)CCN1c1ncc(OCc2ccc(C[S+](C)[O-])cc2F)cn1,0.0,train,../data/images/hERG/1309.png
1310.0,CC1=C2C3OC(=O)C(C)C3C(O)CC2(C)C=CC1=O,0.0,train,../data/images/hERG/1310.png
1311.0,O=C([C@H]1C[C@H](Oc2ccc(Cl)cc2)CN1)N1CCCN(C2CCC2)CC1,1.0,train,../data/images/hERG/1311.png
1312.0,C[C@@H]1CN(c2nnc(C(F)(F)F)o2)CCN1c1ncc(OCc2ccc(CS(C)(=O)=O)cc2)cn1,0.0,train,../data/images/hERG/1312.png
1313.0,Nc1nc2c(s1)CC[C@H]2C(=O)Nc1ccc(C[C@@H]2CC[C@H]([C@H](O)c3cccc(Cl)c3)N2)cc1,1.0,train,../data/images/hERG/1313.png
1314.0,CNCCC(Oc1ccc(C(F)(F)F)cc1)c1ccccc1,1.0,train,../data/images/hERG/1314.png
1315.0,COc1ccc2c(c1)OC(c1ccc(OCCCN3CCCC3)cc1)C(C)S2(=O)=O,1.0,train,../data/images/hERG/1315.png
1316.0,CC1=NC2C=C3CCN(CCCSc4nnc(-c5cccc6nc(C)ccc56)n4C)CCC3=CC2O1,0.0,train,../data/images/hERG/1316.png
1317.0,O=C(NC1CC1c1ccccc1)N1CCC(c2nc(-c3ccccc3C(F)(F)F)no2)CC1,1.0,train,../data/images/hERG/1317.png
1318.0,CCOc1ccc([C@]2(O)CC[C@H](N3CC(NC(=O)CNC(=O)c4cccc(C(F)(F)F)c4)C3)CC2)cn1,0.0,train,../data/images/hERG/1318.png
1319.0,O=C(/C=C/c1ccc2c(c1)CN(C(=O)c1cccc(C(F)(F)F)c1)C2)NO,0.0,train,../data/images/hERG/1319.png
1320.0,Fc1cc(C(Oc2ccccc2)C2CNC2)ccc1Cl,1.0,train,../data/images/hERG/1320.png
1321.0,OC1(c2ccc(F)cc2)CCN(c2ccc3nnc(C(F)(F)F)n3n2)CC1,0.0,train,../data/images/hERG/1321.png
1322.0,Cc1nc(C)c(-c2nnc(SCCCN3CCC4(CCc5cc(Cl)ccc54)C3)n2C)s1,1.0,train,../data/images/hERG/1322.png
1323.0,COc1cc(N)c(Cl)cc1C(=O)N[C@H]1CCN(CC2CCN(C(=O)NC(C)C)CC2)C[C@H]1OC,1.0,train,../data/images/hERG/1323.png
1324.0,N#Cc1c(-c2ccccc2)cc(-c2ccccc2)nc1/N=c1\scc(-c2ccccc2)n1-c1ccccc1,1.0,train,../data/images/hERG/1324.png
1325.0,Cc1nc2ccccc2n1C1CC2CCC(C1)N2CCC1(c2cccc(F)c2)CCN(C(=O)C2(C(=O)O)CCC2)CC1,0.0,train,../data/images/hERG/1325.png
1326.0,O=C(NCc1ccc(OC(F)(F)F)cc1)C1c2ccccc2C(=O)N1CC(F)(F)c1ccccn1,1.0,train,../data/images/hERG/1326.png
1327.0,COc1cc(-c2cn(CC(=O)N(c3ccccc3)c3ccccc3)nn2)ccc1-n1cnc(C)c1,1.0,train,../data/images/hERG/1327.png
1328.0,CNCc1ccc(C(F)(F)F)cc1Oc1ccc(Cl)c(Cl)c1,1.0,train,../data/images/hERG/1328.png
1329.0,CCCC(=O)N1CCc2c(nc(C)n2[C@H]2C[C@H]3CC[C@@H](C2)N3CC[C@H](NC(C)=O)c2cccc(F)c2)C1,1.0,train,../data/images/hERG/1329.png
1330.0,O=C(NCCCNc1nc2ccccc2[nH]1)c1ccc(CN2CCCC2)cc1,0.0,train,../data/images/hERG/1330.png
1331.0,O=C1O[C@]2(CC[C@H](c3nc4cc(OC(F)(F)F)ccc4[nH]3)CC2)CN1c1ccccc1F,1.0,train,../data/images/hERG/1331.png
1332.0,COC(=O)Cc1ccc(CNC(=O)[C@@H]2CSCN2C(=O)CC(N)Cc2ccccc2F)cc1,1.0,train,../data/images/hERG/1332.png
1333.0,CCC(=O)C(CC(C)N(C)C)(c1ccccc1)c1ccccc1,1.0,train,../data/images/hERG/1333.png
1334.0,COc1ccc2ncc(F)c(CCC34CCC(NCc5nc6c(c(C)c5C(C)C)OCC(=O)N6)(CC3)CO4)c2n1,1.0,train,../data/images/hERG/1334.png
1335.0,Cc1ccc2c(-c3nnc(SCCC(C)N4CCc5cc6c(cc5CC4)C(=O)N(C(C)C)C6)n3C)cccc2n1,1.0,train,../data/images/hERG/1335.png
1336.0,CC(C)S(=O)(=O)N[C@@H]1COC[C@@H]1c1ccc(-c2ccc(F)cn2)cc1,0.0,train,../data/images/hERG/1336.png
1337.0,Nc1ncc(-c2ccc(C(=O)N3CCNCC3)cc2)cc1-c1ccc(C(F)(F)F)nc1,0.0,train,../data/images/hERG/1337.png
1338.0,COc1ccc([C@H](C)NC(=O)COc2cc(C(F)(F)F)c3c(-c4ccccc4)nn(C)c3n2)cc1,0.0,train,../data/images/hERG/1338.png
1339.0,O=C(Nc1ccc(C(F)(F)F)cc1)NS(=O)(=O)c1ccc(OCCCCN2CCCCC2)cc1,0.0,train,../data/images/hERG/1339.png
1340.0,Cc1nc2ccccc2c(=O)n1-c1ccc(OCCCN2CCC(C)C2)cc1,1.0,train,../data/images/hERG/1340.png
1341.0,CN1C(=O)Cn2c1nc1nc(N3CCC[C@@H](N)C3)n(Cc3cc(F)ccc3C#N)c1c2=O,0.0,train,../data/images/hERG/1341.png
1342.0,COc1cc(N)c(Cl)cc1C(=O)N[C@H]1CCN(CC2CCN(C(=O)C(C)C)CC2)C[C@H]1OC,0.0,train,../data/images/hERG/1342.png
1343.0,CC(C)N1CCN(C(=O)N2CCC3(CCCN(C4CCOCC4)C3)C2)CC1,0.0,train,../data/images/hERG/1343.png
1344.0,CC(C)C[C@H](CN)Nc1cc(Nc2cccc(C(C)(C)C)n2)c(C(N)=O)nn1,1.0,train,../data/images/hERG/1344.png
1345.0,CN1C[C@@H]2[C@H](C1)[C@H]2CN(Cc1cccc(OC(F)(F)F)c1)C(=O)c1cn(C)cn1,1.0,train,../data/images/hERG/1345.png
1346.0,O=C(CNc1ncnc2ccc(C(F)(F)F)cc12)NC1CN([C@H]2CC[C@@](O)(c3cncs3)CC2)C1,0.0,train,../data/images/hERG/1346.png
1347.0,O=C1NCCN1CCN1CCC(c2cn(-c3ccccc3)c3ccc(Cl)cc23)CC1,1.0,train,../data/images/hERG/1347.png
1348.0,Cc1nn(C2CCN(C(=O)[C@H](C)N)CC2)c(C)c1Nc1ncc(Cl)c(-c2cnn3ccccc23)n1,0.0,train,../data/images/hERG/1348.png
1349.0,C[C@@]1(C(=O)Nc2ccc(F)nc2)CCCN1c1nc(Nc2cc(C3CC3)[nH]n2)c2cccn2n1,0.0,train,../data/images/hERG/1349.png
1350.0,Cc1c2c(n3c1CCCN1CCCC[C@@H]1CNc1cc-3ccc1C(N)=O)CC(C)(C)CC2=O,1.0,train,../data/images/hERG/1350.png
1351.0,O=c1ccc2ncc(F)c3c2n1C[C@@]3(O)CC12CCC(NC/C=C/c3c(F)cccc3F)(CC1)CO2,1.0,train,../data/images/hERG/1351.png
1352.0,Cc1nocc1C(=O)Nc1ccc(-c2ccccc2OC(F)(F)F)c(N)n1,0.0,train,../data/images/hERG/1352.png
1353.0,COc1ccc(-c2cc(-c3ccc(S(C)(=O)=O)cc3)cnc2N)cn1,1.0,train,../data/images/hERG/1353.png
1354.0,CCO[C@@H]1Cc2cc(C(F)(F)F)ccc2[C@H]1N1CCN(C2(C)CCN(C(=O)c3c(C)ncnc3C)CC2)C[C@@H]1C,1.0,train,../data/images/hERG/1354.png
1355.0,COc1ccc(-c2nnc(C(=O)N3CCC(Oc4ccc(CN5CCN(C)CC5)cc4)CC3)o2)cc1,0.0,train,../data/images/hERG/1355.png
1356.0,NCC(=O)N1CCn2c(nc(-c3ccc(F)cc3)c2Nc2ccc(Cl)c(F)c2)C1,0.0,train,../data/images/hERG/1356.png
1357.0,O=C1CN(CCc2ccc(F)cc2)CCN1[C@H]1CCc2cc(CN3CCC(C(F)(F)F)CC3)ccc2C1,1.0,train,../data/images/hERG/1357.png
1358.0,CCN(CC)CCOc1ccc(/C(=C(\Cl)c2ccccc2)c2ccccc2)cc1,1.0,train,../data/images/hERG/1358.png
1359.0,Cc1cc(C)nc(Nc2cc(NC[C@@H](N)CCS(C)(=O)=O)cnc2C(N)=O)c1,0.0,train,../data/images/hERG/1359.png
1360.0,COc1ccc2cc(-c3cc(-c4cc(Cl)ccc4Cl)nn3[C@@H](C)c3ccc(C(=O)NCCC(=O)O)cc3)ccc2c1,1.0,train,../data/images/hERG/1360.png
1361.0,CCN1CCC(Nc2ccc3c(c2)C(=C(c2ccc(Cl)cc2)c2ncc[nH]2)C(=O)N3)CC1,1.0,train,../data/images/hERG/1361.png
1362.0,CC(C)[C@@H](Oc1ccc(CNC(=O)[C@@H]2CCCN2C(=O)CC(N)Cc2c(F)c(F)c(F)c(F)c2F)cc1)C(=O)O,0.0,train,../data/images/hERG/1362.png
1363.0,Cc1nc2cc(F)c(F)cc2c(=O)n1-c1ccc(OC2CCN(C3CCC3)CC2)cc1,0.0,train,../data/images/hERG/1363.png
1364.0,Cc1ccc(-n2c(-c3ncccc3Cl)nc(CNC3CCCC3)c2C)cn1,0.0,train,../data/images/hERG/1364.png
1365.0,O=C(c1ccc(Cl)cc1)N1CCC2(CCN(Cc3ccccc3Oc3ccccc3)CC2)CC1,1.0,train,../data/images/hERG/1365.png
1366.0,CCO/N=C(/c1ccc(CN2CCC3(CC2)OCc2cc(F)ncc23)cc1)c1ccc(F)c(F)c1,1.0,train,../data/images/hERG/1366.png
1367.0,CNC(=O)c1c(NCC2CCC3(CCC3)CC2)nc(C#N)nc1OCCC1CCN(C)CC1,1.0,train,../data/images/hERG/1367.png
1368.0,CC1(C)C[C@@H](CN2CCC(F)(CNC(=O)c3cc(Cl)cc(Cl)c3)CC2)CCO1,1.0,train,../data/images/hERG/1368.png
1369.0,CCOc1ccc2ncc(F)c(CCC34CCC(NCc5ccc6c(n5)NC(=O)CO6)(CC3)CO4)c2n1,1.0,train,../data/images/hERG/1369.png
1370.0,O=C(CNC(=O)c1ccc(C(F)(F)F)cc1)NC1CN([C@H]2CC[C@H](c3ccc4c(c3)OCO4)CC2)C1,1.0,train,../data/images/hERG/1370.png
1371.0,COc1ccc([C@H]2CN(CCCc3ccc(OC)c(OC)c3)C[C@@H]2CNC(=O)c2cccc(Cl)c2)cc1,1.0,train,../data/images/hERG/1371.png
1372.0,Fc1cc2c(cn1)C1(CCN(Cc3ccc(Nc4ccc(F)c(F)c4)cc3)CC1)OC2,1.0,train,../data/images/hERG/1372.png
1373.0,Cc1cccnc1CN1CCC2(CC1)C(=O)N(c1ccc(C3CCCCC3)cc1)C(=O)N2c1cc(O)ncn1,1.0,train,../data/images/hERG/1373.png
1374.0,Cc1cc(Cl)ccc1-c1nc2c(cc1-c1ccc(Cl)cc1)C(N=C(O)C(O)C(F)(F)F)CC(C)(C)O2,1.0,train,../data/images/hERG/1374.png
1375.0,Cc1nc(C)c(-c2ccc([C@H]3CC[C@H](CC(=O)O)CC3)cc2)nc1C(N)=O,0.0,train,../data/images/hERG/1375.png
1376.0,N#Cc1ccc(C(=O)N2CCN(c3ccc(OC4CCN(C5CCCC5)CC4)cc3)C(=O)C2)cc1,0.0,train,../data/images/hERG/1376.png
1377.0,O=C1N(CCN2Cc3ccccc3C2)CCN1Cc1ccccc1Cl,1.0,train,../data/images/hERG/1377.png
1378.0,COC(CN1CCN(C(=O)Cc2ccc(-n3cnnn3)nc2)CC1)c1ccc2c(c1C)COC2=O,0.0,train,../data/images/hERG/1378.png
1379.0,Cc1nc(C(O)CN2CCN(C[C@H](O)c3ccc4c(c3C)COC4=O)CC2)ccc1C#N,0.0,train,../data/images/hERG/1379.png
1380.0,C[C@@H](NC(=O)C1(N)CCN(c2ncnc3[nH]ccc23)CC1)c1ccc(Cl)cc1,1.0,train,../data/images/hERG/1380.png
1381.0,Cc1c(O[C@H]2C[C@H]3CC[C@@H](C2)N3Cc2ccccc2)cccc1C(N)=O,1.0,train,../data/images/hERG/1381.png
1382.0,Nc1ccc(-c2nnc(C3CCN(Cc4ccc(-c5nc6nc(N7CCN(CCO)CC7)ccc6nc5-c5ccccc5)cc4)CC3)[nH]2)cn1,0.0,train,../data/images/hERG/1382.png
1383.0,CCCCCCCCC(=O)NCc1ccc(CC(O)CO)c(OC)c1,1.0,train,../data/images/hERG/1383.png
1384.0,Fc1ccccc1-c1c[nH]c([C@H]2Cc3c([nH]c4ccccc34)[C@@H](C3CCOCC3)N2)n1,1.0,train,../data/images/hERG/1384.png
1385.0,COCC(=O)N(Cc1ccsc1)C1CCN([C@H](C)CCNC(=O)c2c(C)cc(Cl)nc2C)CC1,1.0,train,../data/images/hERG/1385.png
1386.0,CC(C)N1CCN(C(=O)N2CC=C(c3ccccc3)CC2)CC1,0.0,train,../data/images/hERG/1386.png
1387.0,O=C1CN(CCc2ccc(F)cc2)CCN1[C@H]1CCc2cc(Cn3ccnc3)ccc2C1,1.0,train,../data/images/hERG/1387.png
1388.0,COc1cc(N2CCN(C)CC2)ccc1-c1nc2c(N[C@H]3[C@@H](C(N)=O)[C@@H]4C=C[C@H]3C4)c(Cl)cnc2[nH]1,0.0,train,../data/images/hERG/1388.png
1389.0,COc1cc(C2(c3cccc(-c4cncnc4)c3)N=C(N)c3c(F)cccc32)ccn1,1.0,train,../data/images/hERG/1389.png
1390.0,CCOC(=O)c1ccnc([C@@]2(c3cnn(C)c3)N[C@@H](c3nc(-c4ccc(F)cc4)c[nH]3)Cc3c2[nH]c2ccccc32)c1,1.0,train,../data/images/hERG/1390.png
1391.0,c1ccc(C2(c3ccccc3)CC2C2=NCCN2)cc1,1.0,train,../data/images/hERG/1391.png
1392.0,O=C(O)[C@H](Cc1cccc(F)c1)N1CCC(CN2CCC(Oc3ccc(Cl)c(Cl)c3)CC2)CC1,0.0,train,../data/images/hERG/1392.png
1393.0,O=C(Nc1ccc(Cl)c(Cl)c1)N1CCN(C[C@@H]2CCCN(CCCc3ccccc3)C2)CC1,1.0,train,../data/images/hERG/1393.png
1394.0,Cc1cc([C@H]2C[C@H]3[C@@H](C)SC(N)=N[C@@]3(c3ccc(F)cc3F)CO2)on1,1.0,train,../data/images/hERG/1394.png
1395.0,CCOC(=O)c1nn(-c2ccc(Cl)cc2)/c(=N/c2nc(-c3ccccc3)cc(-c3ccccc3)c2C#N)s1,1.0,train,../data/images/hERG/1395.png
1396.0,O=C1COc2ccc(CNC3CCN(CCN4C(=O)COc5ccc(NC(=O)C(F)(F)F)cc54)CC3)nc2N1,0.0,train,../data/images/hERG/1396.png
1397.0,O=C(c1nnc(-c2ccc(Cl)cc2)o1)N1CCC(Oc2ccc(CN3CCCC3)cc2)CC1,1.0,train,../data/images/hERG/1397.png
1398.0,COc1ccc2ncc(F)c(CCC34CCC(NCc5nc6c(cc5Cl)OCC(=O)N6)(CC3)CO4)c2n1,1.0,train,../data/images/hERG/1398.png
1399.0,CC1(C)C[C@H](CN2CCC(F)(CNC(=O)c3cc(Cl)cc(Cl)c3)CC2)CCO1,1.0,train,../data/images/hERG/1399.png
1400.0,CC1CCN(C(=O)c2ccc3c(c2)c2c(n3C)CCN(C3CCOCC3)C2)CC1,1.0,train,../data/images/hERG/1400.png
1401.0,NC1(C(=O)NC(CCCN2CCCCC2)c2ccc(Cl)cc2)CCN(c2ncnc3[nH]ccc23)CC1,0.0,train,../data/images/hERG/1401.png
1402.0,N[C@@H]1CCCN(c2ccccc2/C=C2\SC(=O)NC2=O)C1,0.0,train,../data/images/hERG/1402.png
1403.0,CC(NC(=O)C1(N)CCN(c2ncnc3[nH]ccc23)CC1)c1ccc(F)cc1,0.0,train,../data/images/hERG/1403.png
1404.0,O=C(NC(c1ccccc1)c1ccccc1)[C@@H]1CC[C@@H](N2CCOCC2)C[C@H]1c1ccccc1,1.0,train,../data/images/hERG/1404.png
1405.0,CNc1cc(Nc2cnc(C#N)c(O[C@@H]3CCN(C)C3)n2)ncc1-c1cnn(C)c1,0.0,train,../data/images/hERG/1405.png
1406.0,O=C(Nc1ccc(-c2nnc(NCCCCN3CCCCC3)o2)c(Cl)c1)c1ccccc1F,1.0,train,../data/images/hERG/1406.png
1407.0,O=C(NC1CCN(Cc2ccc3c(c2)OCO3)CC1)c1cc(=O)c2cc(F)c(Cl)cc2o1,1.0,train,../data/images/hERG/1407.png
1408.0,O=C1COc2cccc(OC[C@@H](O)CN3CCC4(CC3)Cc3cc(Cl)ccc3O4)c2N1,1.0,train,../data/images/hERG/1408.png
1409.0,CN(C)CCCC1(c2ccc(F)cc2)OCc2cc(C#N)ccc21,1.0,train,../data/images/hERG/1409.png
1410.0,COc1cnc2c(C(=O)NCCO)cn(Cc3ncnc(OC)c3C)c2c1,0.0,train,../data/images/hERG/1410.png
1411.0,Cc1ccnc2nc(Oc3ccc(CN4CCCCC4)cc3)sc12,1.0,train,../data/images/hERG/1411.png
1412.0,Cc1ncoc1-c1nnc(SCCCN2CC3CC3(c3ccc(Br)cc3)C2)n1C,1.0,train,../data/images/hERG/1412.png
1413.0,Cc1cccc(CCN2CCC(C(=O)c3ccc(NS(C)(=O)=O)cc3)CC2)n1,1.0,train,../data/images/hERG/1413.png
1414.0,Cc1ncoc1-c1nnc(SCCCN2CC3CC3(c3cccc(C(F)(F)F)c3)C2)n1C,1.0,train,../data/images/hERG/1414.png
1415.0,NC(=O)c1ccc(N[C@@H]2CCCC[C@@H]2N)nc1Nc1cccc2cc[nH]c12,0.0,train,../data/images/hERG/1415.png
1416.0,N#Cc1ccc(CN2CCN(c3ccc4nnc(C(F)(F)F)n4n3)CC2)cc1,1.0,train,../data/images/hERG/1416.png
1417.0,O=C(N1CCc2ncc(C(F)(F)F)cc2C1)[C@@]12CCC[C@@H]1C[C@@H](NC1CCCCCC1)C2,0.0,train,../data/images/hERG/1417.png
1418.0,O=C(OC1Cc2c(O)cc(O)cc2OC1c1cc(O)c(O)c(O)c1)c1cc(O)c(O)c(O)c1,1.0,train,../data/images/hERG/1418.png
1419.0,COc1ccc([C@H]2CN(CCCN(C)S(=O)(=O)c3ccccc3)C[C@@H]2CC(=O)Nc2cccc(Cl)c2)cc1,1.0,train,../data/images/hERG/1419.png
1420.0,N#Cc1ccc2cc1Oc1ccc3c(c1)[C@H](CC3)N1CC[C@@H](NCc3cncn3C2)C1=O,1.0,train,../data/images/hERG/1420.png
1421.0,Cc1cnc(NC(=O)c2cc(Oc3ccc(C(=O)N(C)C)cc3)c3cc(C)oc3c2)cn1,0.0,train,../data/images/hERG/1421.png
1422.0,COc1cc(F)ccc1-c1cncc(CNC2CCCC2)n1,0.0,train,../data/images/hERG/1422.png
1423.0,COc1cc(-c2cn(Cc3cccc(OC(F)(F)F)c3)nn2)ccc1-n1cnc(C)c1,1.0,train,../data/images/hERG/1423.png
1424.0,CCN1CCN(c2cc3[nH]c(C(=O)[C@]4(C)CC[C@@H](NC(=O)OC)CC4)nc3cc2Cl)CC1,1.0,train,../data/images/hERG/1424.png
1425.0,O=C1COc2ccc(CNC3CCN(CCn4c(=O)ccc5ncc(OCc6cccnn6)cc54)CC3)nc2N1,0.0,train,../data/images/hERG/1425.png
1426.0,CS(=O)(=O)Cc1cc(N2CCOCC2)nc(-c2ccc(NS(C)(=O)=O)cc2)n1,0.0,train,../data/images/hERG/1426.png
1427.0,CCc1nc2cc3c(c(Br)c2o1)CCN(CCCCSc1nnc(-c2cccc4nc(C)ccc24)n1C)CC3,1.0,train,../data/images/hERG/1427.png
1428.0,CC(=O)C1CCN(CCOc2ccn(-c3ccc(Cl)c(Cl)c3)n2)CC1,1.0,train,../data/images/hERG/1428.png
1429.0,Cc1nc(NCC(=O)NC2CN([C@H]3CC[C@@](O)(c4cncs4)CC3)C2)c2cc(C(F)(F)F)ccc2n1,0.0,train,../data/images/hERG/1429.png
1430.0,N#Cc1ccc(OC2CNC(C(=O)N3CCCN(C4CCCC4)CC3)C2)cc1,1.0,train,../data/images/hERG/1430.png
1431.0,CN(CC1(O)CCCCC1)C(=O)NC1CCN(Cc2ccn(-c3ccc(C(F)(F)F)cc3)c2)CC1,1.0,train,../data/images/hERG/1431.png
1432.0,COc1ccc2ncc(F)c(C(=O)CC34CCC(NCc5ccc6c(n5)NC(=O)CO6)(CC3)CO4)c2n1,1.0,train,../data/images/hERG/1432.png
1433.0,CCN(CC)C(=O)[C@]1(c2ccccc2)C[C@H]1CN,0.0,train,../data/images/hERG/1433.png
1434.0,Cc1cc2c(nc1CNC13CCC(C[C@]4(O)Cn5c(=O)ccc6ncc(F)c4c65)(CC1)OC3)NC(=O)CO2,0.0,train,../data/images/hERG/1434.png
1435.0,C[C@H](c1cc(C(=O)N(C)C)cc2c(=O)cc(N3CCOCC3)oc12)N(C)c1cc(F)cc(F)c1,0.0,train,../data/images/hERG/1435.png
1436.0,COC(=O)C1(COc2ccc3ncc(F)c(CCC45CCC(NCc6ccc7c(n6)NC(=O)CO7)(CC4)CO5)c3n2)CC1,1.0,train,../data/images/hERG/1436.png
1437.0,CCOc1cc2ncc(C(N)=O)c(Nc3ccc(F)cc3F)c2cc1N1CCN(CCO)CC1,0.0,train,../data/images/hERG/1437.png
1438.0,CC(C)NCC(O)COc1cccc2ccccc12,1.0,train,../data/images/hERG/1438.png
1439.0,C[C@@H]1CN(c2nc(C(F)(F)F)no2)CCN1c1ncc(OCc2ccc(CS(C)(=N)=O)cc2F)cn1,0.0,train,../data/images/hERG/1439.png
1440.0,Cc1oc(-c2ccccc2)nc1CCOc1cccc(C[C@@H]2C(=O)N(c3ccc(C(C)(C)C)cc3)[C@@H]2C(=O)O)c1,1.0,train,../data/images/hERG/1440.png
1441.0,O=C1CCCN1C1CCN(Cc2ccc(Oc3nc4ncccc4s3)cc2)CC1,0.0,train,../data/images/hERG/1441.png
1442.0,Nc1ncc(-c2cnc(N)c(-c3ccc(Cl)cc3)c2)cn1,0.0,train,../data/images/hERG/1442.png
1443.0,Fc1cnc2nc(Oc3ccc(CN4CCCCC4)cc3)sc2c1,0.0,train,../data/images/hERG/1443.png
1444.0,CC/N=C(\c1ccc(OC)c(OC)c1)N1CCCc2cc(C3=NNC(=O)SC3C)ccc21,1.0,train,../data/images/hERG/1444.png
1445.0,Cc1cc(CN2CCN(c3c(Cl)cnc4[nH]c(-c5cn(C)nc5C5CC5)nc34)CC2)no1,1.0,train,../data/images/hERG/1445.png
1446.0,Cc1ccc(N2CCN(CCN3Cc4ccccc4C3)C2=O)s1,0.0,train,../data/images/hERG/1446.png
1447.0,Cc1cc(C#N)ccc1-c1ccnc(NCc2n[nH]c(-c3ccccn3)c2Cl)c1,0.0,train,../data/images/hERG/1447.png
1448.0,Cc1nc2ncc(Oc3ccc(F)cc3)nc2c(=O)n1C[C@H]1CCCN(C(C)C)C1,0.0,train,../data/images/hERG/1448.png
1449.0,CN(C)c1ncc([C@H]2CC[C@H](N3CC(NC(=O)CNC(=O)c4cccc(C(F)(F)F)c4)C3)CC2)cn1,1.0,train,../data/images/hERG/1449.png
1450.0,COc1cc(N2C(=O)N(c3ccc(-c4ccccc4)cc3)C(=O)C23CCN(Cc2ncccc2C)CC3C(=O)O)ncn1,0.0,train,../data/images/hERG/1450.png
1451.0,CS(=O)(=O)Cc1cc(N2CCOCC2)nc(-c2ccc3[nH]ccc3c2)n1,0.0,train,../data/images/hERG/1451.png
1452.0,COC[C@H](C)Oc1cc(Oc2cnc(C(=O)N3CCC3)cn2)cc(C(=O)Nc2cnc(C)cn2)c1,0.0,train,../data/images/hERG/1452.png
1453.0,CS(=O)(=O)c1ccc(-c2noc([C@@H](CC3CC3)[C@H](N)C(F)=C3CCCC3)n2)c(Cl)c1,1.0,train,../data/images/hERG/1453.png
1454.0,N=C(Nc1ccc2c(c1)CCN2C1CCNCC1)c1cccs1,0.0,train,../data/images/hERG/1454.png
1455.0,O=C(Nc1ccc(Cl)c(Cl)c1)N1CCN(C[C@@H]2CCCN(CC3CC3)C2)CC1,1.0,train,../data/images/hERG/1455.png
1456.0,Nc1ccc(-c2cc3sc(N4CCC(N5CCCCC5)CC4)nc3cn2)cn1,0.0,train,../data/images/hERG/1456.png
1457.0,Cc1cccc(CCN2C(=O)c3ccccc3C2C(=O)NCc2ccc(OC(F)(F)F)cc2)n1,1.0,train,../data/images/hERG/1457.png
1458.0,O=C1NCCN1CCN1CCC(c2cn(-c3ccc(F)cc3)c3ccccc23)CC1,1.0,train,../data/images/hERG/1458.png
1459.0,CC1(C)CC(c2ccc(OC3CCN(C4CCC4)CC3)cc2)=NNC1=O,0.0,train,../data/images/hERG/1459.png
1460.0,O[C@H]1C[C@H](CN2CC[C@H](c3ccc(F)cc3Cl)[C@@H](O)C2)Cc2cccnc21,0.0,train,../data/images/hERG/1460.png
1461.0,Fc1ccc(C2(c3ccc(F)cc3)CNC(c3cnccn3)=N2)cc1,1.0,train,../data/images/hERG/1461.png
1462.0,CCN(CC)CCOc1ccc(-n2ccc(OCc3ccccc3)cc2=O)cc1,1.0,train,../data/images/hERG/1462.png
1463.0,COc1cc(N2CCN(C(=O)CN)CC2)ccc1Nc1ncc(Cl)c(-c2cnc3ccccn23)n1,0.0,train,../data/images/hERG/1463.png
1464.0,C[C@H](Nc1ccc(C(N)=O)c2[nH]c3cc(-c4cnn(C)c4)ccc3c12)C(C)(C)C,0.0,train,../data/images/hERG/1464.png
1465.0,Cc1cc(CN2CCN(c3c(Cl)cnc4[nH]c(-c5cn(C)nc5C)nc34)CC2)no1,1.0,train,../data/images/hERG/1465.png
1466.0,CN1CCc2cncn2Cc2ccc(C#N)c(c2)Oc2ccc3cccc(c3c2)N2CC[C@H]1C2=O,1.0,train,../data/images/hERG/1466.png
1467.0,COc1cccc2c1O[C@@H](c1ccc(OCCCN3CCCC3)cc1)[C@H](C)S2(=O)=O,1.0,train,../data/images/hERG/1467.png
1468.0,Fc1ccc(C(Cc2ccccc2OC(F)F)N2CCNCC2)cc1,1.0,train,../data/images/hERG/1468.png
1469.0,CCc1nc2cc3c(cc2o1)CCN(CCCSc1nnc(-c2ocnc2C)n1C)CC3,1.0,train,../data/images/hERG/1469.png
1470.0,Nc1ncc(-c2ccncc2)nc1-c1ccc(C(F)(F)F)nc1,0.0,train,../data/images/hERG/1470.png
1471.0,CC(=O)Nc1cc(Nc2cc(NC3CC3)n3ncc(C#N)c3n2)ccc1C,0.0,train,../data/images/hERG/1471.png
1472.0,CN1CC=CCC(c2ccc(Cl)c(Cl)c2)C1,1.0,train,../data/images/hERG/1472.png
1473.0,Cc1cccc(Nc2nc(NCCN)ncc2C(N)=O)c1,1.0,train,../data/images/hERG/1473.png
1474.0,CC(=O)N1CCC(n2ncc(Nc3ncc(Cl)c(-c4cnc5ccccn45)n3)c2C)CC1,0.0,train,../data/images/hERG/1474.png
1475.0,O=C(c1ccccc1)N1CCN(c2ccc(OCCCN3CCCCC3)cc2)C(=O)C1,0.0,train,../data/images/hERG/1475.png
1476.0,CC(=O)Nc1cccc(Nc2ncnc(N3CCC(Oc4ccc(C(F)(F)F)cc4)CC3)n2)c1C,1.0,train,../data/images/hERG/1476.png
1477.0,COc1cccc2c1C(C(=O)NCc1ccc(OC(F)(F)F)cc1)N(CCc1ccccn1)C2=O,1.0,train,../data/images/hERG/1477.png
1478.0,CC(C)(C)CCN1CC[C@H](CNC(=O)c2cc(Cl)cc(Cl)c2)[C@H](F)C1,1.0,train,../data/images/hERG/1478.png
1479.0,N#Cc1ccc(N2CC[C@H](Nc3c(C(N)=O)cnc4[nH]ccc34)[C@H](F)C2)nc1,0.0,train,../data/images/hERG/1479.png
1480.0,Cc1cc(-c2ccc3c(c2)CCN(CCCSc2nnc(-c4ocnc4C)n2C)CC3)n(C)n1,1.0,train,../data/images/hERG/1480.png
1481.0,Fc1ccccc1C(Cc1ccccc1OC(F)(F)F)N1CCNCC1,1.0,train,../data/images/hERG/1481.png
1482.0,N#Cc1ccc2cc1Oc1ccc3cccc(c3c1)N1CC[C@@H](NCCc3cncn3C2)C1=O,1.0,train,../data/images/hERG/1482.png
1483.0,CC/C(=C(\c1ccccc1)c1ccc(/C=C/C(=O)O)cc1)c1ccccc1,0.0,train,../data/images/hERG/1483.png
1484.0,COc1cc(N)c(Cl)cc1C(=O)NC1CCN(CCCOc2ccc(F)cc2)CC1OC,1.0,train,../data/images/hERG/1484.png
1485.0,CN(C)c1ccc(/C=C/c2c(F)cccc2F)cn1,0.0,train,../data/images/hERG/1485.png
1486.0,Cc1nc2ccc(Oc3ccc(F)cc3)cc2c(=O)n1C[C@H]1CCCN(C(C)C)C1,1.0,train,../data/images/hERG/1486.png
1487.0,c1ccc(-c2c[nH]c([C@H]3Cc4c([nH]c5ccccc45)[C@@H](C4CCOCC4)N3)n2)nc1,1.0,train,../data/images/hERG/1487.png
1488.0,CCCN(C(=O)c1cccc(Cl)c1Cl)[C@H]1CCNC1,0.0,train,../data/images/hERG/1488.png
1489.0,CC(=O)Nc1cc(Nc2cc(NC3CCC3)n3ncc(C#N)c3n2)ccc1C,0.0,train,../data/images/hERG/1489.png
1490.0,O=c1c2cc(-c3ccc(Cl)cn3)cn2ncn1-c1ccc(N2CC[C@@H](O)C2)nc1,0.0,train,../data/images/hERG/1490.png
1491.0,COc1nccnc1[C@H](C)C1=C(CCN(C)C)Cc2cc(F)ccc21,1.0,train,../data/images/hERG/1491.png
1492.0,CN(C)c1ccc(/C=C/c2c(F)cccc2Cl)cn1,0.0,train,../data/images/hERG/1492.png
1493.0,COc1ccc(-c2ccc3c(N4CCOC[C@@H]4C)nc(N4CCOC[C@@H]4C)nc3n2)cc1C(=O)N(C)C,0.0,train,../data/images/hERG/1493.png
1494.0,N#Cc1ccc2ccc(=O)n(CCN3CC[C@@H](NCc4cc5c(cn4)OCCO5)[C@@H](O)C3)c2c1,0.0,train,../data/images/hERG/1494.png
1495.0,N#Cc1ccc2c(=O)cc(C(=O)NC3CCN(Cc4ccc5c(c4)OCO5)CC3)oc2c1,1.0,train,../data/images/hERG/1495.png
1496.0,CS(=O)(=O)N1CCC(C2N[C@@H](c3nc(-c4ccccc4)c[nH]3)Cc3c2[nH]c2ccccc32)CC1,1.0,train,../data/images/hERG/1496.png
1497.0,CNCc1cc(C(F)(F)F)ccc1Oc1ccc(Cl)c(Cl)c1,1.0,train,../data/images/hERG/1497.png
1498.0,COc1ccc2c(NC[C@H](O)CO)nc(C#N)c(-c3ccccc3)c2c1,0.0,train,../data/images/hERG/1498.png
1499.0,O=c1cc(OCc2ccc(C(F)(F)F)cc2)ccn1-c1ccc(OCCN2CCCC2)cc1,1.0,train,../data/images/hERG/1499.png
1500.0,Cc1nc(N)c2nnn(C[C@H]3CN(Cc4nccs4)CCO3)c2n1,0.0,train,../data/images/hERG/1500.png
1501.0,Cc1nc2c(CCC34CCC(NCc5ccc6c(n5)NC(=O)CO6)(CC3)CO4)ccnc2cc1C#N,1.0,train,../data/images/hERG/1501.png
1502.0,O=C(CNC(=O)c1cccc(C(F)(F)F)c1)NC1CN([C@H]2CC[C@](O)(c3ccc4c(c3)OCO4)CC2)C1,0.0,train,../data/images/hERG/1502.png
1503.0,CCc1cccc(Nc2cc(N[C@@H]3CCCC[C@@H]3N)nnc2C(N)=O)n1,1.0,train,../data/images/hERG/1503.png
1504.0,Nc1ncc(-c2ccc(C(=O)N3CCOCC3)cc2)cc1-c1ccc(C(F)(F)F)nc1,0.0,train,../data/images/hERG/1504.png
1505.0,CN(C(=O)Cc1ccc(-n2cnnn2)cc1)C1CCN(Cc2ccc(C(F)(F)F)cn2)CC1,1.0,train,../data/images/hERG/1505.png
1506.0,C[C@H]1Cc2c(ncnc2Oc2ccc3ccn(C(=O)Nc4cc(C5(C(F)(F)F)CC5)on4)c3c2)CN1,1.0,train,../data/images/hERG/1506.png
1507.0,N#Cc1cccnc1-c1ccc(C(=O)Nc2ccccc2N)cc1,0.0,train,../data/images/hERG/1507.png
1508.0,CC(C)(C)n1cc2c(n1)C(=O)CC1(CCN(C(=O)c3ccc4[nH]ncc4c3)CC1)O2,0.0,train,../data/images/hERG/1508.png
1509.0,N#Cc1ccc2cc1Oc1ccc3cccc(c3c1)N1CC[C@H](NC(=O)Cc3cncn3C2)C1=O,1.0,train,../data/images/hERG/1509.png
1510.0,CC(C)c1ccc(S(=O)(=O)Nc2ccc(C34CNCC3C4)cc2)cc1,1.0,train,../data/images/hERG/1510.png
1511.0,CCOC(=O)NCCc1ccccc1-c1ccc([C@H]2CNCC[C@@H]2c2ccn(C)c(=O)c2)c(Cl)c1,1.0,train,../data/images/hERG/1511.png
1512.0,N#Cc1c[nH]c(C(=O)Nc2ccc(C3CCNCC3)cc2C2=CCCCC2)n1,0.0,train,../data/images/hERG/1512.png
1513.0,CC(C)Oc1cc(-n2cnc3cnc(N[C@@H](C)c4ncc(F)cn4)nc32)n[nH]1,0.0,train,../data/images/hERG/1513.png
1514.0,C[C@@H]1C(=O)NN=C2COc3cc(C(F)(F)F)c(NC4CNC4)cc3N21,0.0,train,../data/images/hERG/1514.png
1515.0,O=C(OCC1CCN(Cc2ccc(-c3ccccc3-c3nnn[nH]3)cc2)CC1)c1c2n(c3ccccc13)CCCO2,0.0,train,../data/images/hERG/1515.png
1516.0,CS(=O)(=O)Cc1cc(N2CCOCC2)nc(NC(=O)c2ccno2)n1,0.0,train,../data/images/hERG/1516.png
1517.0,NC(=O)Nc1sc(-c2ccccc2)cc1C(=O)N[C@H]1CCCNC1,0.0,train,../data/images/hERG/1517.png
1518.0,O=C1COc2cc(Cl)c(CNC34CCC(C[C@]5(O)Cn6c(=O)ccc7ncc(F)c5c76)(CC3)OC4)nc2N1,0.0,train,../data/images/hERG/1518.png
1519.0,CCCC[C@@H]1C[C@H](N(C)C(C)C)CC[C@@H]1NC(=O)CNC(=O)c1cccc(C(F)(F)F)c1,1.0,train,../data/images/hERG/1519.png
1520.0,c1ccc([C@@H]2Sc3ccccc3O[C@@H]2c2ccc(OCCCN3CCCC3)cc2)cc1,1.0,train,../data/images/hERG/1520.png
1521.0,CCCCCCCN(CC)CCCCc1ccccc1,1.0,train,../data/images/hERG/1521.png
1522.0,NC1(C(=O)NC(CCO)c2ccc(Cl)cc2)CCN(c2ncnc3[nH]ccc23)CC1,0.0,train,../data/images/hERG/1522.png
1523.0,COc1nccnc1CC1=C(CCN(C)C)Cc2cc(Cl)ccc21,1.0,train,../data/images/hERG/1523.png
1524.0,CCc1nc2cc3c(c(Br)c2o1)CCN(C(C)CCSc1nnc(-c2cccc4nc(C)ccc24)n1C)CC3,1.0,train,../data/images/hERG/1524.png
1525.0,O=C(O)C[C@@H]1COc2cc3c(cc21)OC[C@@H](c1cccc(Br)c1)O3,0.0,train,../data/images/hERG/1525.png
1526.0,CC(C)c1cccc(N2CCN(CCN3Cc4ccccc4C3)C2=O)c1,1.0,train,../data/images/hERG/1526.png
1527.0,CC1(C)C[C@@H](NC(=O)c2n[nH]c3ccccc23)c2cc(-c3ccc(Cl)cc3)c(-c3ccc(Cl)cc3Cl)nc2O1,1.0,train,../data/images/hERG/1527.png
1528.0,CC(C)CN(CCc1ccc(Cl)c(Cl)c1)C[C@H](O)COc1ccc(NS(C)(=O)=O)cc1,1.0,train,../data/images/hERG/1528.png
1529.0,Cc1c[nH]c2c(Nc3nc(N[C@@H]4CCCC[C@@H]4N)cc4cc[nH]c(=O)c34)cccc12,1.0,train,../data/images/hERG/1529.png
1530.0,CCN(C(=O)Cc1ccc(S(C)(=O)=O)cc1)C1CCN(CC[C@@H](c2cccc(OC)c2)C2CCN(S(C)(=O)=O)CC2)CC1,0.0,train,../data/images/hERG/1530.png
1531.0,CN1CCCC1COc1ccc(-n2ccc(OCc3ccccc3)cc2=O)cc1,1.0,train,../data/images/hERG/1531.png
1532.0,NC(=O)c1ncc(N[C@@H]2CCCC[C@@H]2N)cc1Nc1cccc(C(F)(F)F)n1,1.0,train,../data/images/hERG/1532.png
1533.0,CN(C)C(=O)c1ccc(C(=C2CCN(Cc3cscn3)CC2)c2ccccn2)cc1,0.0,train,../data/images/hERG/1533.png
1534.0,N#Cc1c(-c2ccccc2)cc(-c2ccccc2)nc1/N=c1\sc(C(=O)Nc2ccccc2)nn1-c1ccccc1,1.0,train,../data/images/hERG/1534.png
1535.0,COc1ccnc(-c2nnc3n2C[C@H](C)N(C(=O)c2cccc(Cl)c2Cl)C3)c1,0.0,train,../data/images/hERG/1535.png
1536.0,O=C1OCc2cc(CCN3CCN(CCc4ccc5nonc5c4)CC3)ccc21,1.0,train,../data/images/hERG/1536.png
1537.0,COc1ccc(Oc2ccc(S(=O)(=O)C3(C(=O)NO)CCC4(CCNCC4)C3)cc2)cc1,0.0,train,../data/images/hERG/1537.png
1538.0,CCN(CC)CCN1CCN(c2cccc(Cl)c2)C1=O,1.0,train,../data/images/hERG/1538.png
1539.0,Cc1nc(-c2ccc(F)c(F)c2)nc(OCCCN2CCCCC2)c1Cl,1.0,train,../data/images/hERG/1539.png
1540.0,Cc1ccc(C(=O)NC2CC2)cc1-c1cc2cnn(-c3c(F)cccc3F)c2n(C)c1=O,0.0,train,../data/images/hERG/1540.png
1541.0,CCC(C)(C)Cc1c[nH]c(CCc2ccc(-c3ccccn3)cc2)n1,1.0,train,../data/images/hERG/1541.png
1542.0,O=C(NC1CC1c1ccccc1)N1CCC(c2ncon2)CC1,0.0,train,../data/images/hERG/1542.png
1543.0,CN(C)c1ccc(/C=C/c2c(F)cccc2F)nc1,0.0,train,../data/images/hERG/1543.png
1544.0,CN1C[C@@H](N(Cc2ccccc2F)c2ccc(C#N)c(Cl)c2)CC1=O,1.0,train,../data/images/hERG/1544.png
1545.0,CN(C(=O)N1CC(c2cc(F)ccc2F)=C[C@@]1(CO)c1ccccc1)C1CCN(CCF)CC1,0.0,train,../data/images/hERG/1545.png
1546.0,COc1cc(-c2cn(Cc3cccc(C(F)(F)F)c3)nn2)ccc1-n1cnc(C)c1,1.0,train,../data/images/hERG/1546.png
1547.0,C[C@@H]1CN(c2nnc(C(F)(F)F)o2)CCN1c1ncc(OCc2ccc(OS(C)(=O)=O)cc2F)cn1,0.0,train,../data/images/hERG/1547.png
1548.0,CC(C)S(=O)(=O)N[C@H]1CN(C)C[C@@H]1c1ccc(-c2cccc(NS(C)(=O)=O)c2)cc1,0.0,train,../data/images/hERG/1548.png
1549.0,CN1CCC(COCc2cc(C(F)(F)F)cc(Cl)n2)(c2ccc(Cl)cc2)CC1,0.0,train,../data/images/hERG/1549.png
1550.0,N#CC1(c2ccccc2)CCN(Cc2cc(C(=O)N[C@H]3CCCC[C@@H]3O)c(=O)n3ccccc23)CC1,1.0,train,../data/images/hERG/1550.png
1551.0,COc1cnccc1[C@H]1CC[C@H](N2CC(NC(=O)CNC(=O)c3cccc(C(F)(F)F)c3)C2)CC1,1.0,train,../data/images/hERG/1551.png
1552.0,Cc1nc2ccc(Cl)cc2c(=O)n1-c1ccc(OC2CCN(C3CCC3)CC2)cc1,1.0,train,../data/images/hERG/1552.png
1553.0,O=C1NC(=O)/C(=C\c2ccccc2OCc2nnc(OCc3c(Cl)cccc3Cl)o2)S1,0.0,train,../data/images/hERG/1553.png
1554.0,Cc1ncoc1-c1nnc(SCCCN2CCC3(CCCc4ccc(Br)cc43)C2)n1C,1.0,train,../data/images/hERG/1554.png
1555.0,O=C(NCc1ccc(Br)cc1)C1c2ccccc2C(=O)N1CCc1ccccn1,1.0,train,../data/images/hERG/1555.png
1556.0,CC(C)c1cc(C#N)cc2nc(-c3ccc(C(=O)NC[C@H]4CC[C@H](c5ccc(C(F)(F)F)cc5)CC4)cc3)oc12,0.0,train,../data/images/hERG/1556.png
1557.0,O=c1ccc2ncc(F)c3c2n1C[C@@]3(O)CC12CCC(NCc3c(Cl)cc4c(c3Cl)OCCO4)(CC1)CO2,0.0,train,../data/images/hERG/1557.png
1558.0,O=c1[nH]c2ccccc2n1C1CCN(C2CCOCC2)CC1,0.0,train,../data/images/hERG/1558.png
1559.0,COc1ccc(-c2nnc(SCCCN3CCc4ccc(-c5cc(C)on5)cc4CC3)n2C)cc1,1.0,train,../data/images/hERG/1559.png
1560.0,CN(C)C(=O)N1CC(c2cc(F)ccc2F)=C[C@@]1(CCCN)c1ccccc1,1.0,train,../data/images/hERG/1560.png
1561.0,CC(C(O)c1ccc(O)cc1)N1CCC(Cc2ccccc2)CC1,1.0,train,../data/images/hERG/1561.png
1562.0,COc1ccccc1Oc1ccccc1CN1CCC2(CC1)CCN(C(=O)c1cccc[n+]1[O-])CC2,1.0,train,../data/images/hERG/1562.png
1563.0,Cc1cccc(N2CCN(CCN(C)C[C@]34CC[C@H](CC3)C4(C)C)C2=O)c1,1.0,train,../data/images/hERG/1563.png
1564.0,O=C(c1ccc(Cl)cc1)N1CCN(c2ccc(OC3CCN(C4CCC4)CC3)cc2)C(=O)C1,0.0,train,../data/images/hERG/1564.png
1565.0,COc1ccc2cc3[n+](cc2c1OC)CCc1cc2c(cc1-3)OCO2,0.0,train,../data/images/hERG/1565.png
1566.0,COc1ccc2c(ccc(=O)n2CCN2CCC(NCc3cnc(C)c(C#N)c3)CC2)n1,1.0,train,../data/images/hERG/1566.png
1567.0,CCO[C@H]1CN([C@H]2CC[C@@](O)(c3ccccc3)CC2)C[C@@H]1NC(=O)CNC(=O)c1cccc(C(F)(F)F)c1,0.0,train,../data/images/hERG/1567.png
1568.0,N#Cc1c(-c2ccccc2)cc(-c2ccccc2)nc1/N=C1\S/C(=C2\SC(C(=O)Nc3ccccc3)=NN2c2ccccc2)C(=O)N1c1ccccc1,1.0,train,../data/images/hERG/1568.png
1569.0,O=C(Nc1ccc(-c2nnc(NCCCN3CCCCC3)o2)cc1)C1CCCC1,0.0,train,../data/images/hERG/1569.png
1570.0,Oc1ccc(-c2ccc3[nH]nc(-c4cncc(O[C@H]5CNCCC56CC6)n4)c3c2)c(F)c1,1.0,train,../data/images/hERG/1570.png
1571.0,CN1CCC[C@@H]1Cn1nc(Cc2ccc(Cl)cc2)c2ccccc2c1=O,1.0,train,../data/images/hERG/1571.png
1572.0,CC(C(O)c1ccc2c(c1)CCC(=O)N2)N1CCC(O)(c2ccc(Cl)cc2)CC1,1.0,train,../data/images/hERG/1572.png
1573.0,O=C(CNC(=O)c1cccc(C(F)(F)F)c1)NC1CN([C@H]2CC[C@H](c3ccccc3)CC2)C1,1.0,train,../data/images/hERG/1573.png
1574.0,CCN[C@H]1CCC[C@@H](c2c[nH]c3ccc(NC(=N)c4cccs4)cc23)C1,0.0,train,../data/images/hERG/1574.png
1575.0,Nc1nc2c(s1)CC[C@H]2C(=O)Nc1ccc(C[C@@H]2CC[C@H]([C@H](O)c3ccc(F)cc3)N2)cc1,1.0,train,../data/images/hERG/1575.png
1576.0,Cc1c2c(n3c1CCCN1CCOC[C@@H]1CNc1cc-3ccc1C(N)=O)CC(C)(C)CC2=O,0.0,train,../data/images/hERG/1576.png
1577.0,CC(C)Oc1cc([C@@](Cc2ccccc2)(NC[C@H](O)CC(F)(F)F)c2cc(F)cc(OC(F)(F)C(F)F)c2)ccc1F,0.0,train,../data/images/hERG/1577.png
1578.0,O=C(c1cccc(Cl)c1Cl)N(C1CCCC1)[C@H]1CCNC1,0.0,train,../data/images/hERG/1578.png
1579.0,CSc1cc(CCN2CCN(CCc3ccc4c(c3)COC4=O)CC2)ccc1C#N,1.0,train,../data/images/hERG/1579.png
1580.0,CCC(C)(C)c1ccc(S(=O)(=O)Nc2ccc([C@]34CNC[C@H]3C4)cc2)cc1,1.0,train,../data/images/hERG/1580.png
1581.0,CN1CCCCC1COc1ccc(-n2ccc(OCc3ccccc3)cc2=O)cc1,1.0,train,../data/images/hERG/1581.png
1582.0,Nc1nc2cc3c(cc2s1)CCN(Cc1ccccn1)CC3,0.0,train,../data/images/hERG/1582.png
1583.0,Clc1cccc(OC(c2cccnc2)C2CCNCC2)c1Cl,1.0,train,../data/images/hERG/1583.png
1584.0,COc1ccc2ncc(F)c(CCC34CCC(NCc5ccc6c(n5)NC(=O)C(C)(C)O6)(CC3)CO4)c2n1,1.0,train,../data/images/hERG/1584.png
1585.0,C[S+]([O-])Cc1ccc(C(=O)Nc2cccnc2C(=O)NCC2CCOCC2)c2ccccc12,0.0,train,../data/images/hERG/1585.png
1586.0,Cc1nc([C@@]2(c3cnn(C)c3)N[C@@H](c3nc(-c4ccccn4)c[nH]3)Cc3c2[nH]c2ccccc32)no1,1.0,train,../data/images/hERG/1586.png
1587.0,O=C(c1ccc(CN2CCOCC2)cc1)N1CCN(C2CCC2)CC1,0.0,train,../data/images/hERG/1587.png
1588.0,Cc1nc2cc(F)ccc2n1[C@H]1CC[C@@H](NC[C@H]2Cc3ccc(C#N)cc3C2)CC1,1.0,train,../data/images/hERG/1588.png
1589.0,O/N=C(/c1ccc(CN2CCC3(CC2)OCc2cc(F)ncc23)cc1)c1ccc(F)c(F)c1,1.0,train,../data/images/hERG/1589.png
1590.0,O=C(c1ccc(F)cc1)N1CCN(c2ccc(OCCCN3CCCC3)cc2)C(=O)C1,1.0,train,../data/images/hERG/1590.png
1591.0,Fc1cc(-c2cc3sc(N4CCC(N5CCCCC5)CC4)nc3cn2)ccn1,1.0,train,../data/images/hERG/1591.png
1592.0,COCC[C@@H]1C[C@H](N(C)C(C)C)CC[C@@H]1NC(=O)CNC(=O)c1cccc(C(F)(F)F)c1,0.0,train,../data/images/hERG/1592.png
1593.0,COc1cc(N2CCN(C(=O)[C@@H](C)N)CC2)ccc1Nc1ncc(Cl)c(-c2cnc3ccccn23)n1,0.0,train,../data/images/hERG/1593.png
1594.0,CN1CCN(Cc2ccc3c(c2)Cc2c(-c4csc(C#CCCc5ccccc5)c4)n[nH]c2-3)CC1,1.0,train,../data/images/hERG/1594.png
1595.0,c1ccc(-c2c[nH]c([C@H]3Cc4c([nH]c5ccccc45)C(C4CCSCC4)N3)n2)cc1,1.0,train,../data/images/hERG/1595.png
1596.0,Cc1cccc(Nc2nc(N3CCNCC3)nc3c(C)nn(CCOCC(F)(F)F)c23)n1,1.0,train,../data/images/hERG/1596.png
1597.0,NS(=O)(=O)c1ccc(OCCCN2CCCCC2)cc1,0.0,train,../data/images/hERG/1597.png
1598.0,Cc1ncc(-c2nc(Nc3ccc(C(N)=O)c(F)c3)ncc2F)n1C(C)C,0.0,train,../data/images/hERG/1598.png
1599.0,NC(=O)c1cnc(N2CCC[C@H](N)C2)nc1Nc1cccc(C(F)(F)F)c1,1.0,train,../data/images/hERG/1599.png
1600.0,CC(N1CCOCC1)C(O)(c1cccnc1)c1cccnc1,0.0,train,../data/images/hERG/1600.png
1601.0,CCN(C(=O)Cc1ccc(S(C)(=O)=O)cc1)C1CCN(Cc2ccc(C(F)(F)F)cc2)CC1,1.0,train,../data/images/hERG/1601.png
1602.0,Cc1nc2cnccc2c(=O)n1-c1ccc(OC2CCN(C3CCC3)CC2)cc1,0.0,train,../data/images/hERG/1602.png
1603.0,COc1ccc([C@@H](O)C[C@H]2c3cc(OC)c(OC)cc3CCN2C)cc1,1.0,train,../data/images/hERG/1603.png
1604.0,CS(=O)(=O)c1ccc2c(c1)nc1n2C[C@H](N)[C@@H](c2cc(F)c(F)cc2F)C1,0.0,train,../data/images/hERG/1604.png
1605.0,CN(CCO)C(=O)N1CC(c2cc(F)ccc2F)=C[C@H]1c1cccc(O)c1,0.0,train,../data/images/hERG/1605.png
1606.0,CCOC[C@H](Oc1ncnc2c1cnn2-c1ccccc1Cl)C(=O)Nc1cnc(C)cn1,0.0,train,../data/images/hERG/1606.png
1607.0,CC(C)(Cc1ccc2ccccc2c1)NC[C@@H](O)COc1ccccc1C#N,1.0,train,../data/images/hERG/1607.png
1608.0,COCCn1cc(-c2c(C)nc3c(N4CCOCC4)nccn23)cn1,0.0,train,../data/images/hERG/1608.png
1609.0,CC(C)CC[C@@H]1C[C@H](N(C)C(C)C)CC[C@@H]1NC(=O)CNC(=O)c1cccc(C(F)(F)F)c1,1.0,train,../data/images/hERG/1609.png
1610.0,Cc1nc2ccccc2n1[C@H]1C[C@H]2CC[C@@H](C1)N2CCC1(c2ccccc2)CCN(C(=O)C(C)(C)C)CC1,1.0,train,../data/images/hERG/1610.png
1611.0,CCCc1nc(Nc2cc(NCCN)nnc2C(N)=O)ccc1OC,1.0,train,../data/images/hERG/1611.png
1612.0,CC(C)[C@]1(C(=O)NCc2cc(C(F)(F)F)cc(C(F)(F)F)c2)CC[C@@H](N2CCC(c3cccc(C(=O)O)c3)CC2)C1,1.0,train,../data/images/hERG/1612.png
1613.0,COCC(=O)NC1CCN(c2nc(C)c3cc(NC(=O)/C=C/c4ccc(Cl)cc4)ccc3n2)CC1,1.0,train,../data/images/hERG/1613.png
1614.0,CCNC(=O)Nc1ccc(-c2nc3c(c(N4CCOC[C@@H]4C)n2)CCN(C(C)C)C3)cc1,1.0,train,../data/images/hERG/1614.png
1615.0,OC(CNCC(O)C1CCc2cc(F)ccc2O1)C1CCc2cc(F)ccc2O1,1.0,train,../data/images/hERG/1615.png
1616.0,O=C(NCCN1CCCC1)c1ccc(CN2CCC(NC(=O)c3cc(=O)c4ccc(F)cc4o3)CC2)c(Cl)c1,0.0,train,../data/images/hERG/1616.png
1617.0,CNCc1cc(C)c(C)cc1Oc1ccc(Cl)c(Cl)c1,1.0,train,../data/images/hERG/1617.png
1618.0,Cc1cnc(-c2c(F)ccc(F)c2CCNC(=O)c2ccc(COCC(F)(F)F)nc2)cn1,0.0,train,../data/images/hERG/1618.png
1619.0,O=C(N[C@@H]1CCCc2c1[nH]c1ccc(Cl)cc21)c1ccccn1,0.0,train,../data/images/hERG/1619.png
1620.0,COc1cc(-c2cn(Cc3cccc(F)c3)nn2)ccc1-n1cnc(C)c1,1.0,train,../data/images/hERG/1620.png
1621.0,COCCN1CC=CC[C@H](c2ccc(Cl)c(Cl)c2)C1,1.0,train,../data/images/hERG/1621.png
1622.0,N#Cc1ccc(N2N=C(c3ccc4[nH]c(=O)oc4c3)CC2c2ccc(C(=O)O)cc2)cc1,0.0,train,../data/images/hERG/1622.png
1623.0,CCOc1cc2ncc(C(N)=O)c(Nc3ccc(C)cc3F)c2cc1N1CCN(C)CC1,0.0,train,../data/images/hERG/1623.png
1624.0,CC(C)CO/N=C/COc1ccc(CN2CCC(NC(=O)c3cc(=O)c4ccc(F)cc4o3)CC2)cc1F,1.0,train,../data/images/hERG/1624.png
1625.0,Cc1cc(C2(c3cccc(-c4cncnc4)c3)N=C(N)c3c(F)cccc32)cc(C)n1,1.0,train,../data/images/hERG/1625.png
1626.0,CC(C)(C)c1[nH]c2ccccc2c1C1CCCN(Cc2ccc(/C=C/C(=O)NO)cc2F)C1,0.0,train,../data/images/hERG/1626.png
1627.0,Fc1cccc(-c2c[nH]c([C@H]3Cc4c([nH]c5ccccc45)[C@@H](C4CCOCC4)N3)n2)c1,1.0,train,../data/images/hERG/1627.png
1628.0,CCNc1cc(C(F)(F)F)cc(COCC2(c3ccc(F)cc3)CCN(C)CC2)n1,0.0,train,../data/images/hERG/1628.png
1629.0,Nc1nc(NC2CCNCC2)c2sc(-c3ccc(C(F)(F)F)cc3)cc2n1,1.0,train,../data/images/hERG/1629.png
1630.0,c1cc2nonc2cc1CCN1CCN(CCc2ccc3nonc3c2)CC1,1.0,train,../data/images/hERG/1630.png
1631.0,CN(C)Cc1cc(OCCCN2CCCCC2)ccc1Nc1ncnc2ccccc12,0.0,train,../data/images/hERG/1631.png
1632.0,CNC(=O)c1ccc(-c2cc(Cl)cc(Cl)c2Cl)c(N)n1,0.0,train,../data/images/hERG/1632.png
1633.0,COc1cc2ncnc(Nc3cccc(Cl)c3F)c2cc1CN1CCOCC1,0.0,train,../data/images/hERG/1633.png
1634.0,O=P(c1ccccc1)(c1ccccc1)N(Cc1ccccn1)Cc1ccccn1,0.0,train,../data/images/hERG/1634.png
1635.0,CC(=O)N1CCN(Cc2ccc3c(c2)CC[C@H](N2CCN(CCc4ccc(F)cc4)CC2=O)C3)CC1,0.0,train,../data/images/hERG/1635.png
1636.0,CCc1nn(C2CCN(C(C)=O)CC2)cc1Nc1ncc(Cl)c(-c2cnn3ccccc23)n1,1.0,train,../data/images/hERG/1636.png
1637.0,CCc1ccc2oc(N3CCN4CCC3CC4)nc2n1,0.0,train,../data/images/hERG/1637.png
1638.0,C[C@@H]1COCCN1c1cc(C2(S(C)(=O)=O)CC2)nc(-c2cccc3[nH]ccc23)n1,0.0,train,../data/images/hERG/1638.png
1639.0,OCC[C@]1(c2ccc(Cl)c(Cl)c2)CCCNC1,0.0,train,../data/images/hERG/1639.png
1640.0,NC(=O)c1cccc(C[C@H]2C[C@H]3CC[C@@H](C2)N3Cc2ccccc2)c1,1.0,train,../data/images/hERG/1640.png
1641.0,O=C(c1ccccc1C(F)(F)F)N(CC1CC1)[C@H]1CCNC1,0.0,train,../data/images/hERG/1641.png
1642.0,CC(C)N(CCc1c(-c2ccccc2)nn2ccccc12)Cc1ccc(/C=C/C(=O)NO)cc1,1.0,train,../data/images/hERG/1642.png
1643.0,CNCc1ccc(Cl)cc1Oc1ccc(Cl)c(F)c1,1.0,train,../data/images/hERG/1643.png
1644.0,Cc1ccc(-c2nc(C)c(Cl)c(OCCCN3CCCCC3)n2)cc1,1.0,train,../data/images/hERG/1644.png
1645.0,C[C@@H]1CCCN1CCc1ccc2nc(C3CC3)ccc2c1,0.0,train,../data/images/hERG/1645.png
1646.0,COc1ccc(-c2nnc(C(=O)N3CC(Oc4ccc(CN5CCCOCC5)cc4)C3)o2)cc1,0.0,train,../data/images/hERG/1646.png
1647.0,CC(C)[C@]1(C(=O)NCc2cc(C(F)(F)F)cc(C(F)(F)F)c2)CC[C@@H](N2CCC(c3ccc(F)cc3)CC2)C1,1.0,train,../data/images/hERG/1647.png
1648.0,Cc1ccc(OC(=O)N(CC(=O)O)Cc2cccc(OCc3oc(-c4ccc(Cl)cc4)nc3C)c2)cc1,0.0,train,../data/images/hERG/1648.png
1649.0,NCCCOc1ccc2ncc(F)c(CCC34CCC(NCc5ccc6c(n5)NC(=O)CO6)(CC3)CO4)c2n1,1.0,train,../data/images/hERG/1649.png
1650.0,O=C(O)CC1CCC(c2ccc(-c3nc4cc(NC(=O)c5nc(-c6ccccc6)oc5C(F)(F)F)ccc4[nH]3)cc2)CC1,0.0,train,../data/images/hERG/1650.png
1651.0,O=c1cc(OCc2ccc(Cl)cc2)ccn1-c1ccc(OCCN2CCCC2)cc1,1.0,train,../data/images/hERG/1651.png
1652.0,CCOC(=O)C(F)(F)CCOc1ccc2ncc(F)c(CCC34CCC(NCc5ccc6c(n5)NC(=O)CO6)(CC3)CO4)c2n1,0.0,train,../data/images/hERG/1652.png
1653.0,CC(=O)Nc1cc(Nc2cc(NC3COC3)n3ncc(C#N)c3n2)c(F)cc1C1CC1,0.0,train,../data/images/hERG/1653.png
1654.0,Cc1ccc2c(-c3nnc(SCCCN4CCc5cc6nc(C(F)(F)F)oc6cc5CC4)n3C)cccc2n1,1.0,train,../data/images/hERG/1654.png
1655.0,C[C@@H]1CCC[C@H](C)N1CCNc1cn(Cc2ccc(F)cc2)nn1,1.0,train,../data/images/hERG/1655.png
1656.0,O=C1COc2ccc(CNC34CCC(CCc5c(F)cnc6cc(C(F)(F)F)cnc56)(CC3)OC4)nc2N1,1.0,train,../data/images/hERG/1656.png
1657.0,CCN(C(=O)Cc1ccc(S(C)(=O)=O)cc1)C1CCN(CC[C@@H](c2cc(F)cc(F)c2)C2CCN(S(C)(=O)=O)CC2)CC1,0.0,train,../data/images/hERG/1657.png
1658.0,O=C(O[C@@H]1C[C@@H]2C[C@H]3C[C@H](C1)N2CC3=O)c1c[nH]c2ccccc12,0.0,train,../data/images/hERG/1658.png
1659.0,C[C@@H](O)CN(C)C1CCN(c2ccc(Nc3ncc4c5ccncc5n([C@H]5CC[C@H](C)CC5)c4n3)nn2)CC1,1.0,train,../data/images/hERG/1659.png
1660.0,CCCOC(c1ccc2ccccc2c1)C1CNC1,1.0,train,../data/images/hERG/1660.png
1661.0,CC(=O)N1CCC(c2[nH]nc(-c3ccc(F)cc3)c2-c2ccncc2)CC1,1.0,train,../data/images/hERG/1661.png
1662.0,CC[C@H]1OC(=O)[C@H](C)[C@@H](O[C@H]2C[C@@](C)(OC)C[C@H](C)O2)[C@H](C)[C@@H](O[C@@H]2O[C@H](C)C[C@H](N(C)C(C)C)[C@H]2O)[C@](C)(O)C[C@@H](C)[C@H](OCC(=O)NC)[C@H](C)[C@@H](O)[C@]1(C)O,0.0,train,../data/images/hERG/1662.png
1663.0,O=C([C@@H]1C[C@H]1c1ccc(C(F)(F)F)cc1)N1CCN(S(=O)(=O)c2cc(-c3ccn[nH]3)cc(C(F)(F)F)c2)CC1,1.0,train,../data/images/hERG/1663.png
1664.0,Cc1cccc(C(CC[C@H](N)C(=O)O)(c2ccccc2)c2ccccc2)c1,0.0,train,../data/images/hERG/1664.png
1665.0,O=C(NC1CCN(Cc2ccc3sccc3c2)CC1)c1cc(=O)c2ccc(F)cc2o1,1.0,train,../data/images/hERG/1665.png
1666.0,Cc1cc2c(s1)Nc1ccccc1N=C2N1CCN(C)CC1,1.0,train,../data/images/hERG/1666.png
1667.0,O=C(Nc1ccc(-c2nnc(NCCCN3CCCOCC3)o2)cc1)c1ccccc1F,0.0,train,../data/images/hERG/1667.png
1668.0,CN(O)C(=O)c1cc2c(CN3CCC[C@H]3C(N)=O)cn(Cc3ccc(F)cc3)c2cn1,0.0,train,../data/images/hERG/1668.png
1669.0,Cc1ccc2c(-c3nnc(SCCCN4CCc5cc6nc(C(C)C)oc6cc5CC4)n3C)cccc2n1,1.0,train,../data/images/hERG/1669.png
1670.0,Cn1c(SCCCN2CC3CCN(c4cccc(OC(F)(F)F)c4)C3C2)nnc1-c1cnccn1,1.0,train,../data/images/hERG/1670.png
1671.0,CN1CCC(S(=O)(=O)c2c(Cl)ccc(NC(=O)Nc3cccc(Cl)c3Cl)c2O)CC1,0.0,train,../data/images/hERG/1671.png
1672.0,O=c1cc(OCc2ccccc2)ccn1-c1ccc2c(cnn2CC2C[C@@H](O)CN2)c1,0.0,train,../data/images/hERG/1672.png
1673.0,COc1ccc([C@H]2CC[C@@H](N3CC(NC(=O)CNc4n[nH]c5ccc(C(F)(F)F)cc45)C3)CC2)cn1,1.0,train,../data/images/hERG/1673.png
1674.0,Cc1csc(C(=O)N[C@H]2CC[C@@H](NC(=O)c3cc(F)cnc3Oc3cccc(-c4ccc(CN5C[C@@H](C)N[C@@H](C)C5)cc4CN4CCOCC4)c3)CC2)n1,0.0,train,../data/images/hERG/1674.png
1675.0,Cc1c(CNC2CCCC2)nn(-c2ncccc2Cl)c1-c1ccc(Cl)nc1,1.0,train,../data/images/hERG/1675.png
1676.0,C[C@@H]1CN(c2nnc(C(F)(F)F)o2)CCN1c1ncc(OCc2ccc(CS(C)(=O)=O)cc2F)cn1,0.0,train,../data/images/hERG/1676.png
1677.0,O=C(NC1CCN(Cc2ccc3ccc(=O)[nH]c3c2)CC1)c1cc(=O)c2ccc(F)cc2o1,0.0,train,../data/images/hERG/1677.png
1678.0,C[n+]1c(C#Cc2ccccc2)cccc1C#Cc1ccccc1,1.0,train,../data/images/hERG/1678.png
1679.0,COc1ccc2ncc(F)c(CC(=O)C34CCC(NCc5ccc6c(n5)NC(=O)CO6)(CC3)CO4)c2n1,1.0,train,../data/images/hERG/1679.png
1680.0,Cc1ccc2c(-c3nnc(SCCCN4CCc5ccc(-c6cc(C)on6)cc5CC4)n3C)cccc2n1,0.0,train,../data/images/hERG/1680.png
1681.0,O=C(NOCCO)c1ccn2cncc2c1Nc1ccc(I)cc1F,1.0,train,../data/images/hERG/1681.png
1682.0,O=C(NCCCNc1nc2ccccc2[nH]1)c1ccnc(C(F)(F)F)c1,0.0,train,../data/images/hERG/1682.png
1683.0,COc1cccc(-c2cccc(C3(C)CCSC(N)=N3)c2)c1,1.0,train,../data/images/hERG/1683.png
1684.0,CS(=O)(=O)c1ccc(OCC2CC2)c(C(=O)N2CCN(c3ccc(C#N)cc3F)CC2)c1,1.0,train,../data/images/hERG/1684.png
1685.0,Cc1cc(C(=O)O)ccc1-c1ccc(N2C(=O)N(c3ncccn3)C3(CCN(Cc4ncccc4C)CC3)C2=O)cc1,0.0,train,../data/images/hERG/1685.png
1686.0,O=c1ccc2ncc(F)c3c2n1C[C@@]3(O)CC12CCC(NCc3ccc4c(c3)OCO4)(CC1)CO2,0.0,train,../data/images/hERG/1686.png
1687.0,COc1ccncc1-c1[nH]c2ccccc2c1CCNCc1ccc(/C=C/C(=O)NO)cc1,1.0,train,../data/images/hERG/1687.png
1688.0,CC(C(=O)O)c1ccc(CN2CCC(COC(=O)c3c4n(c5ccccc35)CCCO4)CC2)cc1,0.0,train,../data/images/hERG/1688.png
1689.0,C[C@@H]1C(=O)NN=C2COc3cc(C(F)(F)F)c(NC4(C)CNC4)cc3N21,0.0,train,../data/images/hERG/1689.png
1690.0,Cn1c(SCCCN2CC3CCN(c4c(F)cc(F)cc4F)C3C2)nnc1-c1cnccn1,1.0,train,../data/images/hERG/1690.png
1691.0,N#C[C@H]1CC[C@H](N2C(=O)c3ccccc3C2C(=O)NCc2ccc(OC(F)(F)F)cc2)CC1,0.0,train,../data/images/hERG/1691.png
1692.0,CN(C)C(=O)N[C@H]1CC[C@@H](CCN2[C@@H]3CC[C@H]2C[C@@H](Oc2cccc(C(N)=O)c2)C3)CC1,0.0,train,../data/images/hERG/1692.png
1693.0,CC(C)Oc1ccc(-c2nc(-c3cccc4c3OCCN(C(CO)CO)C4)no2)cc1C#N,1.0,train,../data/images/hERG/1693.png
1694.0,Cc1ccc(-n2c(-c3ncccc3Cl)nc(CN[C@H]3CC[C@@H](F)C3)c2C)cn1,0.0,train,../data/images/hERG/1694.png
1695.0,CC(C)Oc1ccc(-c2nc(-c3ccc4c(c3)CCN(C(CO)CO)C4)no2)cc1C#N,0.0,train,../data/images/hERG/1695.png
1696.0,C=CC(=O)Nc1cc(Nc2nccc(-c3cn(C)c4ccccc34)n2)c(OC)cc1N(C)CCNC,0.0,train,../data/images/hERG/1696.png
1697.0,COc1cccc2c1O[C@H](c1ccc(OCCCN3CCCC3)cc1)[C@@H](C)S2(=O)=O,1.0,train,../data/images/hERG/1697.png
1698.0,CNS(=O)(=O)c1ccc(-c2cnc(N)c(-c3ccc(C(F)(F)F)nc3)n2)cc1,0.0,train,../data/images/hERG/1698.png
1699.0,Fc1ccc(Cn2c(NC3CCNCC3)nc3ccccc32)cc1,1.0,train,../data/images/hERG/1699.png
1700.0,COc1cc(-c2cn(CC(=O)N(CC(F)(F)F)c3ccc4c(c3)OC(F)(F)O4)nn2)ccc1-n1cnc(C)c1,1.0,train,../data/images/hERG/1700.png
1701.0,COc1cc(-c2cn(Cc3ccc(-c4nc5ccccc5o4)cc3)nn2)ccc1-n1cnc(C)c1,0.0,train,../data/images/hERG/1701.png
1702.0,O=c1cc(OCc2cccc(Cl)c2)ccn1-c1ccc(OCCN2CCCC2)cc1,1.0,train,../data/images/hERG/1702.png
1703.0,CN(C)CCOC(c1ccccc1)c1ccccc1,0.0,train,../data/images/hERG/1703.png
1704.0,O=C(/C=C/c1ccc2c(c1)CN(S(=O)(=O)c1ccncc1)C2)NO,0.0,train,../data/images/hERG/1704.png
1705.0,NC(=O)c1cnc(N[C@H](C2CC2)C(F)(F)F)c2c1[nH]c1cc(-c3ccc(N)nc3)ccc12,1.0,train,../data/images/hERG/1705.png
1706.0,COc1cnc2ccc(=O)n(CCN3CCC(c4c[nH]c5cc(C(F)(F)F)ccc45)CC3)c2c1,1.0,train,../data/images/hERG/1706.png
1707.0,O=C(c1ccc(Cl)cc1)N1CCN(c2ccc(OC3CCN(C4CCCC4)CC3)cc2)C(=O)C1,1.0,train,../data/images/hERG/1707.png
1708.0,Cn1c(SCCCN2CC3CCN(c4ccc(C(F)(F)F)cc4)C3C2)nnc1-c1cncnc1,1.0,train,../data/images/hERG/1708.png
1709.0,COc1ccc2ncc(F)c(CC(OCC(=O)O)C34CCC(NCc5ccc6c(n5)NC(=O)CO6)(CC3)CO4)c2n1,1.0,train,../data/images/hERG/1709.png
1710.0,Cc1ccc2c(=O)n(-c3ccc(OCCCN4CCCC4)cc3)c(C)nc2c1,1.0,train,../data/images/hERG/1710.png
1711.0,O=C1OCc2cc(CCN3CCN(CCc4ccc5c(c4)COC5=O)CC3)ccc21,1.0,train,../data/images/hERG/1711.png
1712.0,COC(=O)N[C@H](C(=O)N1C[C@@H](C)C[C@H]1c1ncc(-c2ccc(-c3ccc(-c4cc5[nH]c([C@@H]6C[C@H](C)CN6C(=O)[C@@H](NC(=O)OC)C(C)C)nc5s4)cc3)cc2)[nH]1)C(C)C,0.0,train,../data/images/hERG/1712.png
1713.0,N#Cc1cc(C(O)(c2ccc3c(cnn3-c3ccc(F)cc3)c2)C(F)(F)F)ccc1F,0.0,train,../data/images/hERG/1713.png
1714.0,CC1COc2cnc(CNC34CCC(C[C@]5(O)Cn6c(=O)ccc7ncc(F)c5c76)(CC3)OC4)cc2O1,0.0,train,../data/images/hERG/1714.png
1715.0,Cn1cc(-c2cnc3ccc4ccc(NS(N)(=O)=O)cc4c(=O)c3c2)cn1,1.0,train,../data/images/hERG/1715.png
1716.0,CC1CN(CCc2ccc([N+](=O)[O-])cc2)CCN1CCc1ccc([N+](=O)[O-])cc1,1.0,train,../data/images/hERG/1716.png
1717.0,NC(=O)c1cnc(-c2cnc3c(Nc4ccc(C(F)(F)F)cn4)ccnc3n2)c(C(F)(F)F)c1,1.0,train,../data/images/hERG/1717.png
1718.0,O=C1N(CCN2CCC(C(F)(F)F)CC2)CCN1c1cccc(I)c1,1.0,train,../data/images/hERG/1718.png
1719.0,Cc1cc(N2C(=O)N(c3ccc(-c4ccc(C(=O)O)cc4C)cc3)C(=O)C23CCN(Cc2ncccc2C)CC3)ncn1,0.0,train,../data/images/hERG/1719.png
1720.0,O=C(O)c1ccc(CCCCN2CCC(C(O)(c3ccccc3)c3ccccc3)CC2)cc1,0.0,train,../data/images/hERG/1720.png
1721.0,O=c1cc(OCc2ccccc2)ccn1-c1ccc2c(cnn2CCN2CCNCC2)c1,0.0,train,../data/images/hERG/1721.png
1722.0,O=C1CCc2ccccc2N1OCCN1CCC(n2c(=O)[nH]c3ccccc32)CC1,1.0,train,../data/images/hERG/1722.png
1723.0,COc1cc(N)c(Cl)cc1C(=O)N[C@H]1CCN(CCn2cccc2)C[C@H]1OC,0.0,train,../data/images/hERG/1723.png
1724.0,CCS(=O)(=O)n1c2c(c3cc(C(=O)N4CCC(C)CC4)ccc31)CN(C1CCOC1)CC2,0.0,train,../data/images/hERG/1724.png
1725.0,O=C(NC1CCc2ccccc2C1)N1CCC(c2nc(-c3ccccn3)no2)CC1,1.0,train,../data/images/hERG/1725.png
1726.0,CCCCCCCN(CC)CC#CC(c1ccccc1)c1ccccc1,1.0,train,../data/images/hERG/1726.png
1727.0,COc1ccc(CC(C)(C)NCC(O)COc2ccccc2C#N)cc1,1.0,train,../data/images/hERG/1727.png
1728.0,O=C1CCc2c(Oc3ccc4c(c3)C[C@H](NC(=O)c3cc(CN5CCOCC5CO)cc(C(F)(F)F)c3)CC4)ccnc2N1,0.0,train,../data/images/hERG/1728.png
1729.0,C[C@@H](Oc1nc(-c2cnn(C(F)F)c2)cc2ncsc12)[C@H]1CNC(=O)O1,0.0,train,../data/images/hERG/1729.png
1730.0,O=C(CNCC1(O)CCCC1)N1CCc2ccccc2C1C1CCCCC1,0.0,train,../data/images/hERG/1730.png
1731.0,O=C(c1ccc(C(=O)N2CCN(c3ccc(OCCCN4CCCCC4)cc3)C(=O)C2)cc1)N1CCC1,0.0,train,../data/images/hERG/1731.png
1732.0,O=C(NO)C1(S(=O)(=O)c2ccc(Oc3ccc(OC(F)(F)F)cc3)cc2)CCC2(CCNCC2)C1,0.0,train,../data/images/hERG/1732.png
1733.0,N#CCCN1CCC(CN2CCC(Oc3ccc(CO)c(Cl)c3)CC2)CC1,0.0,train,../data/images/hERG/1733.png
1734.0,CS(=O)(=O)c1ccc(-c2cnc3ccc(-c4cccc(S(C)(=O)=O)c4)cn23)cc1,1.0,train,../data/images/hERG/1734.png
1735.0,CC(=O)C1=NN2c3cc(F)ccc3OC[C@H]2[C@@]1(CCCN1CCOCC1)c1ccccc1,1.0,train,../data/images/hERG/1735.png
1736.0,O=C(NC[C@H]1CC[C@@H](CCOc2ccccc2)CC1)c1cn[nH]c1,0.0,train,../data/images/hERG/1736.png
1737.0,O=C(N1CCCCC1)N1CC(O[C@@H](c2ccc(Cl)cc2)c2cccnc2Cl)C1,0.0,train,../data/images/hERG/1737.png
1738.0,CCN(CCO)C(=O)c1cc2cccnn2c1-c1cccc(C(F)(F)F)c1,0.0,train,../data/images/hERG/1738.png
1739.0,CC(=O)Nc1cccc(C2CCN(Cc3ccc(C(=O)c4nc5ccccc5n4C4CCOCC4)cc3)CC2)c1,1.0,train,../data/images/hERG/1739.png
1740.0,Cc1c(C(=O)NCCCN2CCN(c3cccc(Cl)c3Cl)CC2)cc(-c2ccccn2)n1C,1.0,train,../data/images/hERG/1740.png
1741.0,O=C(Cc1ccc(C(F)(F)F)cc1C(F)(F)F)N[C@@H]1N=C(c2ccccc2)c2ccccc2N(CC(F)(F)F)C1=O,1.0,train,../data/images/hERG/1741.png
1742.0,NC(=O)N1c2ccccc2C=Cc2ccccc21,0.0,train,../data/images/hERG/1742.png
1743.0,OCC[C@]1(c2ccc(Cl)c(Cl)c2)CCCCNC1,0.0,train,../data/images/hERG/1743.png
1744.0,COc1ccc([C@@H](C)N[C@@H]2CC[C@@H](C(=O)N3CCC(c4ccccc4)(N4CCCCC4)CC3)C(C)(C)C2)cc1,1.0,train,../data/images/hERG/1744.png
1745.0,O=c1ccc2ncc(F)c3c2n1C[C@H]3CN1CCC(NCc2cc3c(cn2)OCCO3)CC1,0.0,train,../data/images/hERG/1745.png
1746.0,Cc1ccc2c(-c3nnc(SCCCN4CCc5nc6cc(C(F)(F)F)ccn6c5CC4)n3C)cccc2n1,1.0,train,../data/images/hERG/1746.png
1747.0,CCOc1cc(Nc2nc3c(cc2F)ncn3[C@@H](CO)c2ccc(F)cn2)n[nH]1,0.0,train,../data/images/hERG/1747.png
1748.0,CN(C)CC(c1ccc(O)cc1)C1(O)CCCCC1,0.0,train,../data/images/hERG/1748.png
1749.0,N#Cc1ccc2cc1Oc1ccc3c(c1)[C@@H](CCC3)N1CC[C@@H](NCc3cncn3C2)C1=O,1.0,train,../data/images/hERG/1749.png
1750.0,Cc1nc(C(=O)N[C@@H]2CC(C)(C)Oc3nc(-c4ccc(Cl)cc4Cl)c(-c4ccc(Cl)cc4)cc32)n[nH]1,1.0,train,../data/images/hERG/1750.png
1751.0,CO[C@H]1C[C@@H]2CC[C@@H](C)[C@@](O)(O2)C(=O)C(=O)N2CCCC[C@H]2C(=O)O[C@H]([C@H](C)C[C@@H]2CC[C@@H](OCCO)[C@H](OC)C2)CC(=O)[C@H](C)/C=C(\C)[C@@H](O)[C@@H](OC)C(=O)[C@H](C)C[C@H](C)/C=C/C=C/C=C/1C,0.0,train,../data/images/hERG/1751.png
1752.0,COc1nc2c(CCC34CCC(NCc5ccc6c(n5)NC(=O)CO6)(CC3)CO4)ccnc2cc1Cl,1.0,train,../data/images/hERG/1752.png
1753.0,CCC(=S)N1CCC(CN2CC[C@H](NC(=O)c3cc(Cl)c(N)cc3OC)[C@H](OC)C2)CC1,1.0,train,../data/images/hERG/1753.png
1754.0,COc1cc(-c2cn(C3CCc4ccccc4N(C)C3=O)nn2)ccc1-n1cnc(C)c1,1.0,train,../data/images/hERG/1754.png
1755.0,Cc1cccc(C)c1C(=O)N1CCC(C)(N2CCC(N(c3ccccc3)c3ccccc3)CC2)CC1,1.0,train,../data/images/hERG/1755.png
1756.0,CN1CCN(Cc2ccc3c(c2)Cc2c(-c4csc(C#CCNc5ccccc5)c4)n[nH]c2-3)CC1,1.0,train,../data/images/hERG/1756.png
1757.0,CCOc1ccccc1C(=O)N(CC1CCC1)[C@H]1CCNC1,0.0,train,../data/images/hERG/1757.png
1758.0,O=C(Nc1ccc(C[C@@H]2CC[C@H]([C@H](O)c3cccnc3)N2)cc1)[C@@H]1CCc2scnc21,1.0,train,../data/images/hERG/1758.png
1759.0,O=C1NC(=O)/C(=C\c2ccccc2OCc2nnc(-c3ccccc3)o2)S1,0.0,train,../data/images/hERG/1759.png
1760.0,CC(C)(C)c1cc(NC(=O)c2cnc3cc(Oc4ncnc5c4CNC5)ccn23)no1,1.0,train,../data/images/hERG/1760.png
1761.0,Cc1[nH]c2ccccc2c1CC1CCCCN1Cc1ccc(/C=C/C(=O)NO)cc1,1.0,train,../data/images/hERG/1761.png
1762.0,CSc1ccccc1C(=O)N(CC1CCC1)[C@H]1CCNC1,0.0,train,../data/images/hERG/1762.png
1763.0,Cc1cnc2c(C(=O)NCCO)cn(Cc3ncnc(OC(F)F)c3C)c2c1,0.0,train,../data/images/hERG/1763.png
1764.0,N#Cc1ccc(Cn2cncc2CN(CCN2CCOCC2)[C@H]2CCN(Cc3ccccc3)C2=O)cc1,1.0,train,../data/images/hERG/1764.png
1765.0,CCN(CCCC(=O)NC1CC1)C(=O)c1ccc2c(c1)c1c(n2C)CCC(C2CCOCC2)C1,0.0,train,../data/images/hERG/1765.png
1766.0,O=c1cnc2ccc(F)c3c2n1C[C@@]3(O)CN1CCC(NCc2cc3c(cn2)OCCO3)CC1,0.0,train,../data/images/hERG/1766.png
1767.0,COc1cnc2ccc(=O)n(CCN3CCC(NCc4cnc(OC)c(C#N)c4)CC3)c2c1,0.0,train,../data/images/hERG/1767.png
1768.0,O=C1COc2ccccc2N1CCCN1CCC(n2c(=O)[nH]c3ccccc32)CC1,1.0,train,../data/images/hERG/1768.png
1769.0,CCCc1nc(Nc2cc(N[C@@H]3CCCC[C@@H]3N)nnc2C(N)=O)ccc1OC,1.0,train,../data/images/hERG/1769.png
1770.0,CN(C)C(=O)c1ccc(-c2ccc3c(c2)CCN(CCN2CCCC2)C3=O)c(F)c1,0.0,train,../data/images/hERG/1770.png
1771.0,Cc1nn(C2CCN(CC(=O)N(C)C)CC2)c(C)c1Nc1ncc(Cl)c(-c2cnn3ccccc23)n1,1.0,train,../data/images/hERG/1771.png
1772.0,CN(C)CCCn1nc(-c2cnc3[nH]cc(C(=O)NC(C)(C)C)c3n2)c2cc(OC(F)F)ccc21,1.0,train,../data/images/hERG/1772.png
1773.0,C[C@@H]1CN(c2c(F)c(N)c3c(=O)c(C(=O)O)cn(C4CC4)c3c2F)C[C@H](C)N1,0.0,train,../data/images/hERG/1773.png
1774.0,CC#CCn1c(N2CCCNCC2)c(C#N)c2c1c(=O)n(Cc1ncc3ccccc3c1C#N)c(=O)n2C,0.0,train,../data/images/hERG/1774.png
1775.0,CCn1cc(C2(c3nn(C)c(=O)o3)NC(c3nc(-c4ccc(F)cn4)c[nH]3)Cc3c2[nH]c2ccccc32)cn1,0.0,train,../data/images/hERG/1775.png
1776.0,CC(C)(CNC(=O)N1CCC(c2nc(-c3ccc4ccccc4n3)no2)CC1)N1CCOCC1,0.0,train,../data/images/hERG/1776.png
1777.0,COc1ccccc1CC(c1ccc(F)cc1)N1CCNCC1,0.0,train,../data/images/hERG/1777.png
1778.0,CC1(C)C[C@@H](NC(=O)c2n[nH]c3c2CCC3)c2cc(-c3ccc(Cl)cc3)c(-c3ccc(Cl)cc3Cl)nc2O1,0.0,train,../data/images/hERG/1778.png
1779.0,COc1ccc(CN(C(=O)[C@@H](N)Cc2c(C)cc(C(N)=O)cc2C)[C@@H](C)c2nc(-c3ccccc3)c[nH]2)cc1C(=O)O,0.0,train,../data/images/hERG/1779.png
1780.0,Cn1nc(NCC(=O)NC2CN([C@H]3CC[C@@H](C#N)CC3)C2)c2cc(C(F)(F)F)ccc21,0.0,train,../data/images/hERG/1780.png
1781.0,C[C@@H]1CN(c2nnc(C(F)(F)F)o2)CCN1c1ncc(OCc2ccc(CS(C)(=N)=O)cc2F)cn1,0.0,train,../data/images/hERG/1781.png
1782.0,CC(C)Oc1cc(Nc2nc3c(cc2F)ncn3[C@@H](CO)c2ccc(F)cn2)n[nH]1,0.0,train,../data/images/hERG/1782.png
1783.0,CNc1nn2c3c(cnc2c1S(=O)(=O)c1ccccc1)CN(C)CC3,0.0,train,../data/images/hERG/1783.png
1784.0,CNC(=O)c1cc(Oc2ccc3nc(NC(=O)c4cc(C(F)(F)F)cc(C(F)(F)F)c4)sc3c2)ccn1,0.0,train,../data/images/hERG/1784.png
1785.0,O=C1COc2ccc(CNC34CCC(CCc5c(F)cnc6ccc(OCC7(CO)CC7)nc56)(CC3)OC4)nc2N1,1.0,train,../data/images/hERG/1785.png
1786.0,COc1ccc(C23CC2CN(CCCSc2nnc(-c4cccc5nc(C)ccc45)n2C)C3)cc1,1.0,train,../data/images/hERG/1786.png
1787.0,Cc1ccccc1C(=O)N(CC1CCC1)[C@H]1CCNC1,0.0,train,../data/images/hERG/1787.png
1788.0,Cc1ncoc1-c1nnc(SCCCN2[C@@H]3CC[C@H]2C[C@@H](c2cccc(C(F)(F)F)c2)C3)n1C,1.0,train,../data/images/hERG/1788.png
1789.0,N#Cc1ccc2ncc(C#N)c(CCC34CCC(NCc5ccc6c(n5)NC(=O)CO6)(CC3)CO4)c2n1,1.0,train,../data/images/hERG/1789.png
1790.0,COc1ccc(C23CC2CN(CCCSc2nnc(-c4ocnc4C)n2C)C3)cc1,1.0,train,../data/images/hERG/1790.png
1791.0,O=C1N(CCN2CCCc3sccc3C2)CCN1c1cccc(Cl)c1,1.0,train,../data/images/hERG/1791.png
1792.0,Cc1nc2cccc(F)c2c(=O)n1-c1ccc(OC2CCN(C3CCC3)CC2)cc1,0.0,train,../data/images/hERG/1792.png
1793.0,CN(C(=O)c1ccc(-c2ccc(C(F)(F)F)cc2)cc1)[C@H]1CCN(C(=O)N2CC[C@@H](NCCC(C)(C)c3ccc(Cl)cc3)C2)C1,1.0,train,../data/images/hERG/1793.png
1794.0,CC(Oc1ccc(S(C)(=O)=O)cc1C(=O)N1CCN(c2ncc(C(F)(F)F)cc2F)CC1)C(F)(F)F,0.0,train,../data/images/hERG/1794.png
1795.0,N#Cc1cc2cc(C3(Cc4ccccc4)CCNC3)ccc2[nH]1,1.0,train,../data/images/hERG/1795.png
1796.0,C[C@@H]1CN(c2nnc(C(F)(F)F)o2)CCN1c1ncc(OCc2ccc(S(C)(=O)=O)cc2)cn1,1.0,train,../data/images/hERG/1796.png
1797.0,CC(=O)N1CCC(n2nc(C)c(Nc3ncc(Cl)c(-c4cnn5ccccc45)n3)c2C)CC1,0.0,train,../data/images/hERG/1797.png
1798.0,FC(F)(F)c1ccccc1-c1cc(C(F)(F)F)c2[nH]c(C3=NOC4(CCCCC4)C3)nc2c1,0.0,train,../data/images/hERG/1798.png
1799.0,COc1ccc2ncc(=O)n(CCN3CCC(NCc4cnc(C)c(C#N)c4)CC3)c2n1,0.0,train,../data/images/hERG/1799.png
1800.0,Cc1cc(-c2ccc3c(c2)CCN(CCCSc2nnc(-c4cccs4)n2C)CC3)no1,1.0,train,../data/images/hERG/1800.png
1801.0,NS(=O)(=O)c1ccc(OCCN2CCCCC2)cc1,0.0,train,../data/images/hERG/1801.png
1802.0,Cc1ncc(CNC2CCN(CCn3c(=O)ccc4ccc(C#N)cc43)CC2)cc1C#N,0.0,train,../data/images/hERG/1802.png
1803.0,NCCC(Oc1ccc(C(F)(F)F)cc1)c1ccccc1,1.0,train,../data/images/hERG/1803.png
1804.0,CCN(C(=O)Cc1ccc(S(C)(=O)=O)cc1)C1CCN(CC[C@@H](c2cccc(C(F)(F)F)c2)C2CCN(S(C)(=O)=O)CC2)CC1,1.0,train,../data/images/hERG/1804.png
1805.0,CCN(CC)C(=O)c1ccc(C(=C2CCNCC2)c2ccccn2)cc1,0.0,train,../data/images/hERG/1805.png
1806.0,CC(C)N(Cc1ccc(Cl)c(Cl)c1)CC1CNC1,1.0,train,../data/images/hERG/1806.png
1807.0,COc1ccc2c(OC[C@H](O)CO)nc(C#N)c(-c3ccccc3)c2c1,0.0,train,../data/images/hERG/1807.png
1808.0,O=C(c1ccccn1)[C@]12Cc3cnn(-c4ccc(F)cc4)c3C=C1CCN(S(=O)(=O)c1ccc(Cl)c(Cl)c1)C2,0.0,train,../data/images/hERG/1808.png
1809.0,CCc1oc(CCc2cc(N3CCOCC3)cc(NCCC#N)n2)nc1C,1.0,train,../data/images/hERG/1809.png
1810.0,O=S1(=O)CCC(Oc2ccc3c(c2)CCC2(CCN(C4CCC4)CC2)O3)CC1,1.0,train,../data/images/hERG/1810.png
1811.0,Cc1ncoc1-c1nnc(SCCCN2CC3CC3(c3cccc(S(F)(F)(F)(F)F)c3)C2)n1C,1.0,train,../data/images/hERG/1811.png
1812.0,Cn1nnc([C@H]2[C@@H]3CN(C(=O)c4ccc(C[C@@H]5CC[C@H]([C@H](O)c6ccccc6)N5)cc4)C[C@@H]32)n1,0.0,train,../data/images/hERG/1812.png
1813.0,CNC(=O)c1c(NCC2CCC3(CC2)OCCO3)nc(C#N)nc1OCC1CCN(C)CC1,1.0,train,../data/images/hERG/1813.png
1814.0,O=C1OCCN1C1CCN(Cc2ccc(Oc3nc4ccccc4s3)cc2)CC1,0.0,train,../data/images/hERG/1814.png
1815.0,CCN(C(=O)c1cccc(Cl)c1Cl)[C@H]1CCNC1,0.0,train,../data/images/hERG/1815.png
1816.0,Cc1cccc(-c2nnc3n2CCN(C(=O)c2ccc(-c4cccs4)cc2)[C@@H]3C)n1,1.0,train,../data/images/hERG/1816.png
1817.0,Cc1cc[n+]([O-])c(C)c1C(=O)N1CCC(C)(N2CCC(N(c3ccccc3)c3cccnc3)CC2)CC1,0.0,train,../data/images/hERG/1817.png
1818.0,Nc1ccc(-c2ccsc2)cc1N,1.0,train,../data/images/hERG/1818.png
1819.0,Nc1ncnc2c1c(-c1cccc(OCc3ccccc3)c1)cn2[C@H]1C[C@@H](CN2CCC2)C1,1.0,train,../data/images/hERG/1819.png
1820.0,Cc1cc(-c2ccc3c(c2)CCN(CCCSc2nnc(C4CCCC4)n2C)CC3)no1,1.0,train,../data/images/hERG/1820.png
1821.0,N[C@H]1Cn2c(nc3cnc(C(F)(F)F)cc32)C[C@@H]1c1cc(F)c(F)cc1F,0.0,train,../data/images/hERG/1821.png
1822.0,COc1ccc2c(c1)N(CCN1CCC(NCc3ccc4c(n3)NC(=O)CO4)CC1)C(=O)OC2,0.0,train,../data/images/hERG/1822.png
1823.0,COc1ccc2ncc(F)c(C(CC34CCC(NCc5ccc6c(n5)NC(=O)CO6)(CC3)CO4)C(=O)O)c2n1,1.0,train,../data/images/hERG/1823.png
1824.0,CC(C)(C)c1cc(NC(=O)n2ccc3cc(Oc4ncnc5c4CNC5)cnc32)no1,1.0,train,../data/images/hERG/1824.png
1825.0,Cn1cc([C@@]2(c3cccc(C(=O)O)n3)N[C@@H](c3nc(-c4ccc(F)cc4)c[nH]3)Cc3c2[nH]c2ccccc32)cn1,1.0,train,../data/images/hERG/1825.png
1826.0,CC(C)(C)OC(=O)N1CCC(N2C(=O)c3ccccc3C2C(=O)NCc2ccc(OC(F)(F)F)cc2)CC1,0.0,train,../data/images/hERG/1826.png
1827.0,Cc1nc2c(c(-c3ccc(Cl)cc3Cl)c1CN)CN(CC(=O)NCc1cccnc1)C2=O,0.0,train,../data/images/hERG/1827.png
1828.0,CCCN1C[C@H](CSC)C[C@@H]2c3cccc4[nH]cc(c34)C[C@H]21,1.0,train,../data/images/hERG/1828.png
1829.0,CN(C(=O)c1ccc(-c2ccc(C(F)(F)F)cc2)cc1)[C@H]1CCN(C(=O)N(C)[C@@H]2CCN(CCCc3ccc(Cl)cc3)C2)C1,1.0,train,../data/images/hERG/1829.png
1830.0,CC(=O)Nc1cc(Nc2cc(NC3CC3)n3ncc(C#N)c3n2)ccc1Cl,0.0,train,../data/images/hERG/1830.png
1831.0,COC(c1ccccc1)(c1ccccc1)[C@H](Oc1nc(C)cc(C)n1)C(=O)O,0.0,train,../data/images/hERG/1831.png
1832.0,O=C(Nc1ccc(O)cc1OC[C@@H](O)CN1CCC2(CC1)Cc1cc(Cl)ccc1O2)NC1CC1,1.0,train,../data/images/hERG/1832.png
1833.0,O=C(CNCC1(O)CCCCC1)N1CCc2ccccc2[C@H]1C1CCCCC1,0.0,train,../data/images/hERG/1833.png
1834.0,COc1nc(Nc2cccc3c2nc(-c2ccc(F)cc2)n3C)ccc1-n1cnc(C)c1,1.0,train,../data/images/hERG/1834.png
1835.0,CNCc1cc(S(=O)(=O)NC)ccc1Oc1ccc(Cl)c(Cl)c1,1.0,train,../data/images/hERG/1835.png
1836.0,N#C[C@@H]1C[C@@H]2CCC[C@@H]2N1C(=O)C[C@H](N)Cc1cc(F)c(F)cc1F,0.0,train,../data/images/hERG/1836.png
1837.0,Cc1ccc(C(=O)N[C@H]2CCN([C@H]3CC[C@@H](N(C)C(C)C)C[C@H]3CS(C)(=O)=O)C2=O)cc1C(F)(F)F,0.0,train,../data/images/hERG/1837.png
1838.0,CSc1nc(N2C[C@@H]3[C@H](C2)[C@H]3C(=O)O)ccc1C(=O)NC12CC3CC(CC(C3)C1)C2,0.0,train,../data/images/hERG/1838.png
1839.0,Cc1c(-c2noc(-c3ccc(OC(C)C)c(C#N)c3)n2)ccc2c1CCN(CC(=O)N[C@@H](C)CO)C2,0.0,train,../data/images/hERG/1839.png
1840.0,COc1ccc2ncc(F)c([C@@H](O)[C@H](O)C34CCC(NCc5ccc6c(n5)NC(=O)CO6)(CC3)CO4)c2n1,0.0,train,../data/images/hERG/1840.png
1841.0,CC(c1ccccc1)N1C(=O)c2ccccc2C1C(=O)NC(C)(C)CO,0.0,train,../data/images/hERG/1841.png
1842.0,Cc1c([C@@H](O)CN2CCN(CC(O)c3cc(C4CC4)c(C#N)cn3)CC2)ccc2c1COC2=O,0.0,train,../data/images/hERG/1842.png
1843.0,NCC[C@@H]1Cc2ccccc2[C@H](c2ccc(Cl)c(Cl)c2)C1,0.0,train,../data/images/hERG/1843.png
1844.0,O=C(c1ccc(Cl)cc1)N1CCC2(CCN(Cc3cccc(Oc4ccccc4)c3)CC2)CC1,1.0,train,../data/images/hERG/1844.png
1845.0,COc1cc(/C=C2\CCCN3C2=NOC[C@@H]3c2cc(F)c(F)c(F)c2)ccc1-n1cnc(C)c1,1.0,train,../data/images/hERG/1845.png
1846.0,O=P(c1ccccc1)(c1ccccc1)N(c1cccnc1)c1cccnc1,0.0,train,../data/images/hERG/1846.png
1847.0,CCOC(=O)C1C(OC(=O)c2ccccc2)CC2CCC1N2C,1.0,train,../data/images/hERG/1847.png
1848.0,Cc1nc2ccc3c(c2s1)CCN(CCCSc1nnc(-c2ocnc2C)n1C)CC3,0.0,train,../data/images/hERG/1848.png
1849.0,CCn1cc(C(=O)O)c(=O)c2cc(F)c(N3CCNC(C)C3)c(F)c21,0.0,train,../data/images/hERG/1849.png
1850.0,Fc1cccnc1-c1ccc2[nH]nc(-c3cncc(O[C@H]4CNCCC45CC5)n3)c2c1,1.0,train,../data/images/hERG/1850.png
1851.0,COCCCOc1cc(C(=O)N(C[C@@H]2CNC[C@H]2Cc2ccccc2)C(C)C)ccc1OC,0.0,train,../data/images/hERG/1851.png
1852.0,COc1cccc(-n2cc3nc(-c4cccnc4C)n(C[C@H]4CCCN(C[C@H]5CCCO5)C4)c(=O)c3n2)c1,0.0,train,../data/images/hERG/1852.png
1853.0,COC[C@H](C)COCc1ccc([C@@]2(O)CCNC[C@@H]2c2ccc(-c3ccccc3CCNC(C)=O)cc2C)cc1,1.0,train,../data/images/hERG/1853.png
1854.0,C[C@@H](Oc1cccc2ncnc(Nc3ccc(OCc4ccccn4)c(Cl)c3)c12)C(=O)N(C)CCO,0.0,train,../data/images/hERG/1854.png
1855.0,NC(=O)c1cnc(N[C@@H]2CCCC[C@@H]2N)nc1Nc1cccc(-n2nccn2)c1,1.0,train,../data/images/hERG/1855.png
1856.0,CCN1CCN(c2cc3[nH]c(S[C@]4(C)CC[C@@H](c5nnc(C)o5)CC4)nc3cc2Cl)CC1,0.0,train,../data/images/hERG/1856.png
1857.0,CC#CCn1c(N2CCC[C@@H](N)C2)c(C#N)c2c1c(=O)n(Cc1nc(C)c3ccccc3n1)c(=O)n2C,0.0,train,../data/images/hERG/1857.png
1858.0,Cc1ccnc(NC(=O)c2ccc(-c3ccc(Cl)cc3)o2)c1,0.0,train,../data/images/hERG/1858.png
1859.0,O=S(=O)(NCCCCN1CCC(c2noc3cc(F)ccc23)CC1)c1cc2ccccc2s1,1.0,train,../data/images/hERG/1859.png
1860.0,COc1ccc2ncc(=O)n(CCN3CC[C@H](NCc4cc5c(cn4)OCCO5)[C@@H](F)C3)c2c1,0.0,train,../data/images/hERG/1860.png
1861.0,Nc1nc2cc3c(cc2s1)CCN(CC(F)(F)F)CC3,0.0,train,../data/images/hERG/1861.png
1862.0,COc1cc(-c2cn([C@H]3C[C@@H](c4ccccc4)CCN(CC(F)(F)F)C3=O)nn2)ccc1-n1cnc(C)c1,1.0,train,../data/images/hERG/1862.png
1863.0,O=C1COc2ccc(CNC34CCC(C[C@@]5(O)Cn6c(=O)c(F)cc7ncc(F)c5c76)(CC3)OC4)nc2N1,0.0,train,../data/images/hERG/1863.png
1864.0,Cc1c(NC(=O)OC[C@@H]2COCCN2)cn2ncnc(Nc3ccc4c(cnn4Cc4cccc(F)c4)c3)c12,1.0,train,../data/images/hERG/1864.png
1865.0,CC(=O)Nc1ccc(-c2cnc3nc(N4CCC(N5CCCCC5)CC4)sc3c2)cn1,0.0,train,../data/images/hERG/1865.png
1866.0,Cc1ccc(C(=O)Nc2ccon2)cc1NC(=O)c1cnn(-c2ccccc2F)c1N,0.0,train,../data/images/hERG/1866.png
1867.0,Cn1c(SCCCN2CC3CCN(c4ccc(C(F)(F)F)cc4)C3C2)nnc1C1CCCCC1,1.0,train,../data/images/hERG/1867.png
1868.0,Clc1ccc(-n2cc(NCCN3CCCCC3)nn2)cc1,1.0,train,../data/images/hERG/1868.png
1869.0,COc1ccc([C@H]2CN(CCC3(O)CCOCC3)C[C@@H]2CC(=O)Nc2cccc(Cl)c2)cc1,1.0,train,../data/images/hERG/1869.png
1870.0,CNCc1cc(F)c(Cl)cc1Oc1ccc(Cl)c(Cl)c1,1.0,train,../data/images/hERG/1870.png
1871.0,O=C(NC[C@@H](O)CN1CCC(Oc2ccc(Cl)c(Cl)c2)CC1)c1n[nH]c2ccccc12,1.0,train,../data/images/hERG/1871.png
1872.0,Fc1cc(-c2cnc3nc(N4CCC(N5CCCCC5)CC4)sc3c2)ccn1,1.0,train,../data/images/hERG/1872.png
1873.0,Cc1cc(-c2ccc3c(c2)CCN(CCCSc2nnc(C)n2C)CC3)no1,1.0,train,../data/images/hERG/1873.png
1874.0,COc1cc2c(c(N3CCN(C)CC3)c1)O[C@@H](C(=O)Nc1ccc(N3CCOCC3)cc1)CC2,0.0,train,../data/images/hERG/1874.png
1875.0,O=C(NCc1ccc(OC(F)(F)F)cc1)C1c2ccccc2C(=O)N1CCc1cccnc1,1.0,train,../data/images/hERG/1875.png
1876.0,Cc1ccc2c(-c3nnc(SCCCN4CCc5cc6nc(N7CCCCC7)oc6cc5CC4)n3C)cccc2n1,1.0,train,../data/images/hERG/1876.png
1877.0,COc1cc(-c2cn(C3CCc4cccnc4N(CC(F)(F)F)C3=O)nn2)ccc1-n1cnc(C)c1,1.0,train,../data/images/hERG/1877.png
1878.0,O=c1ncn(Cc2c(F)cc(F)cc2F)c2ccc(Oc3ccccc3)cc12,1.0,train,../data/images/hERG/1878.png
1879.0,O=C(c1ccc(O)cc1OC[C@@H](O)CN1CCC2(CC1)Cc1cc(Cl)ccc1O2)N1CC[C@H](O)C1,0.0,train,../data/images/hERG/1879.png
1880.0,O=C(CNC(=O)c1cccc(C(F)(F)F)c1)NC1CN([C@H]2CC[C@@](O)(c3cncnc3)CC2)C1,0.0,train,../data/images/hERG/1880.png
1881.0,Cc1ccc(Nc2c(-c3ccc(F)cc3)nc3n2CCN(C(=O)C(C)(C)N)C3)cc1,1.0,train,../data/images/hERG/1881.png
1882.0,CC(C)Cc1cc(C(=O)NCC2(C#N)CCN(Cc3ccccc3C(F)(F)F)CC2)nn1-c1ccccc1,1.0,train,../data/images/hERG/1882.png
1883.0,COCCN1CCC[C@@H]1Cn1nc(Cc2ccc(Cl)cc2)c2cnccc2c1=O,1.0,train,../data/images/hERG/1883.png
1884.0,COc1ccc2nccc([C@@H](O)CC[C@@H]3CCN(C4CC(c5cccc(F)c5)C4)C[C@@H]3C(=O)O)c2c1,0.0,train,../data/images/hERG/1884.png
1885.0,COc1ccc(C23CC2CN(CCCSc2nnc(-c4ocnc4C)n2C)C3)cc1Cl,1.0,train,../data/images/hERG/1885.png
1886.0,COc1ccc2ncc(F)c(CC(OCCO)C34CCC(NCc5ccc6c(n5)NC(=O)CO6)(CC3)CO4)c2n1,1.0,train,../data/images/hERG/1886.png
1887.0,Cc1cc(O)ccc1[C@H]1CC[C@H](NC(=O)CCc2ccccc2)CC1,0.0,train,../data/images/hERG/1887.png
1888.0,Cc1nc2ccc(Oc3ccc(F)c4cccnc34)nc2c(=O)n1C[C@H]1CCCN(C(C)C)C1,1.0,train,../data/images/hERG/1888.png
1889.0,C[C@@H]1c2nnc(-c3nc(C(F)(F)F)ns3)n2CCN1C(=O)c1ccc(F)cc1,0.0,train,../data/images/hERG/1889.png
1890.0,O=C(Nc1ccc(Cl)cn1)[C@H](COCCO)Oc1ncnc2c1cnn2-c1ccccc1Cl,0.0,train,../data/images/hERG/1890.png
1891.0,COc1ccc2ncc(F)c([C@H]3OC(=O)O[C@@H]3C34CCC(NCc5ccc6c(n5)NC(=O)CO6)(CC3)CO4)c2n1,0.0,train,../data/images/hERG/1891.png
1892.0,OC(c1ccccc1)(c1ccccc1)C1CCN(Cc2ccc(-c3ccccc3)cc2)CC1,1.0,train,../data/images/hERG/1892.png
1893.0,O=C(Nc1ccc(-c2nnc(NCCCN3CCCCC3)o2)cc1)c1ccccc1Cl,0.0,train,../data/images/hERG/1893.png
1894.0,Cc1nc2ncccc2c(=O)n1-c1ccc(OC2CCN(C3CCC3)CC2)cc1,0.0,train,../data/images/hERG/1894.png
1895.0,Cn1cccc1CNC(=O)CC1CCN(Cc2ccn(-c3ccc(C(F)(F)F)cc3)c2)CC1,1.0,train,../data/images/hERG/1895.png
1896.0,CCCCN1CCC[C@@H]1Cn1nc(Cc2ccc(Cl)cc2)c2ncccc2c1=O,1.0,train,../data/images/hERG/1896.png
1897.0,COc1cc(F)ccc1-c1cncc(CNCC2CC2)n1,1.0,train,../data/images/hERG/1897.png
1898.0,CC(C)N1CCN(CCN2CCN(c3cccc(Cl)c3)C2=O)CC1,1.0,train,../data/images/hERG/1898.png
1899.0,Cc1ccc2c(-c3nnc(SCCN4CCc5cc6nc(C)oc6c(Br)c5CC4)n3C)cccc2n1,1.0,train,../data/images/hERG/1899.png
1900.0,COc1ccc(NC(=O)c2ccc(C[S+](C)[O-])c3ccccc23)c(C(=O)NCC2CCOCC2)n1,0.0,train,../data/images/hERG/1900.png
1901.0,CCN1CCN(CC(=O)Nc2ccc(-c3cccc4c(=O)cc(N5CCOCC5)oc34)c3sc4ccccc4c23)CC1,0.0,train,../data/images/hERG/1901.png
1902.0,CS(=O)(=O)N1CCC2(CC1)CC(C(=O)N1CCN(C3CCC3)CC1)C2,0.0,train,../data/images/hERG/1902.png
1903.0,Cc1c(Cl)ccc2c1N1[C@H](CNC[C@H]1C)C2,1.0,train,../data/images/hERG/1903.png
1904.0,CN(C)Cc1ccc2c(c1)CC[C@H](N(C)C(=O)c1ccc(-c3ccc(F)cc3)nc1)C2,1.0,train,../data/images/hERG/1904.png
1905.0,c1ccc(-c2c[nH]c([C@H]3Cc4c([nH]c5ccccc45)C(C4CCCCC4)N3)n2)nc1,1.0,train,../data/images/hERG/1905.png
1906.0,CNC(C)c1ccc(Cl)cc1Oc1ccc(C)c(C)c1,1.0,train,../data/images/hERG/1906.png
1907.0,O=c1[nH]ccc2nc(-c3ccc(CN4CCC(c5n[nH]c(-c6ccccn6)n5)CC4)cc3)c(-c3ccccc3)cc12,1.0,train,../data/images/hERG/1907.png
1908.0,O=C1COc2ccccc2N1CCCN1CCC(n2c(=O)[nH]c3cccnc32)CC1,0.0,train,../data/images/hERG/1908.png
1909.0,Brc1cccc2nc(C#Cc3ccccn3)ccc12,0.0,train,../data/images/hERG/1909.png
1910.0,CCN(CC)C(=O)c1ccc(C2=CC3(CCNCC3)Oc3cc(O)ccc32)cc1,0.0,train,../data/images/hERG/1910.png
1911.0,COc1cnc2ccc(=O)n(CCN3CC[C@@H](NCc4cnc(C)c(C#N)c4)[C@@H](F)C3)c2c1,0.0,train,../data/images/hERG/1911.png
1912.0,CC1CCN(CCCOc2ccc(=O)n(-c3ccc(F)c(Cl)c3)n2)CC1,1.0,train,../data/images/hERG/1912.png
1913.0,CS(=O)(=O)c1ccc2nc(N3CCN(C(=O)[C@@H]4CCCC[C@H]4C(=O)NC4(C#N)CC4)CC3)sc2c1,0.0,train,../data/images/hERG/1913.png
1914.0,COc1cccc([C@]2(O)CC[C@H](N3CC(NC(=O)CNC(=O)c4cccc(C(F)(F)F)c4)C3)CC2)n1,0.0,train,../data/images/hERG/1914.png
1915.0,COC[C@H](Oc1ncnc2c1cnn2-c1ncccc1Cl)C(=O)Nc1ccc(C)cn1,0.0,train,../data/images/hERG/1915.png
1916.0,O=C(N[C@@H]1CCCc2c1[nH]c1ccc(Cl)cc21)c1ccccc1F,0.0,train,../data/images/hERG/1916.png
1917.0,CNCc1cnc(C)cc1Oc1ccccc1Oc1ccccc1,0.0,train,../data/images/hERG/1917.png
1918.0,CNS(=O)(=O)c1ccc2c(C(=O)NC[C@@H](O)CN3CCC(Oc4ccc(Cl)c(Cl)c4)CC3)c[nH]c(=O)c2c1,1.0,train,../data/images/hERG/1918.png
1919.0,CC(C)[C@H]1CC[C@@H](N2CC(NC(=O)CNc3n[nH]c4ccc(C(F)(F)F)cc34)C2)CC1,1.0,train,../data/images/hERG/1919.png
1920.0,CN(C)C(=O)COc1ccc2c(c1)Cc1c(-c3csc(C#CCOc4ccccc4)c3)n[nH]c1-2,0.0,train,../data/images/hERG/1920.png
1921.0,Fc1ccc(-c2noc(C3CCN(c4cnc5ccc(Cl)cc5c4)CC3)n2)c(Cl)c1,1.0,train,../data/images/hERG/1921.png
1922.0,O=C(O)C[C@H]1CCc2c1[nH]c1ccc(OCc3ccc(C4CCCC4)c(C(F)(F)F)c3)cc21,0.0,train,../data/images/hERG/1922.png
1923.0,O=C([C@@H]1CC[C@@H](N2CCOCC2)C[C@H]1c1ccc(Br)cc1)N1CC(c2ccccc2)(c2ccccc2)C1,1.0,train,../data/images/hERG/1923.png
1924.0,O=C(CNC(=O)c1cccc(C(F)(F)F)c1)NC1CN([C@H]2CC[C@@](O)(c3nccs3)CC2)C1,0.0,train,../data/images/hERG/1924.png
1925.0,Cc1ncoc1-c1nnc(SCCCN2CC3CC3(c3ccc(C(F)(F)F)c(F)c3)C2)n1C,1.0,train,../data/images/hERG/1925.png
1926.0,Clc1ccc(OCCCc2cccc(CCCOc3ccc(Cl)cc3)n2)cc1,1.0,train,../data/images/hERG/1926.png
1927.0,Cc1c(-c2ccc(Cl)cc2)noc1-c1ccc2cc(CCN3CCC[C@H]3C)ccc2n1,1.0,train,../data/images/hERG/1927.png
1928.0,CCCCN(CC)CC#CCOC(c1ccccc1)c1ccccc1,1.0,train,../data/images/hERG/1928.png
1929.0,O=C(NC1CC1)c1ccc(OCCCC2CC2CCCC2CCN(c3ncc(Cl)cn3)CC2)cc1F,0.0,train,../data/images/hERG/1929.png
1930.0,CC(=O)N1CCN([C@H]2C[C@@H](n3cc(-c4cccc(OCC56CCC(CC5)O6)c4)c4c(N)ncnc43)C2)CC1,0.0,train,../data/images/hERG/1930.png
1931.0,CCCCCCCN(CC)CCCCc1ccc([N+](=O)[O-])cc1,1.0,train,../data/images/hERG/1931.png
1932.0,O=c1ccc2ncc(F)c3c2n1C[C@@]3(O)CC12CCC(NCc3cc4c(nn3)OCCO4)(CC1)CO2,0.0,train,../data/images/hERG/1932.png
1933.0,COC1COCCC1N[C@@H]1C[C@H]2CN(C(=O)OCCN3CCOCC3)C[C@@]2(C(=O)N2CCc3ncc(C(F)(F)F)cc3C2)C1,0.0,train,../data/images/hERG/1933.png
1934.0,COc1cc(CN2CCN(CCCCCC(c3ccc(F)cc3)c3ccc(F)cc3)CC2)cc(OC)c1OC,1.0,train,../data/images/hERG/1934.png
1935.0,O=C(CNc1noc2ccc(C(F)(F)F)cc12)NC1CN([C@H]2CC[C@@H](c3cncs3)CC2)C1,1.0,train,../data/images/hERG/1935.png
1936.0,O=C(N1CCc2ncc(C(F)(F)F)cc2C1)[C@@]12CCC[C@@H]1C[C@@H](NCC1CCOCC1)C2,0.0,train,../data/images/hERG/1936.png
1937.0,CC(C)(C)NC(=O)NCCN1CC(NC(=O)c2cc(Cl)cc(Cl)c2)C1,0.0,train,../data/images/hERG/1937.png
1938.0,C[C@@H](CO)Oc1cc(Oc2ccc(C(=O)N3CCC3)cc2)cc(C(=O)Nc2cc[nH]n2)c1,0.0,train,../data/images/hERG/1938.png
1939.0,O=C1COc2ccc(CNC34CCC(CC5(O)Cn6c(=O)cc(Cl)c7ncc(F)c5c76)(CC3)OC4)nc2N1,0.0,train,../data/images/hERG/1939.png
1940.0,O=C1COc2cc3c(cc2N1)C(N1CCC(NC(=O)c2cc(=O)c4ccc(F)cc4o2)CC1)CC3,0.0,train,../data/images/hERG/1940.png
1941.0,N[C@@H](Cn1c(=O)ccc2ncc(F)cc21)[C@H]1CC[C@H](NCc2ccc3c(n2)NC(=O)CO3)CC1,0.0,train,../data/images/hERG/1941.png
1942.0,Cc1ccnc2c3c(nn12)CN([C@H]1CO[C@H](c2cc(F)ccc2F)[C@@H](N)C1)C3,0.0,train,../data/images/hERG/1942.png
1943.0,CN[C@H]1CC[C@@H](c2c[nH]c3ccc(NC(=N)c4cccs4)cc32)CC1,0.0,train,../data/images/hERG/1943.png
1944.0,Cn1c(SCCCN2CC3CCN(c4ccc(F)cc4)C3C2)nnc1C1CCOCC1,1.0,train,../data/images/hERG/1944.png
1945.0,CCN(C(=O)Cc1ccc(S(C)(=O)=O)cc1)C1CCN(CC[C@@H](c2cc(C)cc(C)c2)C2CCN(S(C)(=O)=O)CC2)CC1,1.0,train,../data/images/hERG/1945.png
1946.0,CCN[C@H]1CCN(CC(=O)Nc2cc(-n3nc(C)cc3C)nc(-c3ccc(C)o3)n2)C1,1.0,train,../data/images/hERG/1946.png
1947.0,Cc1cccc(Nc2nc(NC[C@H]3CCCN3)ncc2C(N)=O)c1,1.0,train,../data/images/hERG/1947.png
1948.0,COc1ccc(C#N)cc1-c1ccnc(Nc2ccc(N3CCOCC3)c(OC)c2)c1,1.0,train,../data/images/hERG/1948.png
1949.0,O=C(NCC1(N2CCCCC2)CCCC1)N1CCC(c2nc(-c3ccc4ccccc4n3)no2)CC1,1.0,train,../data/images/hERG/1949.png
1950.0,CNC(=O)c1ccc(Nc2ncc(F)c(-c3cnc(C)n3C(C)C)n2)cc1,0.0,train,../data/images/hERG/1950.png
1951.0,CS(=O)(=O)c1ccc(-c2cnn3ccc(-c4cccc(S(=O)(=O)C5CC5)c4)nc23)cc1,1.0,train,../data/images/hERG/1951.png
1952.0,N#CC1(NC(=O)[C@@H]2CCCC[C@H]2C(=O)N2CCN(c3nc4ncccc4s3)CC2)CC1,0.0,train,../data/images/hERG/1952.png
1953.0,Cc1ccc2c(-c3nnc(SCCCN4CC5CC5(c5ccc(Cl)cc5)C4)n3C)cccc2n1,1.0,train,../data/images/hERG/1953.png
1954.0,Cc1ccc2c(-c3nnc(SCCCCN4CCc5cc6c(cc5CC4)C(=O)N(C(C)C)C6)n3C)cccc2n1,1.0,train,../data/images/hERG/1954.png
1955.0,Cc1nc2ccccc2n1-c1ccc(C(=O)N(C)[C@@H]2CCN(C3CCC3)C2)cc1,0.0,train,../data/images/hERG/1955.png
1956.0,CN(C)CCCOc1ccc(CN2CCC(NC(=O)c3cc(=O)c4ccc(F)cc4o3)CC2)cc1F,0.0,train,../data/images/hERG/1956.png
1957.0,C1=CCC(c2ccc3ccccc3c2)CNC1,0.0,train,../data/images/hERG/1957.png
1958.0,CC(C(O)c1ccc2c(c1)CCC(=O)N2)N1CCC(O)(c2ccc(F)cc2)CC1,1.0,train,../data/images/hERG/1958.png
1959.0,CC(C)(C)c1c[nH]c(C2Cc3c([nH]c4ccccc34)C(C3CCOCC3)N2)n1,1.0,train,../data/images/hERG/1959.png
1960.0,CC(C)CNC(=O)c1ccc(C2=CC3(CCNCC3)Oc3ccccc32)cc1,1.0,train,../data/images/hERG/1960.png
1961.0,CCCc1nc2ccccc2c(=O)n1-c1ccc(OCCCN2CCCC2)cc1,1.0,train,../data/images/hERG/1961.png
1962.0,Cc1nc2ccccc2n1C1CC2CCC(C1)N2CCC1(c2ccccc2)CCN(C(=O)c2cccc(C(N)=O)c2)CC1,0.0,train,../data/images/hERG/1962.png
1963.0,COc1ccccc1N1CCN(CCCCCC(=O)n2c3ccccc3c3ccccc32)CC1,1.0,train,../data/images/hERG/1963.png
1964.0,Cc1noc(C)c1CCC1CCN(S(=O)(=O)CC2(N(O)C=O)CCOCC2)CC1,0.0,train,../data/images/hERG/1964.png
1965.0,N#Cc1cncc(-c2cccc(C3(c4ccnc(C(F)(F)F)c4)N=C(N)c4c(F)cccc43)c2)c1,1.0,train,../data/images/hERG/1965.png
1966.0,NC(=O)C1CCN(c2c(Cl)cncc2Cl)CC1,0.0,train,../data/images/hERG/1966.png
1967.0,COc1cc2nnc(C(N)=O)c(Nc3ccc(C)cc3F)c2cc1N1CCOCC1,0.0,train,../data/images/hERG/1967.png
1968.0,C[C@H](Nc1nc(Nc2ncc(C#N)s2)cc(N2CCOCC2)n1)c1ccc(F)cn1,0.0,train,../data/images/hERG/1968.png
1969.0,C[C@H]1Cn2c(nnc2-c2ccc(F)cc2)CN1C(=O)c1cccc(C(F)(F)F)c1Cl,0.0,train,../data/images/hERG/1969.png
1970.0,O=C1N(CCN2Cc3ccccc3C2)CCN1c1csc2ccccc12,1.0,train,../data/images/hERG/1970.png
1971.0,Cc1cc(-c2ccc3c(c2)CCN(CCCSc2nnc(-c4cccc(F)c4)n2C)CC3)no1,1.0,train,../data/images/hERG/1971.png
1972.0,O=c1c2cc(-c3ccc(Cl)cc3)cn2ncn1-c1ccc(N2CC(O)C2)nc1,1.0,train,../data/images/hERG/1972.png
1973.0,O=c1ccc2ncc(F)c3c2n1C[C@@]3(O)CC12CCC(NCc3ccc4c(n3)OCCO4)(CC1)CO2,0.0,train,../data/images/hERG/1973.png
1974.0,O=C(c1nnc(-c2ccccc2)o1)N1CC(Oc2ccc(CN3CC4(CCCO4)C3)cc2)C1,1.0,train,../data/images/hERG/1974.png
1975.0,CCOC(=O)[C@H]1CC[C@@H](N2CC(NC(=O)CNc3nn(S(C)(=O)=O)c4ccc(C(F)(F)F)cc34)C2)CC1,0.0,train,../data/images/hERG/1975.png
1976.0,COc1cc(-c2cn(C3CCc4c(F)cccc4N(CC(F)(F)F)C3=O)nn2)ccc1-n1cnc(C)c1,0.0,train,../data/images/hERG/1976.png
1977.0,O=C1COc2ccc(CNC34CCC(CCc5c(F)cnc6ccc(OCCc7cc(=O)c(O)c[nH]7)nc56)(CC3)OC4)nc2N1,1.0,train,../data/images/hERG/1977.png
1978.0,N#Cc1ccc2cc1Oc1ccc3c(c1)[C@@H](CC3)N1CC[C@H](NCc3cncn3C2)C1=O,1.0,train,../data/images/hERG/1978.png
1979.0,NC1=N[C@@](c2cccc(-c3cncnc3)c2)(c2ccnc(C(F)F)c2)c2cccc(F)c21,1.0,train,../data/images/hERG/1979.png
1980.0,CCOC(=O)C1=C(C)NC(C)=C(C(=O)OC)C1c1cccc([N+](=O)[O-])c1,1.0,train,../data/images/hERG/1980.png
1981.0,CCN(CC)CCOc1cc(-c2nc(SC)nc3[nH]cc(C#N)c23)c(Cl)cc1Cl,1.0,train,../data/images/hERG/1981.png
1982.0,CC(C)(Cc1ccc2ccccc2c1)NC[C@@H](O)COc1cccc(Cl)c1C#N,1.0,train,../data/images/hERG/1982.png
1983.0,Oc1ccc(-c2c[nH]c([C@H]3Cc4c([nH]c5ccccc45)[C@@H](C4CCOCC4)N3)n2)cc1,1.0,train,../data/images/hERG/1983.png
1984.0,CC(C)(C)c1csc(N2CCN(C(=O)[C@@H]3CCCC[C@H]3C(=O)NC3(C#N)CC3)CC2)n1,1.0,train,../data/images/hERG/1984.png
1985.0,COc1cc(N2CCNCC2)ccc1Nc1ncc(Cl)c(-c2cnc3ccccn23)n1,1.0,train,../data/images/hERG/1985.png
1986.0,c1ccc(Nc2nc3c(s2)CCCc2n[nH]cc2-3)nc1,0.0,train,../data/images/hERG/1986.png
1987.0,COc1cc2nc(N(C)CCCNC(=O)C3CCCO3)nc(N)c2cc1OC,0.0,train,../data/images/hERG/1987.png
1988.0,COc1ccc2ncc(F)c(CCC34CCC(N(C)C(=O)c5ccc6c(n5)NC(=O)CO6)(CC3)CO4)c2n1,0.0,train,../data/images/hERG/1988.png
1989.0,CN1CCC(N(C)C(=O)N2CC(c3cc(F)ccc3F)=C[C@H]2c2ccccc2)CC1,1.0,train,../data/images/hERG/1989.png
1990.0,CCN1CCN(c2cc3[nH]c(S[C@]4(C)CC[C@@H](c5nnco5)CC4)nc3cc2Cl)CC1,1.0,train,../data/images/hERG/1990.png
1991.0,Cc1nc2ccccc2n1[C@H]1C[C@H]2CC[C@@H](C1)N2CCC1(c2ccccc2)CCN(C(=O)c2ccccc2)CC1,1.0,train,../data/images/hERG/1991.png
1992.0,Cc1cc(O[C@H]2C[C@H]3CC[C@@H](C2)N3Cc2ccccc2)cc(C(N)=O)c1,1.0,train,../data/images/hERG/1992.png
1993.0,O=C1COc2ccccc2N1CCCN1CCC(n2c(=O)[nH]c3cccc(F)c32)CC1,1.0,train,../data/images/hERG/1993.png
1994.0,CC(=O)N1CCN(CCOc2ccc(C3CCN(c4ccc5nnc(C(F)(F)F)n5n4)CC3)cc2)CC1,0.0,train,../data/images/hERG/1994.png
1995.0,CC(C)(C)NC(=O)c1c[nH]c2ncc(-c3ncn4c3CCCC4)nc12,1.0,train,../data/images/hERG/1995.png
1996.0,CNS(=O)(=O)c1cc(C(=O)N2CCC(CCN3C4CCC3CC(n3c(C)nc5ccccc53)C4)(c3cccc(F)c3)CC2)c(Cl)cc1F,0.0,train,../data/images/hERG/1996.png
1997.0,CC(C)NC(=O)c1cn(-c2cccc(Br)c2)c2ncccc2c1=O,0.0,train,../data/images/hERG/1997.png
1998.0,NC(=O)c1cccc(O[C@@H]2C[C@H]3CC[C@@H](C2)N3CCc2ccccc2)c1,1.0,train,../data/images/hERG/1998.png
1999.0,O=C(c1ccncn1)N1CCC2(CCN(Cc3cccc(Oc4ccccc4)c3)CC2)CC1,1.0,train,../data/images/hERG/1999.png
2000.0,O=C(NC1CCN(C2CCc3cc4oc(=O)[nH]c4cc32)CC1)c1cc(=O)c2ccc(F)cc2o1,0.0,train,../data/images/hERG/2000.png
2001.0,COc1cc(F)ccc1-c1cncc(C2CCCN2)c1,1.0,train,../data/images/hERG/2001.png
2002.0,COc1ccc([C@@H](C)N[C@@H]2CC[C@@H](C(=O)N3CCC(C(=O)N4CCCC4)(c4ccccc4)CC3)C(C)(C)C2)cc1,0.0,train,../data/images/hERG/2002.png
2003.0,O=C(c1ccc(O)cc1OC[C@@H](O)CN1CCC2(CC1)Cc1cc(Cl)ccc1O2)N1C[C@H](O)CO1,1.0,train,../data/images/hERG/2003.png
2004.0,[2H]C(Nc1cc(C(F)(F)F)cc2ncc(N3CCN(C)CC3)cc12)c1cccc([N+](=O)[O-])c1,1.0,train,../data/images/hERG/2004.png
2005.0,CCCCN(CC)CC#CCc1ccccc1,1.0,train,../data/images/hERG/2005.png
2006.0,CC(C)(C)c1[nH]c2ccccc2c1CCNCc1ccc(/C=C/C(=O)NO)cc1,1.0,train,../data/images/hERG/2006.png
2007.0,CCCC1(C(=O)c2ccc3[nH]ccc3c2)CCCN1,0.0,train,../data/images/hERG/2007.png
2008.0,Cc1cc(=O)oc2cc(OCCCCN3CCC(c4noc5cc(F)ccc45)CC3)ccc12,1.0,train,../data/images/hERG/2008.png
2009.0,Cc1cc(=O)n(C[C@H](N)[C@H]2CC[C@H](NCc3ccc4c(n3)NC(=O)CO4)CC2)c2cc(F)ccc12,0.0,train,../data/images/hERG/2009.png
2010.0,COc1ccc([C@]2(O)CC[C@H](N3CC(NC(=O)CNC(=O)c4cccc(C(F)(F)F)c4)C3)CC2)cn1,0.0,train,../data/images/hERG/2010.png
2011.0,Fc1ccc(-c2c[nH]c([C@H]3Cc4c([nH]c5ccccc45)[C@@H](C4CCOCC4)N3)n2)cc1,1.0,train,../data/images/hERG/2011.png
2012.0,COc1ccc(-c2nc(COc3cccc(CN(CC(=O)O)C(=O)Oc4ccc(C)cc4)c3)c(C)o2)cc1,1.0,train,../data/images/hERG/2012.png
2013.0,Cc1n[nH]cc1-c1cc(C(F)(F)F)cc(S(=O)(=O)N2CCN(C(=O)[C@@H]3C[C@H]3c3ccc(C(F)(F)F)cc3)CC2)c1,1.0,train,../data/images/hERG/2013.png
2014.0,Cc1ncoc1-c1nnc(SCCCN2CC3CC3(c3ccc(C(F)(F)F)cc3)C2)n1C,1.0,train,../data/images/hERG/2014.png
2015.0,CC(C)(CN1CCC(=C2c3ccc(F)cc3COc3ccccc32)CC1)C(=O)O,1.0,train,../data/images/hERG/2015.png
2016.0,COc1ccc2ncc(F)c(CCC34CCC(NCc5nc6c(c(C)c5C)OCC(=O)N6)(CC3)CO4)c2n1,1.0,train,../data/images/hERG/2016.png
2017.0,Cc1nn(C2CCN(C(=O)[C@@H](C)N)CC2)c(C)c1Nc1ncc(Cl)c(-c2cnn3ccccc23)n1,0.0,train,../data/images/hERG/2017.png
2018.0,COc1ccc2ncc(F)c(C(CO)CC34CCC(NCc5ccc6c(n5)NC(=O)CO6)(CC3)CO4)c2n1,0.0,train,../data/images/hERG/2018.png
2019.0,CCc1nnc([C@H]2[C@@H]3CN(C(=O)c4ccc(C[C@@H]5CC[C@H]([C@H](O)c6ccccc6)N5)cc4)C[C@@H]32)o1,0.0,train,../data/images/hERG/2019.png
2020.0,Cc1ncoc1-c1nnc(SCCCN2CC3CCN(c4ccc(OC(F)(F)F)cc4)C3C2)n1C,1.0,train,../data/images/hERG/2020.png
2021.0,COc1cccc2c1nc(N)n1nc(CN3CCN(c4ccc(F)cn4)C[C@H]3C)nc21,0.0,train,../data/images/hERG/2021.png
2022.0,CC1(C)Oc2ncnc(N)c2N=C1c1ccc([C@H]2CC[C@H](CC(=O)O)CC2)cc1,0.0,train,../data/images/hERG/2022.png
2023.0,CC(C)c1cc(C#N)cc2nc(-c3ccc(C(=O)NC[C@H]4CC[C@H](c5cccc(C(F)(F)F)c5)CC4)cc3)oc12,0.0,train,../data/images/hERG/2023.png
2024.0,Cc1nc(C(C)C)n([C@H]2C[C@H]3CC[C@@H](C2)N3CC[C@H](NC(=O)C2CCC(F)(F)CC2)c2ccccc2)n1,1.0,train,../data/images/hERG/2024.png
2025.0,Nc1ccccc1NC(=O)c1ccc(-c2ncc(CN3CCC3)cc2Cl)cc1,0.0,train,../data/images/hERG/2025.png
2026.0,CCc1nc2c3c(ccc2o1)CCN(CCCSc1nnc(-c2cccc4nc(C)ccc24)n1C)CC3,1.0,train,../data/images/hERG/2026.png
2027.0,COc1c(N2CCNC(C)C2)c(F)cc2c(=O)c(C(=O)O)cn(C3CC3)c12,0.0,train,../data/images/hERG/2027.png
2028.0,CC(C)(C)n1nnc2c1CCC(n1cnc(-c3ccc(F)cc3)n1)C2,1.0,train,../data/images/hERG/2028.png
2029.0,CCN1CCN(c2cc3[nH]c(C(=O)[C@]4(C)CC[C@@H](NC(=O)OC)CC4)nc3cc2C)CC1,1.0,train,../data/images/hERG/2029.png
2030.0,Cc1nc2cc(Cl)ccc2c(=O)n1-c1ccc(OC2CCN(C3CCC3)CC2)cc1,1.0,train,../data/images/hERG/2030.png
2031.0,CC(c1ccccc1)N1[C@@H]2CC[C@H]1C[C@H](Oc1cccc(C(N)=O)c1)C2,1.0,train,../data/images/hERG/2031.png
2032.0,CO/N=C(/Cc1c(F)cnc2ccc(OC)nc12)C12CCC(NCc3ccc4c(n3)NC(=O)CO4)(CC1)CO2,1.0,train,../data/images/hERG/2032.png
2033.0,O=C1COc2ccc(CNC34CCC(C[C@]5(O)Cn6c(=O)c(F)cc7ncc(F)c5c76)(CC3)OC4)nc2N1,0.0,train,../data/images/hERG/2033.png
2034.0,COc1cccc(-c2c(C(=O)N3CCCCC3CO)cc3ccccn23)c1,0.0,train,../data/images/hERG/2034.png
2035.0,Oc1ccccc1C[C@H](c1ccccc1)N1CCNCC1,0.0,train,../data/images/hERG/2035.png
2036.0,Cc1ccc(Nc2cc(N[C@@H]3CCCC[C@@H]3N)nnc2C(N)=O)nc1C,0.0,train,../data/images/hERG/2036.png
2037.0,O=c1ccc2ncc(F)c3c2n1C[C@@]3(O)CC12CCC(NCc3ccc4c(c3Cl)OCCO4)(CC1)CO2,0.0,train,../data/images/hERG/2037.png
2038.0,Cn1cc(-c2ccc3c(c2)[nH]c2c(C(N)=O)ccc(NC4CCCCC4)c23)cn1,1.0,train,../data/images/hERG/2038.png
2039.0,O=C(Nc1ccc(F)cn1)[C@H](COCCO)Oc1ncnc2c1cnn2-c1c(F)cccc1Cl,0.0,train,../data/images/hERG/2039.png
2040.0,N#CC1(NC(=O)[C@@H]2CCCC[C@H]2C(=O)N2CCN(c3nc(C(F)(F)F)cs3)CC2)CC1,0.0,train,../data/images/hERG/2040.png
2041.0,CN1Cc2cncn2Cc2ccc(C#N)c(c2)Oc2ccc3c(c2)[C@@H](CC3)N2CC[C@@H]1C2=O,1.0,train,../data/images/hERG/2041.png
2042.0,C[C@@H]1CCCCN1CCCNCc1ccc(CNCCCN2CCCC[C@@H]2C)cc1,0.0,train,../data/images/hERG/2042.png
2043.0,O=C1N(CCN2Cc3ccccc3C2)CCN1c1cccc(C(F)(F)F)c1,1.0,train,../data/images/hERG/2043.png
2044.0,CN(C)C(=O)[C@@H](c1ccc(C2=CN3N=CNC3C=C2)cc1)[C@H](N)C(=O)N1CC[C@H](F)C1,0.0,train,../data/images/hERG/2044.png
2045.0,O=c1ccc2ncc(F)c3c2n1C[C@@]3(O)CC12CCC(NC/C(F)=C\c3cc(F)ccc3F)(CC1)CO2,1.0,train,../data/images/hERG/2045.png
2046.0,CCN1C(=O)c2nc(Cc3ccccc3)n(Cc3ccccc3)c2N2CC3(CCc4ccccc43)N=C12,1.0,train,../data/images/hERG/2046.png
2047.0,Cc1ncoc1-c1nnc(SCCCN2CC3CC3(c3cc(C(F)(F)F)ccc3F)C2)n1C,1.0,train,../data/images/hERG/2047.png
2048.0,CN(CC(=O)NC1CC1)C(=O)c1ccc2c(c1)c1c(n2C)CCC(C2CCOCC2)C1,0.0,train,../data/images/hERG/2048.png
2049.0,Cc1nc2ccccc2n1C1CC2CCC(C1)N2CCC1(c2cccc(F)c2)CCN(C(=O)c2cc(NS(=O)(=O)C(C)C)c(F)cc2F)CC1,1.0,train,../data/images/hERG/2049.png
2050.0,Cc1cccnc1CN1CCC2(CC1)C(=O)N(c1ccc(-c3cnc(O)nc3)cc1)C(=O)N2c1cc(O)ncn1,0.0,train,../data/images/hERG/2050.png
2051.0,CC(=O)N1CC2CN(CCOc3ccc(Oc4nc5ncccc5s4)cc3)CC2C1,0.0,train,../data/images/hERG/2051.png
2052.0,CSc1nn(-c2ccccc2)c2cc(NC(=O)C3CCNCC3)ccc12,1.0,train,../data/images/hERG/2052.png
2053.0,Cc1[nH]c(-c2ccccc2)cc1C(=O)NCCCN1CCN(c2cccc(Cl)c2Cl)CC1,1.0,train,../data/images/hERG/2053.png
2054.0,CCC(NCCCC[C@@H](Oc1cc(C)c(F)c(C)c1)C(=O)NO)c1ccc(F)cc1,1.0,train,../data/images/hERG/2054.png
2055.0,CCN1CCN[C@@H](C(=O)N2CCN(C(=O)Nc3ccc(Cl)c(Cl)c3)CC2)C1,1.0,train,../data/images/hERG/2055.png
2056.0,CCn1cc([C@]2(c3cccc(NC(=O)c4ccc(Cl)cn4)c3)N=C(N)c3c(F)cccc32)cc(C)c1=O,1.0,train,../data/images/hERG/2056.png
2057.0,Cc1ncoc1-c1nnc(SCCCN[C@@H]2CC[C@]3(c4ccc(C(F)(F)F)cc4F)CC23)n1C,1.0,train,../data/images/hERG/2057.png
2058.0,NCC(=O)N1CCN(c2cnc3cc(C(F)(F)F)cc(NCc4cccc([N+](=O)[O-])c4)c3c2)CC1,0.0,train,../data/images/hERG/2058.png
2059.0,O=C1N(CCN2Cc3ccccc3C2)CCN1Cc1ccc(Cl)c(Cl)c1,1.0,train,../data/images/hERG/2059.png
2060.0,O=C(NCCc1ccccn1)C1CCN(Cc2ccn(-c3ccc(C(F)(F)F)cc3)c2)CC1,1.0,train,../data/images/hERG/2060.png
2061.0,c1ccc(Nc2nc(-c3cn[nH]c3)cs2)nc1,0.0,train,../data/images/hERG/2061.png
2062.0,CC(C)N1CCN(C(=O)[C@@H]2CC23CCN(C2CCOCC2)CC3)CC1,0.0,train,../data/images/hERG/2062.png
2063.0,O=C(CC1CCN(Cc2ccn(-c3ccc(C(F)(F)F)cc3)c2)CC1)N1CCCC(C(=O)N2CCCC2)C1,0.0,train,../data/images/hERG/2063.png
2064.0,COc1cc(-c2cn(CC(=O)NC3C4CC5CC(C4)CC3C5)nn2)ccc1-n1cnc(C)c1,1.0,train,../data/images/hERG/2064.png
2065.0,O=C(c1ccc(C2=CC3(CCNCC3)Oc3ccccc32)cc1)N1CCCCC1,1.0,train,../data/images/hERG/2065.png
2066.0,CCN(CC)C(=O)c1ccc([C@H](c2cccc(NC(=O)C3CC3)c2)N2CCN(Cc3ccccn3)CC2)cc1,0.0,train,../data/images/hERG/2066.png
2067.0,c1ccc(CCCNCCN(c2ccccc2)c2ccccc2)cc1,1.0,train,../data/images/hERG/2067.png
2068.0,Cc1ccnc(C)c1C(=O)N1CCC(C)(N2CCC(N(c3ccccc3)c3ccccc3)CC2)CC1,1.0,train,../data/images/hERG/2068.png
2069.0,CN1CCC[C@@H]1Cn1nc(Cc2ccc(Cl)cc2)c2nccnc2c1=O,1.0,train,../data/images/hERG/2069.png
2070.0,C[C@@H](c1ccccc1)N1[C@@H]2CC[C@H]1C[C@H](Oc1cccc(C(N)=O)c1)C2,1.0,train,../data/images/hERG/2070.png
2071.0,CN(C)CCN1CCN(c2ncc3cc(-c4ccccc4)c(-c4ccc(CN5CCC(c6nnc(-c7cc[n+]([O-])cc7)[nH]6)CC5)cc4)nc3n2)CC1,1.0,train,../data/images/hERG/2071.png
2072.0,Cc1nc(-c2ccncc2)sc1-c1ccc2cc(CCN3CCC[C@H]3C)ccc2n1,1.0,train,../data/images/hERG/2072.png
2073.0,CN(Cc1ccc(-c2ccccc2)cc1)C(=O)N1CCC[C@H]1CN1CCCC1,1.0,train,../data/images/hERG/2073.png
2074.0,Cc1nc2cn(Cc3ccccc3)cc2c(-c2ccc(Cl)cc2Cl)c1CN,0.0,train,../data/images/hERG/2074.png
2075.0,Cc1noc(-c2ccc3c(c2)c2c(n3CCCSc3cc(F)cc(F)c3)CCCC2)n1,0.0,train,../data/images/hERG/2075.png
2076.0,Cc1ccc2c(-c3nnc(SCCCN4CCc5ccc6oc(C)nc6c5CC4)n3C)cccc2n1,1.0,train,../data/images/hERG/2076.png
2077.0,O=C1COc2ccc(CNC34CCC(CCc5c(F)cnc6ccc(OCCCCO)nc56)(CC3)OC4)nc2N1,1.0,train,../data/images/hERG/2077.png
2078.0,C[C@@H]1NC(c2cc(C#N)ccn2)=N[C@]1(c1ccc(F)cc1)c1ccc(F)nc1,0.0,train,../data/images/hERG/2078.png
2079.0,N#Cc1cccc(C(=O)N2CCC(c3ccc(C(=O)NC(=N)N)cc3C(F)(F)F)CC2)c1,0.0,train,../data/images/hERG/2079.png
2080.0,COc1cc(/C=C2\CCCN3C2=NOC3(C)c2ccc(F)cc2)ccc1-n1cnc(C)c1,1.0,train,../data/images/hERG/2080.png
2081.0,O=C(CNC(=O)c1cccc(C(F)(F)F)c1)N[C@@H]1CCN(CCN2CCN(C(=O)c3ccccc3F)CC2)C1,0.0,train,../data/images/hERG/2081.png
2082.0,CCOP(=O)(Sc1ccccc1)Sc1ccccc1,0.0,train,../data/images/hERG/2082.png
2083.0,Cc1ncc(-c2ccnc(Nc3ccc(C(=O)N(C)C)c(F)c3)n2)n1C(C)C,1.0,train,../data/images/hERG/2083.png
2084.0,CC(C)N1CCCC1CNC(=O)N1CCC(c2nc(-c3ccc4ccccc4n3)no2)CC1,0.0,train,../data/images/hERG/2084.png
2085.0,COC1COCCC1N[C@@H]1C[C@H]2C[C@@H](F)C[C@@]2(C(=O)N2CCc3ncc(C(F)(F)F)cc3C2)C1,0.0,train,../data/images/hERG/2085.png
2086.0,O=C(NCCCN1CCCCC1)Nc1ccc(S(=O)(=O)Nc2ccccc2C(=O)c2ccccc2)cc1,1.0,train,../data/images/hERG/2086.png
2087.0,CCN(CC)C(=O)c1ccc(C(=C2CCN(Cc3ccc(F)cc3)CC2)c2ccc(NC(=O)OC)cc2)cc1,1.0,train,../data/images/hERG/2087.png
2088.0,CNCc1cc(Br)ccc1Oc1ccc(Cl)c(Cl)c1,1.0,train,../data/images/hERG/2088.png
2089.0,CC1(C)C=Cc2cccc(CN3CCC4(CC3)CCN(C(=O)c3ccnc(N)c3)CC4)c2O1,0.0,train,../data/images/hERG/2089.png
2090.0,O=C(NCC1(O)CCCCC1)NC1CCN(Cc2ccn(-c3ccc(C(F)(F)F)cc3)c2)CC1,0.0,train,../data/images/hERG/2090.png
2091.0,CC(C)N1CCN(CCN2CCN(c3ccc(F)c(C#N)c3)C2=O)CC1,0.0,train,../data/images/hERG/2091.png
2092.0,CNc1nc(NCCCN(C)C)c2sc(-c3ccc(C(F)(F)F)cc3)cc2n1,1.0,train,../data/images/hERG/2092.png
2093.0,Cc1ccc(S(=O)(=O)N/N=C/c2cn(CC(=O)Nc3ccccc3)c3ccccc23)cc1,0.0,train,../data/images/hERG/2093.png
2094.0,Cc1onc(-c2c(Cl)cccc2Cl)c1CC(=O)NCc1ccc(OCC(F)(F)F)nc1,0.0,train,../data/images/hERG/2094.png
2095.0,NC1(C(=O)NC(CCCN2CCOCC2)c2ccc(Cl)cc2)CCN(c2ncnc3[nH]ccc23)CC1,0.0,train,../data/images/hERG/2095.png
2096.0,N#Cc1ccnc(C2=NC(c3ccc(F)cc3)(c3ccc(F)cc3)CN2)c1,1.0,train,../data/images/hERG/2096.png
2097.0,O=C(c1ccccc1C1CCCC1)N(CC1CCC1)[C@H]1CCNC1,1.0,train,../data/images/hERG/2097.png
2098.0,O=C(NC1CC1c1ccccc1)N1CCC(n2ccnn2)CC1,0.0,train,../data/images/hERG/2098.png
2099.0,CC(NC(=O)C1(N)CCN(c2ncnc3[nH]ccc23)CC1)c1ccc(Cl)cc1,1.0,train,../data/images/hERG/2099.png
2100.0,CCc1nc2cc3c(cc2s1)CCN(CCCSc1nnc(-c2cccc4nc(C)ccc24)n1C)CC3,1.0,train,../data/images/hERG/2100.png
2101.0,COc1cc(-c2cn(C3CSc4ccccc4N(CC(F)(F)F)C3=O)nn2)ccc1-n1cnc(C)c1,1.0,train,../data/images/hERG/2101.png
2102.0,CS(=O)c1ccc(-c2cnc3ccc(-c4cccc(S(C)(=O)=O)c4)nn23)cc1,1.0,train,../data/images/hERG/2102.png
2103.0,NC1=NC(c2ccncc2)(c2cccc(-c3cncnc3)c2)c2cccc(F)c21,1.0,train,../data/images/hERG/2103.png
2104.0,Cc1ccc(Nc2cc(NCCN)nnc2C(N)=O)nc1C(C)C,1.0,train,../data/images/hERG/2104.png
2105.0,FC(F)Oc1ccccc1CC(c1ccccc1)N1CCNCC1,0.0,train,../data/images/hERG/2105.png
2106.0,COc1cnc2ccc(=O)n(CCN3CCN(c4nc5cc(C#N)c(C)cc5[nH]4)CC3)c2c1,0.0,train,../data/images/hERG/2106.png
2107.0,CCN(CC)C(=O)c1ncc(C2=CC3(CCNCC3)Oc3ccccc32)cn1,0.0,train,../data/images/hERG/2107.png
2108.0,Cc1ccc(-c2c(C)c(CNC3CCCC3)nn2-c2ncc(Cl)cc2Cl)cn1,1.0,train,../data/images/hERG/2108.png
2109.0,COC[C@H](C)Oc1cc(Oc2ccc(S(C)(=O)=O)cc2)cc(C(=O)Nc2nccs2)c1,1.0,train,../data/images/hERG/2109.png
2110.0,Cc1cccc(NC(=N)c2ccc(-c3ccc(Cl)cc3)o2)c1,1.0,train,../data/images/hERG/2110.png
2111.0,CC(C)NC(=O)NS(=O)(=O)c1ccc(OCCN2CCCCC2)cc1,0.0,train,../data/images/hERG/2111.png
2112.0,Cc1ncc(-c2c(C)c(CN[C@H]3CC[C@@H](F)C3)nn2-c2ncccc2Cl)cc1F,0.0,train,../data/images/hERG/2112.png
2113.0,CN(C(=O)N1CC(c2cc(F)ccc2F)=C[C@H]1c1ccccc1)C1CCNCC1,1.0,train,../data/images/hERG/2113.png
2114.0,O=C(NC1CC1c1ccccc1)N1CCC(c2nc(-c3ccncc3)no2)CC1,1.0,train,../data/images/hERG/2114.png
2115.0,Nc1ccc(-c2cnc3nc(N4CCC(N5CCCCC5)CC4)sc3c2)cn1,0.0,train,../data/images/hERG/2115.png
2116.0,O=C([O-])c1cccc(Cc2cc(Cl)ccc2OCc2ccc(Cl)cc2F)n1,0.0,train,../data/images/hERG/2116.png
2117.0,COc1ccc([C@H]2CN(Cc3ccc(OC)c(OC)c3)C[C@@H]2CNC(=O)c2cccc(Cl)c2)cc1,1.0,train,../data/images/hERG/2117.png
2118.0,C[C@@H](Oc1cccc2ncnc(Nc3ccc4c(cnn4Cc4ccccn4)c3)c12)C(=O)N(C)C,0.0,train,../data/images/hERG/2118.png
2119.0,Nc1ccccc1NC(=O)c1ccc(CNC(=O)OCc2cccnc2)cc1,0.0,train,../data/images/hERG/2119.png
2120.0,COc1cc(-c2cn(C3CC(C(F)(F)F)CNC3=O)nn2)ccc1-n1cnc(C)c1,0.0,train,../data/images/hERG/2120.png
2121.0,O=C(NC1CCN(Cc2ccn(-c3ccc(C(F)(F)F)cc3)c2)CC1)N1CC[C@H](O)C1,0.0,train,../data/images/hERG/2121.png
2122.0,O=C(NCCN1CCC(F)(F)CC1)c1ccc(CN2CCC(NC(=O)c3cc(=O)c4ccc(F)cc4o3)CC2)cc1,1.0,train,../data/images/hERG/2122.png
2123.0,O=C(O)c1ccccc1N1CCC(CN2CCC(Oc3ccc(Cl)c(Cl)c3)CC2)CC1,1.0,train,../data/images/hERG/2123.png
2124.0,CCOC(=O)N1CCC(O)(CN2CC[C@H](N3C(=O)Cc4ccccc43)C2)CC1,1.0,train,../data/images/hERG/2124.png
2125.0,COc1cc(-c2cn([C@H]3C[C@@H](C(C)(C)C)CCN(CC(F)(F)F)C3=O)nn2)ccc1-n1cnc(C)c1,1.0,train,../data/images/hERG/2125.png
2126.0,C[C@@H]1CCCN1CCc1ccc2nc(-c3csc(-c4cc(Cl)nc(Cl)c4)n3)ccc2c1,0.0,train,../data/images/hERG/2126.png
2127.0,Cc1nc2ccccc2n1C1CC2CCC(C1)N2CCC1(c2ccccc2)CCN(C(=O)c2cccc(C(=O)NO)c2)CC1,0.0,train,../data/images/hERG/2127.png
2128.0,CCN(CC)C(=O)c1ccc([C@H](c2cccc(NC(=O)C3CC3)c2)N2CCN(CCOC)CC2)cc1,0.0,train,../data/images/hERG/2128.png
2129.0,COc1ccc(C#Cc2cccc(C#Cc3ccc(OC)cc3)[n+]2C)cc1,1.0,train,../data/images/hERG/2129.png
2130.0,COc1ccc2ncc(F)c(CCN3CCC(NCc4ccc5c(n4)NC(=O)CO5)CC3)c2n1,1.0,train,../data/images/hERG/2130.png
2131.0,CN(C)c1cccc([C@H]2CC[C@@H](N3CC(NC(=O)CNc4nn(C)c5ccc(C(F)(F)F)cc45)C3)CC2)c1,0.0,train,../data/images/hERG/2131.png
2132.0,COc1cc2oc(C(=O)NC3CCN(Cc4ccc5c(c4)OCO5)CC3)cc(=O)c2cc1F,1.0,train,../data/images/hERG/2132.png
2133.0,O=C(c1cc(Cc2c[nH]c(=O)c3cc(Cl)c(Cl)n23)ccc1F)N1CCC(N2CCCC2)CC1,1.0,train,../data/images/hERG/2133.png
2134.0,CCCNC(=O)N1CCN(c2cnc3cc(C(F)(F)F)cc(NCc4cccc([N+](=O)[O-])c4)c3c2)CC1,1.0,train,../data/images/hERG/2134.png
2135.0,CC1CC1c1cc(C(F)(F)F)cc(COCC2(c3ccc(F)cc3)CCN(C)CC2)n1,0.0,train,../data/images/hERG/2135.png
2136.0,O=C(Nc1ccccc1C(F)(F)F)NS(=O)(=O)c1ccc(OCCCN2CCCCC2)cc1,0.0,train,../data/images/hERG/2136.png
2137.0,COc1cc(N2CC3COCC(C2)N3)ccc1Nc1ncc(Cl)c(-c2cnc3ccccn23)n1,1.0,train,../data/images/hERG/2137.png
2138.0,COc1cc(F)ccc1-c1cncc(CNC(=O)c2ccccc2)c1,0.0,train,../data/images/hERG/2138.png
2139.0,NS(=O)(=O)c1ccc(Oc2ccc3ccc(=O)n(CCN4CCC(NCc5ccc6c(n5)NC(=O)CO6)CC4)c3n2)cc1,0.0,train,../data/images/hERG/2139.png
2140.0,CN1CCN(c2ccc3nc(-c4ccccc4)c(-c4ccc(CN5CCC(c6nnc(-c7ncccn7)[nH]6)CC5)cc4)nc3n2)CC1,1.0,train,../data/images/hERG/2140.png
2141.0,CN(C)CCCCc1ccc(C(C)(C)C)cc1,1.0,train,../data/images/hERG/2141.png
2142.0,CCN1CCN(c2cc3[nH]c(S[C@]4(C)CC[C@@H](N(C)C(C)=O)CC4)nc3cc2Cl)CC1,0.0,train,../data/images/hERG/2142.png
2143.0,Clc1ccc(Cn2cc(NCCN3CCOCC3)nn2)cc1Cl,0.0,train,../data/images/hERG/2143.png
2144.0,O=C(NC1CCN(Cc2ccc3c(c2)OCO3)CC1)c1cc(=O)c2ccccc2o1,1.0,train,../data/images/hERG/2144.png
2145.0,O=C(Nc1ccc(-c2nnc(NCCCCN3CCC(F)CC3)o2)cc1)c1ccccc1F,0.0,train,../data/images/hERG/2145.png
2146.0,O=C(NC[C@@H](O)CN1CCC(Oc2ccc(Cl)c(Cl)c2)CC1)c1n[nH]c(=O)c2ccccc12,1.0,train,../data/images/hERG/2146.png
2147.0,CC(=O)c1cccc(NC(=O)N[C@@H]2CCCC[C@H]2CN2CCC[C@@H](Cc3ccc(F)cc3)C2)c1,1.0,train,../data/images/hERG/2147.png
2148.0,CNc1cc(Nc2cnc(C#N)c(O[C@H](C)CN(C)C)n2)ncc1Cl,1.0,train,../data/images/hERG/2148.png
2149.0,C[C@@H](NC(=O)Cc1ccc(N2CC[C@H](F)C2)cc1)c1ccc(OCC(F)(F)F)cn1,0.0,train,../data/images/hERG/2149.png
2150.0,O=c1ccc2ncc(F)c3c2n1C[C@@]3(O)CC12CCC(NCOc3cc(F)ccc3F)(CC1)CO2,1.0,train,../data/images/hERG/2150.png
2151.0,CC(C)(C)NC(=O)NCCN1CCN(CC(=O)Nc2cc(Cl)cc(Cl)c2)CC1,1.0,train,../data/images/hERG/2151.png
2152.0,Cc1nc2ccccc2n1Cc1ccc(C(=O)N(C)[C@@H]2CCN(C(C)C)C2)cc1,0.0,train,../data/images/hERG/2152.png
2153.0,O=C(c1ccc(F)cc1F)N1CCN(c2ccc(OCCCN3CCCCCC3)cc2)C(=O)C1,0.0,train,../data/images/hERG/2153.png
2154.0,COc1cc(N)c(Cl)cc1C(=O)N[C@H]1CCN(CC2CCN(C(C)=O)CC2)C[C@H]1OC,0.0,train,../data/images/hERG/2154.png
2155.0,O=c1ccc2ncc(F)c3c2n1C[C@@]3(O)CC12CCC(NCc3ccc4c(n3)NCCO4)(CC1)CO2,0.0,train,../data/images/hERG/2155.png
2156.0,NC(=O)n1nc(NCC(=O)NC2CN([C@H]3CC[C@@H](c4ccc5c(c4)OCO5)CC3)C2)c2cc(C(F)(F)F)ccc21,0.0,train,../data/images/hERG/2156.png
2157.0,Nc1nc2ccc(C(F)(F)F)cc2n1CC(O)c1ccc(C(F)(F)F)cc1Cl,0.0,train,../data/images/hERG/2157.png
2158.0,COCC(=O)N1CCC(n2nc(C)c(Nc3ncc(Cl)c(-c4cnn5ccccc45)n3)c2C)CC1,0.0,train,../data/images/hERG/2158.png
2159.0,O=C(NC1CCN(Cc2ccc3c(c2)OCO3)CC1)c1cc(=O)c2ccc(Cl)cc2o1,1.0,train,../data/images/hERG/2159.png
2160.0,C[C@H](c1nc(-c2ccc(Cl)cc2Cl)no1)[C@H](N)C(=O)N1CCCC1,0.0,train,../data/images/hERG/2160.png
2161.0,COc1ccc([C@H](N[C@@H]2CC[C@@H](C(=O)N3CCC(C(=O)N4CCCC4)(c4ccccc4)CC3)C(C)(C)C2)C(F)(F)F)cc1,1.0,train,../data/images/hERG/2161.png
2162.0,CCCNc1cc(N2CCOCC2)cc(CCc2nc(C)c(CC)o2)n1,1.0,train,../data/images/hERG/2162.png
2163.0,CCc1nn(CCOCC(F)(F)F)c2c(Nc3ccncn3)nc(N3CCNCC3)nc12,1.0,train,../data/images/hERG/2163.png
2164.0,Cc1ncoc1-c1nnc(SCCCN2CC3CC3(c3cccc(Cl)c3)C2)n1C,1.0,train,../data/images/hERG/2164.png
2165.0,COC1COCCC1N(C)[C@@H]1C[C@H]2OCC[C@@]2(C(=O)N2CCc3ncc(C(F)(F)F)cc3C2)C1,0.0,train,../data/images/hERG/2165.png
2166.0,O=C(O)c1cccc(-c2c[nH]c([C@H]3Cc4c([nH]c5ccccc45)[C@@H](C4CCOCC4)N3)n2)c1,1.0,train,../data/images/hERG/2166.png
2167.0,Cc1ncc([C@]2(O)CC[C@H](N3CC(NC(=O)CNc4ncnc5ccc(C(F)(F)F)cc45)C3)CC2)s1,0.0,train,../data/images/hERG/2167.png
2168.0,NC(=O)c1cccc(O[C@@H]2C[C@H]3CC[C@@H](C2)N3Cc2ccc3c(c2)OCO3)c1,1.0,train,../data/images/hERG/2168.png
2169.0,O=C(NCCN1CCCCC1)c1ccc(CN2CCC(NC(=O)c3cc(=O)c4ccc(F)cc4o3)CC2)cc1,0.0,train,../data/images/hERG/2169.png
2170.0,[O-][n+]1ccc(-c2nnc(C3CCN(Cc4ccc(-c5nc6nc(N7CCN(CCO)CC7)ncc6cc5-c5ccccc5)cc4)CC3)[nH]2)cc1,0.0,train,../data/images/hERG/2170.png
2171.0,N#Cc1ccc2cc1Oc1ccc3c(c1)[C@@H](CCC3)N1CC[C@H](NCc3cncn3C2)C1=O,0.0,train,../data/images/hERG/2171.png
2172.0,CC(C)(C)c1cc(NC(=O)n2ccc3cc(Oc4ncnc5c4CNC5)ccc32)no1,0.0,train,../data/images/hERG/2172.png
2173.0,Cc1ccc2[nH]c(=O)n(C3CCN(C4CCOCC4)CC3)c2c1,0.0,train,../data/images/hERG/2173.png
2174.0,CC(=O)C1=NN2c3cc(C)ccc3OC[C@H]2[C@@]1(CCCN1CCOCC1)c1ccccc1,1.0,train,../data/images/hERG/2174.png
2175.0,O=C1O[C@]2(CC[C@H](c3nc4cc(OC(F)(F)F)ccc4[nH]3)CC2)CN1c1cccnc1F,0.0,train,../data/images/hERG/2175.png
2176.0,Cc1ccc(C(=O)N2CCN(c3ccc(OC4CCN(C5CCC5)CC4)cc3)C(=O)C2)cc1,0.0,train,../data/images/hERG/2176.png
2177.0,CCNS(=O)(=O)c1cc(C(=O)N2CCC(CCN3C4CCC3CC(n3c(C)nc5ccccc53)C4)(c3cccc(F)c3)CC2)c(Cl)cc1F,0.0,train,../data/images/hERG/2177.png
2178.0,CSc1cc(-c2ccc(C[C@@H](C#N)NC(=O)[C@@H]3CCCCN3)cc2)ccc1C#N,1.0,train,../data/images/hERG/2178.png
2179.0,COc1ccc([C@H]2CN(CCc3ccc(OC)c(OC)c3)C[C@@H]2CCc2nc3ccc(Cl)cc3[nH]2)cc1,1.0,train,../data/images/hERG/2179.png
2180.0,CCN1CCN(c2nc(C)nc3sc(-c4ccccc4)cc23)CC1,0.0,train,../data/images/hERG/2180.png
2181.0,O=C1OCc2cc(CCC3CCN(C(=O)Cc4ccc(-n5cnnn5)cn4)CC3)ccc21,1.0,train,../data/images/hERG/2181.png
2182.0,CCc1nn(C)c2cc3c(cc12)CCN(CCCSc1nnc(-c2cccc4nc(C)ccc24)n1C)CC3,1.0,train,../data/images/hERG/2182.png
2183.0,O=C(NC1CCN(Cc2ccc(C(=O)NCCN3CCCC3)c(F)c2)CC1)c1cc(=O)c2ccc(F)cc2o1,0.0,train,../data/images/hERG/2183.png
2184.0,Cn1c(SCCCN2CC3CCN(c4cccc(C#N)c4)C3C2)nnc1-c1cnccn1,1.0,train,../data/images/hERG/2184.png
2185.0,Cc1nc2n(c(=O)c1CCN1CCC(c3noc4cc(F)ccc34)CC1)CCCC2O,1.0,train,../data/images/hERG/2185.png
2186.0,COc1ccc(CCN2C(=O)N(NS(C)(=O)=O)CC2c2ccc(OC(C)C)cc2)cc1,0.0,train,../data/images/hERG/2186.png
2187.0,Cc1cnc(NC(=O)c2cc(Oc3ccc(C#N)cc3)c3cc(C)oc3c2)cn1,1.0,train,../data/images/hERG/2187.png
2188.0,COc1cccc(-c2cc(NC(=O)CCCN3CCCCC3)[nH]n2)c1,1.0,train,../data/images/hERG/2188.png
2189.0,CC(=O)Nc1cccc(Nc2ncnc(N3CCC(OCc4ccc(C)cc4)CC3)n2)c1C,1.0,train,../data/images/hERG/2189.png
2190.0,CC(C)CCOc1ccc2ncc(F)c(CCC34CCC(NCc5ccc6c(n5)NC(=O)CO6)(CC3)CO4)c2n1,1.0,train,../data/images/hERG/2190.png
2191.0,Cn1cc(CN2CCc3cc4nc(N)sc4cc3CC2)cn1,0.0,train,../data/images/hERG/2191.png
2192.0,N#Cc1cncc(-c2cnc3nc(N4CCC(N5CCCCC5)CC4)sc3c2)c1,1.0,train,../data/images/hERG/2192.png
2193.0,CC(C)(C)NC(=O)C1c2ccccc2C(=O)N1Cc1ccccc1-c1ccc(F)cc1,0.0,train,../data/images/hERG/2193.png
2194.0,COc1ccc(-c2nnc(C(=O)N3CC(Oc4ccc(CN5CC6(CCCO6)C5)cc4)C3)o2)cc1,0.0,train,../data/images/hERG/2194.png
2195.0,CNC(C)C1(c2ccc(Cl)c(Cl)c2)CCCCC1,0.0,train,../data/images/hERG/2195.png
2196.0,Cn1c(-c2ccc(OCCCN3CCCCC3)cc2)nc2ccccc2c1=O,1.0,train,../data/images/hERG/2196.png
2197.0,COc1cc(/C=C/c2nc(NCc3ccccc3)c3c4c(sc3n2)CCC4)ccc1-n1cnc(C)c1,1.0,train,../data/images/hERG/2197.png
2198.0,Cc1c[nH]c2c(Nc3nc(N[C@@H]4CCCC[C@@H]4N)cc4nc[nH]c(=O)c34)cccc12,0.0,train,../data/images/hERG/2198.png
2199.0,N#Cc1ccc(C(=O)N2CCN(c3ccc(OCCCN4CCCCCC4)cc3)C(=O)C2)cc1,0.0,train,../data/images/hERG/2199.png
2200.0,CCCCC1(CCCC)N[C@@H](c2nc(-c3ccccc3)c[nH]2)Cc2c1[nH]c1ccccc21,1.0,train,../data/images/hERG/2200.png
2201.0,Cc1ccc2c(-c3nnc(SCCCN4CCc5cc6nc(C(C)(F)F)oc6cc5CC4)n3C)cccc2n1,1.0,train,../data/images/hERG/2201.png
2202.0,COCCN1CCN(c2cc3c(Nc4ccc(C)cc4F)c(C(N)=O)nnc3cc2OC)CC1,0.0,train,../data/images/hERG/2202.png
2203.0,CC(C)c1nnc(N2CCN(c3ncc(OCc4ccncc4C#N)cn3)[C@H](C)C2)o1,0.0,train,../data/images/hERG/2203.png
2204.0,COCC#Cc1cc(-c2n[nH]c3c2Cc2cc(CN4CCN(C)CC4)ccc2-3)cs1,1.0,train,../data/images/hERG/2204.png
2205.0,Cc1ccc(Nc2nccc3ccc(NC(=O)CCCCCCC(=O)NO)cc23)cc1,0.0,train,../data/images/hERG/2205.png
2206.0,COc1ccc2ncc(F)c(CCC34CCC(NCc5cc(C)c6c(n5)NC(=O)CO6)(CC3)CO4)c2n1,1.0,train,../data/images/hERG/2206.png
2207.0,Cc1ncoc1-c1nnc(SCCCN2CC3CC3(c3cccc(OC(F)(F)F)c3)C2)n1C,1.0,train,../data/images/hERG/2207.png
2208.0,CCN(C(=O)Cc1ccc(S(C)(=O)=O)cc1)C1CCN(CC[C@@H](c2ccccc2)C2CCN(S(C)(=O)=O)CC2)CC1,0.0,train,../data/images/hERG/2208.png
2209.0,Cc1ncoc1-c1nnc(SCCCN2CCc3cc4onc(C)c4cc3CC2)n1C,1.0,train,../data/images/hERG/2209.png
2210.0,COc1cc(N2CCC3CN(CCCSc4nnc(-c5cnccn5)n4C)CC32)ccc1F,1.0,train,../data/images/hERG/2210.png
2211.0,CN(C)Cc1ccc2c(c1)CC[C@H](N(C)C(=O)c1ccc(-c3ccc(Cl)cn3)cc1)C2,0.0,train,../data/images/hERG/2211.png
2212.0,COC(=O)C1(CNC(=O)c2cc(OC)cc(OC)c2)CCN(Cc2cccc(OC)c2)CC1,1.0,train,../data/images/hERG/2212.png
2213.0,O=C(N1CCCN(C2CCC2)CC1)N1CCC2(CCCN(S(=O)(=O)c3ccccc3)C2)C1,0.0,train,../data/images/hERG/2213.png
2214.0,O=C(/C=C/c1ccc2c(c1)CN(C(=O)C1CCCC1)C2)NO,0.0,train,../data/images/hERG/2214.png
2215.0,CC(C)(C)NC(=O)c1c[nH]c2ncc(-c3nn(CCCS(C)(=O)=O)c4cc(F)ccc34)nc12,0.0,train,../data/images/hERG/2215.png
2216.0,COc1cccc2c1nc(N)n1nc(CN3CCN(c4ccc(F)cc4)C[C@H]3C)nc21,1.0,train,../data/images/hERG/2216.png
2217.0,Cc1cccnc1CN1CCC2(CC1)C(=O)N(c1ccc(-c3ccc(-c4ccn[nH]4)cc3)cc1)C(=O)N2c1cc(O)ncn1,1.0,train,../data/images/hERG/2217.png
2218.0,O=C([C@@H]1C[C@H]1c1ccc(C(F)(F)F)cc1)N1CCN(S(=O)(=O)c2cc(-c3nnc[nH]3)cc(C(F)(F)F)c2)CC1,1.0,train,../data/images/hERG/2218.png
2219.0,Cn1c(SCCCN2CC3CCN(c4cccc(C(F)(F)F)c4)C3C2)nnc1-c1cnccn1,1.0,train,../data/images/hERG/2219.png
2220.0,CCN(C)C(=O)c1ccc([C@H](c2cccc(NC(=O)C3CC3)c2)N2CCN(Cc3nc(C)cs3)CC2)cc1,0.0,train,../data/images/hERG/2220.png
2221.0,COc1cc(Nc2cc(-c3cccc(C#N)c3)ccn2)ccc1N1CCN(C)CC1,1.0,train,../data/images/hERG/2221.png
2222.0,Cc1cc(-n2cnnn2)cnc1CC(=O)N1CCN(CCc2ccc3c(c2C)COC3=O)CC1,0.0,train,../data/images/hERG/2222.png
2223.0,CN1CC[C@]23c4c5ccc(O)c4O[C@H]2[C@@H](O)C=C[C@H]3[C@H]1C5,0.0,train,../data/images/hERG/2223.png
2224.0,COc1cc(C)c2nccc(CCC34CCC(NCc5ccc6c(n5)NC(=O)CO6)(CC3)CO4)c2n1,1.0,train,../data/images/hERG/2224.png
2225.0,O=C(NCc1ccc(OC(F)(F)F)cc1)C1c2ccccc2C(=O)N1Cc1ccc(C(F)(F)F)cn1,1.0,train,../data/images/hERG/2225.png
2226.0,Cc1cc(C(C)(C)O)cc(Nc2cc(N[C@@H]3CCCC[C@@H]3N)cnc2C(N)=O)n1,1.0,train,../data/images/hERG/2226.png
2227.0,Cc1ncc(CNC2CCN(CCn3c(=O)ccc4ncc(F)cc43)CC2)cc1C#N,0.0,train,../data/images/hERG/2227.png
2228.0,CCC(=O)N1CCC(CCN2CC[C@H](NC(=O)c3cc(Cl)c(N)cc3OC)[C@H](OC)C2)CC1,0.0,train,../data/images/hERG/2228.png
2229.0,Cn1c(=O)c2c(ncn2C)n(C)c1=O,1.0,train,../data/images/hERG/2229.png
2230.0,NC(CC(=O)N1CCC[C@H]1C(=O)NCc1ccc(C(F)(F)F)cc1)Cc1ccccc1F,1.0,train,../data/images/hERG/2230.png
2231.0,COC(=O)[C@H]1[C@@H](OC(=O)c2ccccc2)C[C@@H]2CC[C@H]1N2C,1.0,train,../data/images/hERG/2231.png
2232.0,COCCCS(=O)(=O)c1ccc(-c2ccc(CCN3CCC[C@H]3C)cc2)cc1,0.0,train,../data/images/hERG/2232.png
2233.0,CC[C@H]1OC(=O)[C@H](C)C(=O)[C@H](C)[C@@H](O[C@@H]2O[C@H](C)C[C@H](N(C)C)[C@H]2O)[C@](C)(OC)C[C@@H](C)C(=O)[C@H](C)[C@H]2N(CCCCn3cnc(-c4cccnc4)c3)C(=O)O[C@]12C,0.0,train,../data/images/hERG/2233.png
2234.0,N[C@H]1CN(c2ccc3nc(=O)ccn3n2)CC[C@@H]1c1cc(F)c(F)cc1F,0.0,train,../data/images/hERG/2234.png
2235.0,O=C1NCC(c2ccc(F)cc2)C12CCN(C1(c3ccc(F)cc3)CCCCC1)CC2,1.0,train,../data/images/hERG/2235.png
2236.0,Cc1ncc(CN[C@@H]2CCN(CCn3c(=O)ccc4ccc(C#N)cc43)C[C@@H]2F)cc1C#N,0.0,train,../data/images/hERG/2236.png
2237.0,Cc1csc([C@H](C)C2=C(CCN(C)C)Cc3ccccc32)n1,1.0,train,../data/images/hERG/2237.png
2238.0,CN1CCN(C2=Nc3cc(Cl)ccc3Nc3ccccc32)CC1,1.0,train,../data/images/hERG/2238.png
2239.0,CC(C)NC(=O)c1cn(-c2ccccc2)c2ncccc2c1=O,0.0,train,../data/images/hERG/2239.png
2240.0,CC(=O)NCCc1ccccc1-c1ccc([C@H]2CNCC[C@@H]2c2ccn(C)c(=O)c2)c(Cl)c1,1.0,train,../data/images/hERG/2240.png
2241.0,O=C(CNC(=O)c1cccc(C(F)(F)F)c1)NC1CN([C@H]2CC[C@@](O)(c3nc4ccccc4s3)CC2)C1,1.0,train,../data/images/hERG/2241.png
2242.0,C[C@@H]1CN(Cc2ccc(-c3cccnc3C(=O)N3CCC(Nc4ccc(F)cc4)CC3)cc2)C[C@H](C)N1,0.0,train,../data/images/hERG/2242.png
2243.0,N#Cc1cc(CC(=O)N2CCN(CCc3ccc4c(c3)COC4=O)CC2)ccc1-n1cnnn1,1.0,train,../data/images/hERG/2243.png
2244.0,COc1ccc(-c2cc(NC(=O)CCCN3CCCCC3)[nH]n2)cc1,1.0,train,../data/images/hERG/2244.png
2245.0,CCCc1nc(C)c2c(=O)nc(-c3cc(S(=O)(=O)N4CCN(CC)CC4)ccc3OCC)[nH]n12,0.0,train,../data/images/hERG/2245.png
2246.0,O=C(NC1CCN(Cc2cc3c(cc2Cl)OCO3)CC1)c1cc(=O)c2ccc(F)cc2o1,0.0,train,../data/images/hERG/2246.png
2247.0,Cc1cccc(Nc2nc(N[C@H]3CCCNC3)ncc2C(N)=O)c1,1.0,train,../data/images/hERG/2247.png
2248.0,Cc1ccc(C23CNCC2C3)cc1,0.0,train,../data/images/hERG/2248.png
2249.0,Cn1ncc(C(=O)N2[C@@H]3CC[C@H]2C[C@@H](Nc2cc(=O)n(C)c4ncccc24)C3)c1Cl,0.0,train,../data/images/hERG/2249.png
2250.0,O=C(Nc1ccc(Cl)cc1)N1CCN(C[C@@H]2CCCN(C3CC3)C2)CC1,0.0,train,../data/images/hERG/2250.png
2251.0,COc1cccc(C2CCCN(CCN3CCN(c4cccc(Cl)c4)C3=O)C2)c1,1.0,train,../data/images/hERG/2251.png
2252.0,CCOC(=O)C1CCN(C(=O)c2ccc(C[C@@H]3CC[C@H]([C@H](O)c4ccccc4)N3)cc2)CC1,1.0,train,../data/images/hERG/2252.png
2253.0,CNC(=O)c1c(NCC2CCC3(CCC3)CC2)nc(C#N)nc1OC1CC(C)(C)NC(C)(C)C1,1.0,train,../data/images/hERG/2253.png
2254.0,CC1CCCN1CCc1ccc2nc(-c3ccsc3)ccc2c1,1.0,train,../data/images/hERG/2254.png
2255.0,O=C(N1CCc2ncc(C(F)(F)F)cc2C1)[C@@]12CCC[C@@H]1C[C@@H](NC1CCOCC1)C2,0.0,train,../data/images/hERG/2255.png
2256.0,COc1cc(F)ccc1-c1cncc(NC2CCCOC2)c1,1.0,train,../data/images/hERG/2256.png
2257.0,CCCNC(=O)C1c2ccccc2C(=O)N1CC(C)c1ccc(Cl)cc1,0.0,train,../data/images/hERG/2257.png
2258.0,COc1ccc2ncc(F)c(C(C)(O)CC34CCC(NCc5ccc6c(n5)NC(=O)CO6)(CC3)CO4)c2n1,1.0,train,../data/images/hERG/2258.png
2259.0,O=C1N[C@H](c2cncc(C#Cc3ccccc3)c2)[C@@H](c2cc(F)ccc2F)O1,1.0,train,../data/images/hERG/2259.png
2260.0,CC(=O)N1CCN(c2cnc3cc(C(F)(F)F)cc(NCc4cccc([N+](=O)[O-])c4)c3c2)CC1,1.0,train,../data/images/hERG/2260.png
2261.0,COc1ccc(-c2nnc(C(=O)N3CC(Oc4ccc(CN5CCC(C)(O)C5)cc4)C3)o2)cc1,0.0,train,../data/images/hERG/2261.png
2262.0,N#Cc1ccc2cc1Oc1ccc3c(c1)[C@@H](CCO3)N1CC[C@@H](NCc3cncn3C2)C1=O,1.0,train,../data/images/hERG/2262.png
2263.0,COc1ccc([C@]2(O)CC[C@H](N3CC[C@@H](NC(=O)CNC(=O)c4cccc(C(F)(F)F)c4)C3)CC2)cn1,0.0,train,../data/images/hERG/2263.png
2264.0,C[C@H]1[C@@H](c2ccc(OCCCN3CCCC3)cc2)Oc2ccccc2S1(=O)=O,1.0,train,../data/images/hERG/2264.png
2265.0,C[C@H](C1=C(CCN(C)C)Cc2ccccc21)c1nccs1,1.0,train,../data/images/hERG/2265.png
2266.0,Cc1nc(C)c(-c2nnc(SCCCN3CCc4ccc5oc(C(F)(F)F)nc5c4CC3)n2C)s1,1.0,train,../data/images/hERG/2266.png
2267.0,CCCCOc1ccc(S(=O)(=O)NCCc2c[nH]c3ccccc23)cc1,1.0,train,../data/images/hERG/2267.png
2268.0,CNS(=O)(=O)Nc1ccc2ccc3ncc(-c4cnn(C)c4)cc3c(=O)c2c1,0.0,train,../data/images/hERG/2268.png
2269.0,FC(F)(F)c1cc(COCC2(c3ccccc3)CCNCC2)nc(N2CCCC2)c1,1.0,train,../data/images/hERG/2269.png
2270.0,CN(C)CCn1ncc2cc(-n3ccc(OCc4ccccc4)cc3=O)ccc21,1.0,train,../data/images/hERG/2270.png
2271.0,CC(C)(O)COCc1cccc(Nc2sc(-c3c(F)cc(C(C)(C)O)cc3F)cc2C(N)=O)n1,0.0,train,../data/images/hERG/2271.png
2272.0,CCC(CC)NCCCc1cc(-c2cccc(C(F)(F)F)c2)nc(C#N)n1,1.0,train,../data/images/hERG/2272.png
2273.0,CC(C#N)=C1CCN(c2ccc(N3C[C@H](Cn4ccnn4)OC3=O)cc2F)CC1,0.0,train,../data/images/hERG/2273.png
2274.0,CC(C)=CCn1c(N2CCC[C@H](N)C2)c(C#N)c2c1c(=O)n(Cc1cnc3ccccc3n1)c(=O)n2C,1.0,train,../data/images/hERG/2274.png
2275.0,COc1cc(N)c(Cl)cc1C(=O)N[C@H]1CCN(CCCn2ccnc2)C[C@H]1OC,1.0,train,../data/images/hERG/2275.png
2276.0,OCC[C@@]1(c2ccc(Cl)c(Cl)c2)CCCNC1,0.0,train,../data/images/hERG/2276.png
2277.0,COc1cc2c(cc1OC)C(=O)C(CC1CCN(Cc3ccccc3)CC1)C2,1.0,train,../data/images/hERG/2277.png
2278.0,Cn1c(SCCCN2CC3CCN(c4ccccc4C(F)(F)F)C3C2)nnc1-c1ccccn1,1.0,train,../data/images/hERG/2278.png
2279.0,CCN(CC)CC(=O)Nc1c(C)cccc1C,0.0,train,../data/images/hERG/2279.png
2280.0,O=C(/C=C/c1ccc(CNCCc2c(-c3ccccc3)[nH]c3ccccc23)cc1)NO,1.0,train,../data/images/hERG/2280.png
2281.0,CNc1noc2c(-c3ccc4c(N5CCOC[C@@H]5C)nncc4c3)c(C)ccc12,0.0,train,../data/images/hERG/2281.png
2282.0,O=C(N1CCc2ncc(C(F)(F)F)cc2C1)[C@@]12CCC[C@@H]1C[C@@H](NC1CCS(=O)(=O)CC1)C2,0.0,train,../data/images/hERG/2282.png
2283.0,Cn1c(SCCCN2CC3CCN(c4ccc(F)cc4F)C3C2)nnc1-c1cnccn1,1.0,train,../data/images/hERG/2283.png
2284.0,CC(C)(C)c1cc(CN2CCN(CCCCCC(c3ccc(F)cc3)c3ccc(F)cc3)CC2)cc(C(C)(C)C)c1O,1.0,train,../data/images/hERG/2284.png
2285.0,O=C1CCc2cc([C@@H](O)CN3CCC(O)(c4cccc(F)c4)CC3)ccc2N1,1.0,train,../data/images/hERG/2285.png
2286.0,O=C(O)c1ccc(-n2nc(-c3ccccc3O)nc2-c2ccccc2O)cc1,0.0,train,../data/images/hERG/2286.png
2287.0,Cc1nn(C2CCN(C(=O)CN)CC2)c(C)c1Nc1ncc(Cl)c(-c2cnn3ccccc23)n1,0.0,train,../data/images/hERG/2287.png
2288.0,Cc1cc(C)cc(NC(=O)c2cncc(-c3ccc(C#N)cc3)c2)c1,0.0,train,../data/images/hERG/2288.png
2289.0,COc1cc(C)nc(Nc2cc(N[C@@H]3CS(=O)(=O)CC[C@@H]3N)cnc2C(N)=O)c1,0.0,train,../data/images/hERG/2289.png
2290.0,CONC(=O)N(Cc1ccsc1)C1CCN([C@H](C)CCNC(=O)c2c(C)cc(C(=O)NC(C)C)nc2C)CC1,0.0,train,../data/images/hERG/2290.png
2291.0,CC(C)(C)NC(=O)NCCN1CCCC(NC(=O)c2cc(Cl)cc(Cl)c2)C1,1.0,train,../data/images/hERG/2291.png
2292.0,CC(C)(O)[C@]1(C(=O)NCc2cc(C(F)(F)F)cc(C(F)(F)F)c2)CC[C@@H](N2CCC(c3cc(Cl)ncn3)CC2)C1,1.0,train,../data/images/hERG/2292.png
2293.0,C[C@@H]1CCCN1CCc1ccc(-c2ccc(S(=O)(=O)CCO)cc2)cc1,1.0,train,../data/images/hERG/2293.png
2294.0,CN(CCN1CCN(c2cccc(C(F)(F)F)c2)C1=O)C[C@]12CC[C@H](CC1)C2(C)C,1.0,train,../data/images/hERG/2294.png
2295.0,[2H]C(Nc1cc(C(F)(F)F)cc2ncc(N3CCN(CC([2H])([2H])O)CC3)cc12)c1cccc([N+](=O)[O-])c1,1.0,train,../data/images/hERG/2295.png
2296.0,Cn1c(-c2ccc(OC3CCN(C4CCC4)CC3)cc2)nc2c(Cl)cccc2c1=O,1.0,train,../data/images/hERG/2296.png
2297.0,Cc1nc2ccccc2n1C1CC2CCC(C1)N2CCC1(c2ccccc2)CCN(C(=O)c2cccc(S(=O)(=O)N(C)C)c2)CC1,1.0,train,../data/images/hERG/2297.png
2298.0,COC(=O)Cc1ccc(-n2cc(C3CCN(CCN4CCNC4=O)CC3)c3cc(Cl)ccc32)cc1,1.0,train,../data/images/hERG/2298.png
2299.0,CC(C)OC(=O)N1CCC(C)(CN2CCC3(CC2)CN(S(C)(=O)=O)c2ncccc23)CC1,1.0,train,../data/images/hERG/2299.png
2300.0,C[C@H](Oc1ccc(S(C)(=O)=O)cc1C(=O)N1CCN(c2ncc(C(F)(F)F)cc2F)CC1)C(C)(C)C,0.0,train,../data/images/hERG/2300.png
2301.0,CCN(CC)C(=O)c1ccc(C(=C2CCN(Cc3ccc(F)cc3)CC2)c2cccc(NC(C)=O)c2)cc1,1.0,train,../data/images/hERG/2301.png
2302.0,CCc1oc(CCc2cc(N3CCOCC3)cc(NC(C)C)n2)nc1C,1.0,train,../data/images/hERG/2302.png
2303.0,CC(C)Cc1cc(C(=O)NCC2(C#N)CCN(CC3=Cc4ccccc4OC3(C)C)CC2)nn1-c1ccccc1,1.0,train,../data/images/hERG/2303.png
2304.0,O=C(c1cccc(Cl)c1Cl)N(c1ccccc1)[C@H]1CCNC1,1.0,train,../data/images/hERG/2304.png
2305.0,Cc1nc(Oc2ccc(C(=O)O)cc2)ccc1CN1CCC(N2C(=O)N(C3CCOCC3)C[C@H]2c2cccc(Cl)c2)CC1,1.0,train,../data/images/hERG/2305.png
2306.0,N#Cc1ccc(OC2CNC(C(=O)N3CCCN(C4CCC4)CC3)C2)cc1,1.0,train,../data/images/hERG/2306.png
2307.0,Cc1nsc(-c2nnc3n2CCN(C(=O)c2ccc(F)cc2)[C@@H]3CCO)n1,0.0,train,../data/images/hERG/2307.png
2308.0,C[C@@H]1NC(c2cccc(C#N)c2)=N[C@@]1(c1ccc(F)cc1)c1ccc(F)nc1,1.0,train,../data/images/hERG/2308.png
2309.0,Cc1c(OS(C)(=O)=O)ccc2c1C(=O)N(Cc1ccccc1-c1ccccc1)C2C(=O)NC(C)(C)C,0.0,train,../data/images/hERG/2309.png
2310.0,NC(=O)c1cccc(O[C@H]2C[C@H]3CC[C@@H](C2)N3Cc2ccccc2)c1,1.0,train,../data/images/hERG/2310.png
2311.0,CC(C)COc1ccccc1CN1CCC2(CC1)CCN(C(=O)c1ccncc1)CC2,1.0,train,../data/images/hERG/2311.png
2312.0,Cc1c2c(n3c1CCN(C(=O)[C@H](C)N)C[C@@H](C)[C@H](C)Nc1cc-3ccc1C(N)=O)CC(C)(C)CC2=O,0.0,train,../data/images/hERG/2312.png
2313.0,Nc1ccccc1NC(=O)/C=C/c1ccc([C@H]2CN(CCO)C[C@@H]2C(=O)Nc2ccc(Cl)cc2)cc1,0.0,train,../data/images/hERG/2313.png
2314.0,NC(=O)Nc1cc(-c2cccc(F)c2)sc1C(=O)N[C@H]1CCCNC1,0.0,train,../data/images/hERG/2314.png
2315.0,COc1cccc2c1nc(N)n1nc(CN3CCN(c4cccc(F)c4)C[C@H]3C)nc21,0.0,train,../data/images/hERG/2315.png
2316.0,Cc1ccc(NC(=O)[C@H](COC2CCC2)Oc2ncnc3c2cnn3-c2ncccc2Cl)nc1,0.0,train,../data/images/hERG/2316.png
2317.0,O=C1N(CCN2Cc3ccccc3C2)CCN1c1cccc(OC(F)(F)F)c1,1.0,train,../data/images/hERG/2317.png
2318.0,C[C@@H](c1ccc(-c2ccc(=O)n(C)c2)cc1)[C@H](N)C(=O)N1CC[C@H](F)C1,0.0,train,../data/images/hERG/2318.png
2319.0,CS(=O)(=O)Nc1ccc(OC[C@@H](O)CN(CCc2ccc(Cl)c(Cl)c2)Cc2ccccc2O)cc1,1.0,train,../data/images/hERG/2319.png
2320.0,CNC(=O)c1cc(-c2ccc3c(N4CCOC[C@@H]4C)nc(N4CCOC[C@@H]4C)nc3n2)ccc1OC,0.0,train,../data/images/hERG/2320.png
2321.0,CC(C)N1CCN(Cc2cnc(-c3ccc(C(=O)Nc4ccccc4N)cc3)c(Cl)c2)CC1,1.0,train,../data/images/hERG/2321.png
2322.0,C[C@H](Oc1cccc2ncnc(Nc3ccc(OCc4ccccn4)c(Cl)c3)c12)C(=O)N(C)C,1.0,train,../data/images/hERG/2322.png
2323.0,CC(C)NC(=O)NS(=O)(=O)c1ccc(OCCCN2CCCC2)cc1,0.0,train,../data/images/hERG/2323.png
2324.0,CNC[C@@H](O)CCN1c2ccccc2N(c2ccccc2F)S1(=O)=O,0.0,train,../data/images/hERG/2324.png
2325.0,N[C@@H](Cn1c(=O)cnc2ccc(F)cc21)[C@H]1CC[C@H](NCc2ccc3c(n2)NC(=O)CO3)CC1,0.0,train,../data/images/hERG/2325.png
2326.0,O=C(O)Cc1cccc(N2CCC(CN3CCC(Oc4ccc(Cl)c(Cl)c4)CC3)CC2)c1,0.0,train,../data/images/hERG/2326.png
2327.0,Cc1ccc2c(-c3nnc(SCCCN4CCc5ccc(-c6cc(C)nn6C)cc5CC4)n3C)cccc2n1,1.0,train,../data/images/hERG/2327.png
2328.0,Cc1ccc2c(-c3nnc(SCCCN4CCc5cc6onc(C)c6cc5CC4)n3C)cccc2n1,1.0,train,../data/images/hERG/2328.png
2329.0,O=c1cc(OCc2ccccc2)ccn1-c1ccc(OCCN2CCCCC2)cc1,1.0,train,../data/images/hERG/2329.png
2330.0,O=C(c1ccc(Oc2cccc(F)c2)nc1)N1CCCN(C2CCC2)CC1,1.0,train,../data/images/hERG/2330.png
2331.0,CC(=O)N1CCN(CCOc2ccc(C3(O)CCN(c4ccc5nnc(C(F)(F)F)n5n4)CC3)cc2)CC1,0.0,train,../data/images/hERG/2331.png
2332.0,Cc1nc(-n2cnnn2)ccc1CC(=O)N1CCN(CCc2ccc3c(c2C)COC3=O)CC1,1.0,train,../data/images/hERG/2332.png
2333.0,O=C(O)COc1cccc(N2CCC(CN3CCC(Oc4ccc(Cl)c(Cl)c4)CC3)CC2)c1,1.0,train,../data/images/hERG/2333.png
2334.0,CCN1CCN(c2cc3[nH]c(SC4(C)CCC(NC(=O)OC)C4)nc3cc2Cl)CC1,1.0,train,../data/images/hERG/2334.png
2335.0,Cc1cccc(Nc2nc(N[C@@H]3CCCNC3)ncc2C(N)=O)c1,1.0,train,../data/images/hERG/2335.png
2336.0,O=C(CC1CCN(Cc2ccn(-c3ccc(C(F)(F)F)cc3)c2)CC1)NC(c1ccc(F)cc1)c1c[nH]c(=O)c(Cl)c1,0.0,train,../data/images/hERG/2336.png
2337.0,O=C(NC1CC1)c1cn(-c2cccc(C#Cc3ccc[n+]([O-])c3)c2)c2ncccc2c1=O,0.0,train,../data/images/hERG/2337.png
2338.0,Cc1ccc(Oc2ccc(Nc3ncnc4cccc(O[C@H](C)C(=O)N(C)CCO)c34)cc2C)cn1,0.0,train,../data/images/hERG/2338.png
2339.0,CN1CCN(c2ncnc3c2nc(-c2ccccc2Cl)n3-c2ccc(Cl)cc2)CC1,1.0,train,../data/images/hERG/2339.png
2340.0,O=C(N[C@@H]1CN2CCC1CC2)c1cccc2oc(N3CCOCC3)nc12,1.0,train,../data/images/hERG/2340.png
2341.0,CC(=O)N1CC2CN(Cc3ccc(Oc4nc5ncccc5s4)cc3)CC2C1,0.0,train,../data/images/hERG/2341.png
2342.0,Cc1[nH]c2ccccc2c1CCN(CCF)Cc1ccc(/C=C/C(=O)NO)cc1,1.0,train,../data/images/hERG/2342.png
2343.0,C[C@@H](CO)OC[C@H](Oc1ncnc2c1cnn2-c1ncccc1Cl)C(=O)Nc1ccc(Cl)cn1,0.0,train,../data/images/hERG/2343.png
2344.0,Nc1cncc(Nc2ccc(Oc3ccc(OC(F)(F)F)cc3)cc2)n1,1.0,train,../data/images/hERG/2344.png
2345.0,Cc1ccccc1CN(c1ccc(C#N)c(Cl)c1)[C@H]1CCN(S(C)(=O)=O)C1,1.0,train,../data/images/hERG/2345.png
2346.0,Cc1ccc(-c2cnc3nc(N4CCC(N5CCCCC5)CC4)sc3c2)cn1,1.0,train,../data/images/hERG/2346.png
2347.0,Cc1nc2ccccc2n1C1CC2CCC(C1)N2CCC1(c2cccc(F)c2)CCN(C(=O)c2cc(NS(C)(=O)=O)c(F)cc2F)CC1,0.0,train,../data/images/hERG/2347.png
2348.0,NCC(=O)N1CCn2c(nc(-c3cccc(F)c3)c2Nc2ccc(F)cc2)C1,0.0,train,../data/images/hERG/2348.png
2349.0,COc1ccc2nccc([C@H](O)CC[C@@H]3CCN(CCSc4cccs4)C[C@@H]3C(=O)O)c2c1,0.0,train,../data/images/hERG/2349.png
2350.0,CS(=O)(=O)Nc1ccc(OC[C@@H](O)CN(CCc2ccc(Cl)c(Cl)c2)Cc2ccccc2F)cc1,1.0,train,../data/images/hERG/2350.png
2351.0,Cc1cc(C#N)nc2c(CCC34CCC(NCc5ccc6c(n5)NC(=O)CO6)(CC3)CO4)ccnc12,1.0,train,../data/images/hERG/2351.png
2352.0,CN(C)C(=O)C(CO)N(C)Cc1ccc2c(c1)CC[C@H](N1CCN(CCc3ccc(F)cc3)CC1=O)C2,0.0,train,../data/images/hERG/2352.png
2353.0,O=C(C1CC12CCNCC2)N1CCN(C2CCCCC2)CC1,0.0,train,../data/images/hERG/2353.png
2354.0,CN(C)C(=O)c1ccc(C2=CC3(CCNCC3)Oc3ccccc32)cc1,0.0,train,../data/images/hERG/2354.png
2355.0,O=C(CCCN1CC=C(n2c(=O)[nH]c3ccccc32)CC1)c1ccc(F)cc1,1.0,train,../data/images/hERG/2355.png
2356.0,CC(=O)NCCc1ccccc1-c1ccc([C@H]2CNCC[C@]2(O)c2ccc(F)c(F)c2)c(C)c1,1.0,train,../data/images/hERG/2356.png
2357.0,COc1ccc([C@@H](C)N[C@@H]2CC[C@@H](C(=O)C3CCC(NC(C)=O)(c4ccccc4)CC3)C(C)(C)C2)cc1,0.0,train,../data/images/hERG/2357.png
2358.0,CCCCC(=O)O[C@@H](C(=O)N1N=CC[C@H]1C(=O)NCc1cc(Cl)ccc1-n1cnnn1)c1ccc(F)cc1,0.0,train,../data/images/hERG/2358.png
2359.0,N#Cc1cnccc1COc1cnc(N2CC3CCC(C2)N3C(=O)OCC(F)(F)F)nc1,0.0,train,../data/images/hERG/2359.png
2360.0,CC(=O)N1CCC(n2ncc(Nc3ncc(Cl)c(-c4cnn5ccccc45)n3)c2C)CC1,0.0,train,../data/images/hERG/2360.png
2361.0,Nc1nc2cc3c(cc2s1)CCN(Cc1cscn1)CC3,0.0,train,../data/images/hERG/2361.png
2362.0,FC(F)(F)c1cc(Cl)cc(COCC2(c3ccccc3)CCNCC2)c1,1.0,train,../data/images/hERG/2362.png
2363.0,COc1ccc2c(C(=O)NCCO)nc(C#N)c(-c3ccccc3)c2c1,0.0,train,../data/images/hERG/2363.png
2364.0,C[C@@H]1CN(CC(F)F)CCN1c1cc2[nH]c(SC(C)(C)C)nc2cc1Cl,0.0,train,../data/images/hERG/2364.png
2365.0,CN1CCC(COCc2cc(C(F)(F)F)cc(C3CCCC3)n2)(c2ccc(F)cc2)CC1,0.0,train,../data/images/hERG/2365.png
2366.0,CC(=O)NCCc1ccccc1-c1ccc([C@H]2CNCC[C@@H]2c2ccc(F)c(F)c2)c(Cl)c1,1.0,train,../data/images/hERG/2366.png
2367.0,C[C@@H]([C@@H](O)c1ccc(O)cc1)N1CCC(O)(c2ccccc2)CC1,1.0,train,../data/images/hERG/2367.png
2368.0,Cc1c(C(C)CN2CCN(C(=O)Cc3ccc(-n4cnnn4)nc3)CC2)ccc2c1COC2=O,0.0,train,../data/images/hERG/2368.png
2369.0,CC(C)N(C)[C@@H]1CC[C@H](N2CC[C@H](NC(=O)c3cccc(C(C)(C)C)c3)C2=O)[C@H](CS(=O)(=O)C(C)C)C1,0.0,train,../data/images/hERG/2369.png
2370.0,CS(=O)(=O)c1cc(CCN2CCN(CCc3ccc4c(c3)COC4=O)CC2)ccc1C#N,1.0,train,../data/images/hERG/2370.png
2371.0,C[C@@H](N1CCn2nc(-c3ccc(C#N)nc3)nc2C1)[C@](O)(Cn1cncn1)c1ccc(F)cc1F,0.0,train,../data/images/hERG/2371.png
2372.0,CC(C)(C)n1ncc2c1C(=O)CC1(CCN(C(=O)c3ccc4[nH]ncc4c3)CC1)C2,0.0,train,../data/images/hERG/2372.png
2373.0,Cc1ccc(OC(C)C)c(-c2ccc(N3CC(CNC(=O)c4ccc(-c5nc6cc(C#N)cc(C(C)C)c6o5)cc4)OC3=O)nc2)c1,0.0,train,../data/images/hERG/2373.png
2374.0,N#CC1(NC(=O)[C@@H]2CCCC[C@H]2C(=O)N2CCN(c3nccs3)CC2)CC1,0.0,train,../data/images/hERG/2374.png
2375.0,CS(=O)(=O)NCC(NC(=O)C1(N)CCN(c2ncnc3[nH]ccc23)CC1)c1ccc(Cl)cc1,0.0,train,../data/images/hERG/2375.png
2376.0,COc1ncnc(Cn2cc(C(=O)NCCF)c3ncc(C)cc32)c1C,0.0,train,../data/images/hERG/2376.png
2377.0,O=C1COc2ccccc2N1CCCN1CCC(n2c(=O)[nH]c3ccc(F)cc32)CC1,1.0,train,../data/images/hERG/2377.png
2378.0,CC(C)[C@@H](Nc1nc2cc[nH]c(=O)c2c2cc(F)ccc12)C(F)(F)F,1.0,train,../data/images/hERG/2378.png
2379.0,N#Cc1c[nH]c(C(=O)Nc2ccc(C3CCN(CCN4CCOCC4)CC3)cc2C2=CCCCC2)n1,0.0,train,../data/images/hERG/2379.png
2380.0,O=C(O)c1ccccc1C(=O)N1CCC(CN2CCC(Oc3ccc(CO)c(Cl)c3)CC2)CC1,0.0,train,../data/images/hERG/2380.png
2381.0,C[C@@H](NC(=O)c1ccc(-c2ccc(Cl)cc2)o1)C(=O)N1CCN(CCCOc2ccc(C(=O)C3CC3)cc2)CC1,1.0,train,../data/images/hERG/2381.png
2382.0,CNCC[C@@H](Oc1ccccc1C)c1ccccc1,1.0,train,../data/images/hERG/2382.png
2383.0,O=C1COc2ccc(CNC3CCN(CCn4c(=O)ccc5ncc(OCc6ccccn6)cc54)CC3)nc2N1,0.0,train,../data/images/hERG/2383.png
2384.0,Cc1nn(-c2ccnc(Nc3ccc4c(c3)c(Cl)c(C)n4C)n2)cc1CN1CC(O)C1,0.0,train,../data/images/hERG/2384.png
2385.0,c1ccc(C(Cc2cccc3c2OCC3)N2CCNCC2)cc1,0.0,train,../data/images/hERG/2385.png
2386.0,CCOC(=O)C1(C)Oc2ccc(CNC34CCC(CCc5c(F)cnc6ccc(OC)nc56)(CC3)OC4)nc2NC1=O,1.0,train,../data/images/hERG/2386.png
2387.0,Cc1cc(C)nc(N2C[C@H]3CN(C(=O)c4ccc(F)cc4-n4nccn4)C[C@H]3C2)n1,0.0,train,../data/images/hERG/2387.png
2388.0,CCC(=O)c1cn(-c2ccc(F)cc2)c2ccc(Cl)cc12,0.0,train,../data/images/hERG/2388.png
2389.0,COc1ccc2ncc(S(C)(=O)=O)c(CCC34CCC(NCc5ccc6c(n5)NC(=O)CO6)(CC3)CO4)c2n1,1.0,train,../data/images/hERG/2389.png
2390.0,COc1cc(OC2CCN(C(C)=O)CC2)ccc1Nc1ncc(Cl)c(-c2cnc3ccccn23)n1,1.0,train,../data/images/hERG/2390.png
2391.0,COC1COCCC1N[C@@H]1C[C@H]2CN(C(=O)OCC(C)(C)C)C[C@@]2(C(=O)N2CCc3ncc(C(F)(F)F)cc3C2)C1,0.0,train,../data/images/hERG/2391.png
2392.0,Nc1nc2cc3c(cc2s1)CCN(C1CC1)CC3,0.0,train,../data/images/hERG/2392.png
2393.0,COc1ccc2ncc(C(F)(F)F)c(CCC34CCC(NCc5ccc6c(n5)NC(=O)CO6)(CC3)CO4)c2n1,1.0,train,../data/images/hERG/2393.png
2394.0,Cc1cc(-c2ccc3c(c2)CCN(CCCSc2nnc(-c4ccc5nc(C)c(C)nc5c4)n2C)CC3)no1,1.0,train,../data/images/hERG/2394.png
2395.0,c1cncc(-c2ccc(-c3nnc(C4CN5CCC4CC5)o3)o2)c1,0.0,train,../data/images/hERG/2395.png
2396.0,O=C([C@@H]1C[C@H]1c1ccc(C(F)(F)F)cc1)N1CCN(S(=O)(=O)c2cc(C(F)(F)F)cc(C(F)(F)CO)c2)CC1,1.0,train,../data/images/hERG/2396.png
2397.0,Fc1ccccc1-c1nc2ccn(Cc3ccc(-c4ccc(C(F)(F)F)cc4C(F)(F)F)nn3)cc-2n1,1.0,train,../data/images/hERG/2397.png
2398.0,CC(C)CN1[C@H](c2ccc(/C=C/C(=O)O)cc2)c2ccc(O)cc2C[C@H]1C,0.0,train,../data/images/hERG/2398.png
2399.0,C[C@@H]1Cn2ncc(C3CCN(S(C)(=O)=O)CC3)c2CN1c1ccnc2[nH]ccc12,0.0,train,../data/images/hERG/2399.png
2400.0,Fc1ccc(C2CC=CCNC2)cc1Cl,0.0,train,../data/images/hERG/2400.png
2401.0,COc1ccc2ncc(=O)n(CCN3CC[C@@H](NCc4ccc5c(n4)NC(=O)CO5)[C@@H](O)C3)c2c1,0.0,train,../data/images/hERG/2401.png
2402.0,COc1cnc2ncc(=O)n(CCN3CCC(NCc4cnc(C)c(C#N)c4)CC3)c2c1,0.0,train,../data/images/hERG/2402.png
2403.0,C[C@@H]1CCCN1CCc1ccc2nc(C(C)(C)C)ccc2c1,1.0,train,../data/images/hERG/2403.png
2404.0,CC(C)(C)NCCCc1cc(-c2cccc(C(F)(F)F)c2)nc(C#N)n1,1.0,train,../data/images/hERG/2404.png
2405.0,CC1CCCN1CCc1ccc2nc(-c3cccs3)ccc2c1,1.0,train,../data/images/hERG/2405.png
2406.0,CCNC1(CNC(=O)N2CCC(c3nc(-c4ccc5ccccc5n4)no3)CC2)CCCC1,0.0,train,../data/images/hERG/2406.png
2407.0,COc1ccc2nccc([C@@H](O)CC[C@@H]3CCN(CCSc4ccco4)C[C@@H]3C(=O)O)c2c1,0.0,train,../data/images/hERG/2407.png
2408.0,CCOc1ccc(-n2nc3c(N4CC(OC)C4)nnc(C)c3c2C)c(F)c1,1.0,train,../data/images/hERG/2408.png
2409.0,Cn1cc([C@H]2C[C@H]3CSC(N)=N[C@@]3(c3ccc(F)cc3F)CO2)cn1,1.0,train,../data/images/hERG/2409.png
2410.0,Cc1ncc(-c2ccnc(Nc3ccc(N4CCN(C(=O)CN(C)C)CC4)cc3)n2)n1C(C)C,0.0,train,../data/images/hERG/2410.png
2411.0,O=C(CNc1n[nH]c2ccc(C(F)(F)F)cc12)NC1CN([C@H]2CC[C@@H](n3ccccc3=O)CC2)C1,0.0,train,../data/images/hERG/2411.png
2412.0,CNCc1ccc(Cl)cc1Oc1ccc(Cl)c(Cl)c1,1.0,train,../data/images/hERG/2412.png
2413.0,Cc1cc(C(N)=O)ccc1O[C@H]1C[C@H]2CC[C@@H](C1)N2Cc1ccccc1,1.0,train,../data/images/hERG/2413.png
2414.0,COc1cc2nnc(C(N)=O)c(Nc3ccc(C)cc3F)c2cc1N1CCC(OC)CC1,0.0,train,../data/images/hERG/2414.png
2415.0,COc1cc2c(cc1Nc1ncc(Cl)c(Nc3ccccc3S(=O)(=O)C(C)C)n1)CCC(N)C2(C)C,0.0,train,../data/images/hERG/2415.png
2416.0,CS(=O)(=O)Nc1ccc(OC[C@@H](O)CN(CCc2ccc(Cl)c(Cl)c2)Cc2cccc(O)c2)cc1,1.0,train,../data/images/hERG/2416.png
2417.0,C[C@@H]1CCCN1CCN1CCc2cc(-c3ccc(C#N)cc3)ccc2C1=O,1.0,train,../data/images/hERG/2417.png
2418.0,Cc1ncn(-c2cc(Cl)c(C(=O)NC[C@@H](c3cccc(F)c3)c3nc4c(C)cc(Cl)cc4[nH]3)c(Cl)c2)n1,1.0,train,../data/images/hERG/2418.png
2419.0,CC(=O)c1sc(NC(=O)N[C@@H]2CN(C(C)=O)CC[C@H]2CN2CCC[C@@H](Cc3ccc(F)cc3)C2)nc1C,1.0,train,../data/images/hERG/2419.png
2420.0,COc1cc2nnc(C(N)=O)c(Nc3ccc(C)cc3F)c2cc1N1CCC(N(C)C)CC1,0.0,train,../data/images/hERG/2420.png
2421.0,O=C(Nc1ccc(-c2nnc(NCCCCN3CCCCC3)o2)cc1)c1ccccc1F,0.0,train,../data/images/hERG/2421.png
2422.0,CC(C)N1CCN(C(=O)c2ccc(CN3CCCCC3)cc2)CC1,0.0,train,../data/images/hERG/2422.png
2423.0,COC1COCCC1N[C@@H]1C[C@H]2CN(C(=O)OCC(C)C)C[C@@]2(C(=O)N2CCc3ncc(C(F)(F)F)cc3C2)C1,0.0,train,../data/images/hERG/2423.png
2424.0,COc1cnc(-c2cccc3c2C[C@H](NC(=O)c2ccc(COCC(F)(F)F)nc2)CO3)cn1,0.0,train,../data/images/hERG/2424.png
2425.0,Cc1nc(C(=O)NCCCN2CCN(c3cccc(Cl)c3Cl)CC2)c(C)n1-c1ccccc1,1.0,train,../data/images/hERG/2425.png
2426.0,COc1ccc([C@H]2CN(CCc3cccc(OC)c3)C[C@@H]2CNC(=O)c2cccc(Cl)c2)cc1,1.0,train,../data/images/hERG/2426.png
2427.0,CN(C)C(=N)c1ccc(C(=O)Nc2ccc(Cl)cc2C(=O)Nc2ccc(Cl)cn2)cc1,1.0,train,../data/images/hERG/2427.png
2428.0,CCNC(=O)[C@@H]1C[C@@H](NC(=O)c2cc(CC)nn2C)CN1C(=O)c1coc2ccccc12,0.0,train,../data/images/hERG/2428.png
2429.0,CC(=O)C1=NN2c3cc(F)ccc3OC[C@H]2[C@@]1(CCCN(C)C)c1ccccc1,1.0,train,../data/images/hERG/2429.png
2430.0,Cc1ccc(OC(=O)N(CC(=O)O)Cc2cccc(OCc3nc(-c4cccc(Cl)c4)oc3C)c2)cc1,1.0,train,../data/images/hERG/2430.png
2431.0,CN([C@H]1c2cc(OCCCC(F)(F)F)ccc2OC(C)(C)[C@@H]1O)S(C)(=O)=O,0.0,train,../data/images/hERG/2431.png
2432.0,c1ccc2sc(Oc3ccc(CN4CCCCC4)cc3)nc2c1,0.0,train,../data/images/hERG/2432.png
2433.0,O=C(Nc1ccc(-c2nnc(NCCCN3CCN4CCC3CC4)o2)cc1)c1ccccc1F,0.0,train,../data/images/hERG/2433.png
2434.0,CN(C(=O)Cc1ccc(S(C)(=O)=O)c(F)c1)C1CCN(Cc2ccc(C(F)(F)F)cc2)CC1,1.0,train,../data/images/hERG/2434.png
2435.0,CNC(=O)c1cc(-c2ccc3c(N4CCOC[C@@H]4C)nc(N4CCOC[C@@H]4C)nc3n2)ccc1OC(F)F,0.0,train,../data/images/hERG/2435.png
2436.0,COc1c(C(C)(C)C)cc(C(=O)N2CCN(C(=O)CCCCC(c3ccc(F)cc3)c3ccc(F)cc3)C[C@@H]2C)cc1C(C)(C)C,1.0,train,../data/images/hERG/2436.png
2437.0,Cc1ccccc1C1CCN(C[C@@H]2CCc3cccnc3[C@@H](O)C2)CC1,1.0,train,../data/images/hERG/2437.png
2438.0,Cc1cc(C)nc(Nc2cc(N[C@@H]3CCCC[C@@H]3N)cnc2C(N)=O)c1,1.0,train,../data/images/hERG/2438.png
2439.0,C[C@@H](Oc1cccc2ncnc(Nc3ccc(OCc4ccccn4)c(Cl)c3)c12)C(=O)N1CCOCC1,1.0,train,../data/images/hERG/2439.png
2440.0,Cc1nc([C@]2(c3cnn(C)c3)N[C@@H](c3nc(-c4ccccc4)c[nH]3)Cc3c2[nH]c2ccccc32)no1,1.0,train,../data/images/hERG/2440.png
2441.0,O[C@@H](COc1ccc(F)cc1)CN1CCN(Cc2ccc(Cl)c(Cl)c2)CC1,1.0,train,../data/images/hERG/2441.png
2442.0,COc1cc(-c2cn(C3CCc4ccccc4N(Cc4ccccc4)C3=O)nn2)ccc1-n1cnc(C)c1,1.0,train,../data/images/hERG/2442.png
2443.0,COC(=O)C1=CC[C@@H]2CC[C@H]1N2C,0.0,train,../data/images/hERG/2443.png
2444.0,COc1ccc(-n2cnc3c(-c4ccccc4F)csc3c2=O)cc1,0.0,train,../data/images/hERG/2444.png
2445.0,COc1ccc([C@H]2CN(CCc3ccc(OC)c(OC)c3)C[C@@H]2CC(=O)NCc2cccc(Cl)c2)cc1,1.0,train,../data/images/hERG/2445.png
2446.0,N#Cc1ccc2[nH]c([C@H]3CC[C@]4(CC3)CN(c3ccccn3)C(=O)O4)nc2c1,0.0,train,../data/images/hERG/2446.png
2447.0,C1=CCC(c2cc3ccccc3o2)CNC1,0.0,train,../data/images/hERG/2447.png
2448.0,C[C@@H]1CCCN1CCN1CCc2cc(-c3ccc(C(=O)N4CCCC4)cc3)ccc2C1=O,1.0,train,../data/images/hERG/2448.png
2449.0,O=C(N1CCc2ncc(C(F)(F)F)cc2C1)[C@@]12CCO[C@@H]1C[C@@H](NC1CCOCC1)C2,0.0,train,../data/images/hERG/2449.png
2450.0,Cc1cc2[nH]c(C3CCN(CCn4c(=O)ccc5ncc(F)cc54)CC3)nc2cc1Cl,1.0,train,../data/images/hERG/2450.png
2451.0,Cn1cnc(C(=O)N(Cc2cccc(OC(F)(F)F)c2)C[C@H]2[C@@H]3CN(CC4CCCC4)C[C@@H]32)c1,1.0,train,../data/images/hERG/2451.png
2452.0,CC(=O)Nc1ccc(CC(=O)N(C)C2CCN(Cc3ccc(C(F)(F)F)cc3)CC2)cc1,1.0,train,../data/images/hERG/2452.png
2453.0,CCOC[C@@H](CC(C)C)NC(=O)[C@@H]1CNC[C@H](C(=O)N(c2cc(OCCCOC)c(C(C)C)cn2)C2CC2)C1,0.0,train,../data/images/hERG/2453.png
2454.0,CCOc1cc2ncc(C(N)=O)c(Nc3ccc(F)cc3F)c2cc1N1CCCN(C)CC1,1.0,train,../data/images/hERG/2454.png
2455.0,Cc1nc2cc3c(cc2o1)CCN(CCCSc1nnc(-c2ocnc2C)n1C)CC3,0.0,train,../data/images/hERG/2455.png
2456.0,O=C(CNCC1CCCCC1)N1CCc2ccccc2C1C1CCCCC1,0.0,train,../data/images/hERG/2456.png
2457.0,CNc1nc(NCCCN(C)C)c2sc(-c3ccc(N4CCOCC4)cc3)cc2n1,1.0,train,../data/images/hERG/2457.png
2458.0,CNc1cc(Nc2cnc(C#N)c(O[C@H](C)CN(C)C)n2)ncc1C(F)(F)F,1.0,train,../data/images/hERG/2458.png
2459.0,Cc1ncoc1-c1nnc(SCCCN2CCc3nc4cc(C(F)(F)F)ccn4c3CC2)n1C,1.0,train,../data/images/hERG/2459.png
2460.0,Cn1cc([C@@]2(c3noc(O)n3)N[C@@H](c3nc(-c4ccc(F)cn4)c[nH]3)Cc3c2[nH]c2ccccc32)cn1,1.0,train,../data/images/hERG/2460.png
2461.0,COc1cccc(N2CCN(Cc3nc4c5cccc(OC)c5nc(N)n4n3)[C@H](C)C2)c1,0.0,train,../data/images/hERG/2461.png
2462.0,CC(CN1CCN(CCc2ccc([N+](=O)[O-])cc2)CC1)c1ccc([N+](=O)[O-])cc1,1.0,train,../data/images/hERG/2462.png
2463.0,CS(=O)(=O)Cc1cc(N2CC3CCC(C2)O3)nc(-c2ccc3[nH]ccc3c2)n1,0.0,train,../data/images/hERG/2463.png
2464.0,COc1ccc2ncc(F)c(CCC34CCC(NCc5nc6c(c(C)c5F)OCC(=O)N6)(CC3)CO4)c2n1,1.0,train,../data/images/hERG/2464.png
2465.0,CC(C)(C)NCc1ccc(Nc2ccnc3cc(Cl)ccc23)cc1O,1.0,train,../data/images/hERG/2465.png
2466.0,CCc1cc(Oc2cc(Cl)ccc2CNC)ccc1Cl,1.0,train,../data/images/hERG/2466.png
2467.0,CN(C)CCCn1ncc2cc(-n3ccc(OCc4ccccc4)cc3=O)ccc21,1.0,train,../data/images/hERG/2467.png
2468.0,CCC(NCCCC[C@@H](Nc1cc(C)c(F)c(C)c1)C(=O)NO)c1ccc(F)cc1,1.0,train,../data/images/hERG/2468.png
2469.0,CS(=O)(=O)N1CCN(Cc2ccc3c(c2)CC[C@H](N2CCN(CCc4ccc(F)cc4)CC2=O)C3)CC1,0.0,train,../data/images/hERG/2469.png
2470.0,Cc1nc2c(s1)CC[C@H]2C(=O)Nc1ccc(C[C@@H]2CC[C@H]([C@H](O)c3cccnc3)N2)cc1,0.0,train,../data/images/hERG/2470.png
2471.0,CC1(C)CC(NC(=O)CC(O)C(F)(F)F)c2cc(-c3ccc(Cl)cc3)c(-c3ccc(Cl)cc3Cl)nc2O1,1.0,train,../data/images/hERG/2471.png
2472.0,C#Cc1cnc(Nc2cnc(C#N)c(O[C@H](C)CN(C)C)n2)cc1NC,1.0,train,../data/images/hERG/2472.png
2473.0,COc1ccc([C@H]2CN(CCc3ccc(OC)c(OC)c3)C[C@@H]2Cc2nc3ccc(Cl)cc3[nH]2)cc1,1.0,train,../data/images/hERG/2473.png
2474.0,CC(C)S(=O)(=O)N1CCC2(CCN(C(=O)N3CCCN(C4CCC4)CC3)C2)CC1,0.0,train,../data/images/hERG/2474.png
2475.0,CC(C)N1CCN(C(=O)C2CC3(CCN(C4CCOCC4)CC3)C2)CC1,0.0,train,../data/images/hERG/2475.png
2476.0,COc1ccc(C2(c3cccc(-c4cncnc4)c3)N=C(N)n3nc(C)cc32)cc1,1.0,train,../data/images/hERG/2476.png
2477.0,CC(C)N(CCc1c(C(C)(C)O)[nH]c2ccccc12)Cc1ccc(/C=C/C(=O)NO)cc1,0.0,train,../data/images/hERG/2477.png
2478.0,O=C(C1CC2(CCN(C3CCOCC3)CC2)C1)N1CCN(C2CCC2)CC1,0.0,train,../data/images/hERG/2478.png
2479.0,CCCn1c(-c2ccccc2)cc(C(=O)N(C)CCCN2CCN(c3cccc(C)c3C)CC2)c1C,1.0,train,../data/images/hERG/2479.png
2480.0,Cc1cnc(NC(=O)[C@H](COC(C)C)Oc2ncnc3c2cnn3-c2ccccc2Cl)cn1,0.0,train,../data/images/hERG/2480.png
2481.0,CSc1ncc([C@]2(O)CC[C@H](N3CC(NC(=O)CNC(=O)c4cccc(C(F)(F)F)c4)C3)CC2)s1,1.0,train,../data/images/hERG/2481.png
2482.0,Cc1nc(CNC2CCN(CCn3c(=O)ccc4ccc(C#N)cc43)CC2)ccc1C#N,1.0,train,../data/images/hERG/2482.png
2483.0,Cc1ccccc1S(=O)(=O)NC(=O)N1CCC(N2CCC(Oc3ccc(Cl)c(Cl)c3)CC2)CC1,0.0,train,../data/images/hERG/2483.png
2484.0,CNC(=O)c1cccc(OCCCCN2CCC(c3noc4cc(F)ccc34)CC2)c1,1.0,train,../data/images/hERG/2484.png
2485.0,NCCOc1ccc2ncc(F)c(CCC34CCC(NCc5ccc6c(n5)NC(=O)CO6)(CC3)CO4)c2n1,0.0,train,../data/images/hERG/2485.png
2486.0,Cc1ccc(OC(=O)N(CC(=O)O)Cc2cccc(OCc3nc(-c4ccc(F)cc4)oc3C)c2)cc1,0.0,train,../data/images/hERG/2486.png
2487.0,CCOC(=O)Nc1ccccc1[C@@H](c1ccc(C(=O)N(CC)CC)cc1)N1CCN(Cc2cscn2)CC1,1.0,train,../data/images/hERG/2487.png
2488.0,COC1COCCC1N(CCCO)[C@@H]1C[C@H]2OCC[C@@]2(C(=O)N2CCc3ncc(C(F)(F)F)cc3C2)C1,0.0,train,../data/images/hERG/2488.png
2489.0,O=c1[nH]ccc2nc(-c3ccc(CN4CCC(c5nnc(-c6ncccn6)[nH]5)CC4)cc3)c(-c3ccccc3)cc12,0.0,train,../data/images/hERG/2489.png
2490.0,COc1ccc(C2(c3cccc(-c4cncnc4)c3)CCC(N)=N2)cc1,0.0,train,../data/images/hERG/2490.png
2491.0,CC(=O)Nc1cccc(N2CCN(CCCCNS(=O)(=O)CC3CCCCC3)CC2)c1,1.0,train,../data/images/hERG/2491.png
2492.0,C#CCN(CC#C)C(=O)[C@@]1(c2cccs2)C[C@H]1CN,0.0,train,../data/images/hERG/2492.png
2493.0,O=c1ccc2ncc(F)c3c2n1C[C@@]3(O)CC12CCC(NC/C=C/c3ccc(F)cc3)(CC1)CO2,1.0,train,../data/images/hERG/2493.png
2494.0,O=C(/C=C/c1ccc2c(c1)C(=O)CC1(CCN(Cc3ccc(F)cc3)CC1)O2)NO,1.0,train,../data/images/hERG/2494.png
2495.0,CCCCN(CC)CC#CCOCc1ccc(Cl)cc1,1.0,train,../data/images/hERG/2495.png
2496.0,Cn1c(SCCCN2C[C@@H]3C[C@]3(c3ccc(C(F)(F)F)cc3)C2)nnc1-c1ccccc1,1.0,train,../data/images/hERG/2496.png
2497.0,COc1ccc(CC(=O)NCc2ccccc2-c2ccccc2C(=O)NCCc2cccnc2)cc1,1.0,train,../data/images/hERG/2497.png
2498.0,CC[C@H](C)[C@@H]1NC(=O)[C@H](Cc2ccccc2)N(C)C(=O)[C@H]([C@@H](C)CC)NC(=O)[C@H](Cc2ccccc2)N(C)C1=O,0.0,train,../data/images/hERG/2498.png
2499.0,N[C@H]1CO[C@@H]1COc1ccc2ncc(F)c(CCC34CCC(NCc5ccc6c(n5)NC(=O)CO6)(CC3)CO4)c2n1,0.0,train,../data/images/hERG/2499.png
2500.0,O=C(C1CC12CCN(C1CCOCC1)CC2)N1CCN(C2CCC2)CC1,0.0,train,../data/images/hERG/2500.png
2501.0,COC1COCCC1N[C@@H]1C[C@H]2CN(C(=O)/C=C/c3ccccc3)C[C@@]2(C(=O)N2CCc3ncc(C(F)(F)F)cc3C2)C1,0.0,train,../data/images/hERG/2501.png
2502.0,Cn1c(SCCCN2CC3CCN(c4ccc(C(F)(F)F)cc4)C3C2)nnc1-c1cc[nH]c(=O)c1,1.0,train,../data/images/hERG/2502.png
2503.0,CCn1cc([C@@]2(c3nn(CCN(C)C)c(=O)o3)N[C@@H](c3nc(-c4ccc(F)cn4)c[nH]3)Cc3c2[nH]c2ccccc32)cn1,1.0,train,../data/images/hERG/2503.png
2504.0,NC(=O)c1ccc(C2=CC3(CCNCC3)Oc3ccccc32)cc1,0.0,train,../data/images/hERG/2504.png
2505.0,CCOc1cc(CN2CCC(Nc3nc4cc(C(=O)O)ccc4o3)CC2)cc(OCC)c1Cl,0.0,train,../data/images/hERG/2505.png
2506.0,Cc1nn(-c2ncccc2Cl)cc1CN1CCC2(CC1)OCc1ccccc12,1.0,train,../data/images/hERG/2506.png
2507.0,COc1cc(N2CCOCC2)ccc1Nc1ncc(Cl)c(-c2cnc3ccccn23)n1,1.0,train,../data/images/hERG/2507.png
2508.0,Cc1nc2cc3c(cc2o1)CCN(CCCSc1nnc(-c2cccnc2)n1C)CC3,0.0,train,../data/images/hERG/2508.png
2509.0,CC(C)CNc1nc(C#N)nc(N2CCOCC2)c1N,0.0,train,../data/images/hERG/2509.png
2510.0,Cc1cccc(C)c1NC(=O)CC12CCCN1CCC2,0.0,train,../data/images/hERG/2510.png
2511.0,Cc1cc(OCCN2CCN(C)CC2)nn1-c1ccc(Cl)c(Cl)c1,1.0,train,../data/images/hERG/2511.png
2512.0,O=C(NC[C@@H](O)CN1CCC(Oc2ccc(Cl)c(Cl)c2)CC1)c1c[nH]nc1C1CC1,1.0,train,../data/images/hERG/2512.png
2513.0,O=c1cc(OCc2ccccc2F)ccn1-c1ccc(OCCN2CCCC2)cc1,1.0,train,../data/images/hERG/2513.png
2514.0,Cc1cccc(C)c1OCC(=O)N[C@@H](Cc1ccccc1)[C@@H](O)C[C@H](Cc1ccccc1)NC(=O)[C@H](C(C)C)N1CCCNC1=O,1.0,train,../data/images/hERG/2514.png
2515.0,CNCc1cc(-c2cn(C)nc2-c2ccc(F)cc2)ccn1,1.0,train,../data/images/hERG/2515.png
2516.0,CCc1oc(SCc2cc(N3CCOCC3)cc(NCC#N)n2)nc1C,1.0,train,../data/images/hERG/2516.png
2517.0,Nc1ccc(-c2cccs2)cc1NC(=O)c1ccc(CN2CCC3(CCCN3)CC2)cc1,1.0,train,../data/images/hERG/2517.png
2518.0,Cc1cc(-c2ccc3c(c2)CCN(CCCSc2nnc(C(C)(C)C)n2C)CC3)no1,1.0,train,../data/images/hERG/2518.png
2519.0,O=C(NCc1ccccc1)N(c1ccc(Br)cc1)C1CCN(Cc2ccnnc2)CC1,0.0,train,../data/images/hERG/2519.png
2520.0,O=C(NC1CCN(Cc2ccc3c(c2)OCO3)CC1)c1cc(=O)c2cc(F)c(F)cc2o1,1.0,train,../data/images/hERG/2520.png
2521.0,COc1ccc(CC(C)(C)NC[C@H](O)COc2cccc3[nH]c(=O)[nH]c23)cc1,0.0,train,../data/images/hERG/2521.png
2522.0,CC#Cc1cc(-c2n[nH]c3c2Cc2cc(CN4CCN(C)CC4)ccc2-3)cs1,1.0,train,../data/images/hERG/2522.png
2523.0,Cc1ncoc1-c1nnc(SCCCN2CCc3cc4c(cc3CC2)OCC(=O)N4)n1C,1.0,train,../data/images/hERG/2523.png
2524.0,Cc1cccc(C(=O)Nc2cccc(NC(=O)c3cccc(C(F)(F)F)c3)c2)c1,0.0,train,../data/images/hERG/2524.png
2525.0,N#Cc1ccc2ccc(=O)n(CCN3CCC(NCc4cc5c(cn4)OCCO5)CC3)c2c1,0.0,train,../data/images/hERG/2525.png
2526.0,O=C(/C=C/c1ccc2c(c1)CN(S(=O)(=O)c1cccc(C(F)(F)F)c1)C2)NO,0.0,train,../data/images/hERG/2526.png
2527.0,CCN(CC)C(=O)c1ccc(C2=CC3(CCN(C(C)=O)CC3)Oc3ccccc32)cc1,0.0,train,../data/images/hERG/2527.png
2528.0,CC(c1ccccc1Oc1ccc(Cl)c(Cl)c1)N(C)C,1.0,train,../data/images/hERG/2528.png
2529.0,Nc1cc(C(F)(F)F)c(-c2cc(N3CCOCC3)nc(N3CCOCC3)n2)cn1,0.0,train,../data/images/hERG/2529.png
2530.0,CN1CCN(Cc2ccc3cc(-n4cnc5cc(-c6ccc(Cl)cc6)sc5c4=O)ccc3n2)CC1,0.0,train,../data/images/hERG/2530.png
2531.0,CC(C)N1CCN(C(=O)N2CCC(Cc3ccccc3)CC2)CC1,0.0,train,../data/images/hERG/2531.png
2532.0,Cc1ncoc1-c1nnc(SCCCN2CCC3(CCc4c(Br)cccc43)C2)n1C,1.0,train,../data/images/hERG/2532.png
2533.0,COc1cccc(N2CCN(C[C@H](O)COc3ccc(C(F)(F)F)cc3)CC2)c1,1.0,train,../data/images/hERG/2533.png
2534.0,Cc1cnc(N2CCC(C3CCN(c4cc(C#N)nc(C)n4)CC3)CC2)nc1,1.0,train,../data/images/hERG/2534.png
2535.0,COc1cc(N2C(=O)N(c3ccc(-c4ccc(C#N)cc4)cc3)C(=O)C23CCN(Cc2ncccc2C)CC3)ncn1,1.0,train,../data/images/hERG/2535.png
2536.0,CC[C@@H](CC(=O)NCC1CCCCC1)n1c(N)nc2cc(Cl)ccc21,1.0,train,../data/images/hERG/2536.png
2537.0,N#Cc1cccnc1N1CCN([C@@H]2CN[C@H](C(=O)N3CCC(F)(F)C3)C2)CC1,0.0,train,../data/images/hERG/2537.png
2538.0,FC(F)(F)c1ccc(-c2c[nH]c([C@H]3Cc4c([nH]c5ccccc45)[C@@H](C4CCOCC4)N3)n2)cc1,1.0,train,../data/images/hERG/2538.png
2539.0,COc1cc(N2CCN(CCO)CC2)ccc1Nc1ncc(Cl)c(-c2cnc3ccccn23)n1,1.0,train,../data/images/hERG/2539.png
2540.0,c1ccc(C(Cc2ccccc2OCC2CC2)N2CCNCC2)cc1,1.0,train,../data/images/hERG/2540.png
2541.0,O=C(c1ccc(F)cc1)N1CCN(CCn2c(=O)[nH]c3ccccc3c2=O)CC1,1.0,train,../data/images/hERG/2541.png
2542.0,COc1c(C(C)(C)C)cc(C(=O)NC[C@@H]2CCN(C(=O)CCCCC(c3ccc(F)cc3)c3ccc(F)cc3)C2)cc1C(C)(C)C,1.0,train,../data/images/hERG/2542.png
2543.0,N[C@H]1C[C@@H](N2Cc3cnc(C(F)(F)F)nc3C2)CC[C@@H]1c1cc(F)c(F)cc1F,1.0,train,../data/images/hERG/2543.png
2544.0,CNC(=O)c1c(NCC2CCC3(CCCC3)CC2)nc(C#N)nc1OCC1CCN(C)CC1,1.0,train,../data/images/hERG/2544.png
2545.0,O=c1cc(OCc2ccc(F)cc2)ccn1-c1ccc(OCCN2CCCC2)cc1,1.0,train,../data/images/hERG/2545.png
2546.0,CC(C)(C)C(=O)N1Cc2ccc(/C=C/C(=O)NO)cc2C1,0.0,train,../data/images/hERG/2546.png
2547.0,O=C1CCCN1C1CCN(CCOc2ccc(Oc3nc4ncccc4s3)cc2)CC1,0.0,train,../data/images/hERG/2547.png
2548.0,COc1cc2ncc(F)c(CCC34CCC(NCc5ccc6c(n5)NC(=O)CO6)(CC3)CO4)c2nc1OC,1.0,train,../data/images/hERG/2548.png
2549.0,Fc1cnc2nc(N3CCN4CCC3CC4)oc2c1,1.0,train,../data/images/hERG/2549.png
2550.0,CNc1nc(NCC(F)(F)F)c2sc(-c3ccc(C(F)(F)F)cc3)cc2n1,0.0,train,../data/images/hERG/2550.png
2551.0,O=C(NCCN1CCC2(CC1)C(=O)NCN2c1cccc(F)c1)c1ccc(F)c(F)c1,0.0,train,../data/images/hERG/2551.png
2552.0,COc1cc(/C=C/c2nc3ccccc3c(=O)[nH]2)ccc1-n1cnc(C)c1,0.0,train,../data/images/hERG/2552.png
2553.0,N#Cc1cccc(Cl)c1-n1ncc2c(O[C@@H](COCCO)C(=O)Nc3ccc(F)cn3)ncnc21,0.0,train,../data/images/hERG/2553.png
2554.0,Cc1noc(C2CCN(C(=O)NC3CC3c3ccccc3)CC2)n1,0.0,train,../data/images/hERG/2554.png
2555.0,COc1cc(-c2cn(CC(=O)N(Cc3ccc(F)cc3)C3C4CC5CC(C4)CC3C5)nn2)ccc1-n1cnc(C)c1,1.0,train,../data/images/hERG/2555.png
2556.0,NC(=O)c1cccc(O[C@@H]2C[C@H]3CC[C@@H](C2)N3CC(=O)Nc2ccccc2)c1,1.0,train,../data/images/hERG/2556.png
2557.0,COc1ccccc1C(=O)Nc1cccc(NC(=O)c2cccc(C)c2)c1,0.0,train,../data/images/hERG/2557.png
2558.0,COc1ccc2nccc([C@@H](O)CC[C@@H]3CCN(C4CC(c5cc(F)cc(F)c5F)C4)C[C@@H]3C(=O)O)c2c1,0.0,train,../data/images/hERG/2558.png
2559.0,CN[C@H]1CC[C@@H](N2CCc3ccc(NC(=N)c4cccs4)cc32)CC1,0.0,train,../data/images/hERG/2559.png
2560.0,N#Cc1cc(F)cc(-c2nc(-c3ccccn3)no2)c1,0.0,train,../data/images/hERG/2560.png
2561.0,COc1cc(/C=C2\CCCN3C2=NO[C@]3(CO)c2ccc(F)cc2)ccc1-n1cnc(C)c1,1.0,train,../data/images/hERG/2561.png
2562.0,O=C1COc2ccc(CNC34CCC(CCc5c(F)cnc6ccc(OCC(F)(F)F)nc56)(CC3)OC4)nc2N1,1.0,train,../data/images/hERG/2562.png
2563.0,COc1ccc(-c2nc3cc(F)c(F)cc3n2[C@H](C(=O)N[C@H]2CC[C@H](C(=O)O)CC2)C2CCCCC2)c(OC)n1,0.0,train,../data/images/hERG/2563.png
2564.0,COc1ccc2ncc(=O)n(CCN3CC[C@H](NCc4cc5c(cn4)OCCO5)[C@@H](OC)C3)c2c1,0.0,train,../data/images/hERG/2564.png
2565.0,COc1nc(-c2nc(Nc3cc(C(F)(F)F)ccc3F)n(C)n2)ccc1-n1cnc(C)c1,0.0,train,../data/images/hERG/2565.png
2566.0,CCN1CCc2cc3nc(N)sc3cc2CC1,0.0,train,../data/images/hERG/2566.png
2567.0,COc1cc(Cc2cnc(N)nc2N)cc(OC)c1OC,0.0,train,../data/images/hERG/2567.png
2568.0,COc1cccc(/C=C2\SC(=O)NC2=O)c1N1CCC[C@@H](N)C1,0.0,train,../data/images/hERG/2568.png
2569.0,O=c1c2ccccc2nc(-c2ccc(OCCCN3CCCCC3)cc2)n1Cc1ccccc1,1.0,train,../data/images/hERG/2569.png
2570.0,CCc1c2c(n(C)c1CC)CCC/C2=N\OC(=O)Nc1ccccc1,0.0,train,../data/images/hERG/2570.png
2571.0,Cc1cccnc1-n1nc(C)c(-c2ccc(OC3CCN(C4CCC4)CC3)cc2)cc1=O,0.0,train,../data/images/hERG/2571.png
2572.0,COc1ncc(-c2cccc(F)c2CCNC(=O)c2ccc(OCCC(F)(F)F)nc2)cn1,1.0,train,../data/images/hERG/2572.png
2573.0,FC(F)(F)Oc1cccc(-n2nnc3ccc(NCC4CCNCC4)nc32)c1,1.0,train,../data/images/hERG/2573.png
2574.0,O=C(NC(c1ccc(Cl)cc1)c1ccc(F)cn1)[C@@H]1CC[C@@H](N2CCOCC2)C[C@H]1c1ccc(Br)cc1,1.0,train,../data/images/hERG/2574.png
2575.0,O=C(NC1CCN(Cc2ccc3occc3c2)CC1)c1cc(=O)c2ccc(F)cc2o1,1.0,train,../data/images/hERG/2575.png
2576.0,O=C(/C=C/c1ccc2c(c1)CN(C(=O)Cc1ccccc1)C2)NO,0.0,train,../data/images/hERG/2576.png
2577.0,CN(C)C(=O)N1CC(c2cc(F)ccc2F)=C[C@@]1(CC[C@@H](N)C(F)F)c1ccccc1,0.0,train,../data/images/hERG/2577.png
2578.0,CC(O)c1cn(-c2ccc(F)cc2)c2ccc(Cl)cc12,0.0,train,../data/images/hERG/2578.png
2579.0,O=C(O)[C@H](Cc1ccccc1)N1CCC(CN2CCC(Oc3ccc(Cl)c(Cl)c3)CC2)CC1,0.0,train,../data/images/hERG/2579.png
2580.0,COc1cc(F)c2nccc(NC(=O)[C@]3(O)CC[C@@H](NCc4cc5c(cn4)OCCO5)CC3)c2c1,0.0,train,../data/images/hERG/2580.png
2581.0,O=C(CCc1ccccc1)c1cc(F)ccc1OCC(O)CN1CCN(C(c2ccccc2)c2ccccc2)CC1,1.0,train,../data/images/hERG/2581.png
2582.0,C[C@@H](c1ccc(-c2cn(C)c(=O)cc2CO)cc1)[C@H](N)C(=O)N1CC[C@H](F)C1,0.0,train,../data/images/hERG/2582.png
2583.0,CC(C)(C)OCCN1CCC(CNC(=O)c2cc(Cl)cc(Cl)c2)CC1,1.0,train,../data/images/hERG/2583.png
2584.0,CNC(=O)N1C[C@@H]2C[C@@H](NC3CCOCC3OC)C[C@]2(C(=O)N2CCc3ncc(C(F)(F)F)cc3C2)C1,0.0,train,../data/images/hERG/2584.png
2585.0,CC(=O)c1cccc(-c2ccc([C@H]3COC[C@H]3NS(=O)(=O)C(C)C)cc2)c1,0.0,train,../data/images/hERG/2585.png
2586.0,COc1cc2nnc(C(N)=O)c(Nc3ccc(C)cc3F)c2cc1C1CCN(CCO)CC1,0.0,train,../data/images/hERG/2586.png
2587.0,C[C@H](Oc1cccc2ncnc(Nc3ccc(OCc4ccccn4)c(Cl)c3)c12)C(=O)N(C)CCO,0.0,train,../data/images/hERG/2587.png
2588.0,CC(C[C@H](NC(=O)C1CCC1)c1ccccc1)N1CCC(c2nnc(CN(C)C)o2)CC1,1.0,train,../data/images/hERG/2588.png
2589.0,C[C@@H]1CN(C(=O)OC2(C(F)(F)F)COC2)CCN1c1ncc(OCc2ccc(CS(C)(=O)=O)cc2F)cn1,0.0,train,../data/images/hERG/2589.png
2590.0,CN1Cc2c(N)cccc2C(c2ccccc2)C1,0.0,train,../data/images/hERG/2590.png
2591.0,CCN(CC)Cc1ccc2c(c1)CC[C@H](N1CCN(CCc3ccc(F)cc3)CC1=O)C2,1.0,train,../data/images/hERG/2591.png
2592.0,COC(=O)c1coc(CN2CCN(C(=O)CC(c3ccc(F)cc3)c3ccc(C(F)(F)F)cc3)CC2)n1,1.0,train,../data/images/hERG/2592.png
2593.0,O=C(CC1CCN(Cc2ccn(-c3ccc(C(F)(F)F)cc3)c2)CC1)N(CCCO)Cc1ccc(F)cc1,1.0,train,../data/images/hERG/2593.png
2594.0,O=C1N(CCN2Cc3ccccc3C2)CCN1Cc1ccc(Cl)cc1,1.0,train,../data/images/hERG/2594.png
2595.0,CC(C)c1ccccc1C(=O)N(CC1CCC1)[C@H]1CCNC1,0.0,train,../data/images/hERG/2595.png
2596.0,O=C1COc2ccc(CNC34CCC(CCc5c(F)cnc6ccc(OCCCO)nc56)(CC3)OC4)nc2N1,1.0,train,../data/images/hERG/2596.png
2597.0,COC1COCCC1N[C@@H]1C[C@H]2CCC[C@@]2(C(=O)N2CCc3ccc(C#N)cc3C2)C1,0.0,train,../data/images/hERG/2597.png
2598.0,CCc1oc(CCc2cc(N3CCOCC3)cc(NCCOC)n2)nc1C,1.0,train,../data/images/hERG/2598.png
2599.0,CCOC(=O)C1(c2ccccc2)CCN(C)CC1,0.0,train,../data/images/hERG/2599.png
2600.0,Cc1nn(C)c(C)c1N(C(F)F)S(=O)(=O)c1c(Cl)cc(CCCC2CCN(C)CC2)cc1Cl,1.0,train,../data/images/hERG/2600.png
2601.0,Cc1nc(-c2cccs2)sc1-c1ccc2cc(CCN3CCC[C@H]3C)ccc2n1,1.0,train,../data/images/hERG/2601.png
2602.0,Cc1ncc(-c2ccnc(Nc3ccc(C(=O)N(C)C)cc3)n2)n1C(C)C,0.0,train,../data/images/hERG/2602.png
2603.0,COCCOCC#Cc1cc(-c2n[nH]c3c2Cc2cc(CN4CCN(C)CC4)ccc2-3)cs1,1.0,train,../data/images/hERG/2603.png
2604.0,O=P(Nc1cc(F)ccc1-n1cccn1)(c1ccccc1)c1ccccc1,0.0,train,../data/images/hERG/2604.png
2605.0,C[C@H](O)CONC(=O)c1ncc2cncn2c1Nc1ccc(I)cc1F,1.0,train,../data/images/hERG/2605.png
2606.0,Cc1[nH]nc2c1c(=O)n(C[C@H](F)CN)c1cc(C3CCCCC3)c(C3CCCCC3)cc21,0.0,train,../data/images/hERG/2606.png
2607.0,O=C(Nc1ccc(O)cc1OC[C@@H](O)CN1CCC2(CC1)Cc1cc(F)ccc1O2)NC1CC1,1.0,train,../data/images/hERG/2607.png
2608.0,COc1cccc2c1nc(N)n1nc(CN3CCN(c4nsnc4Cl)C[C@H]3C)nc21,0.0,train,../data/images/hERG/2608.png
2609.0,COc1cc(F)ccc1-c1cccc(CNC2CCCC2)c1,1.0,train,../data/images/hERG/2609.png
2610.0,CNc1ccc(/C=C/c2c(F)cccc2Cl)cn1,0.0,train,../data/images/hERG/2610.png
2611.0,O=C(NCc1ccc(F)cc1)N(c1ccc(Cl)cc1)C1CCN(Cc2ccncc2)CC1,1.0,train,../data/images/hERG/2611.png
2612.0,Cc1ncoc1-c1nnc(SCCCN2CC3CCN(c4cc(Cl)cc(Cl)c4)C3C2)n1C,1.0,train,../data/images/hERG/2612.png
2613.0,Fc1ccc(-c2c[nH]c([C@H]3Cc4c([nH]c5ccccc45)[C@@H](C4CCOCC4)N3)n2)c(F)c1,1.0,train,../data/images/hERG/2613.png
2614.0,Cc1nc2ccccc2n1C1CC2CCC(C1)N2CCC1(c2ccccc2)CCN(C(=O)c2cccc(C(=O)O)c2)CC1,0.0,train,../data/images/hERG/2614.png
2615.0,CN(C(=O)N1CC(c2cc(F)ccc2F)=C[C@@]1(CO)c1ccccc1)C1CCN(C2CC2)CC1,0.0,train,../data/images/hERG/2615.png
2616.0,CCOc1nc(NC(=O)C2(NC(=O)c3ccc4c(C5CCCC5)c(-c5ccc(F)cn5)n(C)c4c3)CCC2)ccc1/C=C/C(=O)O,1.0,train,../data/images/hERG/2616.png
2617.0,Cc1cc(CN2C[C@H](N)[C@H](C(=O)C3CCC[C@H]3C#N)C2)ccc1C#N,0.0,train,../data/images/hERG/2617.png
2618.0,Cc1cc(=O)oc2c(C)c(OCCCCN3CCC(c4noc5cc(F)ccc45)CC3)ccc12,1.0,train,../data/images/hERG/2618.png
2619.0,Cc1ccc(CCCCN2CCC(C(O)(c3ccccc3)c3ccccc3)CC2)cc1,1.0,train,../data/images/hERG/2619.png
2620.0,C[C@@H]1CN(CC#N)CCN1c1cc2[nH]c(SC(C)(C)C)nc2cc1Cl,0.0,train,../data/images/hERG/2620.png
2621.0,Cc1cc(C)nc(Nc2cc(NCC3(N)CC3)cnc2C(N)=O)c1,1.0,train,../data/images/hERG/2621.png
2622.0,C[C@@H]1CCCN1CCc1ccc2nc(-c3ccc(N4CCCCC4)cc3)ccc2c1,1.0,train,../data/images/hERG/2622.png
2623.0,Cn1cc(C2CCN(C(=O)NC3CC3c3ccccc3)CC2)nn1,0.0,train,../data/images/hERG/2623.png
2624.0,CCCCCCCN1CCC(C(=O)c2ccccc2)CC1,1.0,train,../data/images/hERG/2624.png
2625.0,CCN(CC)CC(=O)N[C@@H]1CC[C@@H](C(=O)NC(c2ccc(F)cc2)c2ccc(F)cc2)[C@H](c2ccc(Br)cc2)C1,1.0,train,../data/images/hERG/2625.png
2626.0,COc1cc(OC)cc(C(=O)NCC2(C#N)CCN(CC3=Cc4ccccc4OC3(C)C)CC2)c1,1.0,train,../data/images/hERG/2626.png
2627.0,CCOC(=O)C1CCN(CCCCOc2ccc(S(N)(=O)=O)cc2)CC1,0.0,train,../data/images/hERG/2627.png
2628.0,CCN(CC)Cc1cc(Nc2ccnc3cc(Cl)ccc23)ccc1O,1.0,train,../data/images/hERG/2628.png
2629.0,O=C1COc2ccc(CN3CCC(NC(=O)c4cc(=O)c5ccc(F)cc5o4)CC3)cc2N1,1.0,train,../data/images/hERG/2629.png
2630.0,CCC(=O)O[C@@H](C(=O)N1N=CC[C@H]1C(=O)NCc1cc(Cl)ccc1-n1cnnn1)c1ccc(F)cc1,0.0,train,../data/images/hERG/2630.png
2631.0,COc1ccc2nccc([C@@H](O)CC[C@@H]3CCN(CCSc4cccs4)C[C@@H]3C(=O)O)c2c1,0.0,train,../data/images/hERG/2631.png
2632.0,COc1cc(CCN2CCN(CC(C)c3ccc4c(c3C)COC4=O)CC2)ccc1C#N,1.0,train,../data/images/hERG/2632.png
2633.0,COc1c(C(C)(C)C)cc(CN2CCC(CNCCCCCC(c3ccc(F)cc3)c3ccc(F)cc3)C2)cc1C(C)(C)C,1.0,train,../data/images/hERG/2633.png
2634.0,COc1cc(N2C(=O)N(c3ccc(-c4ccc(C(=O)O)s4)cc3)C(=O)C23CCN(Cc2ncccc2C)CC3)ncn1,0.0,train,../data/images/hERG/2634.png
2635.0,O=C(NCc1ccc(F)cc1)N(c1ccc(Cl)cc1)C1CCN(CCO)CC1,0.0,train,../data/images/hERG/2635.png
2636.0,O=C1OCc2cc(CCC3(O)CCN(C(=O)Cc4ccc(-n5cnnn5)cc4)CC3)ccc21,1.0,train,../data/images/hERG/2636.png
2637.0,COc1ccc(N2CCNCC2)cc1Nc1ncc(Cl)c(-c2cnc3ccccn23)n1,1.0,train,../data/images/hERG/2637.png
2638.0,CNC(C)c1cc(C(F)(F)F)ccc1Oc1ccc(Cl)c(Cl)c1,1.0,train,../data/images/hERG/2638.png
2639.0,CCN(C(=O)Cc1ccc(S(C)(=O)=O)cc1)C1CCN(CC[C@@H](c2cccc(F)c2)C2CCN(S(C)(=O)=O)CC2)CC1,0.0,train,../data/images/hERG/2639.png
2640.0,Cc1nc(SCc2cc(N3CCOCC3)cc(NCC#N)n2)oc1C,0.0,train,../data/images/hERG/2640.png
2641.0,N#CC1(CNC(=O)c2cc(Cl)cc(Cl)c2)CCN(CCc2ccccc2)CC1,1.0,train,../data/images/hERG/2641.png
2642.0,CNC(=O)c1c(NCC2CCC3(CCC3)CC2)nc(C#N)nc1OCC1CCN(CCO)CC1,1.0,train,../data/images/hERG/2642.png
2643.0,Cc1nc2ccccc2c(=O)n1-c1ccc(OCCCN2CCC[C@@H]2C)cc1,1.0,train,../data/images/hERG/2643.png
2644.0,CN1CCN(Cc2ccc3c(c2)Cc2c(-c4csc(C#CCOc5ccccc5)c4)n[nH]c2-3)C(=O)C1,0.0,train,../data/images/hERG/2644.png
2645.0,COc1ccc([C@H]2CN(CCCC3CCOCC3)C[C@@H]2CNC(=O)c2cccc(Cl)c2)cc1,1.0,train,../data/images/hERG/2645.png
2646.0,Cc1cccc(C[C@@H](C(=O)O)N2CCC(CN3CCC(Oc4ccc(Cl)c(Cl)c4)CC3)CC2)c1,1.0,train,../data/images/hERG/2646.png
2647.0,CC(C)n1nc(C(=O)NCC2CCN(CCc3ccc(C(=O)O)cc3)CC2)c2ccccc21,0.0,train,../data/images/hERG/2647.png
2648.0,N#Cc1nc(CCCN2CCCCC2)cc(-c2cccc(C(F)(F)F)c2)n1,1.0,train,../data/images/hERG/2648.png
2649.0,O=C(NC1CCCCC1)[C@H](C1CCCCC1)n1c(-c2ccc(Cl)cc2)nc2cc(F)c(Cl)cc21,1.0,train,../data/images/hERG/2649.png
2650.0,O=C(NCC[C@@H](O)CN1CCN(c2cccc(Cl)c2Cl)CC1)c1cc2ccccc2[nH]1,1.0,train,../data/images/hERG/2650.png
2651.0,O=C(C1CCCCN1C(=O)CC1CCN(Cc2ccn(-c3ccc(C(F)(F)F)cc3)c2)CC1)N1CCCC1,1.0,train,../data/images/hERG/2651.png
2652.0,NC1(C(=O)NC(CCCN2CCCC2)c2ccc(Cl)cc2)CCN(c2ncnc3[nH]ccc23)CC1,0.0,train,../data/images/hERG/2652.png
2653.0,CCN1CCc2cc(C3=CC4(CCNCC4)Oc4ccccc43)ccc2C1=O,0.0,train,../data/images/hERG/2653.png
2654.0,O=C(NC1CCN(Cc2ccc(OCCCN3CCCCC3)c(F)c2)CC1)c1cc(=O)c2ccc(F)cc2o1,0.0,train,../data/images/hERG/2654.png
2655.0,O=C(CNc1n[nH]c2ccc(C(F)(F)F)cc12)NC1CN([C@H]2CC[C@@H](c3ccc4c(c3)OCO4)CC2)C1,1.0,train,../data/images/hERG/2655.png
2656.0,NC[C@H]1C[C@@H]1c1cc(Cl)ccc1OCCF,1.0,train,../data/images/hERG/2656.png
2657.0,O=C(N[C@@H]1COc2cccc(-c3ccc(CO)nc3)c2C1)c1ccc(OCC(F)(F)F)nc1,1.0,train,../data/images/hERG/2657.png
2658.0,N#Cc1ccc(NC(=O)[C@H](COCCO)Oc2ncnc3c2cnn3-c2ncccc2Cl)nc1,0.0,train,../data/images/hERG/2658.png
2659.0,COc1cc(Nc2cnc(C#N)c(O[C@@H]3CCN(C)C3)n2)ncc1-c1cnn(C)c1,0.0,train,../data/images/hERG/2659.png
2660.0,O=c1ccc(OCCCN2CCCCC2)nn1-c1ccc(Cl)c(Cl)c1,1.0,train,../data/images/hERG/2660.png
2661.0,CC(C)(C)C(=O)N1CCC(c2ccc(C(=O)NC(=N)N)cc2C(F)(F)F)CC1,0.0,train,../data/images/hERG/2661.png
2662.0,O=C(C1CC(Oc2ccc(F)cc2)CN1)N1CCCN(C2CCC2)CC1,1.0,train,../data/images/hERG/2662.png
2663.0,CN1CCN(c2ncc3cc(-c4ccccc4)c(-c4ccc(CN5CCC(c6nnc(-c7cc[n+]([O-])cc7)[nH]6)CC5)cc4)nc3n2)CC1,1.0,train,../data/images/hERG/2663.png
2664.0,COc1ccc(-c2cc(-c3ccc(C(=O)N4CCOCC4)cc3)cnc2N)cn1,0.0,train,../data/images/hERG/2664.png
2665.0,COc1ccc2ncc(=O)n(CCN3CC[C@@H](NCc4ccc5c(n4)NC(=O)CO5)[C@@H](OC)C3)c2c1,0.0,train,../data/images/hERG/2665.png
2666.0,COC[C@H](C)Oc1cc(Oc2ccc(C(=O)N3CCC3)nc2)cc(C(=O)Nc2cnc(C)cn2)c1,0.0,train,../data/images/hERG/2666.png
2667.0,C[C@H]1[C@H](c2ccc(OCCCN3CCCC3)cc2)Oc2ccccc2S1(=O)=O,1.0,train,../data/images/hERG/2667.png
2668.0,O=C1COc2ccc(CNC3CCN(CCN4C(=O)COc5ccc(C(=O)O)cc54)CC3)nc2N1,0.0,train,../data/images/hERG/2668.png
2669.0,O=C1O[C@]2(CC[C@H](c3nc4cc(C(F)(F)F)ccc4[nH]3)CC2)CN1c1ccccn1,1.0,train,../data/images/hERG/2669.png
2670.0,C[C@@H]1CCCN1CCCOc1ccc(N2CCN(C(=O)c3ccc(C#N)cc3)CC2=O)cc1,0.0,train,../data/images/hERG/2670.png
2671.0,Cc1ccc2c(-c3nnc(SCCCN4C[C@@H]5C[C@]5(c5ccc(Br)cc5)C4)n3C)cccc2n1,1.0,train,../data/images/hERG/2671.png
2672.0,Cc1cccc(N2CCN(CCNC(=O)c3cc(C(C)(C)C)n(C)c3C)CC2)c1C,0.0,train,../data/images/hERG/2672.png
2673.0,Cc1ncoc1-c1nnc(SCCCN2C[C@H]3C[C@@]3(c3ccc(C(F)(F)F)cc3)C2)n1C,1.0,train,../data/images/hERG/2673.png
2674.0,O=C(Nc1ccc(-c2nnc(NCCCN3CCCCC3)o2)c(C(F)(F)F)c1)c1ccccc1F,1.0,train,../data/images/hERG/2674.png
2675.0,COc1ccc(CN2CCC(NC(=O)c3cc(=O)c4ccc(F)cc4o3)CC2)c(F)c1,0.0,train,../data/images/hERG/2675.png
2676.0,CS(=O)(=O)c1ccc(C(=O)N2CCN(c3ccc(OC4CCN(C5CCCC5)CC4)cc3)C(=O)C2)cc1,0.0,train,../data/images/hERG/2676.png
2677.0,Cc1cc(Nc2ncc(Cl)c(Nc3ccccc3S(=O)(=O)C(C)C)n2)c(OC(C)C)cc1C1CCN(C(=O)CN(C)C)CC1,0.0,train,../data/images/hERG/2677.png
2678.0,COc1ncc(-c2cccc(Cl)c2CCNC(=O)c2ccc(OCCC(F)(F)F)nc2)cn1,1.0,train,../data/images/hERG/2678.png
2679.0,CC(C)COc1cccc(/C=C2\SC(=O)NC2=O)c1N1CCC[C@@H](N)C1,0.0,train,../data/images/hERG/2679.png
2680.0,CC(=O)n1ccc2cc(N3CCN(CCN4Cc5ccccc5C4)C3=O)ccc21,1.0,train,../data/images/hERG/2680.png
2681.0,CS(=O)(=O)NC[C@H]1CC[C@H](Nc2nc3c(s2)CCSc2ccccc2-3)CC1,0.0,train,../data/images/hERG/2681.png
2682.0,CCNC(=O)c1ccc(-c2ccc3c(c2)CCN(CCN2CCCC2)C3=O)cc1,0.0,train,../data/images/hERG/2682.png
2683.0,Cc1ccc2c(-c3nnc(SCCCN4CCc5cc6nc(C)oc6cc5CC4)n3C)cccc2n1,0.0,train,../data/images/hERG/2683.png
2684.0,CS(=O)(=O)c1ccc2nc(N)n(CC(O)c3cccc(Cl)c3Cl)c2c1,0.0,train,../data/images/hERG/2684.png
2685.0,CC(C)OC(=O)N1CCC(Oc2ncnc3c2cnn3-c2ccc(S(C)(=O)=O)cc2F)CC1,1.0,train,../data/images/hERG/2685.png
2686.0,Cc1cnc(-c2ccc3c(c2)CCN(CCCSc2nnc(-c4cc5ccccc5[nH]4)n2C)CC3)o1,1.0,train,../data/images/hERG/2686.png
2687.0,Cn1c(=O)c2c(nc(N3CCC[C@@H](N)C3)n2Cc2ccccc2Cl)c2ccc(C#N)cc21,1.0,train,../data/images/hERG/2687.png
2688.0,Cc1cc(-c2ccc3c(c2)CCN(CCSc2nnc(-c4ccc(F)c(F)c4)n2C)CC3)n(C)n1,1.0,train,../data/images/hERG/2688.png
2689.0,CN(C)CCN1CCN(c2ncc3cc(-c4ccccc4)c(-c4ccc(CN5CCC(c6nnc(-c7ccccn7)[nH]6)CC5)cc4)nc3n2)CC1,1.0,train,../data/images/hERG/2689.png
2690.0,CCCc1c(OCCCN2C(=O)Cc3cc(CC(=O)O)ccc32)ccc2c(C(F)(F)F)noc12,0.0,train,../data/images/hERG/2690.png
2691.0,Cc1nn(-c2ccccc2)nc1C(=O)N[C@@H]1COc2cccc(N3CCN(C)CC3)c2C1,1.0,train,../data/images/hERG/2691.png
2692.0,O=C([C@@H]1C[C@H](N2CCN(c3ncccn3)CC2)CN1)N1C[C@@H](F)[C@@H](F)C1,0.0,train,../data/images/hERG/2692.png
2693.0,CONC(=O)N(Cc1ccsc1)C1CCN([C@H](C)CCNC(=O)c2c(C)cc(Cl)nc2C)CC1,1.0,train,../data/images/hERG/2693.png
2694.0,O=C(c1cc(Cl)c(O)cc1OC[C@@H](O)CN1CCC2(CC1)Cc1cc(Cl)ccc1O2)N1CC[C@H](O)C1,1.0,train,../data/images/hERG/2694.png
2695.0,Cc1nc2c(Cl)cccc2c(=O)n1-c1ccc(OC2CCN(C3CCC3)CC2)cc1,1.0,train,../data/images/hERG/2695.png
2696.0,COc1ccccc1CC(c1ccccc1F)N1CCNCC1,0.0,train,../data/images/hERG/2696.png
2697.0,CCN1CCN(Cc2cnc(-c3ccc(C(=O)Nc4ccccc4N)cc3)c(C#N)c2)CC1,0.0,train,../data/images/hERG/2697.png
2698.0,CN(C)C(=O)C(=O)N(C)[C@H]1CCCCn2c1nc(C(=O)NCc1ccc(F)cc1)c(O)c2=O,0.0,train,../data/images/hERG/2698.png
2699.0,COc1cccc2[nH]c(-c3nc(N[C@@H]4CCOC[C@@H]4N)cnc3C(N)=O)cc12,0.0,train,../data/images/hERG/2699.png
2700.0,CC#CCn1c(N2CCCNCC2)c(C#N)c2c1c(=O)n(Cc1c(C#N)cnc3ccccc13)c(=O)n2C,1.0,train,../data/images/hERG/2700.png
2701.0,CNCCC(c1ccccc1)c1c[nH]c2ccccc12,1.0,train,../data/images/hERG/2701.png
2702.0,Cc1ccc2c(-c3nnc(SCCCCN4CCc5cc6nc(C(F)(F)F)oc6c(Br)c5CC4)n3C)cccc2n1,1.0,train,../data/images/hERG/2702.png
2703.0,c1ccc2cc(-n3ccc(OCCN4CCOCC4)n3)ccc2c1,0.0,train,../data/images/hERG/2703.png
2704.0,COC(=O)NCCc1ccccc1-c1ccc([C@H]2CNCC[C@@H]2c2ccn(C)c(=O)c2)c(Cl)c1,0.0,train,../data/images/hERG/2704.png
2705.0,COc1cccc([C@@H](C)N2[C@@H]3CC[C@H]2C[C@H](Oc2cccc(C(N)=O)c2)C3)c1,1.0,train,../data/images/hERG/2705.png
2706.0,CO[C@H]1CCN(CCn2ncc3cc(-n4ccc(OCc5ccccc5)cc4=O)ccc32)C1,1.0,train,../data/images/hERG/2706.png
2707.0,CCNc1cc(N2CCOCC2)cc(CCc2nc(C)c(CC)o2)n1,1.0,train,../data/images/hERG/2707.png
2708.0,N#Cc1ccc2cc1Oc1cccc(c1)CN1CC[C@H](NCc3cncn3C2)C1=O,0.0,train,../data/images/hERG/2708.png
2709.0,O=C(NC(c1ccc(Cl)cc1)c1ccncc1Cl)[C@@H]1CC[C@@H](N2CCOCC2)C[C@H]1c1ccc(Br)cc1,1.0,train,../data/images/hERG/2709.png
2710.0,COc1ccc2ncc(CO)c(CCC34CCC(NCc5ccc6c(n5)NC(=O)CO6)(CC3)CO4)c2n1,1.0,train,../data/images/hERG/2710.png
2711.0,C[C@@H](O)c1nc2cnc3[nH]ccc3c2n1[C@H]1CC[C@H](CCC#N)CC1,0.0,train,../data/images/hERG/2711.png
2712.0,COc1cc(-c2cn(C3CCc4ccccc4N(CC(F)(F)F)C3=O)nn2)ccc1-n1cnc(C)c1,1.0,train,../data/images/hERG/2712.png
2713.0,OC1CCN(Cc2ccc(Oc3nc4ccccc4s3)cc2)CC1,0.0,train,../data/images/hERG/2713.png
2714.0,COc1cc(N2C(=O)N(c3ccc(-c4coc(C(=O)O)c4)cc3)C(=O)C23CCN(Cc2ncccc2C)CC3)ncn1,0.0,train,../data/images/hERG/2714.png
2715.0,Cc1cc(C)nc(N2C[C@H]3CN(C(=O)c4ccccc4-c4ncn[nH]4)C[C@H]3C2)n1,0.0,train,../data/images/hERG/2715.png
2716.0,CNC1CCN(c2ccc(-n3cnn4cc(-c5ccc(Cl)cc5)cc4c3=O)cn2)C1,1.0,train,../data/images/hERG/2716.png
2717.0,N#Cc1ccc(CCN2CCN(CCc3ccc4c(c3)COC4=O)CC2)cc1Cl,1.0,train,../data/images/hERG/2717.png
2718.0,COC(=O)C(Cc1c[nH]c2ccccc12)NS(=O)(=O)c1ccc(Br)cc1,1.0,train,../data/images/hERG/2718.png
2719.0,COCCS(=O)(=O)c1ccc(-c2ccc(CCN3CCC[C@H]3C)cc2)cc1,1.0,train,../data/images/hERG/2719.png
2720.0,O=C(NCc1ccc(Cl)cc1Cl)C1CCN(Cc2ccn(-c3ccc(C(F)(F)F)cn3)c2)CC1,1.0,train,../data/images/hERG/2720.png
2721.0,C[C@@H]1CCCN1CCc1ccc2nc(-c3csc(-c4ccc(OCC(F)(F)F)nc4)n3)ccc2c1,1.0,train,../data/images/hERG/2721.png
2722.0,O=C1NCC(c2ccccc2)C12CCN(C1(c3ccccc3)CCOCC1)CC2,0.0,train,../data/images/hERG/2722.png
2723.0,O=C(CN1CCCN(Cc2nc3ccccc3[nH]2)CC1)Nc1ccc(C(F)(F)F)cc1,1.0,train,../data/images/hERG/2723.png
2724.0,CCN(CC)CCCC(C)Nc1ccnc2cc(Cl)ccc12,1.0,train,../data/images/hERG/2724.png
2725.0,N#C[C@@H]1C[C@H](F)CN1C(=O)[C@@H](N)Cc1cc2c(cc1Br)OCO2,0.0,train,../data/images/hERG/2725.png
2726.0,O=C1COc2ccc(CN[C@@H]3CCN(CCn4c(=O)ccc5ncc(F)cc54)C[C@@H]3F)nc2N1,0.0,train,../data/images/hERG/2726.png
2727.0,O=C(O)c1ccccc1Oc1ccc(Cl)cc1NS(=O)(=O)c1ccc(Cl)c(Cl)c1,1.0,train,../data/images/hERG/2727.png
2728.0,CO/N=C/COc1ccc(CN2CCC(NC(=O)c3cc(=O)c4ccc(F)cc4o3)CC2)cc1F,1.0,train,../data/images/hERG/2728.png
2729.0,Nc1nc2ccc(OCC(F)(F)F)nc2n1CC(O)c1ccc(C(F)(F)F)cc1Cl,0.0,train,../data/images/hERG/2729.png
2730.0,CS(=O)(=O)c1ccc(-c2cnc3ccc(-c4cccc(S(C)(=O)=O)c4)nn23)cc1,1.0,train,../data/images/hERG/2730.png
2731.0,COc1cccnc1C(=O)N1CCN(c2ccc(NC(=O)C(C)(C)c3ccccc3)cc2Cl)CC1,0.0,train,../data/images/hERG/2731.png
2732.0,COC(=O)C1(CNC(=O)c2cc(OC)cc(OC)c2)CCN(Cc2ccc(C(F)(F)F)cc2)CC1,1.0,train,../data/images/hERG/2732.png
2733.0,O=C1NN=C(c2ccc(OC3CCN(C4CCC4)CC3)cc2)[C@H]2C[C@@H]12,0.0,train,../data/images/hERG/2733.png
2734.0,C[C@@H]1CN(c2nnc(C(F)(F)F)o2)CCN1c1ncc(OCc2ccc(C#N)cc2F)cn1,0.0,train,../data/images/hERG/2734.png
2735.0,COC(=O)c1ccc2[nH]c(NCCCNC(=O)c3cc(Cl)cc(Cl)c3)nc2c1,0.0,train,../data/images/hERG/2735.png
2736.0,CS(=O)(=O)c1ccc(-c2noc([C@@H](CC3CC3)[C@H](N)C(=O)N3CC[C@H](F)C3)n2)cc1,0.0,train,../data/images/hERG/2736.png
2737.0,Cc1c2c(n3c1CCCN1CCC[C@@H]1CNc1cc-3ccc1C(N)=O)CC(C)(C)CC2=O,1.0,train,../data/images/hERG/2737.png
2738.0,N#Cc1ccc(C2=CC3(CCNCC3)Oc3ccccc32)cc1,1.0,train,../data/images/hERG/2738.png
2739.0,N#Cc1cc(OC(F)(F)F)cc(-c2nc(-c3ccc4c(c3)cc3n4CCC3CC(=O)O)no2)c1,0.0,train,../data/images/hERG/2739.png
2740.0,N#Cc1ccc(Cn2cncc2CN[C@H]2CCN(Cc3ccccc3)C2=O)cc1,1.0,train,../data/images/hERG/2740.png
2741.0,C=Cc1c(CNC23CCC(CCc4c(F)cnc5ccc(OC)nc45)(CC2)OC3)nc2c(c1C)OCC(=O)N2,1.0,train,../data/images/hERG/2741.png
2742.0,CC1(c2nc(-c3ccccc3)c[nH]2)Cc2c([nH]c3ccccc23)C(C2CCOCC2)N1,1.0,train,../data/images/hERG/2742.png
2743.0,Cc1cccc(C)c1C(=O)N1CCC(N2CC[C@@H](N(Cc3ccccc3)C(=O)C3CC3)C2)CC1,1.0,train,../data/images/hERG/2743.png
2744.0,CCN(C(=O)Cc1ccc(S(C)(=O)=O)cc1)C1CCN(CCC(c2ccccc2)N2CCN(S(C)(=O)=O)CC2)CC1,0.0,train,../data/images/hERG/2744.png
2745.0,CC1=NC(c2cccc(-c3cncc(Cl)c3)c2)(C2CC2)N=C1N,0.0,train,../data/images/hERG/2745.png
2746.0,COc1ccc2nccc(NC(=O)[C@]3(O)CC[C@@H](NCc4cnc5c(c4)OCCO5)CC3)c2n1,0.0,train,../data/images/hERG/2746.png
2747.0,O=C(O)[C@]12C[C@H]1CN(C1CC[C@]3(Cc4ccccc4Cc4ccccc43)C1)C2,0.0,train,../data/images/hERG/2747.png
2748.0,COc1cc(C(O)CN2CCN(CCc3ccc4c(c3C)COC4=O)CC2)ccc1C#N,1.0,train,../data/images/hERG/2748.png
2749.0,CCN1CCOC(C(=O)N2CCN(C(=O)Nc3ccc(Cl)c(Cl)c3)CC2)C1,1.0,train,../data/images/hERG/2749.png
2750.0,COC(=O)CN1Cc2c(nc(C)c(CN)c2-c2ccc(Cl)cc2Cl)C1=O,0.0,train,../data/images/hERG/2750.png
2751.0,CSc1ccc(-c2cccc(-n3cc(C(=O)NC(C)C)c(=O)c4cccnc43)c2)cc1,1.0,train,../data/images/hERG/2751.png
2752.0,COc1ccc2nc(-c3ccc(OC4CCN(C5CCC5)CC4)cc3)n(C)c(=O)c2c1,1.0,train,../data/images/hERG/2752.png
2753.0,CCCCCCCN(CC)CC#CCc1ccccc1,1.0,train,../data/images/hERG/2753.png
2754.0,N#Cc1c(CNC23CCC(C[C@]4(O)Cn5c(=O)ccc6ncc(F)c4c65)(CC2)OC3)ncc2c1OCCO2,0.0,train,../data/images/hERG/2754.png
2755.0,COc1cc(-c2cn(Cc3ccc4ccsc4c3)nn2)ccc1-n1cnc(C)c1,0.0,train,../data/images/hERG/2755.png
2756.0,O=C(NC[C@@H](O)CN1CCC(Oc2ccc(Cl)c(Cl)c2)CC1)c1c[nH]c2ccccc12,1.0,train,../data/images/hERG/2756.png
2757.0,Nc1ccc(-c2ccccc2)cc1NC(=O)c1ccc(C(=O)N2CCC3(CCCN3)CC2)cc1,0.0,train,../data/images/hERG/2757.png
2758.0,Cc1cc(C(NC(=O)[C@@H]2CC[C@@H](N3CCOCC3)C[C@H]2c2ccc(Br)cc2)c2ccc(Cl)cc2)ccn1,1.0,train,../data/images/hERG/2758.png
2759.0,Cc1cccc(Nc2cc(N[C@@H]3CCCC[C@@H]3N)nnc2C(N)=O)n1,1.0,train,../data/images/hERG/2759.png
2760.0,Cc1cc(Cl)nc(C)c1C(=O)NCC[C@@H](C)N1CCC(N(Cc2ccsc2)C(=O)NCc2ccc(C(=O)O)cc2)CC1,0.0,train,../data/images/hERG/2760.png
2761.0,CC(C)S(=O)(=O)N[C@@H]1COC[C@@H]1c1ccc(-c2ccc(C#N)cc2)cc1,0.0,train,../data/images/hERG/2761.png
2762.0,COc1cc2c(cc1CCN1CCN(C(=O)Cc3ccc(-n4cnnn4)cc3)CC1)COC2=O,1.0,train,../data/images/hERG/2762.png
2763.0,CC(C)N1CCN(C(=O)c2ccc(NC(=O)Nc3ccc(-c4nc(C5CCOCC5)nc(N5C6CCC5COC6)n4)cc3)cc2)CC1,0.0,train,../data/images/hERG/2763.png
2764.0,CNc1ccc(/C=C/c2c(F)cccc2F)cc1,0.0,train,../data/images/hERG/2764.png
2765.0,CC(=O)N1N=C(c2cc(F)ccc2F)C[C@H]1c1cccc(O)c1,0.0,train,../data/images/hERG/2765.png
2766.0,CN1C[C@H]2C[C@@H](N(Cc3ccc(F)c(C(F)(F)F)c3)C(=O)c3cn(C)cn3)C[C@H]2C1,1.0,train,../data/images/hERG/2766.png
2767.0,CCOC[C@H](Oc1ncnc2c1cnn2-c1ncccc1Cl)C(=O)Nc1ccc(C)cn1,0.0,train,../data/images/hERG/2767.png
2768.0,CC(C)c1noc(C2CCN(C(C)C[C@H](NC(=O)C3CCC3)c3ccccc3)CC2)n1,1.0,train,../data/images/hERG/2768.png
2769.0,O=C(N[C@H]1CC[C@H](O)CC1)[C@H](C1CCCCC1)n1c(-c2ccc(Cl)cc2)nc2cc(F)c(F)cc21,1.0,train,../data/images/hERG/2769.png
2770.0,COc1cc(-c2cn(C3CCc4c(ccc5ccccc45)N(CC(F)(F)F)C3=O)nn2)ccc1-n1cnc(C)c1,1.0,train,../data/images/hERG/2770.png
2771.0,Cn1cc([C@@]2(c3cncc(C(=O)O)c3)N[C@@H](c3nc(-c4ccc(F)cc4)c[nH]3)Cc3c2[nH]c2ccccc32)cn1,0.0,train,../data/images/hERG/2771.png
2772.0,Cc1cccc(C(=O)Nc2cccc(NC(=O)c3ccncc3)c2)c1,0.0,train,../data/images/hERG/2772.png
2773.0,CC(=O)c1nn(-c2ccccc2)/c(=N/c2nc(-c3ccccc3)cc(-c3ccccc3)c2C#N)s1,0.0,train,../data/images/hERG/2773.png
2774.0,Cc1cc(OCCN2C[C@@H](C)O[C@@H](C)C2)nn1-c1ccc2ccccc2c1,1.0,train,../data/images/hERG/2774.png
2775.0,O=C1NCC(c2ccc(F)cc2)C12CCN(C1CCCCC1(O)c1ccccc1)CC2,0.0,train,../data/images/hERG/2775.png
2776.0,CCNC(=O)c1ccc(C(=O)NCCC2CCN(c3ncnc4cc(C(N)=O)sc34)CC2)s1,0.0,train,../data/images/hERG/2776.png
2777.0,CCCn1c(-c2ccccc2)cc(C(=O)NCCCN2CCN(c3cccc(Cl)c3Cl)CC2)c1C,1.0,train,../data/images/hERG/2777.png
2778.0,COc1ccc2nccc(NC(=O)[C@]3(O)CC[C@@H](NCc4ccc5c(c4)OCCO5)CC3)c2n1,0.0,train,../data/images/hERG/2778.png
2779.0,CC(C)[C@]1(C(=O)NCc2cc(C(F)(F)F)cc(C(F)(F)F)c2)CC[C@@H](N2CCC(c3cccc(O)c3)CC2)C1,1.0,train,../data/images/hERG/2779.png
2780.0,COc1ccc2nccc([C@@H](O)CC[C@@H]3CCN(C4CC(c5c(F)cccc5F)C4)C[C@@H]3C(=O)O)c2c1,0.0,train,../data/images/hERG/2780.png
2781.0,CC(C)=CCn1c(N2CCCNCC2)c(C#N)c2c1c(=O)n(Cc1c(C#N)cnc3ccccc13)c(=O)n2C,1.0,train,../data/images/hERG/2781.png
2782.0,Cc1cc(-c2ccc3c(c2)CCN(CCCSc2nnc(-c4ccc(C(F)(F)F)cc4)n2C)CC3)no1,1.0,train,../data/images/hERG/2782.png
2783.0,OCC[C@@]1(c2ccc(Cl)c(Cl)c2)CCCCNC1,0.0,train,../data/images/hERG/2783.png
2784.0,O=C(Nc1cccc(-c2nc3ccccc3[nH]2)c1)c1cc(Cl)cc(Cl)c1,0.0,train,../data/images/hERG/2784.png
2785.0,Oc1ccc(-c2cc3sc(N4CCC(N5CCCCC5)CC4)nc3cn2)cn1,0.0,train,../data/images/hERG/2785.png
2786.0,O=C(C1CCN(c2nccc(C(F)(F)F)n2)CC1)N1CC[C@H](N[C@H]2CC[C@@](O)(c3ccc(-c4ncccn4)cn3)CC2)C1,0.0,train,../data/images/hERG/2786.png
2787.0,Cc1ccc(N2CCN(Cc3cc(C(=O)N[C@H]4CCCC[C@@H]4O)c(=O)n4ccccc34)CC2)nc1,0.0,train,../data/images/hERG/2787.png
2788.0,O=C(N[C@@H]1C[C@H]1c1ccccc1)N1CCC(c2nc(-c3ccccn3)no2)CC1,0.0,train,../data/images/hERG/2788.png
2789.0,O=C(NC1CC1c1ccccc1)N1CCC(c2nc(-c3cnccn3)no2)CC1,0.0,train,../data/images/hERG/2789.png
2790.0,N#CC1(COc2ccc3ncc(F)c(CCC45CCC(NCc6ccc7c(n6)NC(=O)CO7)(CC4)CO5)c3n2)CC1,1.0,train,../data/images/hERG/2790.png
2791.0,O=C1COc2ccc(CNC34CCC(CCc5c(F)cnc6ccc(OCCC(F)(F)C(=O)O)nc56)(CC3)OC4)nc2N1,0.0,train,../data/images/hERG/2791.png
2792.0,Cc1noc(-c2ccccc2)c1CCN1Cc2ccc(/C=C/C(=O)NO)cc2C1,0.0,train,../data/images/hERG/2792.png
2793.0,Cc1nc2cc(N3CCN(CCN4Cc5ccccc5C4)C3=O)ccc2s1,1.0,train,../data/images/hERG/2793.png
2794.0,CCOC(=O)N1CCN(CCOc2cc(C)n(-c3ccc(Cl)c(Cl)c3)n2)CC1,1.0,train,../data/images/hERG/2794.png
2795.0,OCCOCCN1CCN(C2=Nc3ccccc3Sc3ccccc32)CC1,1.0,train,../data/images/hERG/2795.png
2796.0,O=C1COc2cc(OC(=O)c3ccccc3)c(CNC34CCC(C[C@]5(O)Cn6c(=O)ccc7ncc(F)c5c76)(CC3)OC4)nc2N1,0.0,train,../data/images/hERG/2796.png
2797.0,O=C(c1ccc(O)cc1OC[C@@H](O)CN1CCC2(CC1)Cc1cc(Cl)ccc1O2)N1CCC(O)CC1,1.0,train,../data/images/hERG/2797.png
2798.0,C=CCn1nc(NCC(=O)NC2CN([C@H]3CC[C@@H](C(=O)OCC)CC3)C2)c2cc(C(F)(F)F)ccc21,1.0,train,../data/images/hERG/2798.png
2799.0,O=C(Nc1ccc(Cl)cn1)[C@H]1CN(CC(F)F)C[C@@H]1C(=O)Nc1ccc(-n2ccccc2=O)cc1F,0.0,train,../data/images/hERG/2799.png
2800.0,COc1cc(-n2ccnc(NCCc3ccccc3)c2=O)ccc1OCCN1CCCC1,1.0,train,../data/images/hERG/2800.png
2801.0,Cc1noc([C@H]2C[C@@H]2C(=O)NCc2ccc(-c3cccc(OC(F)(F)F)c3)c3c2CN(C(=O)NC(C)(C)C)CC3)n1,1.0,train,../data/images/hERG/2801.png
2802.0,Cc1ncoc1-c1nnc(SCCCN2C[C@@H]3C[C@]3(c3ccc(C(F)(F)F)cc3)C2)n1C,1.0,train,../data/images/hERG/2802.png
2803.0,O=C(CNC(=O)c1cccc(C(F)(F)F)c1)NC1CN([C@H]2CC[C@H](c3ccncc3O)CC2)C1,0.0,train,../data/images/hERG/2803.png
2804.0,CC(C)Cc1cc(C(=O)NCC2(C#N)CCN(CCc3ccccc3)CC2)nn1-c1ccccc1,1.0,train,../data/images/hERG/2804.png
2805.0,Cc1nnc(C(C)C)n1C1CCN([C@H](C)C[C@H](NC(=O)C2CC(F)(F)C2)c2ccccc2)CC1,0.0,train,../data/images/hERG/2805.png
2806.0,CCNC(=O)CC[C@@H](CO)N(C)C(=O)c1ccc2c(c1)c1c(n2C)CC[C@@H](C2CCOCC2)C1,0.0,train,../data/images/hERG/2806.png
2807.0,C=CC(=O)Nc1cc(Nc2nccc(-c3c[nH]c4ccccc34)n2)c(OC)cc1N(C)CCN(C)C,0.0,train,../data/images/hERG/2807.png
2808.0,O=C(O)[C@H](Cc1ccccn1)N1CCC(CN2CCC(Oc3ccc(CO)c(Cl)c3)CC2)CC1,0.0,train,../data/images/hERG/2808.png
2809.0,Cc1nc2ccccc2n1C1CC2CCC(C1)N2CCC1(c2cccc(F)c2)CCN(C(=O)c2cc(S(=O)(=O)NCC(F)(F)F)c(F)cc2Cl)CC1,1.0,train,../data/images/hERG/2809.png
2810.0,CN1Cc2cc(-c3ccc(C[C@@H](C#N)NC(=O)[C@@H]4C[C@@H](O)CCN4)cc3)ccc2C1=O,0.0,train,../data/images/hERG/2810.png
2811.0,CCOc1cc(CN2CCC(Nc3nc4cc(S(N)(=O)=O)ccc4o3)CC2)ccc1OC,1.0,train,../data/images/hERG/2811.png
2812.0,Cc1cncc(-c2c(C)c(CNC3CCCC3)nn2-c2ncccc2Cl)c1,1.0,train,../data/images/hERG/2812.png
2813.0,CC(C)N(C)[C@@H]1CC[C@H](N2CC[C@H](NC(=O)c3cccc(C(F)(F)F)c3)C2=O)[C@H](CS(C)(=O)=O)C1,0.0,train,../data/images/hERG/2813.png
2814.0,CNC(=O)c1ccc(Oc2ccc(S(=O)(=O)[C@@]3(C(=O)NO)CCC4(CCNCC4)C3)cc2)cc1,0.0,train,../data/images/hERG/2814.png
2815.0,COc1ccc2c(=O)n(-c3ccc(OC4CCN(C5CCC5)CC4)cc3)c(C)nc2c1,0.0,train,../data/images/hERG/2815.png
2816.0,C[S+](=N)([O-])c1ccc(C2=C(c3ccccc3)C(=O)OC2)cc1,0.0,train,../data/images/hERG/2816.png
2817.0,CN1Cc2ccc(-c3ccc(C[C@@H](C#N)NC(=O)C4(N)CCOCC4)cc3)cc2C1=O,0.0,train,../data/images/hERG/2817.png
2818.0,N#Cc1ccc2cc1Oc1ccc3c(c1)[C@@H](CC3)N1CC[C@@H](NCc3cncn3C2)C1=O,1.0,train,../data/images/hERG/2818.png
2819.0,O=C(N[C@@H]1COc2cccc(-c3ccnc(CO)c3)c2C1)c1ccc(OCC(F)(F)F)nc1,0.0,train,../data/images/hERG/2819.png
2820.0,O=C(CNC(=O)c1cccc(C(F)(F)F)c1)NC1CN([C@H]2CC[C@](O)(c3ccc(F)cc3)CC2)C1,1.0,train,../data/images/hERG/2820.png
2821.0,Cc1nnc(C(C)C)n1C1CCN([C@@H](C)C[C@H](NC(=O)C2CCC(F)(F)CC2)c2ccccc2)CC1,0.0,train,../data/images/hERG/2821.png
2822.0,OCc1cn(-c2ccc(N3CCC(N4CCc5ccc(F)cc54)CC3)nn2)cn1,1.0,train,../data/images/hERG/2822.png
2823.0,CC(C)(O)c1cc(C(F)(F)F)cc(S(=O)(=O)N2CCN(C(=O)[C@@H]3C[C@H]3c3ccc(C(F)(F)F)cc3)CC2)c1,1.0,train,../data/images/hERG/2823.png
2824.0,Cc1nc2ccccc2n1C1CC2CCC(C1)N2CCC1(c2cccc(F)c2)CCN(C(=O)c2cc(S(N)(=O)=O)ccc2Cl)CC1,0.0,train,../data/images/hERG/2824.png
2825.0,O=C1NCCN1CCN1CCC(C2CN(c3ccc(F)cc3)c3ccccc32)CC1,1.0,train,../data/images/hERG/2825.png
2826.0,Cc1cc(-c2ccc3c(c2)CCN(CCCSc2nnc(-c4cccn4C)n2C)CC3)no1,1.0,train,../data/images/hERG/2826.png
2827.0,Cc1nc2ccccc2n1C1CC2CCC(C1)N2CCC1(c2cccc(F)c2)CCN(C(=O)c2cc(S(=O)(=O)NC3CCCC3)c(F)cc2Cl)CC1,0.0,train,../data/images/hERG/2827.png
2828.0,COc1cc(C(O)CN2CCN(C[C@H](O)c3ccc4c(c3C)COC4=O)CC2)ccc1C#N,1.0,train,../data/images/hERG/2828.png
2829.0,O=C(NCc1ccccc1)N(c1ccc(Br)cc1)C1CCN(Cc2ccncc2)CC1,1.0,train,../data/images/hERG/2829.png
2830.0,O=C(NCc1c(O)cc(Cl)cc1Cl)C1CCN(Cc2ccn(-c3ccc(C(F)(F)F)cc3)c2)CC1,1.0,train,../data/images/hERG/2830.png
2831.0,O=C(Nc1ccc(Cl)c(Cl)c1)N1CCN(C[C@@H]2CCCN(Cc3ccccc3)C2)CC1,1.0,train,../data/images/hERG/2831.png
2832.0,CC(=O)Nc1cccc(C2CCN(Cc3ccc(C(=O)c4nc5ccccc5n4-c4ccc(F)cc4)cc3F)CC2)c1,1.0,train,../data/images/hERG/2832.png
2833.0,CO[C@@H]1COCC[C@@H]1N[C@@H]1CC[C@@](C(=O)N2CCN(c3nncc(C(F)(F)F)n3)CC2)(C(C)C)C1,1.0,train,../data/images/hERG/2833.png
2834.0,CCN1CCN(c2cc3[nH]c(S[C@]4(C)CC[C@@H](c5nnn(C)n5)CC4)nc3cc2Cl)CC1,1.0,train,../data/images/hERG/2834.png
2835.0,O=c1ccc(-c2nnc(C3CCN(Cc4ccc(-c5nc6nc(N7CCN(CCO)CC7)ncc6cc5-c5ccccc5)cc4)CC3)[nH]2)c[nH]1,1.0,train,../data/images/hERG/2835.png
2836.0,COc1cccc(-c2c[nH]c([C@H]3Cc4c([nH]c5ccccc45)[C@](c4cnn(C)c4)(c4noc(C)n4)N3)n2)n1,1.0,train,../data/images/hERG/2836.png
2837.0,O=C(NC[C@H]1CCN(C(=O)CCCCC(c2ccc(F)cc2)c2ccc(F)cc2)C1)c1cc(C(F)(F)F)cc(C(F)(F)F)c1,1.0,train,../data/images/hERG/2837.png
2838.0,Cc1cc(C)n(-c2cc(NC(=O)CN3CC[C@H](CN(C)C)C3)nc(-c3ccc(C)o3)n2)n1,1.0,train,../data/images/hERG/2838.png
2839.0,O=C(NCc1ccc(OC(F)(F)F)cc1)C1c2ccccc2C(=O)N1CCc1ncc(F)cn1,1.0,train,../data/images/hERG/2839.png
2840.0,CNC[C@@H]1Cc2ccccc2[C@H](c2ccc(Cl)c(Cl)c2)C1,1.0,train,../data/images/hERG/2840.png
2841.0,CCCc1cn(-c2ccc(F)cc2)c2ccc(Cl)cc12,0.0,train,../data/images/hERG/2841.png
2842.0,Cc1ccccc1C1CCN(C[C@@H]2CCc3c(C)cccc3[C@@H](O)C2)CC1,1.0,train,../data/images/hERG/2842.png
2843.0,CC(=O)N1CC2CC1CN2Cc1ccc(Oc2nc3ncccc3s2)cc1,0.0,train,../data/images/hERG/2843.png
2844.0,O=C(NCc1ccc(OCCC(F)(F)F)nc1)C1c2ccccc2C(=O)N1CCc1ccccn1,0.0,train,../data/images/hERG/2844.png
2845.0,Cc1noc(C[C@H]2CC[C@H](c3ccc(N4CCOc5ncnc(N)c5C4=O)cc3)CC2)n1,0.0,train,../data/images/hERG/2845.png
2846.0,CC(C)n1nc([C@]2(c3cnn(C)c3)N[C@@H](c3nc(-c4ccc(F)cn4)c[nH]3)Cc3c2[nH]c2ccccc32)oc1=O,0.0,train,../data/images/hERG/2846.png
2847.0,Cc1cccc(NC(=O)c2ccc(-c3ccc(OC(F)(F)F)cc3)o2)c1,0.0,train,../data/images/hERG/2847.png
2848.0,CN[C@@H]1CCN(c2ccc(Cl)c(Cl)c2)c2ccccc21,1.0,train,../data/images/hERG/2848.png
2849.0,Cc1cc(C2CC=CCN(C)C2)ccc1Cl,0.0,train,../data/images/hERG/2849.png
2850.0,COc1cnc2ccc(=O)n(C[C@@H](N)[C@H]3CC[C@H](NCc4ccc5c(n4)NC(=O)CO5)CC3)c2c1,0.0,train,../data/images/hERG/2850.png
2851.0,Cn1nc([C@]2(c3cn[nH]c3)N[C@@H](c3nc(-c4ccc(F)cn4)c[nH]3)Cc3c2[nH]c2ccccc32)oc1=O,0.0,train,../data/images/hERG/2851.png
2852.0,O=C(CCCCCCC(=O)Nc1ccccc1)NO,0.0,train,../data/images/hERG/2852.png
2853.0,COc1ccc(COc2cnn(CC(=O)c3ccc(CN(C)C)cc3C)c(=O)c2)nc1,0.0,train,../data/images/hERG/2853.png
2854.0,N#Cc1ccc2c(c1)N(CCN1CCC(NCc3ccc4c(n3)NC(=O)CO4)CC1)C(=O)CO2,0.0,train,../data/images/hERG/2854.png
2855.0,OC(c1cccnc1)(c1cccnc1)C(c1ccccc1)N1CCCC1,0.0,train,../data/images/hERG/2855.png
2856.0,Cc1ncoc1-c1nnc(SCCCN2CC3CCN(c4cccc(C#N)c4)C3C2)n1C,1.0,train,../data/images/hERG/2856.png
2857.0,C(#Cc1cc(-c2n[nH]c3c2Cc2cc(Cn4ccnn4)ccc2-3)cs1)COc1ccccc1,0.0,train,../data/images/hERG/2857.png
2858.0,O=C(c1nnc(-c2ccccc2)o1)N1CCC(Oc2ccc(CN3CCCC3)cc2)CC1,0.0,train,../data/images/hERG/2858.png
2859.0,NC(=O)c1cccc(C[C@@H]2C[C@H]3CC[C@@H](C2)N3Cc2ccccc2)c1,1.0,train,../data/images/hERG/2859.png
2860.0,Nc1nnc(-c2cccc(Cl)c2Cl)c(N)n1,0.0,train,../data/images/hERG/2860.png
2861.0,CC(=O)Nc1cc(Nc2cc(NC3CC3)n3ncc(C#N)c3n2)c(F)cc1C,0.0,train,../data/images/hERG/2861.png
2862.0,C[C@@H]1CNC[C@H]2Cc3ccc(Cl)nc3N21,0.0,train,../data/images/hERG/2862.png
2863.0,C=CCO[C@H]1CC[C@@H](N2CC(NC(=O)CNc3n[nH]c4ccc(C(F)(F)F)cc34)C2)CC1,1.0,train,../data/images/hERG/2863.png
2864.0,Cc1cc(C(=O)N[C@@H]2CC(C)(C)Oc3nc(-c4ccc(Cl)cc4Cl)c(-c4ccc(Cl)cc4)cc32)n[nH]1,1.0,train,../data/images/hERG/2864.png
2865.0,CC(C)(C)C1CCC2(CC1)CCN(c1ccc(OC(F)(F)F)cc1)C(=O)N2Cc1ccc(C(=O)Nc2nn[nH]n2)cc1,1.0,train,../data/images/hERG/2865.png
2866.0,COc1cc(CN2CCC(CNCCCCCC(c3ccc(F)cc3)c3ccc(F)cc3)C2)cc(OC)c1OC,1.0,train,../data/images/hERG/2866.png
2867.0,COC(=O)C1(CNC(=O)c2cc(Cl)cc(Cl)c2)CCN(Cc2cccc(C(F)(F)F)c2)CC1,1.0,train,../data/images/hERG/2867.png
2868.0,COc1ccc2nccc([C@@H](O)CC[C@@H]3CCN(CCSc4ccc[se]4)C[C@@H]3C(=O)O)c2c1,0.0,train,../data/images/hERG/2868.png
2869.0,Cc1ncoc1-c1nnc(SCCCN2C[C@@H]3C[C@]3(c3ccc(C(C)(C)C)cc3)C2)n1C,1.0,train,../data/images/hERG/2869.png
2870.0,O=C(Nc1ccc(F)c(Cl)c1)N1CCN(C[C@@H]2CCCN(C3CC3)C2)CC1,0.0,train,../data/images/hERG/2870.png
2871.0,CC(C)(O)c1ccc(C(O)CCCN2CCC(C(O)(c3ccccc3)c3ccccc3)CC2)cc1,1.0,train,../data/images/hERG/2871.png
2872.0,O=C(O)[C@H](Cc1cccc(C(F)(F)F)c1)N1CCC(CN2CCC(Oc3ccc(Cl)c(Cl)c3)CC2)CC1,1.0,train,../data/images/hERG/2872.png
2873.0,C#CCCCCCCCCCNC(=O)Oc1cccc(-n2ccc(C(N)=O)c2)c1,0.0,train,../data/images/hERG/2873.png
2874.0,Cc1ccc(S(=O)(=O)N/N=C/c2cn(CC(=O)Nc3ccccc3Cl)c3ccccc23)cc1,0.0,train,../data/images/hERG/2874.png
2875.0,CCCCN(CC)C/C=C/c1ccc(Cl)cc1,1.0,train,../data/images/hERG/2875.png
2876.0,CCSc1ccccc1C(=O)N(CC1CCC1)[C@H]1CCNC1,1.0,train,../data/images/hERG/2876.png
2877.0,Cc1cc(-c2nc3c4c(ccc3o2)CCN(CCCSc2nnc(-c3ocnc3C)n2C)CC4)n(C)n1,1.0,train,../data/images/hERG/2877.png
2878.0,CO[C@H]1CN(CCn2c(=O)ccc3ccc(C#N)cc32)CC[C@H]1NCc1cc2c(cn1)OCCO2,0.0,train,../data/images/hERG/2878.png
2879.0,O=C(/C=C/c1ccc2c(c1)CN(CCc1c[nH]c3ccccc13)C2)NO,0.0,train,../data/images/hERG/2879.png
2880.0,O=C1COc2ccc(CNC3CCN(CCn4c(=O)ccc5ncc(Oc6cncc(F)c6)cc54)CC3)nc2N1,0.0,train,../data/images/hERG/2880.png
2881.0,Cc1cc(C)n(Cc2ccc(C(=O)NCC3(c4nc(-c5ccccc5)cs4)CCOCC3)cc2)n1,0.0,train,../data/images/hERG/2881.png
2882.0,COc1cc(N2CCN(C(=O)[C@@H](C)O)CC2)ccc1Nc1ncc(Cl)c(-c2cnc3ccccn23)n1,0.0,train,../data/images/hERG/2882.png
2883.0,N[C@@H](CC(=O)N1CCn2c(nnc2C(F)(F)F)C1)[C@H]1CCc2cc(F)c(F)cc21,0.0,train,../data/images/hERG/2883.png
2884.0,CCN(CC)CCNC(=O)c1ccc(NC(C)=O)cc1,0.0,train,../data/images/hERG/2884.png
2885.0,COc1ccc2c(=O)cc(C(=O)NC3CCN(Cc4ccc5c(c4)OCO5)CC3)oc2c1,1.0,train,../data/images/hERG/2885.png
2886.0,CC(Cc1ccccn1)N1C(=O)c2ccccc2C1C(=O)NCc1ccc(OC(F)(F)F)cc1,1.0,train,../data/images/hERG/2886.png
2887.0,C[C@@H]1CN(c2nc(C(F)(F)F)no2)CCN1c1ncc(OCc2ccncc2C#N)cn1,1.0,train,../data/images/hERG/2887.png
2888.0,CC1(c2cccc(-c3cncnc3)c2)N=C(N)c2ccccc2O1,1.0,train,../data/images/hERG/2888.png
2889.0,Cc1cc(-c2ccc3c(c2)CCN(CCCSc2nnc(-c4ccc(Cl)cc4)n2C)CC3)no1,1.0,train,../data/images/hERG/2889.png
2890.0,COc1ccc2c(c1)[C@@H]1C[C@]1(C(=O)N1C3CCC1CN(C)C3)Cn1c-2c(C2CCCCC2)c2ccc(C(=O)NS(=O)(=O)C3CCC3)cc21,0.0,train,../data/images/hERG/2890.png
2891.0,O=C(c1ccc(F)cc1)N1CCN(c2ccc(OC3CCN(C4CCC4)CC3)cc2)C(=O)C1,0.0,train,../data/images/hERG/2891.png
2892.0,c1ccc([C@@H]([C@H](c2ccccc2)N2CCCC2)N2CCCC2)cc1,0.0,train,../data/images/hERG/2892.png
2893.0,CNc1nc(C)nc(N2CCC(C(=O)NCc3ccc(Br)cc3OC(F)(F)F)CC2)n1,0.0,train,../data/images/hERG/2893.png
2894.0,COc1cccc(CN2CCCCCCC2)c1OCc1csc(-c2ccccc2)n1,1.0,train,../data/images/hERG/2894.png
2895.0,CC(=O)N1CCC(n2nc(C)c(Nc3ncc(Cl)c(-c4cnc5ccccn45)n3)c2C)CC1,0.0,train,../data/images/hERG/2895.png
2896.0,C[C@H](c1c(CCN(C)C)sc2ccccc12)n1cccn1,1.0,train,../data/images/hERG/2896.png
2897.0,O=c1ccc2ncc(F)c3c2n1C[C@@]3(F)CN1CCC(NCc2cc3c(cn2)OCCO3)CC1,0.0,train,../data/images/hERG/2897.png
2898.0,COC(=O)C1C(OC(=O)c2ccccc2)CC2CCC1N2C,1.0,train,../data/images/hERG/2898.png
2899.0,CC(C)c1nc2ccccc2c(=O)n1-c1ccc(OCCCN2CCCC2)cc1,1.0,train,../data/images/hERG/2899.png
2900.0,CNC(=O)c1cc(Oc2ccc3nc(NC(=O)Nc4cc(C(F)(F)F)cc(C(F)(F)F)c4)sc3c2)ccn1,0.0,train,../data/images/hERG/2900.png
2901.0,CC(C)N1CCN(C(=O)N2Cc3ccccc3C2)CC1,0.0,train,../data/images/hERG/2901.png
2902.0,O=C(CNC(=O)c1cccc(C(F)(F)F)c1)NC1CN([C@H]2CC[C@H](c3ccc(O)cn3)CC2)C1,1.0,train,../data/images/hERG/2902.png
2903.0,COc1cnc(-c2ccccn2)nc1NCc1ccc(F)cc1C(F)(F)F,0.0,train,../data/images/hERG/2903.png
2904.0,O=C1COc2ccc(CNC34CCC(CCc5c(F)cnc6ccc(O)nc56)(CC3)OC4)nc2N1,1.0,train,../data/images/hERG/2904.png
2905.0,O=C(NCC1(O)CCCCC1)C1CCN(Cc2ccn(-c3ccc(C(F)(F)F)cc3)c2)CC1,0.0,train,../data/images/hERG/2905.png
2906.0,O[C@H](COc1ccc(F)cc1)CN1CCN(Cc2ccc(Cl)cc2)CC1,1.0,train,../data/images/hERG/2906.png
2907.0,CC1(C)CCc2cc(S(=O)(=O)N(CC(=O)O)Cc3cccc(-c4ccccc4)c3)ccc2O1,0.0,train,../data/images/hERG/2907.png
2908.0,O=C(NC[C@@H](O)CN1CCC(Oc2ccc(Cl)c(Cl)c2)CC1)c1cnnc2ccccc12,1.0,train,../data/images/hERG/2908.png
2909.0,Cc1cc(CN2CCN(c3c(Cl)cnc4[nH]c(-c5cccc(N6CCN(C)CC6)c5)nc34)CC2)no1,1.0,train,../data/images/hERG/2909.png
2910.0,Cc1cc(=O)n2c3c(c(F)cnc13)[C@](O)(CC13CCC(NCc4ccc5c(n4)NC(=O)CO5)(CC1)CO3)C2,0.0,train,../data/images/hERG/2910.png
2911.0,O=C(NCCc1ccccc1-c1ccc(CO)nc1)c1ccc(OCCC(F)(F)F)nc1,0.0,train,../data/images/hERG/2911.png
2912.0,CC(=O)NCC(NC(=O)C1(N)CCN(c2ncnc3[nH]ccc23)CC1)c1ccc(Cl)cc1,0.0,train,../data/images/hERG/2912.png
2913.0,O=C(c1ccc(F)cc1F)C1CCN(CCCOc2ccc(-c3nc4ccccc4o3)cc2)CC1,1.0,train,../data/images/hERG/2913.png
2914.0,COc1ccc2ncc(=O)n(CCN3CC[C@@H](NCc4ccc5c(n4)NC(=O)CO5)[C@H](OC)C3)c2c1,0.0,train,../data/images/hERG/2914.png
2915.0,C[C@H]1Cc2c(ncnc2Oc2ccc3c(ccn3C(=O)Nc3cc(C4(C(F)(F)F)CC4)on3)c2)CN1,1.0,train,../data/images/hERG/2915.png
2916.0,COc1ccc(-c2nnc(C(=O)N3CCC(Oc4ccc(CN5CCOCC5)cc4)CC3)o2)cc1,0.0,train,../data/images/hERG/2916.png
2917.0,Oc1ccc(C2=CC3(CCNCC3)Oc3ccccc32)cc1,1.0,train,../data/images/hERG/2917.png
2918.0,CC(C)(C)NC(=O)C1c2c(O)cccc2C(=O)N1Cc1ccccc1-c1ccccc1,0.0,train,../data/images/hERG/2918.png
2919.0,O=C(O)c1ccc(C2CCN([C@@H]3C[C@H]4OCC[C@@]4(C(=O)N4CCc5ncc(C(F)(F)F)cc5C4)C3)CC2)cc1,0.0,train,../data/images/hERG/2919.png
2920.0,CC1(C#N)CN(c2cc(COc3ccc(F)c(F)c3F)nc(-c3ccccn3)n2)C1,1.0,train,../data/images/hERG/2920.png
2921.0,COc1ccc(N2CCOCC2)cc1Nc1ncc(Cl)c(-c2cnc3ccccn23)n1,1.0,train,../data/images/hERG/2921.png
2922.0,Cc1ccc(CN2[C@@H]3CC[C@H]2C[C@H](Oc2cccc(C(N)=O)c2)C3)o1,1.0,train,../data/images/hERG/2922.png
2923.0,CCOC(=O)[C@H]1CC[C@@H](N2CC(NC(=O)CNc3nn(C)c4ccc(C(F)(F)F)cc34)C2)CC1,1.0,train,../data/images/hERG/2923.png
2924.0,c1ccc([C@@H]([C@H](c2ccccc2)N2CCCCC2)N2CCCCC2)cc1,0.0,train,../data/images/hERG/2924.png
2925.0,Cc1ncoc1-c1nnc(SCCCN2CC3CCN(c4ccc(Cl)cc4Cl)C3C2)n1C,1.0,train,../data/images/hERG/2925.png
2926.0,CN1CCC[C@@H]1Cn1nc(Cc2ccc(Cl)cc2)c2cccnc2c1=O,1.0,train,../data/images/hERG/2926.png
2927.0,c1ccc(C(Cc2ccccc2OC2CC2)N2CCNCC2)cc1,1.0,train,../data/images/hERG/2927.png
2928.0,C[C@H](c1ccnc(Cl)c1)N1[C@@H]2CC[C@H]1C[C@H](Oc1cccc(C(N)=O)c1)C2,1.0,train,../data/images/hERG/2928.png
2929.0,COc1cc(C(=O)NC[C@@H](O)CN2CCC(Oc3ccc(Cl)c(Cl)c3)CC2)ccc1N,1.0,train,../data/images/hERG/2929.png
2930.0,CO[C@H]1CN(CCn2c(=O)ccc3ccc(C#N)cc32)CC[C@H]1NCc1ccc2c(n1)NC(=O)CO2,0.0,train,../data/images/hERG/2930.png
2931.0,CC(C)(C)CCN1CCC(CNC(=O)c2cc(C(F)(F)F)cc(C(F)(F)F)c2)CC1,1.0,train,../data/images/hERG/2931.png
2932.0,Cc1ncn(-c2cc(Cl)c(C(=O)NC[C@@H](c3cccc(F)c3)c3ccc4[nH]c(C)nc4c3)c(Cl)c2)n1,0.0,train,../data/images/hERG/2932.png
2933.0,Fc1ccc(CC2(c3ccc4[nH]ccc4c3)CCNC2)cc1,1.0,train,../data/images/hERG/2933.png
2934.0,CCO/N=C(/c1ccc(F)c(F)c1)c1ccc(CN2CCC3(CC2)OCc2cc(F)ncc23)cn1,1.0,train,../data/images/hERG/2934.png
2935.0,Cc1ccc2c(-c3nnc(SCCC(C)N4CCc5cc6nc(C)oc6c(C)c5CC4)n3C)cccc2n1,0.0,train,../data/images/hERG/2935.png
2936.0,Clc1nccc2c3cnc(Nc4ccc(N5CCNCC5)cn4)nc3n(C3CCCC3)c12,1.0,train,../data/images/hERG/2936.png
2937.0,O=C1COc2ccc(CNC34CCC(CCc5c(F)cnc6ccc(OCCCCCO)nc56)(CC3)OC4)nc2N1,1.0,train,../data/images/hERG/2937.png
2938.0,Fc1ccccc1-c1ccc2oc(N3CCN4CCC3CC4)nc2n1,1.0,train,../data/images/hERG/2938.png
2939.0,O=C1OCc2cc(CCN3CCN(C(=O)Cc4ccc(-n5cnnn5)cc4C4CC4)CC3)ccc21,1.0,train,../data/images/hERG/2939.png
2940.0,COc1cc(OC)c(/C=C/S(=O)(=O)Cc2ccc(OC)c(N)n2)c(OC)c1,0.0,train,../data/images/hERG/2940.png
2941.0,COc1cc(/C=C/c2nc(N)c3ccccc3n2)ccc1-n1cnc(C)c1,1.0,train,../data/images/hERG/2941.png
2942.0,COc1ccc([C@H](N[C@@H]2CC[C@@H](C(=O)N3CCC(C(=O)N4CCCC4)(c4ccccc4)CC3)C(C)(C)C2)C(F)F)cc1,0.0,train,../data/images/hERG/2942.png
2943.0,O=C(O)c1ccc(N2CCC(CN3CCC(Oc4ccc(Cl)c(Cl)c4)CC3)CC2)cc1,0.0,train,../data/images/hERG/2943.png
2944.0,CN1CCN(c2cccc3c2C[C@H](NC(=O)c2ccc(OC(F)(F)F)cc2)CO3)CC1,1.0,train,../data/images/hERG/2944.png
2945.0,COc1ccnc(C2=N[C@@](c3ccc(F)cc3)(c3ccc(F)nc3)[C@H](C)N2)c1,1.0,train,../data/images/hERG/2945.png
2946.0,c1ccc(-c2[nH]c3ccccc3c2C2CC3CCC(C2)N3c2ccccc2)cc1,1.0,train,../data/images/hERG/2946.png
2947.0,C[C@@H]1CCCN1CCc1ccc(-c2ccc(S(=O)(=O)N3CCS(=O)(=O)CC3)cc2)cc1,1.0,train,../data/images/hERG/2947.png
2948.0,CC(C)(C)CN(C(=O)c1cccc(Cl)c1Cl)[C@H]1CCNC1,0.0,train,../data/images/hERG/2948.png
2949.0,Cc1cc(=O)n(C[C@H](N)[C@H]2CC[C@H](NCc3ncc4c(n3)NC(=O)CO4)CC2)c2cc(F)ccc12,0.0,train,../data/images/hERG/2949.png
2950.0,Cc1nc2c(F)cccc2c(=O)n1-c1ccc(OC2CCN(C3CCC3)CC2)cc1,0.0,train,../data/images/hERG/2950.png
2951.0,c1cncc(-c2c[nH]c([C@H]3Cc4c([nH]c5ccccc45)C(C4CCCCC4)N3)n2)c1,1.0,train,../data/images/hERG/2951.png
2952.0,CC#Cc1cncc(-c2cccc(C3(c4ccnc(C(F)F)c4)N=C(N)c4c(F)cccc43)c2)c1,1.0,train,../data/images/hERG/2952.png
2953.0,NC(=O)c1cccc(O[C@@H]2C[C@H]3CC[C@@H](C2)N3Cc2ccncc2)c1,1.0,train,../data/images/hERG/2953.png
2954.0,Nc1ncnc2c1c(-c1cccc(OCC34CCC(CC3)O4)c1)cn2[C@H]1C[C@@H](CN2CCC2)C1,1.0,train,../data/images/hERG/2954.png
2955.0,CCC1OC(=O)C(C)C(OC2CC(C)(OC)C(O)C(C)O2)C(C)C(OC2OC(C)CC(N(C)C)C2O)C(C)(O)CC(C)/C(=N/OCOCCOC)C(C)C(O)C1(C)O,0.0,train,../data/images/hERG/2955.png
2956.0,CCn1cc([C@@]2(c3nnc(O)o3)N[C@@H](c3nc(-c4ccc(F)cn4)c[nH]3)Cc3c2[nH]c2ccccc32)cn1,0.0,train,../data/images/hERG/2956.png
2957.0,CC(=O)N[C@H]1CC[C@H]([C@H](C)[C@H](N)C(=O)N2CC[C@H](F)C2)CC1,0.0,train,../data/images/hERG/2957.png
2958.0,COc1ccc(NC(=O)c2ccc(Cn3ccnn3)c3ccccc23)c(C(=O)NCC2CCOCC2)n1,0.0,train,../data/images/hERG/2958.png
2959.0,Cc1ccc2c(-c3nnc(SCCCN4CCc5ccc6nc(C(F)(F)F)oc6c5CC4)n3C)cccc2n1,1.0,train,../data/images/hERG/2959.png
2960.0,O=C1COc2ccc(CNC34CCC(CCc5c(F)cnc6ccc(OC[C@H]7C[C@H]7C(=O)O)nc56)(CC3)OC4)nc2N1,0.0,train,../data/images/hERG/2960.png
2961.0,Nc1nc2c(s1)CC[C@H]2C(=O)Nc1ccc(C[C@@H]2CC[C@H]([C@H](O)c3cccc(F)c3)N2)cc1,1.0,train,../data/images/hERG/2961.png
2962.0,CC(C)NC(=O)c1ccc(-c2ccc3c(c2)CCN(CCN2CCCC2)C3=O)cc1,1.0,train,../data/images/hERG/2962.png
2963.0,Cc1oc(-c2ccccc2)nc1C(=O)N1CCC(Oc2ccc(CN3CCCC3)cc2)CC1,1.0,train,../data/images/hERG/2963.png
2964.0,O=C(NC1CCN(Cc2ccn(-c3ccc(C(F)(F)F)cc3)c2)CC1)NC(Cn1cncn1)c1ccccc1,0.0,train,../data/images/hERG/2964.png
2965.0,C[C@@H]1NC(c2cccc(S(C)(=O)=O)c2)=N[C@@]1(c1ccc(F)cc1)c1ccc(F)nc1,0.0,train,../data/images/hERG/2965.png
2966.0,COc1ccc2c(=O)n(CCO)c(C#N)c(-c3cccc(F)c3)c2c1,0.0,train,../data/images/hERG/2966.png
2967.0,COc1cc(-c2cn(CC(=O)N(Cc3ccccc3)CC(F)(F)F)nn2)ccc1-n1cnc(C)c1,1.0,train,../data/images/hERG/2967.png
2968.0,COc1cc(-c2cn([C@H]3CCCCN(CC(F)(F)F)C3=O)nn2)ccc1-n1cnc(C)c1,0.0,train,../data/images/hERG/2968.png
2969.0,COc1ccc([C@@H](C)N[C@@H]2CC[C@@H](C(=O)N3CCC(c4ccccc4)(c4ccc(OC)nc4)CC3)C(C)(C)C2)cc1,1.0,train,../data/images/hERG/2969.png
2970.0,CCOCC1(COCC)N[C@@H](c2nc(-c3ccccc3)c[nH]2)Cc2c1[nH]c1ccccc21,1.0,train,../data/images/hERG/2970.png
2971.0,COc1cc(OC)cc(C(=O)NCC2(C(=O)O)CCN(Cc3ccc(C(F)(F)F)cc3)CC2)c1,0.0,train,../data/images/hERG/2971.png
2972.0,CC[C@H]1OC(=O)[C@H](C)C(=O)[C@H](C)[C@@H](O[C@@H]2O[C@H](C)C[C@H](N(C)C)[C@H]2O)[C@](C)(O)C[C@@H](C)C(=O)[C@H](C)[C@H]2N(C3CN(Cc4ccnc5ncccc45)C3)C(=O)O[C@]12C,0.0,train,../data/images/hERG/2972.png
2973.0,O=C(c1ccc(Oc2ccc(S(=O)(=O)C3(C(=O)NO)CCC4(CCNCC4)C3)cc2)cc1)N1CCCC1,0.0,train,../data/images/hERG/2973.png
2974.0,CC(C)N(CCC(C(N)=O)(c1ccccc1)c1ccccn1)C(C)C,0.0,train,../data/images/hERG/2974.png
2975.0,Clc1cnc2nc(Oc3ccc(CN4CCCCC4)cc3)sc2c1,0.0,train,../data/images/hERG/2975.png
2976.0,CC(C)[C@@H]1c2nc(-c3ccc(F)cc3)c(Nc3ccc(F)c(Cl)c3)n2CCN1C(=O)CN,0.0,train,../data/images/hERG/2976.png
2977.0,CN(C)C(=O)N1CC(c2cc(F)ccc2F)=C[C@@]1(CC[C@H](N)C(F)F)c1ccccc1,0.0,train,../data/images/hERG/2977.png
2978.0,Cc1ccc2c(-c3nnc(SCCCN4CCc5ccc6oc(-c7cc(C)nn7C)nc6c5CC4)n3C)cccc2n1,1.0,train,../data/images/hERG/2978.png
2979.0,COc1ccc2ncc(F)c(CC(NS(C)(=O)=O)C34CCC(NCc5ccc6c(n5)NC(=O)CO6)(CC3)CO4)c2n1,1.0,train,../data/images/hERG/2979.png
2980.0,COc1cc(OC)cc(C(=O)NCC2(C#N)CCN(Cc3ccccc3OC)CC2)c1,1.0,train,../data/images/hERG/2980.png
2981.0,O=C1COc2ccc(CNC34CCC(CCc5c(F)cnc6ccc(OCC7(C(=O)O)CC7)nc56)(CC3)OC4)nc2N1,0.0,train,../data/images/hERG/2981.png
2982.0,CC(C)(C)NC(=O)C1c2cc(C#N)ccc2C(=O)N1Cc1ccccc1-c1ccccc1,0.0,train,../data/images/hERG/2982.png
2983.0,C[C@H]1SC(N)=N[C@@]2(c3ccc(F)cc3F)CO[C@@H](c3cnn(C)c3)C[C@@H]12,1.0,train,../data/images/hERG/2983.png
2984.0,O=C(c1ccc(F)cc1)N1CCN(c2ccc(OCCCN3CCCCC3)cc2)C(=O)C1,0.0,train,../data/images/hERG/2984.png
2985.0,O=C(Nc1ccc(Cl)c(Cl)c1)N1CCN(C[C@H]2CN(C3CC3)CCO2)CC1,0.0,train,../data/images/hERG/2985.png
2986.0,O=C(NCCCCN1CCN(c2ccccc2)CC1)c1ccc2ncccc2c1,1.0,train,../data/images/hERG/2986.png
2987.0,NC(=O)c1cccc(O[C@@H]2C[C@H]3CC[C@@H](C2)N3Cc2cccs2)c1,1.0,train,../data/images/hERG/2987.png
2988.0,O=C(NC1CCCC1)c1ccc(-c2ccc3c(c2)CCN(CCN2CCCC2)C3=O)cc1,1.0,train,../data/images/hERG/2988.png
2989.0,Cc1c(CNC2CCCC2)nn(-c2ccc(Cl)cc2Cl)c1-c1ccc(Cl)cc1,1.0,train,../data/images/hERG/2989.png
2990.0,O[C@H]1C[C@H](CN2CC[C@H](c3ccc(F)cc3Cl)[C@@H](O)C2)CCc2cccnc21,0.0,train,../data/images/hERG/2990.png
2991.0,c1ccc(-c2c[nH]c([C@H]3Cc4c([nH]c5ccccc45)C(C4CCNCC4)N3)n2)cc1,1.0,train,../data/images/hERG/2991.png
2992.0,COc1ccc2ncc(F)c(C[C@H](O)C34CCC(NCc5ccc6c(n5)NC(=O)CO6)(CC3)CO4)c2n1,0.0,train,../data/images/hERG/2992.png
2993.0,COc1ccc2ncc(F)c(CCC34CCC(NCc5ccc6c(n5)NC(=O)C(C)O6)(CC3)CO4)c2n1,1.0,train,../data/images/hERG/2993.png
2994.0,O=C(CCc1ccccc1)N[C@H]1CC[C@](O)(c2ccc(O)cc2)CC1,0.0,train,../data/images/hERG/2994.png
2995.0,O=C(Nc1ccc(-c2nnc(NCCCCN3CCCC3)o2)cc1)c1ccccc1F,0.0,train,../data/images/hERG/2995.png
2996.0,CCn1cc(C2(c3cccc(-c4cncc(F)c4)c3)N=C(N)c3c(F)cccc32)cc(C)c1=O,1.0,train,../data/images/hERG/2996.png
2997.0,NC1COCC1Oc1ccc2ncc(F)c(CCC34CCC(NCc5ccc6c(n5)NC(=O)CO6)(CC3)CO4)c2n1,1.0,train,../data/images/hERG/2997.png
2998.0,CCCCC1=NC2(CCCC2)C(=O)N1Cc1ccc(-c2ccccc2-c2nn[nH]n2)cc1,0.0,train,../data/images/hERG/2998.png
2999.0,COc1ccc(-c2ccc(NC(=O)Nc3cccc(C(F)(F)F)c3)cc2)c2c(N)noc12,0.0,train,../data/images/hERG/2999.png
3000.0,N#CCCCOc1ccc2ncc(F)c(CCC34CCC(NCc5ccc6c(n5)NC(=O)CO6)(CC3)CO4)c2n1,1.0,train,../data/images/hERG/3000.png
3001.0,Fc1ccccc1C(Cc1ccccc1OC(F)F)N1CCNCC1,1.0,train,../data/images/hERG/3001.png
3002.0,N#Cc1ccc(-c2ccc(C[C@@H](C#N)NC(=O)[C@@H]3C[C@@H](O)CCN3)cc2)cc1,0.0,train,../data/images/hERG/3002.png
3003.0,Cc1nc2ncc(Oc3ccc(Br)cc3F)cc2c(=O)n1C[C@H]1CCCN(C(C)C)C1,1.0,train,../data/images/hERG/3003.png
3004.0,COC(=O)[C@@H]1[C@H]2CC[C@@H](C[C@@H]1O)N2C,0.0,train,../data/images/hERG/3004.png
3005.0,CC(C)(C)CNc1nc(C#N)nc(N2CCOCC2)c1N,0.0,train,../data/images/hERG/3005.png
3006.0,CN(C)CCC(NC(=O)C1(N)CCN(c2ncnc3[nH]ccc23)CC1)c1ccc(Cl)cc1,0.0,train,../data/images/hERG/3006.png
3007.0,CC(C)Oc1cc([C@@](Cc2ccccc2)(NC[C@@H](O)C(F)(F)F)c2cc(F)cc(OC(F)(F)C(F)F)c2)ccc1F,0.0,train,../data/images/hERG/3007.png
3008.0,NC1=NC(c2cccc(-c3cncnc3)c2)(c2ccnc(C3CC3)c2)c2cccc(F)c21,1.0,train,../data/images/hERG/3008.png
3009.0,CC1(C)c2nc(-c3ccc(F)cc3)c(Nc3ccc(F)c(F)c3)n2CCN1C(=O)CN,0.0,train,../data/images/hERG/3009.png
3010.0,Cc1nc2ccccc2n1C1CC2CCC(C1)N2CCC1(c2ccccc2)CCN(C(=O)C(C)(C)c2nnn[nH]2)CC1,0.0,train,../data/images/hERG/3010.png
3011.0,O=S(=O)(Nc1ccc2c(c1)CCN(Cc1cc[nH]n1)CC2)c1ccc(N2CCOCC2)nc1,0.0,train,../data/images/hERG/3011.png
3012.0,CNC(=O)CCCCC[C@H](NC(=O)c1cncs1)c1ncc(-c2ccc(-c3ccn[nH]3)cc2)[nH]1,0.0,train,../data/images/hERG/3012.png
3013.0,COc1ccccc1-c1nc2c(C(=O)N[C@@H]3C[C@H]4CCC[C@@H](C3)N4C)cccc2o1,1.0,train,../data/images/hERG/3013.png
3014.0,CCC1C2CC3C4N(C)c5ccccc5C45CC(C2[C@H]5O)N3C1O,1.0,train,../data/images/hERG/3014.png
3015.0,Cc1ncoc1-c1nnc(SCCCN[C@@H]2CC[C@]3(c4ccc(C(F)(F)F)cc4)CC23)n1C,1.0,train,../data/images/hERG/3015.png
3016.0,COc1ccc2cc(-c3cc(-c4cc(Cl)cc(Cl)c4)nn3[C@@H](C)c3ccc(C(=O)NCCC(=O)O)cc3)ccc2c1,0.0,train,../data/images/hERG/3016.png
3017.0,C[C@H]1Cc2c([nH]c3cc(Cl)ccc23)[C@@]2(N1)C(=O)Nc1ccc(Cl)cc12,0.0,train,../data/images/hERG/3017.png
3018.0,COc1cc(Nc2ncc(C)s2)nc(N[C@@H](C)c2ncc(F)cn2)n1,0.0,train,../data/images/hERG/3018.png
3019.0,CC(C)N(C)[C@@H]1CC[C@H](N2CC[C@H](NC(=O)c3cccc(C(C)(C)C)c3)C2=O)[C@H](CS(C)(=O)=O)C1,0.0,train,../data/images/hERG/3019.png
3020.0,CC(C)(N)C(=O)N1CCC(c2ccc(NC(=O)c3nc(C#N)c[nH]3)c(C3=CCCCC3)c2)CC1,0.0,train,../data/images/hERG/3020.png
3021.0,Cc1ncnc(C)c1C(=O)N1C[C@H]2CN(CCC(c3cccc(F)c3)C3CCN(S(C)(=O)=O)CC3)C[C@H]2C1,0.0,train,../data/images/hERG/3021.png
3022.0,C[C@@H]1CN(C(=O)c2ccccc2)CCN1C(=O)C(=O)c1c[nH]c2cccnc12,0.0,train,../data/images/hERG/3022.png
3023.0,COc1cc(N2C(=O)N(c3ccc(-c4ccc5cn[nH]c5c4)cc3)C(=O)C23CCN(Cc2ncccc2C)CC3)ncn1,1.0,train,../data/images/hERG/3023.png
3024.0,O=C(NC1CCN(Cc2ccn(-c3ccc(C(F)(F)F)cc3)c2)CC1)N1CCCCC1CCO,1.0,train,../data/images/hERG/3024.png
3025.0,C[C@@H](O)c1nc2cnc3[nH]ccc3c2n1[C@H]1CC[C@@H](NCC(F)(F)F)C1,0.0,train,../data/images/hERG/3025.png
3026.0,COC(=O)CCCN1CCC(CN2CCC(Oc3ccc(CO)c(Cl)c3)CC2)CC1,0.0,train,../data/images/hERG/3026.png
3027.0,Cc1cc(C)n(-c2cc(NC(=O)CN3CCCN(C)CC3)nc(-c3ccc(C)o3)n2)n1,1.0,train,../data/images/hERG/3027.png
3028.0,CCN1C[C@H](NS(=O)(=O)C(C)C)[C@@H](c2ccc(-c3ccc(C#N)cc3)cc2)C1,1.0,train,../data/images/hERG/3028.png
3029.0,Cc1ccc2cc(CCN3CCC[C@H]3C)ccc2n1,0.0,train,../data/images/hERG/3029.png
3030.0,CC(=O)N[C@@H]1CC2(CCN(Cc3ccc4c(c3)c3ccccc3n4C(N)=O)CC2)c2ccccc21,1.0,train,../data/images/hERG/3030.png
3031.0,CNC(=O)c1cccc(-c2ccc3c(N4CCOC[C@@H]4C)nc(N4CCOC[C@@H]4C)nc3n2)c1,0.0,train,../data/images/hERG/3031.png
3032.0,N/C1=N\C(=O)[C@@H]2CCCN2c2ccc(cc2)OC/C=C/CCCNCC(=O)Nc2c(Cl)cc(cc2Cl)CN1,0.0,train,../data/images/hERG/3032.png
3033.0,O=C1OCc2cc(CCC3(F)CCN(C(=O)Cc4ccc(-n5cnnn5)cc4)CC3)ccc21,1.0,train,../data/images/hERG/3033.png
3034.0,Fc1cccc(F)c1-c1ccc2[nH]nc(-c3cncc(O[C@H]4CNCCC45CC5)n3)c2c1,1.0,train,../data/images/hERG/3034.png
3035.0,O=C(NCc1ccc(OC(F)(F)F)cc1)C1c2ccccc2C(=O)N1C1CCC(F)(F)CC1,0.0,train,../data/images/hERG/3035.png
3036.0,Cc1c(Cl)cccc1N1CCN(CCCNC(=O)c2nc(-c3ccccc3)n(-c3ccccc3)c2Cn2cncn2)CC1,1.0,train,../data/images/hERG/3036.png
3037.0,Cc1nc2ccccc2n1C1CC2CCC(C1)N2CCC1(c2cccc(F)c2)CCN(C(=O)c2c(Cl)ccc(S(N)(=O)=O)c2Cl)CC1,0.0,train,../data/images/hERG/3037.png
3038.0,O=C1N(CCN2Cc3ccccc3C2)CCN1c1ccc2sccc2c1,1.0,train,../data/images/hERG/3038.png
3039.0,Clc1ccc(OC(c2ccc3ccccc3c2)C2CNC2)cc1Cl,1.0,train,../data/images/hERG/3039.png
3040.0,C[C@@H]1NC(c2cc(Cl)ccn2)=N[C@@]1(c1ccc(F)cc1)c1ccc(F)nc1,1.0,train,../data/images/hERG/3040.png
3041.0,Cc1nc(-c2cccnc2)sc1-c1ccc2cc(CCN3CCC[C@H]3C)ccc2n1,1.0,train,../data/images/hERG/3041.png
3042.0,CN1CCN(Cc2ccc3c(c2)Cc2c(-c4csc(C#CCCO)c4)n[nH]c2-3)CC1,0.0,train,../data/images/hERG/3042.png
3043.0,Cc1ccc(C(CCC(N)C(=O)O)(c2ccccc2)c2ccccc2)cc1C,0.0,train,../data/images/hERG/3043.png
3044.0,Cc1ccc(S(=O)(=O)NC(=O)N2CCC(N3CCC(Oc4ccc(Cl)c(Cl)c4)CC3)CC2)cc1,0.0,train,../data/images/hERG/3044.png
3045.0,O=C([C@@H]1C[C@H]1c1ccc(C(F)(F)F)cc1)N1CCN(S(=O)(=O)c2cc(-c3cn[nH]c3)cc(C(F)(F)F)c2)CC1,1.0,train,../data/images/hERG/3045.png
3046.0,c1ccc(CC2(c3ccc4[nH]ccc4c3)CCNC2)nc1,0.0,train,../data/images/hERG/3046.png
3047.0,N#Cc1cccc(N2CCN(CCN3Cc4ccccc4C3)C2=O)c1,1.0,train,../data/images/hERG/3047.png
3048.0,c1ccc(CC2(c3ccc4[nH]ccc4c3)CCNC2)cc1,1.0,train,../data/images/hERG/3048.png
3049.0,COc1ccc(-c2cc(-c3ccc(S(=O)(=O)NC4CC4)cc3)cnc2N)cn1,1.0,train,../data/images/hERG/3049.png
3050.0,CN[C@@H]1CCN(c2nc(N)nc3c2oc2ncc(Cl)cc23)C1,0.0,train,../data/images/hERG/3050.png
3051.0,CN[C@@H]1Cc2ccccc2[C@H](c2ccc(Cl)c(Cl)c2)C1,1.0,train,../data/images/hERG/3051.png
3052.0,Cc1nc(Oc2ccc(C(=O)O)cc2)ccc1CN1CCC(N2C(=O)N(C3CCOCC3)C[C@H]2c2ccccc2)CC1,0.0,train,../data/images/hERG/3052.png
3053.0,N[C@H]1CN(c2ccncn2)CC[C@@H]1c1cc(F)c(F)cc1F,0.0,train,../data/images/hERG/3053.png
3054.0,CN(C(=O)c1ccncc1)c1ccc(OCc2ccc3ccccc3n2)cc1,0.0,train,../data/images/hERG/3054.png
3055.0,Cc1ccccc1C(C)N1[C@@H]2CC[C@H]1C[C@H](Oc1cccc(C(N)=O)c1)C2,1.0,train,../data/images/hERG/3055.png
3056.0,Cc1cnc(-c2nnc(SCCCN3C[C@@H]4C[C@]4(c4ccc(C(F)(F)F)cc4)C3)n2C)cn1,1.0,train,../data/images/hERG/3056.png
3057.0,O=C(NCC1(N2CCOCC2)CCCCC1)N1CCC(c2nc(-c3ccc4ccccc4n3)no2)CC1,1.0,train,../data/images/hERG/3057.png
3058.0,O=C(/C=C/c1cccc(S(=O)(=O)Nc2ccccc2)c1)NO,0.0,train,../data/images/hERG/3058.png
3059.0,CS(=O)(=O)c1ccc(CC(C(=O)O)N2CCC(CN3CCC(Oc4ccc(CO)c(Cl)c4)CC3)CC2)cc1,0.0,train,../data/images/hERG/3059.png
3060.0,COc1ccc2nccc([C@@H](O)CC[C@@H]3CCN(C4CC(c5ccccc5)C4)C[C@@H]3C(=O)O)c2c1,0.0,train,../data/images/hERG/3060.png
3061.0,CC(=O)Nc1cccc(N2CCN(CC3CCN(S(=O)(=O)CC4CCCCC4)CC3)CC2)c1,1.0,train,../data/images/hERG/3061.png
3062.0,CC(=O)N1CCN(CCOc2ccc(-c3cccc4c(=O)cc(N5CCOCC5)oc34)c3sc4ccccc4c23)CC1,0.0,train,../data/images/hERG/3062.png
3063.0,COc1nc(N2C[C@H]3C(=O)N(C)C(=N)N[C@@]3(c3ccc(F)cc3F)C2)nc(C)c1F,1.0,train,../data/images/hERG/3063.png
3064.0,CN(C)c1nc2c(CCC34CCC(NCc5ccc6c(n5)NC(=O)CO6)(CC3)CO4)ccnc2cc1C(F)(F)F,1.0,train,../data/images/hERG/3064.png
3065.0,CC(C)N1CCN(C(=O)C2CC23CCN(C2CCOCC2)CC3)CC1,0.0,train,../data/images/hERG/3065.png
3066.0,CNCc1cc(C(N)=O)ccc1Oc1ccc(Cl)c(Cl)c1,1.0,train,../data/images/hERG/3066.png
3067.0,C=C(N(C)Cc1ccc(-c2ccccc2)cc1)N1CCN(C(C)C)CC1,1.0,train,../data/images/hERG/3067.png
3068.0,CC1Cc2cccc(CN3CCC4(CC3)CCN(C(=O)c3ccncc3)CC4)c2O1,0.0,train,../data/images/hERG/3068.png
3069.0,Cc1cc(C#N)ccc1-c1ccnc(NCc2n[nH]c3ncccc23)c1,1.0,train,../data/images/hERG/3069.png
3070.0,O=c1[nH]c2ccc(F)c(Cl)c2cc1O,0.0,train,../data/images/hERG/3070.png
3071.0,Nc1ncnc(Nc2ccc(Oc3ccc(Cl)cc3)cc2)n1,1.0,train,../data/images/hERG/3071.png
3072.0,CNC[C@H]1Cc2ccccc2[C@H](c2ccc(Cl)c(Cl)c2)C1,1.0,train,../data/images/hERG/3072.png
3073.0,Clc1cccc(OC(c2cccnc2)[C@@H]2CCCNC2)c1Cl,1.0,train,../data/images/hERG/3073.png
3074.0,O=C1COc2ccccc2N1CCCN1CCC(n2c(=O)[nH]c3cnccc32)CC1,0.0,train,../data/images/hERG/3074.png
3075.0,CCCCCCC#Cc1cccc(C#CCCCCCC)[n+]1C,1.0,train,../data/images/hERG/3075.png
3076.0,C[C@@H](CO)OC[C@H](Oc1ncnc2c1cnn2-c1ncccc1Cl)C(=O)Nc1ccc(C#N)cn1,0.0,train,../data/images/hERG/3076.png
3077.0,O=c1ccc2ncc(F)c3c2n1C[C@@]3(O)CC12CCC(NCc3cc4c(cn3)OCS4)(CC1)CO2,0.0,train,../data/images/hERG/3077.png
3078.0,CC(=O)NCCNC(=O)c1ccc(O)cc1OC[C@@H](O)CN1CCC2(CC1)Cc1cc(Cl)ccc1O2,1.0,train,../data/images/hERG/3078.png
3079.0,Cc1cc2ncc(C(=O)N3CCC([C@H](N)Cc4cc(F)c(F)cc4F)CC3)c(C)n2n1,0.0,train,../data/images/hERG/3079.png
3080.0,COc1cccc(N2CCN(CCN3CCN(C(C)C)CC3)C2=O)c1,0.0,train,../data/images/hERG/3080.png
3081.0,C[C@@H]1C[C@H]2[C@@H]3CCC4=CC(=O)C=C[C@]4(C)C3=CC[C@]2(C)[C@@]1(O)C(=O)CO,0.0,train,../data/images/hERG/3081.png
3082.0,CC(C)Oc1cc(C(C2=CCC(=O)N=C2)c2ccc(C(C)(C)O)nc2)ccc1OC(F)F,0.0,train,../data/images/hERG/3082.png
3083.0,COc1cccc(-c2c[nH]c([C@H]3Cc4c([nH]c5ccccc45)[C@@H](C4CCOCC4)N3)n2)n1,1.0,train,../data/images/hERG/3083.png
3084.0,O=C(NC1CCCS(=O)(=O)C1)c1ccc(Oc2ccc(C#C[C@]3(O)CN4CCC3CC4)cc2)cc1,0.0,train,../data/images/hERG/3084.png
3085.0,N[C@@H]1CCCN(c2c(Br)cccc2/C=C2\SC(=O)NC2=O)C1,0.0,train,../data/images/hERG/3085.png
3086.0,Cc1ncoc1-c1nnc(SCCCN2CCc3ccc4oc(C(C)(F)F)nc4c3CC2)n1C,1.0,train,../data/images/hERG/3086.png
3087.0,O=C(NCc1cccc(C(=O)NCc2ccccc2)c1)c1ccc(O)cc1,0.0,train,../data/images/hERG/3087.png
3088.0,O=C(NOCCO)c1ncc2cncn2c1Nc1ccc(I)cc1F,1.0,train,../data/images/hERG/3088.png
3089.0,N#Cc1ccc2cc1Oc1ccc3cccc(c3c1)N1CC[C@@H](NC(=O)Cc3cncn3C2)C1=O,1.0,train,../data/images/hERG/3089.png
3090.0,CN(C(=O)Cc1ccc(-n2cnnn2)cc1)[C@@H]1CCN(Cc2ccc(C(F)(F)F)cc2)C[C@@H]1F,1.0,train,../data/images/hERG/3090.png
3091.0,N#CC=C1CCN(c2ccc(N3C[C@H](Cn4ccnn4)OC3=O)cc2F)CC1,0.0,train,../data/images/hERG/3091.png
3092.0,COC1CN(c2nnc(C)c3c(C)n(-c4ccc(Cl)cc4OC(F)(F)F)nc23)C1,1.0,train,../data/images/hERG/3092.png
3093.0,O=C1CCc2c(Oc3ccc4c(c3)C[C@H](NC(=O)c3cccc(C(F)(F)F)c3)CC4)ccnc2N1,0.0,train,../data/images/hERG/3093.png
3094.0,O=C(O)c1ccc(Sc2ccc(CN3CCC(N4C(=O)N(C5CCOCC5)C[C@H]4c4ccccc4)CC3)cn2)cc1,0.0,train,../data/images/hERG/3094.png
3095.0,c1ccc2c3c([nH]c2c1)C(C1CCCCC1)N[C@@H](c1nc(-c2ccncc2)c[nH]1)C3,1.0,train,../data/images/hERG/3095.png
3096.0,O=C(Cn1cccnc1=O)Nc1ccc(C[C@@H]2CC[C@H]([C@H](O)c3ccccc3)N2)cc1,0.0,train,../data/images/hERG/3096.png
3097.0,COCCN(c1cccnc1)P(=O)(c1ccccc1)c1ccccc1,0.0,train,../data/images/hERG/3097.png
3098.0,Cc1c(Cl)ccc(OC2CCN(C[C@H](O)CNC(=O)c3c[nH]c(=O)c4ccc(S(C)(=O)=O)cc34)CC2)c1Cl,0.0,train,../data/images/hERG/3098.png
3099.0,O=C1N(CCN2Cc3ccccc3C2)CCN1c1ccc2occc2c1,1.0,train,../data/images/hERG/3099.png
3100.0,O=C(CNc1n[nH]c2ccc(C(F)(F)F)cc12)NC1CN([C@H]2CC[C@@H](O)CC2)C1,0.0,train,../data/images/hERG/3100.png
3101.0,COc1ccc(CN(C)C)c(Oc2ccc(Cl)c(Cl)c2)c1,1.0,train,../data/images/hERG/3101.png
3102.0,Cc1ccc(N2CCC3CN(CCCSc4nnc(-c5cnccn5)n4C)CC32)cc1,1.0,train,../data/images/hERG/3102.png
3103.0,N#Cc1ccc(-c2ccc(C[C@@H](C#N)NC(=O)[C@@H]3CCCCN3)cc2)cc1,1.0,train,../data/images/hERG/3103.png
3104.0,CCO[C@@H]1COCC[C@@H]1N[C@@H]1CC[C@@](C(=O)N2CCN(c3cc(C(F)(F)F)ccn3)CC2)(C(C)C)C1,1.0,train,../data/images/hERG/3104.png
3105.0,CC(C)c1noc(N2CCN(c3ncc(OCc4ccc(CS(C)(=O)=O)cc4F)cn3)[C@H](C)C2)n1,0.0,train,../data/images/hERG/3105.png
3106.0,O=C(CNC(=O)c1cccc(C(F)(F)F)c1)NC1CN(C2CCC(c3c[nH]c4ccccc34)CC2)C1,1.0,train,../data/images/hERG/3106.png
3107.0,C[C@@H]1CCCN1CCc1ccc(-c2ccc(S(=O)(=O)N3CCOCC3)cc2)cc1,1.0,train,../data/images/hERG/3107.png
3108.0,CNS(=O)(=O)c1ccc(-c2cnc(N)c(-c3ccc(OC)nc3)c2)cc1,0.0,train,../data/images/hERG/3108.png
3109.0,O=C([C@@H](O)C1CC1)N1CC(c2cc(F)ccc2F)=C[C@H]1c1cccc(O)c1,0.0,train,../data/images/hERG/3109.png
3110.0,CC(C)(C)NC(=O)C1c2ccc(O)cc2C(=O)N1Cc1ccccc1-c1ccccc1,0.0,train,../data/images/hERG/3110.png
3111.0,COc1ccc(Cn2c([C@H]3CNCCS3)nc3ccccc32)cc1,1.0,train,../data/images/hERG/3111.png
3112.0,Cc1ccc2c(-c3nnc(SCCCN4CCc5cc6nc(C)sc6cc5CC4)n3C)cccc2n1,1.0,train,../data/images/hERG/3112.png
3113.0,COC(=O)c1ccc([C@H]2CC[C@H](N3CC(NC(=O)CNC(=O)c4cccc(C(F)(F)F)c4)C3)CC2)cc1,1.0,train,../data/images/hERG/3113.png
3114.0,CCCC1(C(=O)c2ccc(N)c(Cl)c2)CCCN1,0.0,train,../data/images/hERG/3114.png
3115.0,O=C(CCCN1CCCCC1)Nc1cc(-c2cccc(F)c2)n[nH]1,1.0,train,../data/images/hERG/3115.png
3116.0,CC(C)(C)c1cc(CN2CCC(CNCCCCCC(c3ccc(F)cc3)c3ccc(F)cc3)C2)cc(C(C)(C)C)c1O,1.0,train,../data/images/hERG/3116.png
3117.0,O=C(NCc1ccncn1)c1ccc(Oc2ccc(C#C[C@]3(O)CN4CCC3CC4)cc2)cc1,0.0,train,../data/images/hERG/3117.png
3118.0,CC(C)n1ncc2c1C(=O)CC1(CCN(C(=O)c3cnc4cc[nH]c4c3)CC1)C2,0.0,train,../data/images/hERG/3118.png
3119.0,O=C(NCc1ccc(C(F)(F)F)cc1)N1CCC[C@H]1CN1CCCC1,0.0,train,../data/images/hERG/3119.png
3120.0,NC1(C(=O)N[C@@H](CCN2CCCC2)c2ccc(Cl)cc2)CCN(c2ncnc3[nH]ccc23)CC1,0.0,train,../data/images/hERG/3120.png
3121.0,CN[C@@H]1CCN(c2ccc(-n3ncc4cc(-c5ccc(C(F)(F)F)cc5)sc4c3=O)cn2)C1,1.0,train,../data/images/hERG/3121.png
3122.0,O=C1N(CCN2Cc3ccccc3C2)CCN1c1cc(Cl)ccc1F,0.0,train,../data/images/hERG/3122.png
3123.0,CC(C)(C)NC(=O)C1c2ccccc2C(=O)N1Cc1ccc(F)cc1-c1ccc(F)cc1,0.0,train,../data/images/hERG/3123.png
3124.0,Cc1cccnc1CN1CCC2(CC1)C(=O)N(c1ccc(-c3ccc(C(=O)O)cc3)cc1)C(=O)N2c1ncccn1,0.0,train,../data/images/hERG/3124.png
3125.0,O=c1[nH]c2ccccc2n1C1CCN(CCOc2ccccc2)CC1,1.0,train,../data/images/hERG/3125.png
3126.0,COc1ccc2nccc(NC(=O)[C@H]3CC[C@H](NCc4ccc5c(c4)OCCO5)CC3)c2c1,0.0,train,../data/images/hERG/3126.png
3127.0,CC(=O)Nc1ccc(CN2CCC3(CC2)C(NC2CCCCC2)=NC(=O)N3c2cccc(F)c2)cc1,0.0,train,../data/images/hERG/3127.png
3128.0,Cc1c(C(=O)N(C)CCCN2CCN(c3cccc(Cl)c3Cl)CC2)cc(-c2ccccc2)n1C,1.0,train,../data/images/hERG/3128.png
3129.0,COc1cc(-c2nc3n(n2)CCO[C@H]3c2ccccc2C(F)(F)F)ccc1-n1cnc(C)c1,0.0,train,../data/images/hERG/3129.png
3130.0,COc1ccc(CN(CCN(C)C)c2ccccn2)cc1,1.0,train,../data/images/hERG/3130.png
3131.0,Cc1ccc([C@@H](C)N2[C@@H]3CC[C@H]2C[C@H](Oc2cccc(C(N)=O)c2)C3)cn1,1.0,train,../data/images/hERG/3131.png
3132.0,Cc1cc(Nc2ncc(C)c(Nc3ccccc3S(=O)(=O)C(C)C)n2)c(OC(C)C)cc1C1CCN(C)CC1,0.0,train,../data/images/hERG/3132.png
3133.0,CC(C)N(CCOc1ccc(-n2ccc(OCc3ccccc3)cc2=O)cc1)C(C)C,1.0,train,../data/images/hERG/3133.png
3134.0,O=C1COc2ccc(CNC34CCC(CCc5c(F)cnc6cc(Cl)cnc56)(CC3)OC4)nc2N1,1.0,train,../data/images/hERG/3134.png
3135.0,Cc1ccc(Nc2nc3ccc(N4CCN(C)CC4)cc3[nH]2)nc1,0.0,train,../data/images/hERG/3135.png
3136.0,COc1cc(CC(=O)N2CCN(CCc3ccc4c(c3)COC4=O)CC2)ccc1-n1cnnn1,1.0,train,../data/images/hERG/3136.png
3137.0,COc1cc(-c2cn(Cc3ccccc3F)nn2)ccc1-n1cnc(C)c1,1.0,train,../data/images/hERG/3137.png
3138.0,COc1ccc(-c2nnc(C(=O)N3CC(Oc4ccc(CN(C)C)cc4)C3)o2)cc1,0.0,train,../data/images/hERG/3138.png
3139.0,Cc1ccc(CN2[C@@H]3CC[C@H]2C[C@@H](Oc2cccc(C(N)=O)c2)C3)s1,1.0,train,../data/images/hERG/3139.png
3140.0,COc1cc(F)ccc1-c1cncc(CNC(=O)c2ccccn2)c1,0.0,train,../data/images/hERG/3140.png
3141.0,O=C(c1ccc(Cl)c(C(F)(F)F)c1)N1CCN(c2cc(=O)[nH]c(=O)n2Cc2ccc(OS(=O)(=O)c3cccc4cnccc34)cc2)CC1,0.0,train,../data/images/hERG/3141.png
3142.0,C[n+]1c(C#Cc2ccc(-c3ccccc3)cc2)cccc1C#Cc1ccc(-c2ccccc2)cc1,1.0,train,../data/images/hERG/3142.png
3143.0,COc1ccc(CCN(C)CCCC(C#N)(c2ccc(OC)c(OC)c2)C(C)C)cc1OC,1.0,train,../data/images/hERG/3143.png
3144.0,CCOC(=O)[C@H]1CC[C@@H](N2CC(NC(=O)CNc3nn(CC(F)(F)F)c4ccc(C(F)(F)F)cc34)C2)CC1,1.0,train,../data/images/hERG/3144.png
3145.0,CN(C[C@@H](O)CN1CCC(Oc2ccc(Cl)c(Cl)c2)CC1)C(=O)c1c[nH]c(=O)c2ccccc12,1.0,train,../data/images/hERG/3145.png
3146.0,COc1ccccc1-c1nc2c(C(=O)N[C@@H]3CN4CCC3CC4)cccc2o1,1.0,train,../data/images/hERG/3146.png
3147.0,COc1ccc2c(c1)N(CCN1CCC(NCc3ccc4c(n3)NC(=O)CO4)CC1)C(=O)CO2,0.0,train,../data/images/hERG/3147.png
3148.0,COc1ncc(-c2cccc(C)c2CCNC(=O)c2ccc(OCCC(F)(F)F)nc2)cn1,1.0,train,../data/images/hERG/3148.png
3149.0,Cc1cc2c(=O)n(Cc3ccccc3C#N)c(N3CCC[C@@H](N)C3)nc2[nH]1,0.0,train,../data/images/hERG/3149.png
3150.0,O=C(Nc1ccccc1)NS(=O)(=O)c1ccc(OCCN2CCCC2)cc1,0.0,train,../data/images/hERG/3150.png
3151.0,CCCN(c1cccc(C#N)c1)P(=O)(c1ccccc1)c1ccccc1,0.0,train,../data/images/hERG/3151.png
3152.0,O=C(O)CN(Cc1cccc(-c2ccccc2OC(F)(F)F)c1)S(=O)(=O)c1ccc(OC(F)F)cc1,0.0,train,../data/images/hERG/3152.png
3153.0,COCC1=C(C(=O)N2CCC[C@H]2c2cc(C)no2)[C@@H](c2cc3ccccc3n2C)n2nc(C(F)(F)F)cc2N1,0.0,train,../data/images/hERG/3153.png
3154.0,Cc1cccnc1CN1CCC2(CC1)C(=O)N(c1ccc(-c3ccno3)cc1)C(=O)N2c1cc(O)ncn1,0.0,train,../data/images/hERG/3154.png
3155.0,CC(C)S(=O)(=O)N[C@H]1CN(C)C[C@@H]1c1ccc(-c2ccc(F)nc2)cc1,1.0,train,../data/images/hERG/3155.png
3156.0,Cc1nccc(N2C(=O)N(c3ccc(-c4ccc(C(=O)O)cc4C)cc3)C(=O)C23CCN(Cc2ncccc2C)CC3)n1,0.0,train,../data/images/hERG/3156.png
3157.0,N#Cc1cccc(Cl)c1-n1ncc2c(O[C@@H](CN3CC(O)C3)C(=O)Nc3ccc(F)cn3)ncnc21,0.0,train,../data/images/hERG/3157.png
3158.0,CC(C)(Cc1ccc2ccccc2c1)NC[C@@H](O)COc1ccc(CCC(=O)O)cc1,1.0,train,../data/images/hERG/3158.png
3159.0,C[C@H]1CN(c2ccc(C#N)cn2)CC[C@H]1Nc1c(C(N)=O)cnc2[nH]ccc12,0.0,train,../data/images/hERG/3159.png
3160.0,O=C(NC1CC1)c1ccc(OCCC2CC2C2CCN(c3ncc(Cl)cn3)CC2)cc1F,0.0,train,../data/images/hERG/3160.png
3161.0,CCC(=O)N[C@H]1CC[C@H](CN(C)c2ccc(N3C(=O)Cc4cc(OC)c(O[C@H](C)CC)cc4[C@@H]3c3ccc(Cl)cc3)cc2)CC1,0.0,train,../data/images/hERG/3161.png
3162.0,CS(=O)(=O)c1ccc(-c2noc([C@@H](CC3CC3)[C@H](N)C(=O)N3CC[C@H](F)C3)n2)c(F)c1,0.0,train,../data/images/hERG/3162.png
3163.0,O=C1COc2ccc(CNC34CCC(CC5(F)Cn6c(=O)ccc7ncc(F)c5c76)(CC3)OC4)nc2N1,0.0,train,../data/images/hERG/3163.png
3164.0,COc1cc(Oc2ccccc2)ccc1-c1nc([C@H]2C[C@@](C)(O)C2)n2ccnc(N)c12,0.0,train,../data/images/hERG/3164.png
3165.0,CC(C)c1cc(C#N)cc2nc(-c3ccc(C(=O)NCC4CN(c5ccc(-c6ccccc6C#N)cn5)C(=O)O4)cc3)oc12,1.0,train,../data/images/hERG/3165.png
3166.0,Cc1c(CCN2CCN(C(=O)Cc3cnc(-n4cnnn4)cn3)CC2)ccc2c1COC2=O,0.0,train,../data/images/hERG/3166.png
3167.0,COc1cnc2ccc(=O)n(CCN3CCC(NC(=O)c4cnc(C)c(C#N)c4)CC3)c2c1,0.0,train,../data/images/hERG/3167.png
3168.0,O=C(NCc1ccc(OC(F)(F)F)cc1)C1c2cccc(F)c2C(=O)N1CCc1ccccn1,1.0,train,../data/images/hERG/3168.png
3169.0,O=C(O)[C@@H](CC1CCC1)N1C[C@H](CN2CCC(c3cnc4ccccn34)CC2)[C@@H](c2cccc(F)c2)C1,1.0,train,../data/images/hERG/3169.png
3170.0,c1cncc(OC[C@H]2CNCCN2c2nc3ncccc3o2)c1,0.0,train,../data/images/hERG/3170.png
3171.0,COc1cc(-c2cn(CC(=O)N(c3ccccc3)C3CCCCC3)nn2)ccc1-n1cnc(C)c1,1.0,train,../data/images/hERG/3171.png
3172.0,CCOC(=O)N1CCN(Cc2nnc(-c3cccc(Cl)c3)o2)CC1,0.0,train,../data/images/hERG/3172.png
3173.0,COCCN1CCC[C@@H](Cn2c(-c3ccccc3C)nc3cn(-c4ccc(Cl)cc4)nc3c2=O)C1,1.0,train,../data/images/hERG/3173.png
3174.0,COC1COCCC1N[C@@H]1C[C@H]2CN(C(=O)OCCN3CCCC3)C[C@@]2(C(=O)N2CCc3ncc(C(F)(F)F)cc3C2)C1,0.0,train,../data/images/hERG/3174.png
3175.0,CC(c1nc(-c2ccc(S(C)(=O)=O)cc2Cl)no1)[C@H](N)C(F)=C1CCCC1,0.0,train,../data/images/hERG/3175.png
3176.0,CC(C)n1nc(C(=O)NCC2CCN(CCc3ccc(N)cc3)CC2)c2ccccc21,0.0,train,../data/images/hERG/3176.png
3177.0,Nc1ncc(-c2ccc(C(=O)N3CCNCC3)cc2)cc1-c1ccc(C(F)(F)F)cc1,1.0,train,../data/images/hERG/3177.png
3178.0,COC(=O)C(Cc1c[nH]c2ccccc12)NS(=O)(=O)c1ccc(OC2CCCC2)cc1,1.0,train,../data/images/hERG/3178.png
3179.0,CN1CCCC(CN2CCN(C(=O)Nc3ccc(Cl)c(Cl)c3)CC2)C1,1.0,train,../data/images/hERG/3179.png
3180.0,COCCOc1ccc(C2CN(NS(C)(=O)=O)C(=O)N2CCc2ccc(OC)cc2)cc1,0.0,train,../data/images/hERG/3180.png
3181.0,CCN(CC)C(=O)c1ccc(C(=C2CCN(Cc3ccc(F)cc3)CC2)c2ccccn2)cc1,1.0,train,../data/images/hERG/3181.png
3182.0,CNc1ncc2cc(-c3ccc(-c4cccc(C)n4)cc3Cl)c(=O)n(C[C@H]3OC[C@H](N)CO3)c2n1,0.0,train,../data/images/hERG/3182.png
3183.0,Fc1ccc(Cn2cc(NCCN3CCC(F)(F)CC3)nn2)cc1,0.0,train,../data/images/hERG/3183.png
3184.0,CCOc1cc2ncc(C(N)=O)c(Nc3ccc(F)cc3F)c2cc1C1CCN(C)CC1,0.0,train,../data/images/hERG/3184.png
3185.0,NC(=O)c1ccc(O[C@H]2C[C@H]3CC[C@@H](C2)N3Cc2ccccc2)nc1,1.0,train,../data/images/hERG/3185.png
3186.0,O=C(O)COCCN1CCN(C(c2ccccc2)c2ccc(Cl)cc2)CC1,0.0,train,../data/images/hERG/3186.png
3187.0,O=C(NC1CCN(Cc2ccc3ncoc3c2)CC1)c1cc(=O)c2ccc(F)cc2o1,0.0,train,../data/images/hERG/3187.png
3188.0,COc1c(C(C)(C)C)cc(C(=O)NCC2CCN(CCCCCC(c3ccc(F)cc3)c3ccc(F)cc3)C2)cc1C(C)(C)C,1.0,train,../data/images/hERG/3188.png
3189.0,COc1ccc(CN2CCC(NC(=O)c3cc(=O)c4ccc(F)cc4o3)CC2)cc1F,1.0,train,../data/images/hERG/3189.png
3190.0,Cc1ccc(Oc2ccc(Nc3ncnc4cccc(O[C@@H](C)C(=O)N(C)C)c34)cc2C)cn1,0.0,train,../data/images/hERG/3190.png
3191.0,CC(C)NC(=O)NS(=O)(=O)c1ccc(OCCCCN2CCCCC2)cc1,0.0,train,../data/images/hERG/3191.png
3192.0,CNCc1ccccc1Oc1ccc(Cl)c(Cl)c1,1.0,train,../data/images/hERG/3192.png
3193.0,CC(=O)Nc1cccc(N2CCN(CCCCN(C)S(=O)(=O)CC3CCCCC3)CC2)c1,1.0,train,../data/images/hERG/3193.png
3194.0,O=C(CCc1ccccc1)c1ccccc1OCC(O)CN1CCN(C(c2ccccc2)c2ccccc2)CC1,1.0,train,../data/images/hERG/3194.png
3195.0,C[C@@H](C(=O)Nc1ccc(C[C@@H]2CC[C@H]([C@H](O)c3ccccc3)N2)cc1)n1ncccc1=O,0.0,train,../data/images/hERG/3195.png
3196.0,O=C(O)CN(C1(c2ccc(-c3ccccc3OC(F)(F)F)cc2)CCC1)S(=O)(=O)c1ccc(OC(F)F)cc1,0.0,train,../data/images/hERG/3196.png
3197.0,CCc1c(CN[C@H]2CC[C@@H](F)C2)nc(-c2ncccc2Cl)n1-c1ccc(C)nc1,0.0,train,../data/images/hERG/3197.png
3198.0,COC1COCCC1N[C@@H]1C[C@H]2CCC[C@@]2(C(=O)N2CCc3ncccc3C2)C1,0.0,train,../data/images/hERG/3198.png
3199.0,COc1ccc2ncc(F)c([C@H](O)[C@@H](O)C34CCC(NCc5ccc6c(n5)NC(=O)CO6)(CC3)CO4)c2n1,0.0,train,../data/images/hERG/3199.png
3200.0,N#Cc1ccccc1[C@H]1CC[C@@H](N2CC(NC(=O)CNc3ncnc4ccc(C(F)(F)F)cc34)C2)CC1,1.0,train,../data/images/hERG/3200.png
3201.0,Cc1c(CCN2CCN(C(=O)Cc3ccc(-n4cnnn4)cc3)CC2)ccc2c1COC2=O,0.0,train,../data/images/hERG/3201.png
3202.0,O=C1N(CCN2CCC(c3ccc(Cl)cc3)CC2)CCN1c1cccc(Cl)c1,1.0,train,../data/images/hERG/3202.png
3203.0,Cc1cn([C@@H]2C[C@@H](O)[C@H](CO)O2)c(=O)[nH]c1=O,0.0,train,../data/images/hERG/3203.png
3204.0,C[C@@H]1CCCN1CCc1ccc2nc(-c3ccc(C#N)s3)ccc2c1,1.0,train,../data/images/hERG/3204.png
3205.0,CS(=O)(=O)Nc1ccc2c(c1)[C@H](O)CC1(CCN([C@@H]3CCc4cc(C#N)ccc4C3)CC1)O2,1.0,train,../data/images/hERG/3205.png
3206.0,Cc1ccc2cccc(NC(=O)[C@]3(O)CC[C@@H](NCc4cc5c(cn4)OCCO5)CC3)c2n1,1.0,train,../data/images/hERG/3206.png
3207.0,N#Cc1c(-c2ccccc2)cc(-c2ccccc2)nc1NC(=S)Nc1ccccc1,0.0,train,../data/images/hERG/3207.png
3208.0,Cn1cnc(C(=O)N(Cc2ccc(F)c(Cl)c2)C[C@H]2[C@@H]3CNC[C@@H]32)c1,0.0,train,../data/images/hERG/3208.png
3209.0,O=C1OCc2cc(CCC3CCN(C(=O)Cc4ccc(-n5cnnn5)cc4)CC3)ccc21,1.0,train,../data/images/hERG/3209.png
3210.0,O=C(CCc1ccccc1)c1ccccc1OCC(O)CN1CCC(c2ccccc2)CC1,1.0,train,../data/images/hERG/3210.png
3211.0,COc1cnc(C(=O)Nc2cc(F)c(F)c([C@]3(C)C[C@@H](c4c(C)noc4C)SC(N)=N3)c2)cn1,1.0,train,../data/images/hERG/3211.png
3212.0,CN(C(=O)Cc1ccc(S(C)(=O)=O)cc1)C1CCN(Cc2ccc(C(F)(F)F)cc2)CC1,1.0,train,../data/images/hERG/3212.png
3213.0,COc1ccc2ncc(F)c([C@@H](O)CC[C@@H]3CCN(CCSc4cccs4)C[C@@H]3C(=O)O)c2c1,0.0,train,../data/images/hERG/3213.png
3214.0,Cc1ccc2nc(CN3CCN(C(=O)CC(c4ccccc4)c4ccc(F)cc4)CC3)oc2c1,1.0,train,../data/images/hERG/3214.png
3215.0,O=C(c1ccc(Oc2ccc(F)cc2)nc1)N1CCCN(C2CCC2)CC1,1.0,train,../data/images/hERG/3215.png
3216.0,CCOCCn1nc(CC)c2nc(N3CCC(C(=O)O)CC3)nc(Nc3cc(C)ccn3)c21,1.0,train,../data/images/hERG/3216.png
3217.0,O=C(O)[C@H](c1ccccc1)N1CCC(CN2CCC(Oc3ccc(Cl)c(Cl)c3)CC2)CC1,0.0,train,../data/images/hERG/3217.png
3218.0,COc1ccc2ncc(C#N)c(CCN3CCC(NCc4cc5c(cn4)OCCO5)CC3)c2n1,1.0,train,../data/images/hERG/3218.png
3219.0,CCN1C[C@@H](N(Cc2cc(F)ccc2Cl)c2ccc(C#N)c(Cl)c2)CC1=O,1.0,train,../data/images/hERG/3219.png
3220.0,CC(C)(C)c1ccc(NC(=O)N2CCN(c3ncccc3Cl)CC2)cc1,1.0,train,../data/images/hERG/3220.png
3221.0,NC(=O)Nc1ccccc1OC[C@@H](O)CN1CCC2(CC1)Cc1cc(Cl)ccc1O2,1.0,train,../data/images/hERG/3221.png
3222.0,O=C1OCc2c1ccc(CCN1CCN(C(=O)Cc3ccc(-n4cnnn4)cc3)CC1)c2F,0.0,train,../data/images/hERG/3222.png
3223.0,Cc1nc2ccccc2n1C1CC2CCC(C1)N2CCC1(c2ccccc2)CCN(C(=O)c2cccc(-c3noc(=S)[nH]3)c2)CC1,0.0,train,../data/images/hERG/3223.png
3224.0,COC(=O)C(CCCN1CCN(c2ccccc2OC)CC1)(c1ccc(Br)cc1)C(C)C,1.0,train,../data/images/hERG/3224.png
3225.0,O=C(c1ccncc1)N1CCC2(CCN(Cc3cccc(Oc4ccccc4)c3)CC2)CC1,1.0,train,../data/images/hERG/3225.png
3226.0,Cn1cc([C@H]2C[C@H]3[C@@H](CF)SC(N)=N[C@@]3(c3ccc(F)cc3F)CO2)cn1,0.0,train,../data/images/hERG/3226.png
3227.0,O=C1COc2ccc(CNC34CCC(CCc5ccnc6cc(C(F)(F)F)cnc56)(CC3)OC4)nc2N1,1.0,train,../data/images/hERG/3227.png
3228.0,Cn1cc([C@@]2(c3cc(C(=O)O)ccn3)N[C@@H](c3nc(-c4ccc(F)cc4)c[nH]3)Cc3c2[nH]c2ccccc32)cn1,0.0,train,../data/images/hERG/3228.png
3229.0,CCN(CC)CCNC(=O)c1ccc(N)cc1,0.0,train,../data/images/hERG/3229.png
3230.0,CC(C)CN(C(=O)c1ccccc1Oc1ccccc1)[C@H]1CCNC1,1.0,train,../data/images/hERG/3230.png
3231.0,O=C(O)c1cccc(CN2CCC(CN3CCC(Oc4ccc(Cl)c(Cl)c4)CC3)CC2)c1,0.0,train,../data/images/hERG/3231.png
3232.0,CCCc1nc2cc3c(cc2o1)CCN(CCCSc1nnc(-c2cccc4nc(C)ccc24)n1C)CC3,1.0,train,../data/images/hERG/3232.png
3233.0,COc1cc(CCN2CCN(CC(O)c3ccc4c(c3C)COC4=O)CC2)ccc1C#N,1.0,train,../data/images/hERG/3233.png
3234.0,CCn1c(=O)c(-c2cc(C(=O)NC3CC3)ccc2C)cc2nnc(-c3c(F)cccc3Cl)n21,0.0,train,../data/images/hERG/3234.png
3235.0,COC1COCCC1N[C@@H]1C[C@H]2OCC[C@@]2(C(=O)N2CCc3ncc(C(F)(F)F)cc3C2)C1,0.0,train,../data/images/hERG/3235.png
3236.0,O=C(Nc1cc(Cl)ccc1Cl)NS(=O)(=O)c1ccc(OCCN2CCCCC2)cc1,0.0,train,../data/images/hERG/3236.png
3237.0,CN1CC[C@H](N(C)C(=O)N2CC(c3cc(F)ccc3F)=C[C@@]2(CO)c2ccccc2)[C@H](F)C1,0.0,train,../data/images/hERG/3237.png
3238.0,CCN(CC)C(=O)c1ccc(C2=CC3(CCNCC3)Oc3ccccc32)c(C)c1,1.0,train,../data/images/hERG/3238.png
3239.0,O=C(O)C1CN(Cc2ccc(OCc3ccc(Cl)c(Cl)c3)cc2)C1,0.0,train,../data/images/hERG/3239.png
3240.0,CC(C)c1cccc(Nc2cc(N[C@@H]3CCCC[C@@H]3N)nnc2C(N)=O)n1,1.0,train,../data/images/hERG/3240.png
3241.0,Cc1cnc(-c2cccc3c2C[C@H](NC(=O)c2ccc(OCC(F)(F)F)nc2)CO3)cn1,0.0,train,../data/images/hERG/3241.png
3242.0,CC(C)(C)NC(=O)n1nc(NCC(=O)NC2CN([C@H]3CC[C@@H](c4ccc5c(c4)OCO5)CC3)C2)c2cc(C(F)(F)F)ccc21,1.0,train,../data/images/hERG/3242.png
3243.0,NC(=O)c1ccc(O[C@H]2C[C@H]3CC[C@@H](C2)N3Cc2ccccc2)c(F)c1,1.0,train,../data/images/hERG/3243.png
3244.0,CC[C@]1(c2cccc(C(N)=O)c2)[C@@H]2CN(CC3(O)Cc4ccccc4C3)C[C@@H]21,1.0,train,../data/images/hERG/3244.png
3245.0,Cc1ccc(Nc2nc(C(=O)N3CCCC(C)C3C)cs2)cc1,0.0,train,../data/images/hERG/3245.png
3246.0,O=C(NC1CC1c1ccccc1)N1CCC(n2cccn2)CC1,0.0,train,../data/images/hERG/3246.png
3247.0,O=C(N[C@@H]1COc2cccc(-c3ccncc3)c2C1)c1ccc(OCC(F)(F)F)nc1,1.0,train,../data/images/hERG/3247.png
3248.0,CCCCOc1ccc(C(=O)N[C@@H]2COc3cccc(N4CCN(C)CC4)c3C2)cc1,1.0,train,../data/images/hERG/3248.png
3249.0,CN[C@H]1Cc2ccccc2[C@@H](c2ccc(Cl)c(Cl)c2)C1,1.0,train,../data/images/hERG/3249.png
3250.0,O=C(NCc1cccc(F)c1)NC1CCN(Cc2ccn(-c3ccc(C(F)(F)F)cc3)c2)CC1,1.0,train,../data/images/hERG/3250.png
3251.0,O=c1ccc2ccc(F)c3c2n1C[C@H]3CN1CCC(NCc2cc3c(nn2)OCCO3)CC1,0.0,train,../data/images/hERG/3251.png
3252.0,CC(C)NC(=O)NS(=O)(=O)c1ccc(OCCN2CCCC2)cc1,0.0,train,../data/images/hERG/3252.png
3253.0,CC1(c2cccc(-c3cncnc3)c2)N=C(N)c2ccccc2S1,1.0,train,../data/images/hERG/3253.png
3254.0,COc1cccc2c1OC(c1ccc(OCCCN3CCC[C@H](C)C3)cc1)C(C)S2(=O)=O,1.0,train,../data/images/hERG/3254.png
3255.0,Cc1nc2ccc(Oc3ccc4c(c3)OCO4)nc2c(=O)n1C[C@H]1CCCN(C(C)C)C1,0.0,train,../data/images/hERG/3255.png
3256.0,Cc1cc(Cl)ccc1OC1CCN(C[C@H](O)CNC(=O)c2c[nH]c(=O)cc2C(F)(F)F)CC1,1.0,train,../data/images/hERG/3256.png
3257.0,COC1COCCC1N[C@@H]1C[C@H]2C[C@H](F)C[C@@]2(C(=O)N2CCc3ncc(C(F)(F)F)cc3C2)C1,0.0,train,../data/images/hERG/3257.png
3258.0,COc1cc(-c2cn(C3CCc4c(F)cc(F)cc4N(CC(F)(F)F)C3=O)nn2)ccc1-n1cnc(C)c1,1.0,train,../data/images/hERG/3258.png
3259.0,CC(C)n1nc(C(=O)NCC2CCN(CCN3CCOCC3)CC2)c2ccccc21,0.0,train,../data/images/hERG/3259.png
3260.0,CN(C)C(=O)[C@@H](c1ccc(-c2ccn3nccc3n2)cc1)[C@H](N)C(=O)N1CCC(F)(F)C1,0.0,train,../data/images/hERG/3260.png
3261.0,Fc1cccc(OC(CC2CNC2)c2ccc(Cl)c(F)c2)c1,1.0,train,../data/images/hERG/3261.png
3262.0,O=C(Nc1ccc(F)cn1)[C@H](CN1CC(O)C1)Oc1ncnc2c1cnn2-c1c(F)cccc1Cl,0.0,train,../data/images/hERG/3262.png
3263.0,CC(C)CN(C(=O)c1cccc(Cl)c1F)[C@H]1CCNC1,0.0,train,../data/images/hERG/3263.png
3264.0,O=C(CN1CCN(CCO)CC1)Nc1ccc(-c2cccc3c(=O)cc(N4CCOCC4)oc23)c2sc3ccccc3c12,0.0,train,../data/images/hERG/3264.png
3265.0,O=C1CCc2cc(CCN3CCN(C(=O)Cc4ccc(-n5cnnn5)cc4)CC3)ccc21,1.0,train,../data/images/hERG/3265.png
3266.0,Fc1cccc(C(Cc2ccccc2OC(F)(F)F)N2CCNCC2)c1,1.0,train,../data/images/hERG/3266.png
3267.0,O=C(c1cc(F)cc(F)c1)N1CCN(c2ccc(OCCCN3CCCCCC3)cc2)C(=O)C1,0.0,train,../data/images/hERG/3267.png
3268.0,Cc1nc(C)c(-c2ccc(N3C(=O)N(c4cc(O)ncn4)C4(CCN(Cc5ncccc5C)CC4)C3=O)cc2)s1,1.0,train,../data/images/hERG/3268.png
3269.0,NC(=O)c1ccccc1OCCCN1CCN(c2cccc3c2ccn3S(=O)(=O)c2ccccc2)CC1,1.0,train,../data/images/hERG/3269.png
3270.0,CC(C)[C@@H](Oc1ccc(CNC(=O)[C@@H]2CCCN2C(=O)C(N)C2CCCCC2)cc1)C(=O)O,0.0,train,../data/images/hERG/3270.png
3271.0,Nc1ccc(-c2cccs2)cc1NC(=O)c1ccc(C(=O)N2CCC3(CCCN3)CC2)cc1,0.0,train,../data/images/hERG/3271.png
3272.0,O=C(O)[C@H](Cc1ccccc1Cl)N1CCC(CN2CCC(Oc3ccc(Cl)c(Cl)c3)CC2)CC1,0.0,train,../data/images/hERG/3272.png
3273.0,Cc1nc(N2CCC(O)(C3CC3)CC2)nc2ccc(NC(=O)/C=C/c3ccc(C(F)F)cc3)cc12,1.0,train,../data/images/hERG/3273.png
3274.0,CC(C)c1nc(Nc2cc(NCCN)nnc2C(N)=O)ccc1F,1.0,train,../data/images/hERG/3274.png
3275.0,CCCN(CCO)CCCOc1cc2ncnc(Nc3cc(CC(=O)Nc4cccc(F)c4F)[nH]n3)c2cc1OC,0.0,train,../data/images/hERG/3275.png
3276.0,[2H]C([2H])([2H])Oc1cc(C(O)CN2CCN(C[C@H](O)c3ccc4c(c3C)COC4=O)CC2)ncc1C#N,0.0,train,../data/images/hERG/3276.png
3277.0,Cc1ccc2c(-c3nnc(SCCCN4CCc5c(Cl)cc6oc(C)nc6c5CC4)n3C)cccc2n1,1.0,train,../data/images/hERG/3277.png
3278.0,Cc1nc(C)c(-c2ccc3cc(CCN4CCCC4C)ccc3n2)cc1C#N,1.0,train,../data/images/hERG/3278.png
3279.0,Cc1ncccc1-c1nc2cn(-c3ccccc3)nc2c(=O)n1C[C@H]1CCCN(C[C@H]2CCCO2)C1,0.0,train,../data/images/hERG/3279.png
3280.0,CC(=O)c1nn(-c2ccc(Cl)cc2)/c(=N/c2nc(-c3ccccc3)cc(-c3ccccc3)c2C#N)s1,0.0,train,../data/images/hERG/3280.png
3281.0,Cn1c(SCCCN2CC3CCN(c4ccc(C(F)(F)F)cc4)C3C2)nnc1-c1cccnc1,1.0,train,../data/images/hERG/3281.png
3282.0,COc1cc2nc(N3CCN(C(=O)C4CCCO4)CC3)nc(N)c2cc1OC,0.0,train,../data/images/hERG/3282.png
3283.0,COc1cnc2ccc(=O)n(CCN3CCC(c4nc5cc(Cl)c(C)cc5[nH]4)CC3)c2c1,1.0,train,../data/images/hERG/3283.png
3284.0,C#CCNc1ccnc2sc3c(=O)n(-c4ccc(OC)cc4)cnc3c12,0.0,train,../data/images/hERG/3284.png
3285.0,COc1ccc(-n2cnc3c(-c4ccccc4C)csc3c2=O)cc1,1.0,train,../data/images/hERG/3285.png
3286.0,CN(C)C(=O)[C@@H]([C@H]1CC[C@H](c2ccc3ncnn3c2)CC1)[C@H](N)C(=O)N1CCC(F)(F)C1,0.0,train,../data/images/hERG/3286.png
3287.0,Cc1[nH]nc2c1c(=O)n(CCCN)c1cc(C3CCCCC3)c(C3CCCCC3)cc21,1.0,train,../data/images/hERG/3287.png
3288.0,CCN(CC)c1ccc2cc(C(=O)NCCCCN3CCC(Nc4nc5ccccc5n4Cc4ccc(F)cc4)CC3)c(=O)oc2c1,1.0,train,../data/images/hERG/3288.png
3289.0,O=C(CCCN1CCC(O)(c2ccc(Cl)cc2)CC1)c1ccc(F)cc1,1.0,train,../data/images/hERG/3289.png
3290.0,CC(C)Oc1cc(Oc2ccc(C(=O)N3CCC3)cc2)cc(C(=O)Nc2ccn(C)n2)c1,0.0,train,../data/images/hERG/3290.png
3291.0,CCOC(=O)[C@H]1CC[C@@H](N2CC(NC(=O)CNc3noc4ccc(C(F)(F)F)cc34)C2)CC1,1.0,train,../data/images/hERG/3291.png
3292.0,N#Cc1ccc(Cn2cncc2CN(CCCN)[C@H]2CCN(Cc3ccccc3)C2=O)cc1,1.0,train,../data/images/hERG/3292.png
3293.0,Clc1ccc(-c2c[nH]c([C@H]3Cc4c([nH]c5ccccc45)[C@@H](C4CCOCC4)N3)n2)nc1,1.0,train,../data/images/hERG/3293.png
3294.0,Cc1cc(N2CCC(N3CCCC3C)C2)ccc1NC(=O)c1cc(F)ccc1C,1.0,train,../data/images/hERG/3294.png
3295.0,CN1CCC(COCc2cc(C(F)(F)F)cc(C3CC3)n2)(c2ccccc2)CC1,1.0,train,../data/images/hERG/3295.png
3296.0,COc1cc(-c2cn(Cc3ccc(-c4noc(-c5ccncc5)n4)cc3)nn2)ccc1-n1cnc(C)c1,0.0,train,../data/images/hERG/3296.png
3297.0,CC(C[C@H](NC(=O)C1CCC1)c1ccccc1)N1CCC(c2[nH]ncc2-c2ccncc2)CC1,1.0,train,../data/images/hERG/3297.png
3298.0,COc1ccc2nccc([C@@H](O)CN3CCC(NCc4cc5c(cn4)OCCO5)CC3)c2n1,1.0,train,../data/images/hERG/3298.png
3299.0,COc1ccc(-c2cc(NC(=O)CCCCN3CCCN(C(C)=O)CC3)[nH]n2)cc1,0.0,train,../data/images/hERG/3299.png
3300.0,CCc1ccc2c(=O)cc(C(=O)NC3CCN(Cc4ccc5c(c4)OCO5)CC3)oc2c1,1.0,train,../data/images/hERG/3300.png
3301.0,O=C(O[C@H]1C[C@@H]2C[C@@H]3C[C@@H](C1)N2CC3=O)C1CNc2ccccc21,1.0,train,../data/images/hERG/3301.png
3302.0,Cn1cnc(C(=O)N(Cc2ccc(F)c(C(F)(F)F)c2)[C@H]2C[C@H]3CNC[C@H]3C2)c1,1.0,train,../data/images/hERG/3302.png
3303.0,O=C(CNC(=O)c1cccc(C(F)(F)F)c1)N[C@@H]1CCN(CCC2CCN(C(=O)c3cc(F)ccc3F)CC2)C1,1.0,train,../data/images/hERG/3303.png
3304.0,Cc1ccc(OC(=O)N(CC(=O)O)Cc2cccc(OCc3nc(-c4ccccc4Cl)oc3C)c2)cc1,0.0,train,../data/images/hERG/3304.png
3305.0,CC[C@H]1OC(=O)[C@H](C)C(=O)[C@H](C)[C@@H](O[C@@H]2O[C@H](C)C[C@H](N(C)C)[C@H]2O)[C@](C)(O)C[C@@H](C)C(=O)[C@H](C)[C@H]2N(C3CN(Cc4c(O)cnc5cccnc45)C3)C(=O)O[C@]12C,0.0,train,../data/images/hERG/3305.png
3306.0,COc1ccc(-c2ccc3c(N4CCOC[C@@H]4C)nc(N4CCOC[C@@H]4C)nc3n2)cc1C(N)=O,0.0,train,../data/images/hERG/3306.png
3307.0,O=C(c1ccncc1)N1CCC2(CCN(Cc3cccc4c3OCC4)CC2)CC1,1.0,train,../data/images/hERG/3307.png
3308.0,O=C(CNc1n[nH]c2ccc(C(F)(F)F)cc12)NC1CN([C@H]2CC[C@@H](c3cncs3)CC2)C1,0.0,train,../data/images/hERG/3308.png
3309.0,CN1CCN(Cc2ccc3c(c2)Cc2c(-c4csc(C#CCOc5cccnc5)c4)n[nH]c2-3)CC1,1.0,train,../data/images/hERG/3309.png
3310.0,CC(C)c1ccccc1C(=O)N(C1CCCC1)[C@H]1CCNC1,0.0,train,../data/images/hERG/3310.png
3311.0,COCCN(C)CCn1c(C#N)c(-c2cccc(F)c2)c2cc(OC)ccc2c1=O,1.0,train,../data/images/hERG/3311.png
3312.0,CCn1c(=O)c(-c2cc(C(=O)NC3CC3)cc(F)c2C)cc2nnc(-c3c(F)cccc3Cl)n21,0.0,train,../data/images/hERG/3312.png
3313.0,O=c1cc(OCc2ccccc2)ccn1-c1ccc2c(cnn2CCN2CC[C@H](O)C2)c1,1.0,train,../data/images/hERG/3313.png
3314.0,Cc1nc([C@@]2(c3cnn(C)c3)N[C@@H](c3nc(-c4ccccc4)c[nH]3)Cc3c2[nH]c2ccccc32)no1,1.0,train,../data/images/hERG/3314.png
3315.0,O=C(/C=C/c1ccc2c(c1)CN(S(=O)(=O)c1ccc(C(F)(F)F)cc1)C2)NO,0.0,train,../data/images/hERG/3315.png
3316.0,O=C1OCc2cc(/C=C/C3CCN(C(=O)Cc4ccc(-n5cnnn5)cc4)CC3)ccc21,1.0,train,../data/images/hERG/3316.png
3317.0,O=C(COc1cccc(Cl)c1)NC1CCN(Cc2ccn(-c3ccc(OC(F)(F)F)cc3)c2)CC1,1.0,train,../data/images/hERG/3317.png
3318.0,Cn1nc(NCC(=O)NC2CN([C@H]3CC[C@@H](c4cncs4)CC3)C2)c2cc(C(F)(F)F)ccc21,0.0,train,../data/images/hERG/3318.png
3319.0,CCO/N=C(/c1ccc(F)c(F)c1)c1ccc(CN2CCC3(CC2)OCc2cn(C)c(=O)cc23)cn1,1.0,train,../data/images/hERG/3319.png
3320.0,N#Cc1c[nH]c(C(=O)Nc2ccc(C3CCN(C(=O)Cc4cccnc4)CC3)cc2C2=CCCCC2)n1,0.0,train,../data/images/hERG/3320.png
3321.0,CN(CCN1CCN(c2cccc(Cl)c2)C1=O)C[C@]12CC[C@H](CC1)C2(C)C,1.0,train,../data/images/hERG/3321.png
3322.0,COc1ccc(-c2cnc3nc(N4CCC(N5CCCCC5)CC4)sc3c2)cn1,1.0,train,../data/images/hERG/3322.png
3323.0,C[C@H](N)CNc1nc(-c2ccncc2)cc2cnccc12,0.0,train,../data/images/hERG/3323.png
3324.0,COc1cc(N2C(=O)N(c3ccc(-c4csc(C(=O)O)c4)cc3)C(=O)C23CCN(Cc2ncccc2C)CC3)ncn1,1.0,train,../data/images/hERG/3324.png
3325.0,Cc1c([C@@H](O)CN2CCN(C[C@H](O)c3ccc(C#N)cn3)CC2)ccc2c1COC2=O,0.0,train,../data/images/hERG/3325.png
3326.0,O=C1COc2ccc(CNC34CCC(CCc5c(F)cnc6ccc(OCCO)nc56)(CC3)OC4)nc2N1,1.0,train,../data/images/hERG/3326.png
3327.0,CC(C)N1CCN(C(=O)N2CCC(C(=O)N3CC4CCC(CC4)C3)CC2)CC1,0.0,train,../data/images/hERG/3327.png
3328.0,COc1cc(N2CCNC(=O)C2)ccc1Nc1ncc(Cl)c(-c2cnc3ccccn23)n1,0.0,train,../data/images/hERG/3328.png
3329.0,CC(C)COc1ccccc1CN1CCC2(CC1)CCN(C(=O)c1ccncn1)CC2,1.0,train,../data/images/hERG/3329.png
3330.0,O=C(O)C1CCN(C2CC[C@]3(Cc4ccccc4Cc4ccccc43)C2)CC1,0.0,train,../data/images/hERG/3330.png
3331.0,CCOC(=O)Nc1cccc([C@@H](c2ccc(C(=O)N3CCC3)cc2)N2CCN(Cc3cccnc3)CC2)c1,0.0,train,../data/images/hERG/3331.png
3332.0,CC(C)Oc1nc(C2CCNCC2)ncc1Nc1ncc(Cl)c(Nc2ccccc2S(=O)(=O)C(C)C)n1,1.0,train,../data/images/hERG/3332.png
3333.0,O=C(/C=C/c1ccc2c(c1)CN(CCC1CCCCC1)C2)NO,0.0,train,../data/images/hERG/3333.png
3334.0,CN(C)CC(=O)N1CCC(c2ccc(NC(=O)c3nc(C#N)c[nH]3)c(C3=CCCCC3)c2)CC1,0.0,train,../data/images/hERG/3334.png
3335.0,c1ccc(CN2CCN(Cc3nnc(-c4ccccc4)o3)CC2)cc1,0.0,train,../data/images/hERG/3335.png
3336.0,COc1cc(CCN2CCN(CCc3ccc4c(c3C)COC4=O)CC2)ccc1C#N,1.0,train,../data/images/hERG/3336.png
3337.0,Cc1nnc(C(C)C)n1C1CCN(C(C)C[C@H](NC(=O)C2CCC2)c2ccccc2)CC1,1.0,train,../data/images/hERG/3337.png
3338.0,COc1cccc(CN2CCC(C#N)(CNC(=O)c3cc(OC)cc(OC)c3)CC2)c1,1.0,train,../data/images/hERG/3338.png
3339.0,N#CC1(NC(=O)[C@@H]2CCCC[C@H]2C(=O)N2CCN(c3nc(C4CC4)cs3)CC2)CC1,0.0,train,../data/images/hERG/3339.png
3340.0,Cc1c(C(=O)NCCCN2CCN(c3cccc(Cl)c3Cl)CC2)cc(-c2cccnc2)n1C,1.0,train,../data/images/hERG/3340.png
3341.0,COc1cc(-c2cn(CC(=O)N(C3CCCCC3)C3CCCCC3)nn2)ccc1-n1cnc(C)c1,1.0,train,../data/images/hERG/3341.png
3342.0,Cc1nc2ccccc2n1C1CC2CCC(C1)N2CCC1(c2cccc(F)c2)CCN(C(=O)c2cc(S(N)(=O)=O)ccc2F)CC1,0.0,train,../data/images/hERG/3342.png
3343.0,Clc1ccccc1C(c1ccccc1)(c1ccccc1)n1ccnc1,1.0,train,../data/images/hERG/3343.png
3344.0,CCCCCCC[N+](CC)(CC)C/C=C/Cc1ccc(Cl)cc1,1.0,train,../data/images/hERG/3344.png
3345.0,CC(C)N1CCC(Oc2ccc(N3CCN(C(=O)c4ccc(F)cc4F)CC3=O)cc2)CC1,0.0,train,../data/images/hERG/3345.png
3346.0,Cc1ccccc1-c1nc2ccc(-c3ccc(Cl)cc3)cc2c(=O)n1C[C@H]1CCCN(C(C)C)C1,1.0,train,../data/images/hERG/3346.png
3347.0,Cc1cccnc1CN1CCC2(CC1)C(=O)N(c1ccc(-c3ccc4scnc4c3)cc1)C(=O)N2c1cc(O)ncn1,1.0,train,../data/images/hERG/3347.png
3348.0,Cc1cc(F)ccc1OC1CCN(CC2CCN([C@@](C)(Cc3ccc(F)cc3)C(=O)O)CC2)CC1,0.0,train,../data/images/hERG/3348.png
3349.0,C[C@@H](c1ccc(-c2cccc(-c3nn[nH]n3)c2)cc1)[C@H](N)C(=O)N1CC[C@H](F)C1,0.0,train,../data/images/hERG/3349.png
3350.0,CN1Cc2cc(N3CCOCC3)ccc2[C@@H](c2ccc3sccc3c2)C1,1.0,train,../data/images/hERG/3350.png
3351.0,Cc1nc2ccccc2c(=O)n1-c1ccc(OC2CCN(C3CCCC3)CC2)cc1,0.0,train,../data/images/hERG/3351.png
3352.0,Cc1ncc(-c2ccnc(Nc3ccc(N4CCN(S(=O)(=O)CCN(C)C)CC4)cc3)n2)n1C(C)C,0.0,train,../data/images/hERG/3352.png
3353.0,COc1ccc([C@@H](C)N[C@@H]2CC[C@@H](C(=O)N3CCC(c4ccccc4)(N4CCCNC4=O)CC3)C(C)(C)C2)cc1,0.0,train,../data/images/hERG/3353.png
3354.0,O=C1COc2ccc(CNC34CCC(C[C@@]5(O)Cn6c(=O)ccc7ncc(F)c5c76)(CC3)OC4)nc2N1,0.0,train,../data/images/hERG/3354.png
3355.0,CC(C)(C)[C@H](NC(=O)OCCO)C(=O)N1CC(c2cc(F)ccc2F)=C[C@H]1c1ccccc1,0.0,train,../data/images/hERG/3355.png
3356.0,O=C1COc2ccc(CNC3CCN(CCN4C(=O)COc5ccc(F)cc54)CC3)nc2N1,1.0,train,../data/images/hERG/3356.png
3357.0,COc1c(Nc2ccc(S(C)(=O)=O)nc2C)ncnc1OC1CCN(C(=O)OC(C)C)CC1,0.0,train,../data/images/hERG/3357.png
3358.0,Cc1ccccc1C1CCN(C[C@H]2CCc3cccnc3[C@@H](O)C2)CC1,1.0,train,../data/images/hERG/3358.png
3359.0,CCN(CC)C(=O)c1ccc([C@@H]2CC3(CCNCC3)Oc3ccccc32)cc1,0.0,train,../data/images/hERG/3359.png
3360.0,CS(=O)(=O)c1ccc(-c2cccc(-n3cc(C(=O)NC4CC4)c(=O)c4cccnc43)c2)cn1,0.0,train,../data/images/hERG/3360.png
3361.0,O=C1COc2ccc(CNC34CCC(C[C@@]5(O)CN6C(=O)CCc7ncc(F)c5c76)(CC3)OC4)nc2N1,0.0,train,../data/images/hERG/3361.png
3362.0,Cc1ccc2c(c1)CC(CCN(C)C)=C2[C@@H](C)c1cnccn1,1.0,train,../data/images/hERG/3362.png
3363.0,COc1cccc2nc(CCCN(C)CC[C@]3(OC(=O)C(C)C)C[C@H]4CCC[C@@H]3c3ccccc34)[nH]c12,1.0,train,../data/images/hERG/3363.png
3364.0,C[C@@H]1CNC[C@H]2Cc3ccc(COCC4CC4)nc3N21,0.0,train,../data/images/hERG/3364.png
3365.0,COc1ccc([C@@H](C)N[C@@H]2CC[C@@H](C(=O)C3CCC(c4ccccc4)(N(C)C(C)=O)CC3)C(C)(C)C2)cc1,0.0,train,../data/images/hERG/3365.png
3366.0,CNC(=O)c1cc2cc(C3(Cc4ccccc4)CCNC3)ccc2[nH]1,0.0,train,../data/images/hERG/3366.png
3367.0,CC(C)OC[C@H](Oc1ncnc2c1cnn2-c1ncccc1Cl)C(=O)Nc1ccc(F)cn1,0.0,train,../data/images/hERG/3367.png
3368.0,Cc1ccc2c(-c3nnc(SCCCN4CCc5cc6ncoc6cc5CC4)n3C)cccc2n1,1.0,train,../data/images/hERG/3368.png
3369.0,Cc1ccc(-c2nnc(SCCCN3CCc4ccc(-c5cc(C)on5)cc4CC3)n2C)cc1,1.0,train,../data/images/hERG/3369.png
3370.0,Cc1c(CCN2CCN(C(=O)Cc3ccc(-n4cnnn4)cn3)CC2)ccc2c1COC2=O,0.0,train,../data/images/hERG/3370.png
3371.0,O=C(c1ccc(C2=CC3(CCNCC3)Oc3ccccc32)cc1)N1CCOCC1,0.0,train,../data/images/hERG/3371.png
3372.0,CNC(=O)c1c(NCC2CCC3(CCC3)CC2)nc(C#N)nc1OCC1CCN(C(C)C)CC1,1.0,train,../data/images/hERG/3372.png
3373.0,Cc1cc(CN(C)C)ccc1OC1CN(C(=O)c2nnc(-c3ccccc3)o2)C1,1.0,train,../data/images/hERG/3373.png
3374.0,CN1CC[C@@H](N(Cc2ccccc2C(F)(F)F)c2ccc(C#N)c(Cl)c2)C1,1.0,train,../data/images/hERG/3374.png
3375.0,CCOC(=O)N1CCC(CN2CCC3(CC2)CC(=O)N(C)c2ncccc23)CC1,1.0,train,../data/images/hERG/3375.png
3376.0,OC1(c2cccnc2)CCN(c2ccc3nnc(C(F)(F)F)n3n2)CC1,0.0,train,../data/images/hERG/3376.png
3377.0,Cc1nc2ccccc2n1C1CC2CCC(C1)N2CCC1(c2ccccc2)CCN(C(=O)C(C)(C)C(=O)NS(C)(=O)=O)CC1,0.0,train,../data/images/hERG/3377.png
3378.0,O=S(=O)(Cc1cc(N2CCOCC2)nc(-c2ccccn2)n1)c1ccccc1,0.0,train,../data/images/hERG/3378.png
3379.0,COCC(O)CN(Cc1ccc(F)cc1)C(=O)CC1CCN(Cc2ccc(-c3ccc(Cl)cc3)o2)CC1,1.0,train,../data/images/hERG/3379.png
3380.0,NC(=O)c1c(F)ccc(OCc2nc3ncc(Cl)cc3s2)c1F,0.0,train,../data/images/hERG/3380.png
3381.0,CCN1CCN(c2cc3[nH]c(S[C@]4(C)CC[C@@H](c5nc(C)no5)CC4)nc3cc2Cl)CC1,1.0,train,../data/images/hERG/3381.png
3382.0,Cc1c(CCN2CCN(C(=O)Cc3ccc(-n4cnnn4)nc3)CC2)ccc2c1COC2=O,0.0,train,../data/images/hERG/3382.png
3383.0,N#Cc1ccc(Cn2cncc2CN(CCCc2ccccc2)[C@H]2CCN(Cc3ccccc3)C2=O)cc1,1.0,train,../data/images/hERG/3383.png
3384.0,O=C(CNC(=O)c1cccc(C(F)(F)F)c1)N[C@@H]1CCN(CCN2CCN(C(=O)c3cc(F)ccc3F)CC2)C1,0.0,train,../data/images/hERG/3384.png
3385.0,O=C(NCC1CCCCN1)c1cc(OCC(F)(F)F)ccc1OCC(F)(F)F,1.0,train,../data/images/hERG/3385.png
3386.0,Cn1c(SCCCN2CC3CCN(c4cccc(F)c4)C3C2)nnc1-c1cnccn1,1.0,train,../data/images/hERG/3386.png
3387.0,CCN(C)C(=O)c1ccc([C@H](c2cccc(NC(=O)C3CC3)c2)N2CCN(CCCOC)CC2)cc1,0.0,train,../data/images/hERG/3387.png
3388.0,Cc1cc(C(=O)O)nc(N2C[C@H]3C[C@@H](c4ccccc4C(F)(F)F)C[C@H]3C2)n1,0.0,train,../data/images/hERG/3388.png
3389.0,CC1=NC(c2cccc(-c3cccnc3)c2)(C2CCCCC2)N=C1N,0.0,train,../data/images/hERG/3389.png
3390.0,O=C(Nc1ccccc1)NS(=O)(=O)c1ccc(OCCCCN2CCCCC2)cc1,0.0,train,../data/images/hERG/3390.png
3391.0,COc1cc(-c2cn(C3CC(C4CCCCC4)CCNC3=O)nn2)ccc1-n1cnc(C)c1,1.0,train,../data/images/hERG/3391.png
3392.0,O=C(Nc1ccc(-c2nnc(NCCCN3CCC(F)CC3)o2)cc1)c1ccccc1F,1.0,train,../data/images/hERG/3392.png
3393.0,Cc1nc(C)c(-c2nnc(SCCCN3CCC4CC4(c4ccc(C(F)(F)F)cc4)CC3)n2C)o1,1.0,train,../data/images/hERG/3393.png
3394.0,CCO[C@H]1CN([C@H]2CC[C@@H](c3ccccc3)CC2)C[C@@H]1NC(=O)CNC(=O)c1cccc(C(F)(F)F)c1,1.0,train,../data/images/hERG/3394.png
3395.0,CCOC(=O)[C@@H]1[C@@H]2CN(C(=O)c3ccc(C[C@@H]4CC[C@H]([C@H](O)c5ccccc5)N4)cc3)C[C@@H]21,0.0,train,../data/images/hERG/3395.png
3396.0,Cc1cc(Nc2ccccc2)nc(NCc2ccccn2)n1,0.0,train,../data/images/hERG/3396.png
3397.0,O[C@H](COc1ccc(F)cc1)CN1CCN(Cc2ccc(Cl)c(Cl)c2)CC1,1.0,train,../data/images/hERG/3397.png
3398.0,CN(C)CCN1CCN(c2ncc3cc(-c4ccccc4)c(-c4ccc(CN5CCC(c6nnc(-c7ccc(N)nc7)[nH]6)CC5)cc4)nc3n2)CC1,1.0,train,../data/images/hERG/3398.png
3399.0,NC(=O)c1cccc(O[C@@H]2C[C@H]3CC[C@@H](C2)N3Cc2cccnc2)c1,1.0,train,../data/images/hERG/3399.png
3400.0,C=CCc1ccccc1OC(C)C1=NCCN1,0.0,train,../data/images/hERG/3400.png
3401.0,COc1cc(-c2cn(C3CCc4cc(F)ccc4N(CC(F)(F)F)C3=O)nn2)ccc1-n1cnc(C)c1,1.0,train,../data/images/hERG/3401.png
3402.0,Cc1nc(N2CCCC2)nc2ccc(NC(=O)COc3ccc(Cl)cc3)cc12,1.0,train,../data/images/hERG/3402.png
3403.0,COc1cc(CCN2CCN(CC(F)c3ccc4c(c3C)COC4=O)CC2)ccc1C#N,1.0,train,../data/images/hERG/3403.png
3404.0,C[C@@H](N)C(=O)N1CCN(c2cnc3cc(C(F)(F)F)cc(NCc4cccc([N+](=O)[O-])c4)c3c2)CC1,1.0,train,../data/images/hERG/3404.png
3405.0,CCOC(=O)c1c(OC)cnc2c(CCC34CCC(NCc5ccc6c(n5)NC(=O)CO6)(CC3)CO4)ccnc12,1.0,train,../data/images/hERG/3405.png
3406.0,CN(CCOc1ccc(NS(C)(=O)=O)cc1)CCc1ccc(NS(C)(=O)=O)cc1,1.0,train,../data/images/hERG/3406.png
3407.0,c1ccc(-c2ccc(-c3c[nH]c([C@H]4Cc5c([nH]c6ccccc56)[C@@H](C5CCOCC5)N4)n3)cc2)cc1,1.0,train,../data/images/hERG/3407.png
3408.0,O=C(N[C@H]1CCCC[C@@H]1O)c1cc(CN2CCN(c3cc4scnc4cn3)CC2)c2ccccn2c1=O,0.0,train,../data/images/hERG/3408.png
3409.0,COc1cc(N2CCN(C(=O)N(C)C)CC2)ccc1Nc1ncc(Cl)c(-c2cnc3ccccn23)n1,0.0,train,../data/images/hERG/3409.png
3410.0,CC(C)S(=O)(=O)N[C@H]1CN(C)C[C@@H]1c1ccc(-c2cccnc2)cc1,0.0,train,../data/images/hERG/3410.png
3411.0,CCN1C[C@H]2C[C@@]2(c2ccc(NS(=O)(=O)c3ccc(C(C)C)cc3)cc2)C1,1.0,train,../data/images/hERG/3411.png
3412.0,Cc1ccc2c(N3CCN(CCc4cccc5c4OCc4c(C(=O)N6CCOCC6)ncn4-5)CC3)cccc2n1,1.0,train,../data/images/hERG/3412.png
3413.0,CN(C(=O)c1ccc(-n2cccn2)cc1)[C@@H]1CCN(C2CCC2)C1,0.0,train,../data/images/hERG/3413.png
3414.0,Cc1n[nH]c(=O)cc1-c1ccc(OC2CCN(C3CCC3)CC2)cc1,1.0,train,../data/images/hERG/3414.png
3415.0,CC(C)(C)NC(=O)C1c2ccccc2C(=O)N1Cc1ccccc1-c1ccccc1,0.0,train,../data/images/hERG/3415.png
3416.0,Cc1nc2c(OC(F)F)cccc2n1-c1ccc(C(=O)NC2CC2)s1,0.0,train,../data/images/hERG/3416.png
3417.0,CN1CCN(Cc2ccc(OC3CN(C(=O)c4nnc(-c5ccccc5)o4)C3)cc2F)CC1,0.0,train,../data/images/hERG/3417.png
3418.0,N#Cc1cccc(CCN2CCN(CCc3ccc([N+](=O)[O-])cc3)CC2)c1,1.0,train,../data/images/hERG/3418.png
3419.0,COc1cccc(-c2cccc(C3(C)COCC(N)=N3)c2)c1,1.0,train,../data/images/hERG/3419.png
3420.0,COc1cc2nc(N3CCN(C(=O)c4ccco4)CC3)nc(N)c2cc1OC,1.0,train,../data/images/hERG/3420.png
3421.0,COc1ccc(-c2ccc3c(N4CCOCC4)nc(N4C[C@@H](C)O[C@@H](C)C4)nc3n2)cc1CO,1.0,train,../data/images/hERG/3421.png
3422.0,O=C(NCc1ccc(Cl)cc1O)C1CCN(Cc2ccn(-c3ccc(C(F)(F)F)cc3)c2)CC1,1.0,train,../data/images/hERG/3422.png
3423.0,COc1cccc(CN2CCC(C#N)(CNC(=O)c3cc(CC(C)C)n(-c4ccccc4)n3)CC2)c1,1.0,train,../data/images/hERG/3423.png
3424.0,N[C@H](COc1cccc2c1NC(=O)CO2)CN1CCC2(CC1)Cc1cc(F)ccc1O2,1.0,train,../data/images/hERG/3424.png
3425.0,CNC(=O)[C@@]12C[C@@H]1[C@@H](n1cnc3c(NC)nc(C#Cc4ccc(F)c(F)c4)nc31)[C@H](O)[C@@H]2O,0.0,train,../data/images/hERG/3425.png
3426.0,N#Cc1c(-c2ccccc2)cc(-c2ccccc2)nc1/N=C1\SCC(=O)N1c1ccccc1,0.0,train,../data/images/hERG/3426.png
3427.0,N[C@H]1CN(c2ccc(-n3ccc(OCc4ccccc4)cc3=O)cn2)C[C@@H]1c1cc(F)ccc1F,1.0,train,../data/images/hERG/3427.png
3428.0,O=C1OC(CO)CN1c1ccc(-c2ccc3c(c2)OC[C@H]2[C@H](CO)OC(=O)N32)cn1,0.0,train,../data/images/hERG/3428.png
3429.0,CCOc1cc(CN2CCC(Nc3nc4ccccc4o3)CC2)ccc1OC,1.0,train,../data/images/hERG/3429.png
3430.0,O=C(CN1C(C(=O)c2ccccc2)=C(O)c2ccccc2S1(=O)=O)c1ccccc1,0.0,train,../data/images/hERG/3430.png
3431.0,O=C(CNC(=O)c1cccc(C(F)(F)F)c1)NC1CN([C@H]2CC[C@H](c3ccc(O)cc3)CC2)C1,1.0,train,../data/images/hERG/3431.png
3432.0,N[C@@H]1CO[C@@H]1COc1ccc2ncc(F)c(CCC34CCC(NCc5ccc6c(n5)NC(=O)CO6)(CC3)CO4)c2n1,1.0,train,../data/images/hERG/3432.png
3433.0,C[C@]1(CS(=O)(=O)N2CCC(Oc3ccc(OC(F)(F)C(F)F)cc3)CC2)NC(=O)NC1=O,0.0,train,../data/images/hERG/3433.png
3434.0,C[C@H]1Cn2c(nnc2-c2ccccn2)CN1C(=O)c1cccc(Cl)c1Cl,0.0,train,../data/images/hERG/3434.png
3435.0,Cc1nc2ccccc2c(=O)n1-c1ccc(OCCCN2CCC[C@H]2C)cc1,0.0,train,../data/images/hERG/3435.png
3436.0,Cn1nc(NCC(=O)NC2CN([C@H]3CC[C@@H](c4ccccc4)CC3)C2)c2cc(C(F)(F)F)ccc21,1.0,train,../data/images/hERG/3436.png
3437.0,COc1ccc2ncc(F)c(CCN3CC[C@H](NCc4cc5c(cn4)OCCO5)[C@H](O)C3)c2n1,1.0,train,../data/images/hERG/3437.png
3438.0,O=C([C@@H]1C[C@H](N2CCN(c3ncccn3)CC2)CN1)N1CCC(F)(F)C1,0.0,train,../data/images/hERG/3438.png
3439.0,CN(C)CCC1=C(Cc2cccnn2)c2ccc(F)cc2C1,1.0,train,../data/images/hERG/3439.png
3440.0,CCN(CC)C(=O)c1ccc(C2=CC3(CCNCC3)Oc3ccccc32)cc1,1.0,train,../data/images/hERG/3440.png
3441.0,NC(=O)Cc1ccc([C@H]2CC[C@@H](N3CC(NC(=O)CNc4n[nH]c5ccc(C(F)(F)F)cc45)C3)CC2)cc1,1.0,train,../data/images/hERG/3441.png
3442.0,C[C@@H]1[C@@H](c2ccc(OCCCN3CCCC3)cc2)Oc2ccccc2S1(=O)=O,1.0,train,../data/images/hERG/3442.png
3443.0,O=C1OCc2cc(CCN3CCN(C(=O)Cc4ccc(-n5cnnn5)c(F)c4)CC3)ccc21,0.0,train,../data/images/hERG/3443.png
3444.0,COc1cnc2ccc(=O)n(CCN3CCC(C4C(=O)Nc5ccc(Cl)cc54)CC3)c2c1,1.0,train,../data/images/hERG/3444.png
3445.0,CCN(CC)C(=O)c1ccc(C2=CC3(CCNCC3)Oc3cccc(O)c32)cc1,0.0,train,../data/images/hERG/3445.png
3446.0,COc1ccc2c(c1)[C@@H]1C[C@]1(C(=O)N1C3CCC1CN(C)C3)Cn1c-2c(C2CCCCC2)c2ccc(C(=O)NS(=O)(=O)CC(C)C)cc21,0.0,train,../data/images/hERG/3446.png
3447.0,C[C@H](c1cccnc1)c1c(CCN(C)C)sc2ccccc12,1.0,train,../data/images/hERG/3447.png
3448.0,O=C([C@H]1C[C@H](Oc2cccc(Cl)c2)CN1)N1CCCN(C2CCC2)CC1,1.0,train,../data/images/hERG/3448.png
3449.0,COCCCC/C(=N\OCCN)c1ccc(C(F)(F)F)cc1,1.0,train,../data/images/hERG/3449.png
3450.0,COc1ccc2ncc(F)c(C(O)CC34CCC(NCc5ccc6c(n5)NC(=O)CO6)(CC3)CO4)c2n1,1.0,train,../data/images/hERG/3450.png
3451.0,CCN1CCN(c2cc3[nH]c(S[C@]4(C)CC[C@@H](S(C)(=O)=O)CC4)nc3cc2Cl)CC1,0.0,train,../data/images/hERG/3451.png
3452.0,CNC(=O)c1ccc(Nc2nccc(-c3cnc(C)n3C(C)C)n2)cc1,0.0,train,../data/images/hERG/3452.png
3453.0,CC(C)c1noc(N2CCN(c3ncc(OCc4ccncc4C#N)cn3)[C@H](C)C2)n1,0.0,train,../data/images/hERG/3453.png
3454.0,CC(C)S(=O)(=O)N[C@@H]1COC[C@@H]1c1ccc(-c2cncc(F)c2)cc1,0.0,train,../data/images/hERG/3454.png
3455.0,Cn1c2c(c3cc(C(=O)NCCCC(=O)NC4CC4)ccc31)CC(C1CCOCC1)CC2,0.0,train,../data/images/hERG/3455.png
3456.0,O=C(NC1CCN(Cc2ccn(-c3ccc(C(F)(F)F)cc3)c2)CC1)N1CC(N2CCS(=O)(=O)CC2)C1,0.0,train,../data/images/hERG/3456.png
3457.0,C[C@@H](C1CCC(N(C)C(=O)c2cccc(F)c2)CC1)[C@H](N)C(=O)N1CC[C@H](F)C1,0.0,train,../data/images/hERG/3457.png
3458.0,NC(=O)C1CCN(CCc2ccc(Oc3nc4ncccc4s3)cc2)CC1,0.0,train,../data/images/hERG/3458.png
3459.0,Cc1onc(C(=O)N2[C@@H]3CC[C@H]2C[C@@H](Nc2cc(=O)n(C)c4nccnc24)C3)c1C,0.0,train,../data/images/hERG/3459.png
3460.0,O=C(N1CCc2ncc(C(F)(F)F)cc2C1)[C@@]12CCCC[C@@H]1C[C@@H](NC1CCOCC1)C2,0.0,train,../data/images/hERG/3460.png
3461.0,Nc1ccc(-c2ccccc2)cc1NC(=O)c1ccc(CNC(=O)OCc2cccnc2)cc1,1.0,train,../data/images/hERG/3461.png
3462.0,O=C(NC1CCN(Cc2ccn(-c3ccc(C(F)(F)F)cc3)c2)CC1)N1CCCC(C(=O)N2CCCC2)C1,0.0,train,../data/images/hERG/3462.png
3463.0,COc1ccc(-c2ccc3c(N4CCOC[C@@H]4C)nc(N4CCN(C)CC4)nc3n2)cc1CO,0.0,train,../data/images/hERG/3463.png
3464.0,COc1cccc(CCN(C)CCN2CCN(c3cccc(Cl)c3)C2=O)c1,1.0,train,../data/images/hERG/3464.png
3465.0,O=C1NCCc2nc(-c3ccc(CN4CCC(c5nnc(-c6ccccn6)[nH]5)CC4)cc3)c(-c3ccccc3)cc21,1.0,train,../data/images/hERG/3465.png
3466.0,CC(C)Oc1cc([C@@](Cc2ccccc2)(NC[C@@H](O)CC(F)(F)F)c2cc(F)cc(OC(F)(F)C(F)F)c2)ccc1F,0.0,train,../data/images/hERG/3466.png
3467.0,CCCCCCCN(CC)CC#CCc1ccc(Cl)cc1,1.0,train,../data/images/hERG/3467.png
3468.0,O=C(O)COc1ccc(N2CCC(CN3CCC(Oc4ccc(Cl)c(Cl)c4)CC3)CC2)cc1,1.0,train,../data/images/hERG/3468.png
3469.0,Cc1nn(-c2ccccc2)nc1C(=O)N[C@@H]1COc2cccc(-c3ccncc3)c2C1,1.0,train,../data/images/hERG/3469.png
3470.0,O=C(O)C1CN(Cc2ccc(-c3cc4cc(Cc5ccccc5)ccc4o3)c(F)c2)C1,0.0,train,../data/images/hERG/3470.png
3471.0,CN1C[C@@H](C(=O)Nc2ccc(Cl)cc2)[C@H](c2ccc(/C=C/C(=O)Nc3ccccc3N)cc2)C1,1.0,train,../data/images/hERG/3471.png
3472.0,CC1(N2CCC(N(c3ccccc3)c3cccnc3)CC2)CCN(C(=O)c2c(Cl)c[n+]([O-])cc2Cl)CC1,1.0,train,../data/images/hERG/3472.png
3473.0,CN1CCN[C@@H](C(=O)N2CCN(C(=O)Nc3ccc(Cl)c(Cl)c3)CC2)C1,0.0,train,../data/images/hERG/3473.png
3474.0,Cc1ccccc1[C@@H]1CCN(C[C@@H]2CCc3cccnc3[C@@H](O)C2)C[C@H]1C,1.0,train,../data/images/hERG/3474.png
3475.0,CC[C@H]1CN2CC[C@]3(C(=O)Nc4ccccc43)[C@@H]2C[C@@H]1/C(=C\OC)C(=O)OC,0.0,train,../data/images/hERG/3475.png
3476.0,CC(C)(c1cc(N2CCOCC2)nc(-c2cccc3[nH]ccc23)n1)S(C)(=O)=O,0.0,train,../data/images/hERG/3476.png
3477.0,CC(C)NC(=O)NS(=O)(=O)c1ccc(OCCCCN2CCCC2)cc1,0.0,train,../data/images/hERG/3477.png
3478.0,Cn1c(SCCCN2CC3CCN(c4ccccc4F)C3C2)nnc1-c1cnccn1,1.0,train,../data/images/hERG/3478.png
3479.0,Cc1cn(-c2ccc(N3CCC(N4CCc5ccc(F)cc54)CC3)nn2)cn1,1.0,train,../data/images/hERG/3479.png
3480.0,O=C(/C=C/c1ccc(CNCCc2c(-c3cccs3)[nH]c3ccccc23)cc1)NO,1.0,train,../data/images/hERG/3480.png
3481.0,C[n+]1c(CCCOc2cccc(Cl)c2)cccc1CCCOc1cccc(Cl)c1,1.0,train,../data/images/hERG/3481.png
3482.0,COc1cc(-c2cn([C@H]3C[C@@H](C(C)(C)C)CCN(CC(C)(C)C)C3=O)nn2)ccc1-n1cnc(C)c1,1.0,train,../data/images/hERG/3482.png
3483.0,NC1=NC(c2cccc(-c3cncnc3)c2)(c2ccnc(C(F)(F)F)c2)c2cccc(F)c21,0.0,train,../data/images/hERG/3483.png
3484.0,CCN(CC)C(=O)C1CCCN(C(=O)CC2CCN(Cc3ccn(-c4ccc(C(F)(F)F)cc4)c3)CC2)C1,0.0,train,../data/images/hERG/3484.png
3485.0,Cc1noc(-c2nnc3n2CCN(C(=O)c2ccc(-c4cccs4)cc2)[C@@H]3C)n1,1.0,train,../data/images/hERG/3485.png
3486.0,CCn1ccc(NC(=O)c2cc(Oc3ccc(C(=O)N4CCC4)cc3)cc(O[C@@H](C)CO)c2)n1,0.0,train,../data/images/hERG/3486.png
3487.0,O=C(N[C@@H]1C2CCN(CC2)[C@H]1Cc1cccnc1)c1cc2ccccc2o1,0.0,train,../data/images/hERG/3487.png
3488.0,COC[C@@H](O)COc1cn2ncnc(Oc3ccc4[nH]c(C)cc4c3F)c2c1C,0.0,train,../data/images/hERG/3488.png
3489.0,CNCc1cc(OC)c(OC)cc1Oc1ccc(Cl)c(Cl)c1,0.0,train,../data/images/hERG/3489.png
3490.0,N[C@H]1Cn2c(nc3cnc(F)cc32)C[C@@H]1c1cc(F)c(F)cc1F,0.0,train,../data/images/hERG/3490.png
3491.0,CC(Cn1ccnc1)NC(=O)NC1CCN(Cc2ccn(-c3ccc(C(F)(F)F)cc3)c2)CC1,0.0,train,../data/images/hERG/3491.png
3492.0,O=C1COc2ccc(CNC3CCN(CCN4C(=O)COc5ccc(Br)cc54)CC3)nc2N1,1.0,train,../data/images/hERG/3492.png
3493.0,CN1CCN(c2cnc3cc(C(F)(F)F)cc(NCc4cccc([N+](=O)[O-])c4)c3c2)CC1,1.0,train,../data/images/hERG/3493.png
3494.0,O=C(CNC(=O)c1cccc(C(F)(F)F)c1)N[C@@H]1CCN(CCN2CCN(C(=O)c3ccccc3Cl)CC2)C1,0.0,train,../data/images/hERG/3494.png
3495.0,COc1ccc(CN[C@@H]2CC[C@@H](C(=O)N3CCC(C(=O)N4CCCC4)(c4ccccc4)CC3)C(C)(C)C2)cc1,1.0,train,../data/images/hERG/3495.png
3496.0,CN1CCN(Cc2ccc3c(c2)Cc2c(-c4csc(C#CCNC(=O)Oc5ccccc5)c4)n[nH]c2-3)CC1,1.0,train,../data/images/hERG/3496.png
3497.0,COc1cc(N2Cc3cn(-c4ccc(Cl)cc4)nc3C2=O)ccc1N1CC[C@@H](O)C1,0.0,train,../data/images/hERG/3497.png
3498.0,Cn1cc2c(OCC3CCN(CCc4ccc(CO)cc4)CC3)nc3ccccc3c2c1,1.0,train,../data/images/hERG/3498.png
3499.0,CCC[C@@H]1C[C@H](N(C)C(C)C)CC[C@@H]1NC(=O)CNC(=O)c1cccc(C(F)(F)F)c1,0.0,train,../data/images/hERG/3499.png
3500.0,CN(Cc1cnccn1)S(=O)(=O)Nc1ccc2ccc3ncc(-c4cnn(C)c4)cc3c(=O)c2c1,1.0,train,../data/images/hERG/3500.png
3501.0,CS(=O)(=O)c1ccc(-c2cnn3ccc(-c4cccc(S(=O)(=O)C5CC5)c4)cc23)cc1,1.0,train,../data/images/hERG/3501.png
3502.0,Cc1nc(N2CCC(N3CCCC3)CC2)nc2ccc(NC(=O)COc3ccc(Cl)cc3)cc12,1.0,train,../data/images/hERG/3502.png
3503.0,C[C@@H]1CC[C@@H](C)N1CCCNc1nnc(-c2ccc(NC(=O)c3ccccc3F)cc2)o1,1.0,train,../data/images/hERG/3503.png
3504.0,Cc1n[nH]c(C)c1[C@H](C)NC(=O)COc1cc(C(F)(F)F)c2c(-c3ccccc3)nn(C)c2n1,0.0,train,../data/images/hERG/3504.png
3505.0,CCN1CCN(c2ccc(C(C)(C)NC(=O)c3cc4[nH]c5ccccc5c(=O)c4cc3F)cn2)CC1,0.0,train,../data/images/hERG/3505.png
3506.0,CCCCCCCN(CC)CCCCCc1ccc(Cl)cc1,1.0,train,../data/images/hERG/3506.png
3507.0,CCOC(=O)c1cccc([C@]2(c3cnn(C)c3)N[C@@H](c3nc(-c4ccc(F)cc4)c[nH]3)Cc3c2[nH]c2ccccc32)n1,1.0,train,../data/images/hERG/3507.png
3508.0,CC1(C)OC(=O)N([C@H]2CC[C@H](c3cnc(N)c(-c4ncccn4)c3)CC2)[C@H]1c1ccccc1,0.0,train,../data/images/hERG/3508.png
3509.0,O=C(O)COc1ccc2ncc(F)c(CCC34CCC(NCc5ccc6c(n5)NC(=O)CO6)(CC3)CO4)c2n1,0.0,train,../data/images/hERG/3509.png
3510.0,c1ccc(CCNCCN(c2ccccc2)c2ccccc2)cc1,1.0,train,../data/images/hERG/3510.png
3511.0,CN(C(=O)Cc1ccc(-n2cnnn2)cc1)[C@@H]1CCN(Cc2ccc(C(F)(F)F)nc2)C[C@@H]1F,0.0,train,../data/images/hERG/3511.png
3512.0,COc1cc(C(=O)N2CCC(CNC(=O)CCCCC(c3ccc(F)cc3)c3ccc(F)cc3)C2)cc(OC)c1OC,1.0,train,../data/images/hERG/3512.png
3513.0,CCc1sc(CCc2cc(N3CCOCC3)cc(NC(C)c3cc(Cl)cc(NC(=O)OC(C)C)c3)n2)nc1C,1.0,train,../data/images/hERG/3513.png
3514.0,CS(=O)(=O)Nc1ccc2c(c1)C(O)CC1(CCN(C3CCc4cc(C#N)ccc4C3)CC1)O2,1.0,train,../data/images/hERG/3514.png
3515.0,Fc1ccc(Cn2cc(NCCN3CCC(F)(F)CC3)nn2)cc1F,0.0,train,../data/images/hERG/3515.png
3516.0,CC(=O)N1CCC(n2cc(Nc3ncc(Cl)c(-c4cnc5ccccn45)n3)cn2)CC1,1.0,train,../data/images/hERG/3516.png
3517.0,CCOc1cccc(-n2cc3nc(-c4cccnc4C)n(C[C@H]4CCCN(C[C@H]5CCCO5)C4)c(=O)c3n2)c1,0.0,train,../data/images/hERG/3517.png
3518.0,Cc1ccc2c(-c3nnc(SCCCN4CC5CC5(c5ccc(C(C)(C)C)cc5)C4)n3C)cccc2n1,1.0,train,../data/images/hERG/3518.png
3519.0,Cc1nc2ccccc2c(=O)n1-c1ccc(OCCCN2CCCCCC2)cc1,1.0,train,../data/images/hERG/3519.png
3520.0,Clc1ccc([C@]23CCC[C@H]2CNC3)cc1Cl,1.0,train,../data/images/hERG/3520.png
3521.0,O=C(C1CC(Oc2cccc(F)c2)CN1)N1CCCN(C2CCC2)CC1,1.0,train,../data/images/hERG/3521.png
3522.0,Cc1[nH]c2ccccc2c1CCN1Cc2ccc(/C=C/C(=O)NO)cc2C1,1.0,train,../data/images/hERG/3522.png
3523.0,Nc1cnccc1[C@H]1CC[C@@H](N2CC(NC(=O)CNc3ncnc4ccc(C(F)(F)F)cc34)C2)CC1,0.0,train,../data/images/hERG/3523.png
3524.0,Cc1cc2c(F)c(Oc3ncnn4cc(OC[C@@H](C)O)c(C)c34)ccc2[nH]1,0.0,train,../data/images/hERG/3524.png
3525.0,COC(=O)c1ccc(-n2cc(C3CCN(CCN4CCNC4=O)CC3)c3cc(Cl)ccc32)cc1,1.0,train,../data/images/hERG/3525.png
3526.0,Cc1ncc(-c2ccccc2CCNC(=O)c2ccc(OCCOCC(F)(F)F)nc2)cn1,0.0,train,../data/images/hERG/3526.png
3527.0,CN(C)C(=O)CN1CCCC(c2nc3ccccc3n2CCOc2ccccc2)C1,1.0,train,../data/images/hERG/3527.png
3528.0,Nc1nc2cc3c(cc2s1)CCNCC3,0.0,train,../data/images/hERG/3528.png
3529.0,CN(C)Cc1ccc2c(c1)CC[C@H](N(C)C(=O)c1ccc(-c3ccccc3)cn1)C2,0.0,train,../data/images/hERG/3529.png
3530.0,C[C@@H](c1ccc(-c2ccc(O)nc2)cc1)[C@H](N)C(=O)N1CC[C@H](F)C1,1.0,train,../data/images/hERG/3530.png
3531.0,CCOC(=O)N1[C@@H]2CC[C@H]1C[C@H](CN1CC[C@H](N3C(=O)Cc4ccccc43)C1)C2,1.0,train,../data/images/hERG/3531.png
3532.0,CCOc1cccc(/C=C2\SC(=O)NC2=O)c1N1CCC[C@@H](N)C1,0.0,train,../data/images/hERG/3532.png
3533.0,CN(C)Cc1ccc2c(c1)CCN(C(=O)c1cc3cc(Br)ncc3n1C)C2,0.0,train,../data/images/hERG/3533.png
3534.0,C1=C/COCc2cc(ccc2OCCN2CCCC2)Nc2nccc(n2)-c2ccnc(c2)OCC/1,1.0,train,../data/images/hERG/3534.png
3535.0,O=C(O)CCNC1CC[C@@]2(Cc3ccccc3Cc3ccccc32)C1,0.0,train,../data/images/hERG/3535.png
3536.0,O=C(CNC(=O)c1cccc(C(F)(F)F)c1)NC1CN([C@H]2CC[C@@](O)(c3cccs3)CC2)C1,0.0,train,../data/images/hERG/3536.png
3537.0,O=C(O)c1ccc(NC(=O)[C@H](C2CCCCC2)n2c(-c3ccc(Cl)cc3)nc3cc(F)c(F)cc32)c(Cl)c1,1.0,train,../data/images/hERG/3537.png
3538.0,NC(=O)c1ccccc1O[C@H]1C[C@H]2CC[C@@H](C1)N2Cc1ccccc1,1.0,train,../data/images/hERG/3538.png
3539.0,CCN(CC)C(=O)c1ccc(C2=CC3(CCNCC3)Oc3ccccc32)c(O)c1,0.0,train,../data/images/hERG/3539.png
3540.0,O=C1CCc2cccnc2N1CCCN1CCC(n2c(=O)[nH]c3ccccc32)CC1,1.0,train,../data/images/hERG/3540.png
3541.0,Cc1ccc(-n2nccn2)c(C(=O)N2C[C@@H]3CN(c4nc(C)cc(C)n4)C[C@@H]3C2)c1,0.0,train,../data/images/hERG/3541.png
3542.0,CNC[C@H](CC1CCCCC1)NC(=O)N1CCC[C@@H]([C@@](O)(CCCCOC)c2cccc(Cl)c2)C1,0.0,train,../data/images/hERG/3542.png
3543.0,CC(=O)N1CC2CC1CN2CCc1ccc(Oc2nc3ncccc3s2)cc1,0.0,train,../data/images/hERG/3543.png
3544.0,NC1(C(=O)N[C@@H](CCO)c2ccc(Cl)cc2)CCN(c2ncnc3[nH]ccc23)CC1,0.0,train,../data/images/hERG/3544.png
3545.0,CO[C@@H]1COCC[C@@H]1N(C)[C@@H]1CC[C@@](C(=O)N2CCN(c3cc(C(F)(F)F)cnn3)CC2)(C(C)C)C1,0.0,train,../data/images/hERG/3545.png
3546.0,CC(=O)Nc1ccc(CCN2CCC(COc3nc4ccccc4c4cn(C)cc34)CC2)cc1,1.0,train,../data/images/hERG/3546.png
3547.0,C[C@@H]1CCCN1CCc1ccc(-c2ccc(S(=O)(=O)NCC3CC3)cc2)cc1,1.0,train,../data/images/hERG/3547.png
3548.0,COc1cc(-n2cnc3cc(-c4ccc(Cl)cc4)sc3c2=O)ccc1OCCN1CCCC1,1.0,train,../data/images/hERG/3548.png
3549.0,C[C@@H]1CCCN1CCc1ccc2nc(-c3cnc(-c4ccccc4)s3)ccc2c1,1.0,train,../data/images/hERG/3549.png
3550.0,CC#CC(CC(=O)O)c1ccc(Oc2ccc(C(F)(F)F)cc2OC(F)F)cc1,0.0,train,../data/images/hERG/3550.png
3551.0,CC(=O)NC1CCN(Cc2ccc(NCCCc3ccc(Oc4ccccc4)nn3)cc2)CC1,0.0,train,../data/images/hERG/3551.png
3552.0,CNCc1ccc(Cl)cc1Oc1ccc(Cl)cc1,1.0,train,../data/images/hERG/3552.png
3553.0,CC1(C)Cc2cccc(CN3CCC4(CC3)CCN(C(=O)c3ncccc3N)CC4)c2O1,1.0,train,../data/images/hERG/3553.png
3554.0,Oc1ccc(-c2cnc3nc(N4CCC(N5CCCCC5)CC4)sc3c2)cn1,0.0,train,../data/images/hERG/3554.png
3555.0,Cn1c(=O)n(Cc2nccc3ccccc23)c(=O)c2c1c(C#N)c(N1CCC[C@H](N)C1)n2Cc1ccccc1,1.0,train,../data/images/hERG/3555.png
3556.0,O=C(Nc1cc(Cl)ccc1Cl)NS(=O)(=O)c1ccc(OCCCCN2CCCCC2)cc1,0.0,train,../data/images/hERG/3556.png
3557.0,Cc1ccc2c(-c3nnc(SCCN4CCc5cc6nc(C)oc6cc5CC4)n3C)cccc2n1,0.0,train,../data/images/hERG/3557.png
3558.0,CC1(c2cccc(-c3cncnc3)c2)N=C(N)c2c(F)cccc2O1,1.0,train,../data/images/hERG/3558.png
3559.0,COC(=O)c1c(C)noc1-c1ccc2cc(CCN3CCC[C@H]3C)ccc2n1,1.0,train,../data/images/hERG/3559.png
3560.0,Cc1c(OCF)ccc2c1C(=O)N(Cc1ccccc1-c1ccccc1)C2C(=O)NC(C)(C)C,0.0,train,../data/images/hERG/3560.png
3561.0,Cn1c(NCCN(CCO)CCCc2ccc([N+](=O)[O-])cc2)cc(=O)n(C)c1=O,1.0,train,../data/images/hERG/3561.png
3562.0,O=c1cc(OCc2ccc3ccccc3c2)ccn1-c1ccc(OCCN2CCCC2)cc1,1.0,train,../data/images/hERG/3562.png
3563.0,COc1ccc2ncc(=O)n(CCN3CC[C@H](NCc4cc5c(cn4)OCCO5)[C@H](O)C3)c2c1,0.0,train,../data/images/hERG/3563.png
3564.0,COc1ccc2c(c1)CCN(C(=O)CNCC1(O)CCCCC1)[C@H]2C(C)C,0.0,train,../data/images/hERG/3564.png
3565.0,COc1cc2nnc(C(N)=O)c(Nc3ccc(C)cc3F)c2cc1N1CCN(C(=O)[C@@H](C)O)CC1,0.0,train,../data/images/hERG/3565.png
3566.0,COc1c(F)cccc1CC(c1ccccc1)N1CCNCC1,0.0,train,../data/images/hERG/3566.png
3567.0,Cc1cn(-c2ccc3n(c2=O)CCN([C@@H](C)COc2ccc(F)cc2[C@@H](C)C(F)(F)F)C3=O)cn1,1.0,train,../data/images/hERG/3567.png
3568.0,Cc1cc(S(C)(=O)=O)nc2c(CCC34CCC(NCc5ccc6c(n5)NC(=O)CO6)(CC3)CO4)c(F)cnc12,1.0,train,../data/images/hERG/3568.png
3569.0,COCCOCC#Cc1cc(-c2n[nH]c3c2Cc2cc(Cn4cncn4)ccc2-3)cs1,0.0,train,../data/images/hERG/3569.png
3570.0,COc1cc(/C=C/c2nc3ccccc3c(=O)n2-c2ccccc2)ccc1-n1cnc(C)c1,1.0,train,../data/images/hERG/3570.png
3571.0,N#CC1(NC(=O)[C@@H]2CCCC[C@H]2C(=O)N2CCN(c3nc4cccnc4s3)CC2)CC1,0.0,train,../data/images/hERG/3571.png
3572.0,O=C(O)c1ccccc1Oc1ncc(Cl)cc1NS(=O)(=O)c1ccc(Cl)c(Cl)c1,0.0,train,../data/images/hERG/3572.png
3573.0,Cc1ccc(C#CCOCc2cccc(COCC#Cc3ccc(C)cc3)[n+]2C)cc1,1.0,train,../data/images/hERG/3573.png
3574.0,O=[N+]([O-])c1ccc(CCN2CCN(CCc3ccc(F)cc3)CC2)cc1,1.0,train,../data/images/hERG/3574.png
3575.0,O=C(Nc1ccc(C[C@@H]2CC[C@H]([C@H](O)c3cccnc3)N2)cc1)[C@@H]1CCc2ccnn21,0.0,train,../data/images/hERG/3575.png
3576.0,O=C(/C=C/c1ccc(CN(CCO)CCc2c[nH]c3ccccc23)cc1)NO,0.0,train,../data/images/hERG/3576.png
3577.0,Cc1cc(N2CC[C@H](N3CCC[C@@H]3C)C2)ccc1NC(=O)c1c(C)noc1C,0.0,train,../data/images/hERG/3577.png
3578.0,CCCCC(NC(=O)CC1CCN(Cc2ccn(-c3ccc(C(F)(F)F)cc3)c2)CC1)c1ccc(=O)[nH]c1,0.0,train,../data/images/hERG/3578.png
3579.0,Cc1ccc2c(-c3nnc(SCCCN4CCc5nc6ccccn6c5CC4)n3C)cccc2n1,1.0,train,../data/images/hERG/3579.png
3580.0,COc1cc(-c2cn(Cc3cccc(-c4noc(C)n4)c3)nn2)ccc1-n1cnc(C)c1,0.0,train,../data/images/hERG/3580.png
3581.0,COc1cccc(C(=O)Cn2c(=O)c3c(c(C#N)c(N4CCC[C@H](N)C4)n3Cc3ccccc3)n(C)c2=O)c1,1.0,train,../data/images/hERG/3581.png
3582.0,C[C@@H](c1ccccn1)c1c(CCN(C)C)sc2ccccc12,1.0,train,../data/images/hERG/3582.png
3583.0,Cc1cc2ncc(-c3ccc4cc(CCN5CCC[C@H]5C)ccc4n3)c(C)n2n1,1.0,train,../data/images/hERG/3583.png
3584.0,NC1=NC(c2ccnc(C(F)(F)F)c2)(c2ccc(F)c(-c3cncnc3)c2)c2cccc(F)c21,0.0,train,../data/images/hERG/3584.png
3585.0,CC(C)C1(c2ccc(-c3ccc4ccccc4c3)[nH]c2=O)OC(=O)NC1=O,0.0,train,../data/images/hERG/3585.png
3586.0,Cn1cnc(C(=O)N(Cc2cccc(Cl)c2)[C@H]2CC[C@@H](N)CC2)c1,0.0,train,../data/images/hERG/3586.png
3587.0,NC[C@]1(c2cccc(Cl)c2)CC[C@H](N2CCc3c(nc(C(F)(F)F)nc3C3CC3)C2=O)CC1,1.0,train,../data/images/hERG/3587.png
3588.0,C[C@@H](OC(=O)N1CCC(O[C@H]2CC[C@H](Oc3cnc(S(C)(=O)=O)cn3)CC2)CC1)C(F)(F)F,0.0,train,../data/images/hERG/3588.png
3589.0,CC(c1ccccc1)N1C(=O)c2ccccc2C1C(=O)NCc1ccccc1,0.0,train,../data/images/hERG/3589.png
3590.0,NS(=O)(=O)c1ccc(Oc2cnc3ccc(=O)n(CCN4CCC(c5nc6cc(C(F)(F)F)ccc6[nH]5)CC4)c3c2)cc1,0.0,train,../data/images/hERG/3590.png
3591.0,N#Cc1cc(NCC(=O)NC2CN([C@H]3CC[C@@](O)(c4cncs4)CC3)C2)c2cc(C(F)(F)F)ccc2n1,0.0,train,../data/images/hERG/3591.png
3592.0,Cc1cc(CN2CCN(c3c(Cl)cnc4[nH]c(-c5ccc(N6CCN(C)CC6)cc5)nc34)CC2)no1,1.0,train,../data/images/hERG/3592.png
3593.0,C[C@@H]1CCCN1CCc1ccc(-c2ccc(S(=O)(=O)CC3CCOCC3)cc2)cc1,1.0,train,../data/images/hERG/3593.png
3594.0,COc1cc(N)c(Cl)cc1C(=O)N[C@H]1CCN(CC2CCN(C(=S)C(C)C)CC2)C[C@H]1OC,1.0,train,../data/images/hERG/3594.png
3595.0,COc1cccc([C@@H](C)N[C@@H]2CC[C@@H](C(=O)N3CCC(C(=O)N4CCCC4)(c4ccccc4)CC3)C(C)(C)C2)c1,0.0,train,../data/images/hERG/3595.png
3596.0,COc1ccc2c(c1C)C(=O)N(Cc1ccccc1-c1ccccc1)C2C(=O)NC(C)(C)C,0.0,train,../data/images/hERG/3596.png
3597.0,CO[C@@H]1COCC[C@@H]1N[C@@H]1C[C@H]2CCC[C@@]2(C(=O)N2CCc3ncc(C(F)(F)F)cc3C2)C1,0.0,train,../data/images/hERG/3597.png
3598.0,N#Cc1ccccc1Cn1c(N2CCC[C@@H](N)C2)nc2[nH]c(-c3cccnc3)cc2c1=O,0.0,train,../data/images/hERG/3598.png
3599.0,CCCCN1CCC[C@@H]1Cn1nc(Cc2ccc(Cl)cc2)c2cnccc2c1=O,1.0,train,../data/images/hERG/3599.png
3600.0,c1cncc(-c2ccc(-c3noc(C4CN5CCC4CC5)n3)o2)c1,1.0,train,../data/images/hERG/3600.png
3601.0,CC(N(C)C)C1(c2ccc3ccccc3c2)CCCCC1,1.0,train,../data/images/hERG/3601.png
3602.0,C[C@@H]1CCCN1CCc1ccc(-c2ccc(S(=O)(=O)NCc3ccncc3)cc2)cc1,1.0,train,../data/images/hERG/3602.png
3603.0,c1ccc(-c2nnc(CN3CCN(Cc4nc5ccccc5s4)CC3)o2)cc1,0.0,train,../data/images/hERG/3603.png
3604.0,Cc1nn(-c2c(Cl)cccc2NS(C)(=O)=O)cc1CN1CCC2(CC1)OCc1ccccc12,0.0,train,../data/images/hERG/3604.png
3605.0,COc1cnc(-c2c(C)ccc(F)c2CCNC(=O)c2ccc(COCC(F)(F)F)nc2)cn1,0.0,train,../data/images/hERG/3605.png
3606.0,COc1cc(CCN2CCN(CC(OC)c3ccc4c(c3C)COC4=O)CC2)ccc1C#N,1.0,train,../data/images/hERG/3606.png
3607.0,CCc1nc2c3c(ccc2o1)CCN(CCCSc1nnc(-c2ocnc2C)n1C)CC3,1.0,train,../data/images/hERG/3607.png
3608.0,CN[C@@H](C)C(=O)N[C@@H]1C(=O)N(Cc2c(OC)ccc3ccccc23)c2ccc(C#N)cc2N(C(C)=O)[C@H]1C,0.0,train,../data/images/hERG/3608.png
3609.0,COC1COCCC1N[C@@H]1C[C@H]2CN(C(=O)NC(C)C)C[C@@]2(C(=O)N2CCc3ncc(C(F)(F)F)cc3C2)C1,0.0,train,../data/images/hERG/3609.png
3610.0,CNC[C@@H](O)CCN1c2ccccc2N(c2c(F)cccc2F)S1(=O)=O,0.0,train,../data/images/hERG/3610.png
3611.0,CN(C)CCCn1cc(C2=C(c3c[nH]c4ccccc34)C(=O)NC2=O)c2ccccc21,1.0,train,../data/images/hERG/3611.png
3612.0,Cc1cccc(Nc2nc(N[C@H]3CCCC[C@H]3N)ncc2C(N)=O)c1,1.0,train,../data/images/hERG/3612.png
3613.0,Cc1[nH]c(-c2ccccn2)cc1C(=O)NCCCN1CCN(c2cccc(Cl)c2Cl)CC1,1.0,train,../data/images/hERG/3613.png
3614.0,Cc1ccc(OC(=O)N(CC(=O)O)Cc2cccc(OCc3sc(-c4ccc(Cl)cc4)nc3C)c2)cc1,0.0,train,../data/images/hERG/3614.png
3615.0,COc1ccc([C@H]2CN(CCC3CCOCC3)C[C@@H]2CC(=O)Nc2cccc(Cl)c2)cc1,1.0,train,../data/images/hERG/3615.png
3616.0,OCCN1CCN(c2ccc3nc(-c4ccccc4)c(-c4ccc(CN5CCC(c6nnc(-c7ccccn7)[nH]6)CC5)cc4)nc3n2)CC1,0.0,train,../data/images/hERG/3616.png
3617.0,CC(C)c1ccccc1C(=O)N(CC1CCCC1)[C@H]1CCNC1,1.0,train,../data/images/hERG/3617.png
3618.0,O=C(CNC(=O)c1cccc(C(F)(F)F)c1)NC1CN([C@H]2CC[C@@](O)(c3ncco3)CC2)C1,0.0,train,../data/images/hERG/3618.png
3619.0,C[C@@H]1CN(Cc2ccc(-n3ccnc3C(=O)N3CCC(Nc4cccc(F)c4)CC3)cc2)C[C@H](C)N1,0.0,train,../data/images/hERG/3619.png
3620.0,O=C1COc2ccc(CNC34CCC(C[C@]5(O)Cn6c(=O)ccc7ncc(F)c5c76)(CC3)OC4)nc2N1,0.0,train,../data/images/hERG/3620.png
3621.0,Cn1c(SCCCN2CC3CCN(c4ccc(OC(F)(F)F)cc4)C3C2)nnc1-c1cnccn1,1.0,train,../data/images/hERG/3621.png
3622.0,Cc1ccc(NC(=O)N2CCN(C[C@@H]3CCCN(C4CC4)C3)CC2)cc1Cl,1.0,train,../data/images/hERG/3622.png
3623.0,O=C(NC(c1ccc(Cl)cc1)c1ncccn1)[C@@H]1CC[C@@H](N2CCOCC2)C[C@H]1c1ccc(Br)cc1,1.0,train,../data/images/hERG/3623.png
3624.0,COc1ccc2c(=O)n(CC(O)CO)c(C#N)c(-c3cccc(C(F)(F)F)c3)c2c1,0.0,train,../data/images/hERG/3624.png
3625.0,CC(=O)NC1CC2CCC(C1)N2Cc1ccc(Oc2nc3ncccc3s2)cc1,0.0,train,../data/images/hERG/3625.png
3626.0,COc1ccc2ncc(Cl)c(CCN3CCC(NCc4cc5c(cn4)OCCO5)CC3)c2n1,1.0,train,../data/images/hERG/3626.png
3627.0,CNC(=O)c1ccc(-c2ccc(N3C(=O)N(c4cc(OC)ncn4)C4(CCN(Cc5ncccc5C)CC4)C3=O)cc2)cc1,1.0,train,../data/images/hERG/3627.png
3628.0,CC(C)c1nc(-c2nnc3n2CCN(C(=O)c2ccc(-c4cccs4)cc2)[C@@H]3C)co1,1.0,train,../data/images/hERG/3628.png
3629.0,O=C(NCCO)C1CCC(c2ncc(-c3cccc(C(F)(F)F)c3)[nH]2)CC1,1.0,train,../data/images/hERG/3629.png
3630.0,O=c1ccc2ncc(=O)n3c2n1C[C@H]3CN1CCC(NCc2cc3c(cn2)OCCC3)CC1,0.0,train,../data/images/hERG/3630.png
3631.0,Cc1cn(-c2ccc(Nc3cccc4c3nc(-c3ccc(F)cc3)n4C)nc2)cn1,1.0,train,../data/images/hERG/3631.png
3632.0,Clc1ccc(-n2cc(NCCN3CCCCC3)nn2)cc1Cl,1.0,train,../data/images/hERG/3632.png
3633.0,CC(C)c1ccccc1C(=O)N(CC1CC1)[C@H]1CCNC1,0.0,train,../data/images/hERG/3633.png
3634.0,N#Cc1cc(N2CCN(CCN3Cc4ccccc4C3)C2=O)ccc1F,1.0,train,../data/images/hERG/3634.png
3635.0,O=C(Nc1cc(Cl)c(O)cc1OC[C@@H](O)CN1CCC2(CC1)Cc1cc(Cl)ccc1O2)NC1CC1,1.0,train,../data/images/hERG/3635.png
3636.0,N[C@H](COc1cccc2ccc(=O)[nH]c12)CN1CCC2(CC1)Cc1cc(F)ccc1O2,1.0,train,../data/images/hERG/3636.png
3637.0,O=C1N(CCN2[C@@H]3CCC[C@H]2CC3)CCN1c1cccc(Cl)c1,1.0,train,../data/images/hERG/3637.png
3638.0,Cn1c(-c2ccc(OC3CCN(C4CCC4)CC3)cc2)nc2c(F)cccc2c1=O,1.0,train,../data/images/hERG/3638.png
3639.0,N#Cc1ccc(-c2cnc3nc(N4CCC(N5CCCCC5)CC4)sc3c2)cc1,1.0,train,../data/images/hERG/3639.png
3640.0,Cc1c2c(nn1-c1nnc(-c3ccc(OC(C)C)c(Cl)c3)s1)CCN(CCC(=O)O)C2,0.0,train,../data/images/hERG/3640.png
3641.0,C[n+]1c(CCCOc2ccc(Cl)cc2)cccc1CCCOc1ccc(Cl)cc1,1.0,train,../data/images/hERG/3641.png
3642.0,COc1cc(NCC2CCNCC2)nc2c1nnn2-c1cccc(OC(F)(F)F)c1,1.0,train,../data/images/hERG/3642.png
3643.0,NC1=N[C@@]2(c3ccc(F)cc3F)CO[C@@H](c3ncco3)C[C@H]2CS1,0.0,train,../data/images/hERG/3643.png
3644.0,Cn1ccc(NC(=O)c2cc(Oc3ccc(C(=O)N4CCC4)cc3)cc(O[C@H]3CCOC3)c2)n1,0.0,train,../data/images/hERG/3644.png
3645.0,Cn1ccc2cc(C3(Cc4ccccc4)CCNC3)ccc21,1.0,train,../data/images/hERG/3645.png
3646.0,COC(=O)N1CC(Oc2cccc(F)c2)CC1C(=O)N1CCCN(C2CCC2)CC1,1.0,train,../data/images/hERG/3646.png
3647.0,CC(C(O)c1ccc2c(c1)COC(=O)N2)N1CCC(O)(c2ccc(F)cc2)CC1,1.0,train,../data/images/hERG/3647.png
3648.0,O=C(Nc1cc2ncncc2cc1OCc1cccc(Cl)c1)Nc1cccc2ccccc12,0.0,train,../data/images/hERG/3648.png
3649.0,CN1CCC(COCc2cc(C(F)(F)F)cc(Cl)n2)(c2ccccc2)CC1,0.0,train,../data/images/hERG/3649.png
3650.0,O=C1COc2ccc(CNC3CCN(CCn4c(=O)ccc5ccc(Oc6cncnc6)nc54)CC3)nc2N1,0.0,train,../data/images/hERG/3650.png
3651.0,CS(=O)(=O)C1(c2cc(N3CCOCC3)nc(-c3cccc4[nH]ccc34)n2)CCOCC1,0.0,train,../data/images/hERG/3651.png
3652.0,COc1cc(F)ccc1-c1cncc(CNC2CCCCC2)c1,1.0,train,../data/images/hERG/3652.png
3653.0,O=C(Nc1cccc(Cl)c1)N1CCN(C[C@@H]2CCCN(C3CC3)C2)CC1,0.0,train,../data/images/hERG/3653.png
3654.0,Cc1ccc(-c2c(C)c(CNC3CCCC3)nn2-c2ncccc2Cl)cn1,0.0,train,../data/images/hERG/3654.png
3655.0,COc1cnc2ccc(=O)n(CCN3CCC(c4nc5cc(C#N)ccc5[nH]4)CC3)c2c1,1.0,train,../data/images/hERG/3655.png
3656.0,CCOC(=O)c1cncc([C@]2(c3cnn(C)c3)N[C@@H](c3nc(-c4ccc(F)cc4)c[nH]3)Cc3c2[nH]c2ccccc32)c1,1.0,train,../data/images/hERG/3656.png
3657.0,N#Cc1ccc(Cn2cncc2CN[C@H]2CCN(C(=O)c3cccnc3N)C2=O)cc1,0.0,train,../data/images/hERG/3657.png
3658.0,O=c1[nH]ccc2nc(-c3ccc(CN4CCC(c5nnc(-c6cnccn6)[nH]5)CC4)cc3)c(-c3ccccc3)cc12,1.0,train,../data/images/hERG/3658.png
3659.0,O=C(NCC1(N2CCCC2)CCCC1)N1CCC(c2nc(-c3ccc4ccccc4n3)no2)CC1,1.0,train,../data/images/hERG/3659.png
3660.0,CNC(=O)c1ccc(CC(=O)N(C)C2CCN(Cc3ccc(C(F)(F)F)cc3)CC2)cc1,1.0,train,../data/images/hERG/3660.png
3661.0,O[C@H]1CC[C@H](Nc2ccn3ncc(-c4cccc(C(F)(F)F)c4)c3n2)CC1,0.0,train,../data/images/hERG/3661.png
3662.0,O=C(c1cc(F)cc(F)c1)N1CCN(c2ccc(OCCCN3CCCC3)cc2)C(=O)C1,1.0,train,../data/images/hERG/3662.png
3663.0,COc1cc(N)c(Cl)cc1C(=O)N[C@H]1CCN(CCCn2cccc2)C[C@H]1OC,1.0,train,../data/images/hERG/3663.png
3664.0,C[C@H](O)C(=O)N1CC[C@H](N(Cc2cc(Cl)ccc2Cl)c2ccc(C#N)c(Cl)c2)C1,1.0,train,../data/images/hERG/3664.png
3665.0,CO[C@@H]1COCC[C@@H]1N[C@@H]1CC[C@@](C(=O)N2CCN(c3cc(C(F)(F)F)ccn3)CC2)(C(C)C)C1,1.0,train,../data/images/hERG/3665.png
3666.0,C[C@@H]1CCCN1CCN1CCc2cc(-c3ccc(F)cc3)ccc2C1=O,1.0,train,../data/images/hERG/3666.png
3667.0,Cc1cc(C(N)=O)c(-c2cccc(OC(=O)NCCCCCCc3ccccc3)c2)s1,0.0,train,../data/images/hERG/3667.png
3668.0,CCc1c(C(=O)NC(C)(C)c2nnnn2C)nn(-c2ccc(Cl)cc2Cl)c1-c1ccc(Br)cc1,0.0,train,../data/images/hERG/3668.png
3669.0,C[C@H](N)C(=O)N1CCN(c2cnc3cc(C(F)(F)F)cc(NCc4cccc([N+](=O)[O-])c4)c3c2)CC1,1.0,train,../data/images/hERG/3669.png
3670.0,Cc1ccc2c(-c3nnc(SCCCN4CCc5cc6c(cc5CC4)N(S(C)(=O)=O)CCO6)n3C)cccc2n1,1.0,train,../data/images/hERG/3670.png
3671.0,COc1ccc(C2CCN(CC[C@H]3CCOc4ccccc43)CC2)cc1OC,1.0,train,../data/images/hERG/3671.png
3672.0,COc1ccc([C@H]2CN(CCc3ccc(OC)c(OC)c3)C[C@@H]2CC(=O)N(C)c2cccc(Cl)c2)cc1,1.0,train,../data/images/hERG/3672.png
3673.0,O=C1O[C@]2(CC[C@H](c3nc4cc(OC(F)(F)F)ccc4[nH]3)CC2)CN1c1ccccn1,1.0,train,../data/images/hERG/3673.png
3674.0,CNCC[C@H](Oc1cccc2ccccc12)c1cccs1,1.0,train,../data/images/hERG/3674.png
3675.0,N#CC1(NC(=O)[C@@H]2CCCC[C@H]2C(=O)N2CCN(c3ccc(F)cc3)CC2)CC1,0.0,train,../data/images/hERG/3675.png
3676.0,Cc1cn(-c2ccc(Nc3cccc4c3nc(-c3ccc(F)cc3)n4C)cc2F)cn1,0.0,train,../data/images/hERG/3676.png
3677.0,Cc1cc(-c2ccc3c(c2)CCN(CCCSc2nnc(-c4ccc(C(F)(F)F)cc4)n2C)CC3)n(C)n1,1.0,train,../data/images/hERG/3677.png
3678.0,COCC(F)(F)COCc1ccc([C@@]2(O)CCNC[C@@H]2c2ccc(-c3ccccc3CCNC(C)=O)cc2C)cc1,1.0,train,../data/images/hERG/3678.png
3679.0,O=C(Nc1ccc(-c2nnc(NCCCCN3CCOCC3)o2)c(F)c1)c1ccccc1,0.0,train,../data/images/hERG/3679.png
3680.0,O=C(c1ccc(Oc2ccc(Cl)cc2)nc1)N1CCCN(C2CCC2)CC1,1.0,train,../data/images/hERG/3680.png
3681.0,N[C@H]1Cn2c(nc3cc(C(F)(F)F)ccc32)C[C@@H]1c1cc(F)c(F)cc1F,1.0,train,../data/images/hERG/3681.png
3682.0,COc1ccccc1N1CCN(CCCC(C(=O)O)(c2ccc(Br)cc2)C(C)C)CC1,1.0,train,../data/images/hERG/3682.png
3683.0,NC(=O)c1nnc(N[C@@H]2CCCC[C@@H]2N)cc1Nc1ccc2c(n1)CCC2,1.0,train,../data/images/hERG/3683.png
3684.0,C=CC(=O)Nc1cc(Nc2ncc(Cl)c(-c3cnn4ccccc34)n2)c(OC)cc1N1CCN(C)CC1,1.0,train,../data/images/hERG/3684.png
3685.0,Cc1nc(N2CCN(C(=O)[C@@H]3CCCC[C@H]3C(=O)NC3(C#N)CC3)CC2)sc1C,0.0,train,../data/images/hERG/3685.png
3686.0,C[C@H](NC(=O)C(C)(C)Oc1ccc(C(F)(F)F)cn1)[C@@H](Cc1ccc(Cl)cc1)c1cccc(C#N)c1,0.0,train,../data/images/hERG/3686.png
3687.0,Cc1ccc(-c2c[nH]c([C@H]3Cc4c([nH]c5ccccc45)[C@@H](C4CCOCC4)N3)n2)cc1,1.0,train,../data/images/hERG/3687.png
3688.0,COC1COCCC1N[C@@H]1C[C@H]2CN(C(C)C)C[C@@]2(C(=O)N2CCc3ncc(C(F)(F)F)cc3C2)C1,0.0,train,../data/images/hERG/3688.png
3689.0,Cc1ncc(C)c(C(=O)N2CCC([C@H](N)Cc3cc(F)c(F)cc3F)CC2)n1,0.0,train,../data/images/hERG/3689.png
3690.0,Cc1nc2ccccn2c1-c1ccc2cc(CCN3CCC[C@H]3C)ccc2n1,1.0,train,../data/images/hERG/3690.png
3691.0,CCn1cc([C@@]2(c3noc(C)n3)N[C@@H](c3nc(-c4ccc(F)cn4)c[nH]3)Cc3c2[nH]c2ccccc32)cn1,1.0,train,../data/images/hERG/3691.png
3692.0,CCC(O)c1cn(-c2ccc(F)cc2)c2ccc(Cl)cc12,0.0,train,../data/images/hERG/3692.png
3693.0,COc1cc(/C=C/c2nc3cc(Cl)ccc3c(=O)[nH]2)ccc1-n1cnc(C)c1,0.0,train,../data/images/hERG/3693.png
3694.0,O=C(CNC(=O)c1cccc(C(F)(F)F)c1)NC1CN([C@H]2CC[C@](O)(c3cccnc3)CC2)C1,0.0,train,../data/images/hERG/3694.png
3695.0,O=C(Nc1ccc(F)cn1)[C@H](COCCO)Oc1ncnc2c1cnn2-c1c(Cl)cccc1Cl,0.0,train,../data/images/hERG/3695.png
3696.0,Cc1c(Cl)ccc(OC2CCN(C3CCN(C(=O)NS(=O)(=O)c4ccc(N(C)C)cc4)CC3)CC2)c1Cl,0.0,train,../data/images/hERG/3696.png
3697.0,COc1ccccc1N1CCN(Cc2nc3c4cccc(OC)c4nc(N)n3n2)[C@H](C)C1,0.0,train,../data/images/hERG/3697.png
3698.0,COC(=O)C(CCCN1CCC(c2ccccc2OC)CC1)(c1ccc(Br)cc1)C(C)C,1.0,train,../data/images/hERG/3698.png
3699.0,CC(C)Oc1cc([C@@](Cc2ccccc2)(NC[C@H](O)C(F)(F)F)c2cc(F)cc(OC(F)(F)C(F)F)c2)ccc1F,0.0,train,../data/images/hERG/3699.png
3700.0,OCc1ccc(OC2CCN(CC3CCNCC3)CC2)cc1Cl,0.0,train,../data/images/hERG/3700.png
3701.0,Cc1nc2ccccc2n1C1CC2CCC(C1)N2CCC1(c2ccccc2)CCN(C(=O)C(C)(C)CO)CC1,1.0,train,../data/images/hERG/3701.png
3702.0,CNC(=O)c1cc(Oc2ccc3nc(NC(=O)Nc4ccc(Cl)c(Cl)c4)sc3c2)ccn1,0.0,train,../data/images/hERG/3702.png
3703.0,Cc1cc(-n2cnc3ccc(N[C@@H](C)c4ncc(F)cn4)nc32)n[nH]1,0.0,train,../data/images/hERG/3703.png
3704.0,N/C1=N\C(=O)[C@@H]2CCCN2c2ccc(cc2)OC/C=C/CCNCC(=O)Nc2c(Cl)cc(cc2Cl)CN1,0.0,train,../data/images/hERG/3704.png
3705.0,Cc1nn(-c2ccccc2)cc1CN1CCC2(CC1)OCc1ccccc12,1.0,train,../data/images/hERG/3705.png
3706.0,Cn1c(-c2ccc(OCCCN3CCCC3)cc2)nc2ccccc2c1=O,1.0,train,../data/images/hERG/3706.png
3707.0,Cc1cc(C[C@H](CCCCNCc2ccc(F)cc2)C(=O)NO)cc(C)c1F,1.0,train,../data/images/hERG/3707.png
3708.0,Nc1nc(CC(=O)Nc2ccc(C[C@@H]3CC[C@H]([C@H](O)c4ccccc4)N3)cc2)cs1,0.0,train,../data/images/hERG/3708.png
3709.0,CCc1nc2cc3c(c(Br)c2o1)CCN(CCSc1nnc(-c2cccc4nc(C)ccc24)n1C)CC3,1.0,train,../data/images/hERG/3709.png
3710.0,O=C(Nc1nc2cccc(-c3ccc(CN4CCS(=O)(=O)CC4)cc3)n2n1)C1CC1,0.0,train,../data/images/hERG/3710.png
3711.0,CC1(C)NCCc2c1oc1cc(S(=O)(=O)c3cccc(F)c3)ccc21,1.0,train,../data/images/hERG/3711.png
3712.0,Cc1cn([C@H]2CCCN(S(=O)(=O)c3ccc(O)c(Oc4cccc(Cl)c4)c3)C2)c(=O)[nH]c1=O,0.0,train,../data/images/hERG/3712.png
3713.0,COCCN(C)C(c1ccccc1)C(O)(c1cccnc1)c1cccnc1,1.0,train,../data/images/hERG/3713.png
3714.0,CCOC(=O)N1CCC(CN2CCC3(CC2)CC(=O)Nc2ncccc23)CC1,1.0,train,../data/images/hERG/3714.png
3715.0,C[C@@H](N1CCc2nc(-c3cncnc3)sc2C1)[C@](O)(Cn1cncn1)c1ccc(F)cc1F,0.0,train,../data/images/hERG/3715.png
3716.0,Cc1ccc(S(=O)(=O)N2Cc3ccc(/C=C/C(=O)NO)cc3C2)cc1,0.0,train,../data/images/hERG/3716.png
3717.0,CN1CCN(Cc2ccc3c(c2)Cc2c(-c4csc(C#CCOc5cccc(Cl)c5)c4)n[nH]c2-3)CC1,1.0,train,../data/images/hERG/3717.png
3718.0,Cc1ccc([C@]2(O)CC[C@H](N3CC[C@@H](NC(=O)CNC(=O)c4cccc(C(F)(F)F)c4)C3)CC2)cc1,0.0,train,../data/images/hERG/3718.png
3719.0,O=C(NC(c1ccc(F)cc1)c1ccc(F)cc1)[C@@H]1CC[C@@H](N2CCOCC2)C[C@H]1c1ccc(Br)cc1,1.0,train,../data/images/hERG/3719.png
3720.0,CC(C)C1=NC(c2ccccc2)(c2cccc(-c3cncnc3)c2)N=C1N,0.0,train,../data/images/hERG/3720.png
3721.0,CCN(CC)C(=O)c1ccc([C@H]2CC3(CCNCC3)Oc3ccccc32)cc1,1.0,train,../data/images/hERG/3721.png
3722.0,Cc1cccc(C)c1C(=O)N1CCC(N2CCC(N(Cc3ccccc3)C(=O)C3CCC3)CC2)CC1,1.0,train,../data/images/hERG/3722.png
3723.0,CC[C@@H]1NC(c2cc(C#N)ccn2)=NC1(c1ccc(F)cc1)c1ccc(F)cc1,1.0,train,../data/images/hERG/3723.png
3724.0,FC(F)(F)c1cc(Cl)nc(COCC2(c3ccccc3)CCNCC2)c1,0.0,train,../data/images/hERG/3724.png
3725.0,CNC(=O)c1c(NCCC2CCCC2)nc(C#N)nc1OCC1CCN(C)CC1,1.0,train,../data/images/hERG/3725.png
3726.0,CCN(CC)C(=O)[C@@H]1C=C2c3cccc4[nH]cc(c34)C[C@H]2N(C(=O)Nc2ccccc2)C1,0.0,train,../data/images/hERG/3726.png
3727.0,CCOC(=O)c1cccc([C@@]2(c3cnn(C)c3)N[C@@H](c3nc(-c4ccc(F)cc4)c[nH]3)Cc3c2[nH]c2ccccc32)n1,1.0,train,../data/images/hERG/3727.png
3728.0,O=c1cc(NC2CCN(Cc3ccc4c(c3)OCO4)CC2)c2cc(Cl)ccc2o1,1.0,train,../data/images/hERG/3728.png
3729.0,O=C(NC1CCC1)c1ccc(-c2ccc3c(c2)CCN(CCN2CCCC2)C3=O)cc1,1.0,train,../data/images/hERG/3729.png
3730.0,Fc1cccc(OC(F)F)c1CC(c1ccccc1)N1CCNCC1,0.0,train,../data/images/hERG/3730.png
3731.0,Cc1ncc(-c2ccnc(Nc3ccc(C(=O)NCCO)cc3)n2)n1C(C)C,0.0,train,../data/images/hERG/3731.png
3732.0,CC(=O)N(C)C1CCC([C@H](C)[C@H](N)C(=O)N2CC[C@H](F)C2)CC1,0.0,train,../data/images/hERG/3732.png
3733.0,N#Cc1cc(CN2CCC2)cnc1-c1ccc(C(=O)Nc2ccccc2N)cc1,0.0,train,../data/images/hERG/3733.png
3734.0,CC(C(O)c1ccc2c(c1)OCC(=O)N2)N1CCC(O)(c2ccc(F)cc2)CC1,1.0,train,../data/images/hERG/3734.png
3735.0,Cn1c(SCCCN2CC3CCN(c4ccccc4)C3C2)nnc1C1CCOCC1,1.0,train,../data/images/hERG/3735.png
3736.0,C[C@@H]1CN(c2nc(C(F)(F)F)no2)CCN1c1ncc(OCc2ccc(N=S(C)(C)=O)cc2F)cn1,0.0,train,../data/images/hERG/3736.png
3737.0,Cc1nc2ccccc2n1C1CC2CCC(C1)N2CCC1(c2ccccc2)CCN(C(=O)c2cccc(S(N)(=O)=O)c2)CC1,0.0,train,../data/images/hERG/3737.png
3738.0,CC(C)OC(=O)c1ccc(NC(=O)N[C@@H](Cc2ccc(O)cc2)C(=O)N[C@H]2CCC[N+](C)(Cc3cccc(O)c3)C2)cc1,1.0,train,../data/images/hERG/3738.png
3739.0,Cc1coc([C@H]2C[C@H]3[C@@H](C)SC(N)=N[C@@]3(c3ccc(F)cc3F)CO2)n1,1.0,train,../data/images/hERG/3739.png
3740.0,Cc1onc(C(=O)N2[C@@H]3CC[C@H]2C[C@@H](Nc2cc(=O)n(C)c4cc(F)c(F)cc24)C3)c1C,0.0,train,../data/images/hERG/3740.png
3741.0,O=C1NCN(c2ccccc2)C12CCN(CCCC(c1ccc(F)cc1)c1ccc(F)cc1)CC2,1.0,train,../data/images/hERG/3741.png
3742.0,CC(=O)Nc1cccc(N2CCN(CCCCNS(=O)(=O)CC(C)C)CC2)c1,1.0,train,../data/images/hERG/3742.png
3743.0,Fc1ccc(-c2c[nH]c([C@H]3Cc4c([nH]c5ccccc45)[C@@H](C4CCOCC4)N3)n2)nc1,1.0,train,../data/images/hERG/3743.png
3744.0,CCOc1cc(CN2CCC(Nc3nc4cc(C(N)=O)ccc4o3)CC2)cc(OCC)c1F,1.0,train,../data/images/hERG/3744.png
3745.0,CNC(=O)c1ccc(Nc2nccc(-c3cnc(C)n3C(C)C)n2)cc1F,0.0,train,../data/images/hERG/3745.png
3746.0,CC(C)(C)C(=O)CN1CCC(CNC(=O)c2cc(Cl)cc(Cl)c2)CC1,1.0,train,../data/images/hERG/3746.png
3747.0,CCCc1nn(C)c2c(=O)[nH]c(-c3cc(S(=O)(=O)N4CCN(C)CC4)ccc3OCC)nc12,0.0,train,../data/images/hERG/3747.png
3748.0,CNCc1ccc(OC)cc1Oc1ccc(Cl)c(Cl)c1,1.0,train,../data/images/hERG/3748.png
3749.0,O=C(Nc1ccc(Cl)c(Cl)c1)N1CCN(C(=O)[C@H]2CN(C3CC3)CCN2)CC1,0.0,train,../data/images/hERG/3749.png
3750.0,FC(F)(F)Oc1cccc(-n2nnc3cc(Cl)c(NCC4CCNCC4)nc32)c1,1.0,train,../data/images/hERG/3750.png
3751.0,Cc1nnc(C(C)C)n1C1CCN(C(C)C[C@H](NC(=O)C2CC(F)(F)C2)c2ccccc2)CC1,1.0,train,../data/images/hERG/3751.png
3752.0,CCc1nc2ccc3c(c2s1)CCN(CCCSc1nnc(-c2cccc4nc(C)ccc24)n1C)CC3,1.0,train,../data/images/hERG/3752.png
3753.0,Cc1ccc2c(-c3nnc(SCCCN4CC5CC5(c5ccc(Br)cc5)C4)n3C)cccc2n1,1.0,train,../data/images/hERG/3753.png
3754.0,Cc1nn(-c2ccnc(Nc3ccc4c(c3)c(C)c(C)n4C)n2)cc1CN1CC(O)C1,0.0,train,../data/images/hERG/3754.png
3755.0,CN(CCCC(=O)NCC#N)C(=O)c1ccc2c(c1)c1c(n2C)CC[C@@H](C2CCOCC2)C1,0.0,train,../data/images/hERG/3755.png
3756.0,COCCN1CCC[C@@H](Cn2c(-c3ccccc3C)nc3nc(-c4ccc(Cl)cc4)sc3c2=O)C1,1.0,train,../data/images/hERG/3756.png
3757.0,C=CC(=O)Nc1cc(Nc2ncc(Cl)c(-c3cnn4ccccc34)n2)c(OC)cc1N(C)CCN(C)C,1.0,train,../data/images/hERG/3757.png
3758.0,Cc1cc(CN2CCN(c3c(Br)cnc4nc(-c5ccc(N6CCN(C)CC6)cc5)[nH]c34)CC2)no1,1.0,train,../data/images/hERG/3758.png
3759.0,O=C(N[C@@H]1CN2CCC1CC2)c1cccc2oc(C3CC3)nc12,1.0,train,../data/images/hERG/3759.png
3760.0,CC(C)(C(=O)O)c1ccc(CN2CCC(COC(=O)c3c4n(c5ccccc35)CCCO4)CC2)cc1,0.0,train,../data/images/hERG/3760.png
3761.0,COc1ccc([C@H]2CN(CCCN(C)S(C)(=O)=O)C[C@@H]2CC(=O)Nc2cccc(Cl)c2)cc1,1.0,train,../data/images/hERG/3761.png
3762.0,CC#CCn1c(N2CCC[C@H](N)C2)c(C#N)c2c1c(=O)n(Cc1nc(C)c3ccccc3n1)c(=O)n2C,0.0,train,../data/images/hERG/3762.png
3763.0,O=C(CNc1ncnc2ccc(C(F)(F)F)cc12)NC1CN([C@H]2CC[C@@](O)(c3nccs3)CC2)C1,0.0,train,../data/images/hERG/3763.png
3764.0,Cc1cc(CN2CCN(c3c(Br)cnc4[nH]c(-c5ccc(N6CCOCC6)cc5)nc34)CC2)no1,0.0,train,../data/images/hERG/3764.png
3765.0,C1CCC2(C1)C1CN(CC3CC3)CC2CN(CC2CC2)C1,1.0,train,../data/images/hERG/3765.png
3766.0,COc1ccc([C@H]2CN(NS(C)(=O)=O)C(=O)N2CCc2ccc(OC(F)(F)F)cc2)cc1,1.0,train,../data/images/hERG/3766.png
3767.0,Cn1cc([C@@]2(c3nn(C)c(=O)o3)N[C@@H](c3nc(-c4ccc(F)cn4)c[nH]3)Cc3c2[nH]c2ccccc32)cn1,0.0,train,../data/images/hERG/3767.png
3768.0,O=C1COc2ccc(CNC3CCN(CCn4c(=O)ccc5ncc(O[C@@H]6CCOC6)cc54)CC3)nc2N1,0.0,train,../data/images/hERG/3768.png
3769.0,CN(C)C(=O)C(=O)NC(C)(C)c1nc(C(=O)NCc2ccc(F)cc2)c(O)c(=O)n1C,0.0,train,../data/images/hERG/3769.png
3770.0,c1ccc2c3c([nH]c2c1)C(C1CCOCC1)NC(c1nc(C24CC5CC(CC(C5)C2)C4)c[nH]1)C3,1.0,train,../data/images/hERG/3770.png
3771.0,COC(=O)N1CCC(CN2CC[C@H](NC(=O)c3cc(Cl)c(N)cc3OC)[C@H](OC)C2)CC1,1.0,train,../data/images/hERG/3771.png
3772.0,Nc1nc2c(s1)CC[C@H]2C(=O)Nc1ccc(C[C@@H]2CC[C@H]([C@H](O)c3ccccc3)N2)cc1,0.0,train,../data/images/hERG/3772.png
3773.0,Cn1c(SCCCN2CC3CCN(c4ccc(C(F)(F)F)cc4)C3C2)nnc1-c1ccccn1,1.0,train,../data/images/hERG/3773.png
3774.0,COc1ccccc1Oc1ccccc1CN1CCC2(CC1)CCN(C(=O)c1ccc(Cl)cc1)CC2,1.0,train,../data/images/hERG/3774.png
3775.0,COc1cccc2c1nc(N)n1nc(CN3CCN(c4ccccc4)C[C@H]3C)nc21,0.0,train,../data/images/hERG/3775.png
3776.0,CCN1CCN(Cc2cnc(-c3ccc(C(=O)Nc4ccccc4N)cc3)c(Cl)c2)CC1,1.0,train,../data/images/hERG/3776.png
3777.0,COc1ccc(-c2cc(-c3ccc(C(=O)N(C)C)cc3)cnc2N)cn1,0.0,train,../data/images/hERG/3777.png
3778.0,Cc1ccc([C@H]2CC[C@@H](N3CC(NC(=O)CNc4n[nH]c5ccc(C(F)(F)F)cc45)C3)CC2)cn1,0.0,train,../data/images/hERG/3778.png
3779.0,CC1(C)NC(=O)Cn2c1nc(-c1ccc(F)cc1)c2Nc1ccc(F)c(Cl)c1,0.0,train,../data/images/hERG/3779.png
3780.0,COc1c(C(C)(C)C)cc(CN2CCN(CCCCCC(c3ccc(F)cc3)c3ccc(F)cc3)CC2)cc1C(C)(C)C,1.0,train,../data/images/hERG/3780.png
3781.0,CN1CC=CC[C@H](c2ccc(Cl)c(Cl)c2)C1,0.0,train,../data/images/hERG/3781.png
3782.0,O=C(Nc1ccc(Cl)c(Cl)c1)N1CCN(C[C@@H]2CCCN(CCc3ccccc3)C2)CC1,1.0,train,../data/images/hERG/3782.png
3783.0,CNC(=O)CCCN(C)C(=O)c1ccc2c(c1)c1c(n2C)CCC(C2CCOCC2)C1,0.0,train,../data/images/hERG/3783.png
3784.0,N#Cc1ccc2[nH]c(C3CCN(CCn4c(=O)ccc5ncc(Oc6ccc(S(N)(=O)=O)cc6)cc54)CC3)nc2c1,0.0,train,../data/images/hERG/3784.png
3785.0,Cc1ccc(CCNC[C@H](O)COc2ccc(NS(C)(=O)=O)cc2)cc1C,1.0,train,../data/images/hERG/3785.png
3786.0,Cc1ncoc1-c1nnc(SCCCN2CC3CC3(c3ccc(Cl)c(Cl)c3)C2)n1C,1.0,train,../data/images/hERG/3786.png
3787.0,O=C1N(CCN2CCCC(OCc3ccccc3)C2)CCN1c1cccc(Cl)c1,1.0,train,../data/images/hERG/3787.png
3788.0,CC(C)(C)c1nnc(-c2nn(-c3ccc(Cl)cc3Cl)c(-c3ccc(Br)cc3)c2Cn2cncn2)s1,0.0,train,../data/images/hERG/3788.png
3789.0,[2H]C(Nc1cc(C(F)(F)F)cc2ncc(N3CCN(C(C)=O)CC3)cc12)c1cccc([N+](=O)[O-])c1,0.0,train,../data/images/hERG/3789.png
3790.0,O=C(O)[C@H](Cc1ccccc1)N1CCC(CN2CCC(Oc3ccc(CO)c(Cl)c3)CC2)CC1,0.0,train,../data/images/hERG/3790.png
3791.0,C[C@@H]1CN(CCC#N)CCN1c1cc2[nH]c(SC(C)(C)C)nc2cc1Cl,0.0,train,../data/images/hERG/3791.png
3792.0,COc1cccc(S(=O)(=O)N2Cc3ccc(/C=C/C(=O)NO)cc3C2)c1,0.0,train,../data/images/hERG/3792.png
3793.0,COc1c(N2C[C@@H]3CCCN[C@@H]3C2)c(F)cc2c(=O)c(C(=O)O)cn(C3CC3)c12,0.0,train,../data/images/hERG/3793.png
3794.0,Cc1nc2ccccc2c(=O)n1-c1ccc(OC2CCCN(C3CCC3)CC2)cc1,1.0,train,../data/images/hERG/3794.png
3795.0,CCOC(=O)c1cncc([C@@]2(c3cnn(C)c3)N[C@@H](c3nc(-c4ccc(F)cc4)c[nH]3)Cc3c2[nH]c2ccccc32)c1,1.0,train,../data/images/hERG/3795.png
3796.0,C[C@@H]1Sc2ccccc2O[C@@H]1c1ccc(OCCCN2CCCC2)cc1,1.0,train,../data/images/hERG/3796.png
3797.0,CCOCCn1c(N2CC[C@H](N(C)C)C2)nc2ccccc21,1.0,train,../data/images/hERG/3797.png
3798.0,COc1cc([C@H]2CCN(CCO)C[C@@H]2O)ccc1Nc1ncc2ccc(-c3ccccc3OC)n2n1,1.0,train,../data/images/hERG/3798.png
3799.0,COc1ccc2ncc(Cl)c(CCC34CCC(NCc5ccc6c(n5)NC(=O)CO6)(CC3)CO4)c2n1,1.0,train,../data/images/hERG/3799.png
3800.0,Cc1cn(-c2cc(NC(=O)c3ccc(C)c(Nc4nccc(-c5cccnc5)n4)c3)cc(C(F)(F)F)c2)cn1,1.0,train,../data/images/hERG/3800.png
3801.0,CC(=O)N[C@@H](CCN1[C@@H]2CC[C@H]1C[C@@H](n1c(C)nc3c1CCN(c1ccncn1)C3)C2)c1cccc(F)c1,1.0,train,../data/images/hERG/3801.png
3802.0,NS(=O)(=O)c1ccc(Oc2cnc3ccc(=O)n(CCN4CCC(c5nc6cc(Cl)ccc6[nH]5)CC4)c3c2)cc1,0.0,train,../data/images/hERG/3802.png
3803.0,CC(C)N(C(=O)c1ccccc1C(F)(F)F)[C@H]1CCNC1,0.0,train,../data/images/hERG/3803.png
3804.0,CC(=O)N(C)C1CCC([C@H](C(=O)N(C)C)[C@H](N)C(=O)N2CC[C@H](F)C2)CC1,0.0,train,../data/images/hERG/3804.png
3805.0,N#Cc1ccc(NC(=O)[C@H](CN2CC(O)C2)Oc2ncnc3c2cnn3-c2c(Cl)cccc2C#N)nc1,1.0,train,../data/images/hERG/3805.png
3806.0,O=C(c1ccccc1)N1CCC2(CC1)CCN(C(=O)N1CCCN(C3CCC3)CC1)C2,0.0,train,../data/images/hERG/3806.png
3807.0,C[C@@H](O)c1nc2cnc3[nH]ccc3c2n1[C@H]1CC[C@H](NCC(F)(F)F)CC1,0.0,train,../data/images/hERG/3807.png
3808.0,Cc1cccc2nc(C)n(-c3ccc(OC4CCN(C5CCC5)CC4)cc3)c(=O)c12,0.0,train,../data/images/hERG/3808.png
3809.0,COc1ccc(Nc2cc(NCCN)nnc2C(N)=O)nc1C(C)C,0.0,train,../data/images/hERG/3809.png
3810.0,O=C(CCN1CCCCC1)Nc1ccc(CN2CCC(NC(=O)c3cc(=O)c4ccc(F)cc4o3)CC2)cc1F,1.0,train,../data/images/hERG/3810.png
3811.0,O=C(NCc1ccccc1)N(c1ccc(Br)cc1)C1CCN(C2CCCC2)CC1,1.0,train,../data/images/hERG/3811.png
3812.0,CC(C)=CCn1c(N2CCCNCC2)c(C#N)c2c1c(=O)n(Cc1cn3ccccc3n1)c(=O)n2C,1.0,train,../data/images/hERG/3812.png
3813.0,CC1(C)C[C@@H](NC(=O)c2ccccc2O)c2cc(-c3ccc(Cl)cc3)c(-c3ccc(Cl)cc3Cl)nc2O1,0.0,train,../data/images/hERG/3813.png
3814.0,CC(C)(C)NC(=O)C1c2ccc(C#N)cc2C(=O)N1Cc1ccccc1-c1ccccc1,0.0,train,../data/images/hERG/3814.png
3815.0,Cc1cc(N2CCC(C3CCN(c4ncc(Cl)cn4)CC3)CC2)nc(C#N)n1,1.0,train,../data/images/hERG/3815.png
3816.0,O=C(O)c1cc(CN2CCN(c3ccc(Br)cc3)CC2)c2ccccn2c1=O,1.0,train,../data/images/hERG/3816.png
3817.0,Cc1noc(/C(=C/c2cccc(-c3cc(C(C)(C)S(C)(=O)=O)cc4cccnc34)c2)c2ccc(S(C)(=O)=O)cc2)n1,0.0,train,../data/images/hERG/3817.png
3818.0,COc1cc(-c2nc3n(n2)CCC[C@@H]3c2ccc(F)cc2C)ccc1-n1cnc(C)c1,1.0,train,../data/images/hERG/3818.png
3819.0,CN(C)C(=O)[C@@H](c1ccc(N(C)C(=O)c2ccc(F)cc2)cc1)[C@H](N)C(=O)N1CC[C@H](F)C1,0.0,train,../data/images/hERG/3819.png
3820.0,C[S+]([O-])Cc1ccc(C(=O)Nc2nccnc2C(=O)NCC2CCC2)c2ccccc12,0.0,train,../data/images/hERG/3820.png
3821.0,O=C(NCC(=O)N1CC[C@H](N[C@H]2CC[C@@](O)(c3ccccn3)CC2)C1)c1cccc(C(F)(F)F)c1,0.0,train,../data/images/hERG/3821.png
3822.0,CCCCc1ccc(S(=O)(=O)Nc2ccc3c(c2)CCN(Cc2cc[nH]n2)CC3)cc1,1.0,train,../data/images/hERG/3822.png
3823.0,O=C(Nc1ccc(S(=O)(=O)Nc2ccccc2C(=O)c2ccc(F)cn2)cc1)OCC1CCCO1,0.0,train,../data/images/hERG/3823.png
3824.0,O=C(O)CCNC1CC[C@]2(Cc3ccccc3Cc3ccccc32)C1,0.0,train,../data/images/hERG/3824.png
3825.0,CC#Cc1cncc(-c2cccc(C3(C4CC4)N=C(C)C(N)=N3)c2)c1,0.0,train,../data/images/hERG/3825.png
3826.0,Cc1ccc2c(-c3nnc(SCCCN4CCc5cc6nc(C(C)(C)C)oc6c(C)c5CC4)n3C)cccc2n1,1.0,train,../data/images/hERG/3826.png
3827.0,Cc1nnc(C2CCN(C(C)C[C@H](NC(=O)C3CCC3)c3ccccc3)CC2)o1,1.0,train,../data/images/hERG/3827.png
3828.0,CC(C)(C)c1cc(CNCC2CCN(CCCCCC(c3ccc(F)cc3)c3ccc(F)cc3)C2)cc(C(C)(C)C)c1,1.0,train,../data/images/hERG/3828.png
3829.0,CC(C)(C)c1cc(CNCC2CCN(CCCCCC(c3ccc(F)cc3)c3ccc(F)cc3)C2)cc(C(C)(C)C)c1O,1.0,train,../data/images/hERG/3829.png
3830.0,COc1ccc(CCN2C(=O)N(NS(=O)(=O)CF)C[C@@H]2c2ccc(OC)cc2)cc1,0.0,train,../data/images/hERG/3830.png
3831.0,NCc1cccc(C2CCN(C(=O)c3cc(C(N)=O)cc(-c4nc(-c5cccs5)no4)c3)CC2)c1,0.0,train,../data/images/hERG/3831.png
3832.0,O=C([C@@H]1C[C@H]1c1ccc(C(F)(F)F)cc1)N1CCN(S(=O)(=O)c2cc(CCO)cc(C(F)(F)F)c2)CC1,1.0,train,../data/images/hERG/3832.png
3833.0,CC(=O)c1cccc(-c2ccc([C@H]3CN(C)C[C@@H]3NS(=O)(=O)C(C)C)cc2)c1,1.0,train,../data/images/hERG/3833.png
3834.0,CNCc1cc(C(=O)N[C@@H]2CCc3ccc(Oc4ccnc5c4CCC(=O)N5)cc3C2)cc(C(F)(F)F)c1,1.0,train,../data/images/hERG/3834.png
3835.0,CSc1cc(Nc2cnc(C#N)c(O[C@H](C)CN(C)C)n2)ncc1-c1cnn(C)c1,1.0,train,../data/images/hERG/3835.png
3836.0,CNCC[C@@H](Oc1cc(Cl)ccc1C#N)c1ccccc1,1.0,train,../data/images/hERG/3836.png
3837.0,Cc1cc(CN2CCN(C(C)C)CC2)cnc1-c1ccc(C(=O)Nc2ccccc2N)cc1,0.0,train,../data/images/hERG/3837.png
3838.0,C[C@@H]1CCCN1CCc1ccc(-c2ccc(S(=O)(=O)N3CCCCC3)cc2)cc1,1.0,train,../data/images/hERG/3838.png
3839.0,OC(c1ccc(CN2CCC3(CC2)OCc2cc(F)ncc23)cc1)c1ccc(F)c(F)c1,1.0,train,../data/images/hERG/3839.png
3840.0,O=C1N(CC2CCCCN2)CCN1c1cccc(Cl)c1,1.0,train,../data/images/hERG/3840.png
3841.0,CCOC(=O)Nc1cccc([C@@H](c2ccc(C(=O)N(CC)CC)cc2)N2CCN(Cc3cscn3)CC2)c1,1.0,train,../data/images/hERG/3841.png
3842.0,CO/N=C(/c1ccc(CN2CCC3(CC2)OCc2cc(F)ncc23)cc1)c1ccc(F)c(F)c1,1.0,train,../data/images/hERG/3842.png
3843.0,CCN(CC)S(=O)(=O)Nc1ccc2ccc3ncc(-c4cnn(C)c4)cc3c(=O)c2c1,0.0,train,../data/images/hERG/3843.png
3844.0,C=CCOC[C@H]1CC[C@@H](N2CC(NC(=O)CNc3nn(C)c4ccc(C(F)(F)F)cc34)C2)CC1,1.0,train,../data/images/hERG/3844.png
3845.0,O=C(NC1CCN(Cc2ccn(-c3ccc(C(F)(F)F)cc3)c2)CC1)N1CCCC(CO)C1,1.0,train,../data/images/hERG/3845.png
3846.0,Cc1ccc(Cn2cnc(=O)c3cc(Oc4ncccc4C(F)(F)F)ccc32)cc1,0.0,train,../data/images/hERG/3846.png
3847.0,CN1Cc2ccccc2[C@@H](c2ccccc2)N=C1CCc1ccccc1,1.0,train,../data/images/hERG/3847.png
3848.0,Cc1cc(N2CC[C@H](N3CCC[C@@H]3C)C2)ccc1NC(=O)c1cc(F)ccc1C,1.0,train,../data/images/hERG/3848.png
3849.0,Oc1nc(-c2ccc(C(F)(F)F)cc2)nc2c1CSCC2,0.0,train,../data/images/hERG/3849.png
3850.0,Cc1ncoc1-c1nnc(SCCCN2CCc3nc4ccc(C(F)(F)F)cn4c3CC2)n1C,1.0,train,../data/images/hERG/3850.png
3851.0,CO[C@@]12CC[C@@]3(C[C@@H]1[C@](C)(O)C(C)(C)C)[C@H]1Cc4ccc(O)c5c4[C@@]3(CCN1CC1CC1)[C@H]2O5,1.0,train,../data/images/hERG/3851.png
3852.0,O=C(CNC(=O)c1cccc(C(F)(F)F)c1)N[C@@H]1CCN(CCC2CCN(C(=O)c3ccccc3Cl)CC2)C1,0.0,train,../data/images/hERG/3852.png
3853.0,Oc1noc2cc(Cl)ccc12,0.0,train,../data/images/hERG/3853.png
3854.0,CN1CCCc2cc(NC(=O)c3ccc(-c4ccc(Cl)cc4)o3)ccc21,1.0,train,../data/images/hERG/3854.png
3855.0,CC(C)(C)OC(=O)NC[C@H]1CC[C@H](CNC(=O)c2cc(N3CCC(CCN4CC(O)C4)CC3)nc3ccccc23)CC1,0.0,train,../data/images/hERG/3855.png
3856.0,O=C(NCc1ccc(OC(F)(F)F)cc1)C1c2ccccc2C(=O)N1CCc1ccccn1,1.0,train,../data/images/hERG/3856.png
3857.0,N#Cc1ccc(-c2ccc(C[C@@H](C#N)NC(=O)C3(N)CCOCC3)cc2)cc1,0.0,train,../data/images/hERG/3857.png
3858.0,COc1ccc(Cl)cc1C(=O)NCCc1ccc(S(=O)(=O)NC(=O)NC2CCCCC2)cc1,0.0,train,../data/images/hERG/3858.png
3859.0,O[C@H]1C[C@H](CN2CCC(c3ccccc3Cl)CC2)CCc2cccnc21,1.0,train,../data/images/hERG/3859.png
3860.0,C[C@@H]1NC(c2cc(C#N)ccn2)=NC1(c1ccc(F)cc1)c1ccc(F)cc1,1.0,train,../data/images/hERG/3860.png
3861.0,CCCSc1nc(N2CCC[C@@H](CC(=O)O)C2)ccc1C(=O)NC1CCCCC1,0.0,train,../data/images/hERG/3861.png
3862.0,CC[C@H]1OC(=O)[C@H](C)[C@@H](O[C@H]2C[C@@](C)(OC)[C@@H](O)[C@H](C)O2)[C@H](C)[C@@H](O[C@@H]2O[C@H](C)C[C@H](N(C)C)[C@H]2O)[C@](C)(O)C[C@@H](C)[C@H](N)[C@H](C)[C@@H](O)[C@]1(C)O,0.0,train,../data/images/hERG/3862.png
3863.0,N#C[C@@H]1C[C@H](F)CN1C(=O)C[C@H](N)Cc1cc(F)c(F)cc1F,0.0,train,../data/images/hERG/3863.png
3864.0,CN(C)S(=O)(=O)Nc1ccc2ccc3ncc(-c4cnn(C)c4)cc3c(=O)c2c1,0.0,train,../data/images/hERG/3864.png
3865.0,CC(C)(C)CCC1(C(=O)c2ccc3[nH]ncc3c2)CCCN1,0.0,train,../data/images/hERG/3865.png
3866.0,COc1ccc(NC(=O)c2ccc(C(=N)N(C)C)cc2F)c(C(=O)Nc2ccc(Cl)cn2)c1,1.0,train,../data/images/hERG/3866.png
3867.0,O=C(CNC(=O)c1cccc(C(F)(F)F)c1)N[C@@H]1CCN(CCC2CCN(C(=O)c3ccccc3F)CC2)C1,0.0,train,../data/images/hERG/3867.png
3868.0,CCN(C)c1cc(C(F)(F)F)cc(COCC2(c3ccc(F)cc3)CCN(C)CC2)n1,1.0,train,../data/images/hERG/3868.png
3869.0,COC1COCCC1N[C@@H]1C[C@H]2C[C@H](OC)C[C@@]2(C(=O)N2CCc3ncc(C(F)(F)F)cc3C2)C1,0.0,train,../data/images/hERG/3869.png
3870.0,CC(C)N1CCN[C@@H](C(=O)N2CCN(C(=O)Nc3ccc(Cl)c(Cl)c3)CC2)C1,0.0,train,../data/images/hERG/3870.png
3871.0,COc1ccc(C2(c3cccc(-c4cncnc4)c3)N=C(N)c3c(F)cccc32)cc1,1.0,train,../data/images/hERG/3871.png
3872.0,CN1CCC(Oc2ccc(-n3ccc(OCc4ccccc4)cc3=O)cc2)C1,0.0,train,../data/images/hERG/3872.png
3873.0,O=C(Nc1ccc(Cl)cn1)[C@H](CN1CC(O)C1)Oc1ncnc2c1cnn2-c1ncccc1Cl,0.0,train,../data/images/hERG/3873.png
3874.0,CNC(=O)c1c(NCC2CCC3(CCC3)CC2)nc(C#N)nc1OCC1CCN(C)CC1,1.0,train,../data/images/hERG/3874.png
3875.0,N[C@@H]1CCN(c2ccc(Cl)c(Cl)c2)c2ccccc21,1.0,train,../data/images/hERG/3875.png
3876.0,CC(C)OC(=O)C1=CN(C(=O)c2ccc(OCCCN3CCOCC3)cc2)CC(C)(C)c2c1[nH]c1cc(F)ccc21,0.0,train,../data/images/hERG/3876.png
3877.0,O=C(C1CC12CCN(C1CCCCC1)CC2)N1CCN(C2CCCCC2)CC1,0.0,train,../data/images/hERG/3877.png
3878.0,CS(=O)(=O)c1ccc(OCC[C@@H]2C[C@@H]2C2CCN(c3ncc(Cl)cn3)CC2)nc1,0.0,train,../data/images/hERG/3878.png
3879.0,CS(=O)(=O)Nc1ccc(OC[C@@H](O)CNCCc2ccc(Cl)c(Cl)c2)cc1,1.0,train,../data/images/hERG/3879.png
3880.0,Cc1ccccc1[C@H]1CCN(C[C@@H]2Cc3cccnc3[C@@H](O)C2)C[C@@H]1O,0.0,train,../data/images/hERG/3880.png
3881.0,COc1cc(-c2cn(CC(=O)Nc3ccc4c(c3)OC(F)(F)O4)nn2)ccc1-n1cnc(C)c1,0.0,train,../data/images/hERG/3881.png
3882.0,CO[C@H]1COCC[C@H]1N[C@@H]1C[C@H]2CCC[C@@]2(C(=O)N2CCc3ncc(C(F)(F)F)cc3C2)C1,0.0,train,../data/images/hERG/3882.png
3883.0,Cc1cc(Cl)ccc1OC1CCN(C[C@H](O)CNC(=O)c2c[nH]c(=O)c3ccc(S(C)(=O)=O)cc23)CC1,0.0,train,../data/images/hERG/3883.png
3884.0,Nc1ncnc2c1c(-c1cccc(OC[C@@H]3CCCO3)c1)cn2[C@H]1C[C@@H](CN2CCC2)C1,1.0,train,../data/images/hERG/3884.png
3885.0,Cc1ccc2c(-c3nnc(SCCN4CCc5ccc(-c6cc(C)nn6C)cc5CC4)n3C)cccc2n1,1.0,train,../data/images/hERG/3885.png
3886.0,COc1cccc(-c2nc(CCOc3cccc(C[C@@H]4C(=O)N(c5ccc(C(C)(C)C)cc5)[C@@H]4C(=O)O)c3)c(C)o2)c1,1.0,train,../data/images/hERG/3886.png
3887.0,CCOC(=O)c1ccc([C@@]2(c3cnn(C)c3)N[C@@H](c3nc(-c4ccc(F)cc4)c[nH]3)Cc3c2[nH]c2ccccc32)nc1,1.0,train,../data/images/hERG/3887.png
3888.0,NC(=O)c1cccc(O[C@@H]2C[C@H]3CC[C@@H](C2)N3C2CCCc3ccccc32)c1,1.0,train,../data/images/hERG/3888.png
3889.0,CC(C)(Cc1cccc(CC(=O)NCc2cccc(-c3ccc(O)cc3)c2)c1)NC[C@H](O)c1ccc(O)c(NS(C)(=O)=O)c1,0.0,train,../data/images/hERG/3889.png
3890.0,COc1ccc(Cn2c(N3CC[C@@H](N(C)C)C3)nc3ccccc32)cc1,1.0,train,../data/images/hERG/3890.png
3891.0,CC(C)(C)c1ccc2c(ccn2-c2ccc(F)cc2)c1,0.0,train,../data/images/hERG/3891.png
3892.0,COc1ccc2c(=O)n(C[C@@H](O)CO)c(C#N)c(-c3ccccc3)c2c1,0.0,train,../data/images/hERG/3892.png
3893.0,COc1cc(OC)cc(C(=O)NCC2(C#N)CCN(CCc3ccccc3)CC2)c1,1.0,train,../data/images/hERG/3893.png
3894.0,CN1CCC[C@H]1CCN1CCCc2cc(NC(=N)c3cccs3)ccc21,1.0,train,../data/images/hERG/3894.png
3895.0,Cc1ncc(-c2c(C)c(CNC3CCCC3)nn2-c2ncccc2Cl)cc1F,0.0,train,../data/images/hERG/3895.png
3896.0,CS(=O)(=O)N1Cc2cc(Cl)ccc2-n2c(nnc2C2CCN(c3ccccn3)CC2)C1,0.0,train,../data/images/hERG/3896.png
3897.0,CSc1ccccc1C(=O)N(c1ccccc1)[C@H]1CCNC1,0.0,train,../data/images/hERG/3897.png
3898.0,O=c1ccc(OCCCN2CCCCC2)nn1-c1ccc(Cl)cc1,1.0,train,../data/images/hERG/3898.png
3899.0,O=C(NC1CCN(Cc2ccn(-c3ccc(C(F)(F)F)cc3)c2)CC1)N1CCC(O)(Cc2ccccc2)CC1,1.0,train,../data/images/hERG/3899.png
3900.0,COc1ccc(CN2CCC(C#N)(CNC(=O)c3cc(OC)cc(OC)c3)CC2)cc1,1.0,train,../data/images/hERG/3900.png
3901.0,CCCC(=O)N1CCC(CN2CC[C@H](NC(=O)c3cc(Cl)c(N)cc3OC)[C@H](OC)C2)CC1,0.0,train,../data/images/hERG/3901.png
3902.0,Cc1nc(SCc2cc(N3CCOCC3)cc(NCC#N)n2)sc1C,0.0,train,../data/images/hERG/3902.png
3903.0,N#Cc1cc(-c2cnc3nc(N4CCC(N5CCCCC5)CC4)sc3c2)ccc1F,1.0,train,../data/images/hERG/3903.png
3904.0,O=C1CCc2c(Oc3ccc4c(c3)C[C@H](NC(=O)c3cc(-c5cn[nH]c5)cc(C(F)(F)F)c3)CC4)ccnc2N1,0.0,train,../data/images/hERG/3904.png
3905.0,N#Cc1ccc2cc1Oc1cc(Cl)cc(c1)CN1CC[C@@H](NCc3cncn3C2)C1=O,1.0,train,../data/images/hERG/3905.png
3906.0,O=C(CNc1nn(CCO)c2ccc(C(F)(F)F)cc12)NC1CN([C@H]2CC[C@@H](c3nccs3)CC2)C1,0.0,train,../data/images/hERG/3906.png
3907.0,Cc1nc(-c2nnc3n2CCN(C(=O)c2ccc(-c4cccs4)cc2)C3)cs1,0.0,train,../data/images/hERG/3907.png
3908.0,COc1cc2nnc(C(N)=O)c(Nc3ccc(C)cc3F)c2cc1N1CCS(=O)(=O)CC1,0.0,train,../data/images/hERG/3908.png
3909.0,O=C(NCc1ccc(C(F)(F)F)cc1)C1c2ccccc2C(=O)N1CCc1ccccn1,1.0,train,../data/images/hERG/3909.png
3910.0,COc1ccc2ncc(OC)c(CCC34CCC(NCc5ccc6c(n5)NC(=O)CO6)(CC3)CO4)c2n1,1.0,train,../data/images/hERG/3910.png
3911.0,O=C(Nc1ccc(-c2nnc(NCCCCN3CCOCC3)o2)c(F)c1)c1ccccc1F,0.0,train,../data/images/hERG/3911.png
3912.0,C[S+]([O-])c1ccc(-c2cnc3ccc(-c4cccc([S+](C)[O-])c4)nn23)cc1,0.0,train,../data/images/hERG/3912.png
3913.0,CN(C)c1nc2c(CCC34CCC(NCc5ccc6c(n5)NC(=O)CO6)(CC3)CO4)ccnc2cc1F,1.0,train,../data/images/hERG/3913.png
3914.0,COC1COCCC1N[C@@H]1C[C@H]2CCC[C@@]2(C(=O)N2CCc3ccc(Cl)cc3C2)C1,0.0,train,../data/images/hERG/3914.png
3915.0,Cc1cc(F)ccc1C1CCN(CC2Cc3ccccc3CN2)CC1,1.0,train,../data/images/hERG/3915.png
3916.0,CC(C)N1CCN(C(=O)c2ccc(CN3CCOCC3)cc2)CC1,0.0,train,../data/images/hERG/3916.png
3917.0,Cc1nc(-c2ccccc2)nc(OCCCN2CCCC2)c1Cl,1.0,train,../data/images/hERG/3917.png
3918.0,COc1cccc(N2CCC3CN(CCCSc4nnc(-c5cnccn5)n4C)CC32)c1,1.0,train,../data/images/hERG/3918.png
3919.0,CC(C)(CN)C(=O)N1CC(c2cc(F)ccc2F)=C[C@H]1c1ccccc1,1.0,train,../data/images/hERG/3919.png
3920.0,C[C@@H](O)c1nc2cnc3[nH]ccc3c2n1[C@H]1CC[C@H](C#N)CC1,0.0,train,../data/images/hERG/3920.png
3921.0,COC1COCCC1N[C@@H]1C[C@H]2CC(F)(F)C[C@@]2(C(=O)N2CCc3ncc(C(F)(F)F)cc3C2)C1,0.0,train,../data/images/hERG/3921.png
3922.0,O=S(=O)(c1cccc(-c2ccc3ncc(-c4ccc(-c5nnn[nH]5)cc4)n3n2)c1)C1CC1,0.0,train,../data/images/hERG/3922.png
3923.0,NC(=O)c1cccc(O[C@@H]2C[C@H]3CC[C@@H](C2)N3CCCc2ccccc2)c1,1.0,train,../data/images/hERG/3923.png
3924.0,O=C(OCC1CCN(CC2CCC(C(=O)O)C2)CC1)c1c2n(c3ccccc13)CCCO2,0.0,train,../data/images/hERG/3924.png
3925.0,C[C@H]1Cc2c(ncnc2Oc2ccc3c(ccn3C(=O)Nc3cc(C(C)(C)C)on3)c2)CN1,0.0,train,../data/images/hERG/3925.png
3926.0,N#Cc1ccc(-c2noc(-c3cc(F)cc(C#N)c3)n2)nc1,1.0,train,../data/images/hERG/3926.png
3927.0,CC1=C(c2ccc(OCCCN3CCCC3)cc2)Oc2ccccc2S1(=O)=O,1.0,train,../data/images/hERG/3927.png
3928.0,C[C@@H](C[C@@H](CS(=O)(=O)N1CCN(c2ccc(F)cc2)CC1)N(O)C=O)c1ncc(F)cn1,0.0,train,../data/images/hERG/3928.png
3929.0,CCN(CCO)C(=O)c1cc2ccccn2c1-c1cccc(OC)n1,0.0,train,../data/images/hERG/3929.png
3930.0,COc1cc(-c2cnc3nc(N4CCC(N5CCCCC5)CC4)sc3c2)ccn1,1.0,train,../data/images/hERG/3930.png
3931.0,Cc1ncc(N2CCC(CN3CCC(Oc4ccc(CO)c(Cl)c4)CC3)CC2)cc1C(=O)O,0.0,train,../data/images/hERG/3931.png
3932.0,Cc1c2cc(-n3ccc(OCc4csc(C(F)(F)F)c4)cc3=O)ccc2nn1C1CC1,0.0,train,../data/images/hERG/3932.png
3933.0,Cc1ccc2c(-c3nnc(SCCCN4CCc5cc6c(cc5CC4)N(C)C(=O)CO6)n3C)cccc2n1,1.0,train,../data/images/hERG/3933.png
3934.0,Cn1c(SCCCN2CC3CCN(c4ccc(C(F)(F)F)cc4)C3C2)nnc1-c1cccnn1,1.0,train,../data/images/hERG/3934.png
3935.0,COCc1nc2cc3c(cc2o1)CCN(CCCSc1nnc(-c2cccc4nc(C)ccc24)n1C)CC3,0.0,train,../data/images/hERG/3935.png
3936.0,O=C(CN1CCN(Cc2ccn(-c3ccc(C(F)(F)F)cn3)c2)CC1)NC(c1ccc(F)cc1)c1ccc(F)cc1,1.0,train,../data/images/hERG/3936.png
3937.0,COCc1cnc(N2CCC([C@H]3C[C@H]3COCc3ccc(S(C)(=O)=O)cc3F)CC2)nc1,0.0,train,../data/images/hERG/3937.png
3938.0,CCCN(c1cccnc1)P(=O)(c1ccccc1)c1ccccc1,0.0,train,../data/images/hERG/3938.png
3939.0,COc1cc(N2Cc3ccc(Sc4ccc(F)cc4)nc3C2=O)ccc1OCCN1CCCC1,0.0,train,../data/images/hERG/3939.png
3940.0,COCCN1CCC[C@@H]1Cn1nc(Cc2ccc(Cl)cc2)c2cccnc2c1=O,1.0,train,../data/images/hERG/3940.png
3941.0,CC(C)N1CCCN(C(=O)C2CC3(CCN(C(=O)c4ccccc4)CC3)C2)CC1,0.0,train,../data/images/hERG/3941.png
3942.0,OC(c1cccnc1)(c1cccnc1)C(c1ccccc1)N1CCC1,0.0,train,../data/images/hERG/3942.png
3943.0,COc1ccccc1Oc1ccccc1CN1CCC2(CC1)CCN(C(=O)c1cc[n+]([O-])cc1)CC2,1.0,train,../data/images/hERG/3943.png
3944.0,COC1(c2ccc(NC(=O)c3cc(=O)c4cc(F)cc(-c5c(C)nn(C)c5C)c4o3)cn2)CCOCC1,0.0,train,../data/images/hERG/3944.png
3945.0,Cc1coc([C@H]2C[C@H]3[C@@H](CF)SC(N)=N[C@@]3(c3ccc(F)cc3F)CO2)n1,0.0,train,../data/images/hERG/3945.png
3946.0,N#Cc1ccc(Cn2cncc2CN[C@H]2CCN(C(=O)c3cccnc3S)C2=O)cc1,0.0,train,../data/images/hERG/3946.png
3947.0,CN1CCN(CCN2CCN(c3cccc(Cl)c3)C2=O)CC1,1.0,train,../data/images/hERG/3947.png
3948.0,CCOC(=O)Nc1ccc([C@@H](c2ccc(C(=O)N(CC)CC)cc2)N2CCN(Cc3cscn3)CC2)cc1,1.0,train,../data/images/hERG/3948.png
3949.0,Cc1ncoc1-c1ccc(CC(=O)N[C@H](C)c2ccc(OCC(F)(F)F)cn2)cc1,0.0,train,../data/images/hERG/3949.png
3950.0,Clc1cccc(CN(CC2CNC2)c2ccccc2)c1Cl,1.0,train,../data/images/hERG/3950.png
3951.0,CC(C)(C)CCN1CCC(CNC(=O)c2cccc(Cl)c2)CC1,1.0,train,../data/images/hERG/3951.png
3952.0,O=C(CC1CCN(Cc2ccn(-c3ccc(C(F)(F)F)cc3)c2)CC1)NC(c1ccc(F)cc1)c1cccnc1,1.0,train,../data/images/hERG/3952.png
3953.0,CNc1nc(NCCCN(C)C)c2sc(-c3ccc4nonc4c3)cc2n1,1.0,train,../data/images/hERG/3953.png
3954.0,C[C@@H](CO)Oc1cc(Oc2ccc(C(=O)N(C)C)cc2)cc(C(=O)Nc2ccn(C)n2)c1,0.0,train,../data/images/hERG/3954.png
3955.0,CC(C)(C)NC(=O)NCCN1CCC(NC(=O)c2cc(Cl)cc(Cl)c2)C1,1.0,train,../data/images/hERG/3955.png
3956.0,O=C(Nc1cccc(N2CCN(CCCCNS(=O)(=O)CC3CCCCC3)CC2)c1)C1CC1,1.0,train,../data/images/hERG/3956.png
3957.0,Cc1nc(N2CCC(N3CCCC3=O)CC2)nc2ccc(NC(=O)COc3ccc(OC(F)(F)F)cc3)cc12,1.0,train,../data/images/hERG/3957.png
3958.0,CNC(=O)c1cc(Oc2ccc3nc(NC(=O)Nc4ccc(Cl)c(C(F)(F)F)c4)sc3c2)ccn1,0.0,train,../data/images/hERG/3958.png
3959.0,CSc1nn2c3c(c(C)nc2c1S(=O)(=O)c1ccccc1)CCCC3,1.0,train,../data/images/hERG/3959.png
3960.0,CCOc1ccc(CCN2C(=O)N(NS(C)(=O)=O)C[C@@H]2c2ccc(OC)cc2)cc1,0.0,train,../data/images/hERG/3960.png
3961.0,O=C(c1nnc(-c2ccc(OC(F)F)cc2)o1)N1CCC(Oc2ccc(CN3CCCC3)cc2)CC1,1.0,train,../data/images/hERG/3961.png
3962.0,Clc1ccc([C@H]2CC=CCNC2)cc1Cl,0.0,train,../data/images/hERG/3962.png
3963.0,N#Cc1ccc2ccc(=O)n(CCN3CC[C@@H](NCc4cc5c(cn4)OCCO5)[C@@H](F)C3)c2c1,0.0,train,../data/images/hERG/3963.png
3964.0,COc1ccc(-c2csc(N)c2C(=O)OC(C)C)cc1OC,0.0,train,../data/images/hERG/3964.png
3965.0,Cc1cc(Cl)ccc1OC1CCN(C[C@H](O)CNC(=O)c2c[nH]c(=O)c3c(F)cccc23)CC1,0.0,train,../data/images/hERG/3965.png
3966.0,NC1(C(=O)NC(CO)c2ccc(Cl)cc2)CCN(c2ncnc3[nH]ccc23)CC1,0.0,train,../data/images/hERG/3966.png
3967.0,CCNC(=O)c1ccc(-c2ccc3c(c2)CCN(CCN2CCC[C@H]2C)C3=O)cc1,1.0,train,../data/images/hERG/3967.png
3968.0,CC(C)(CO)NC(=O)c1nn(-c2ccc(F)cc2F)c2c1C[C@H]1C[C@@H]21,0.0,train,../data/images/hERG/3968.png
3969.0,COc1cccc2nc(C#Cc3cccnc3)ccc12,0.0,train,../data/images/hERG/3969.png
3970.0,CN(C)C(=O)C(N)c1ccc(C(=O)Nc2cc(-c3cccs3)ccc2N)cc1,1.0,train,../data/images/hERG/3970.png
3971.0,CC1N=CN=C1CN1CCc2c(c3ccccc3n2C)C1=O,1.0,train,../data/images/hERG/3971.png
3972.0,CCC[C@@H]1C[C@H](N(C)C(C)C)CC[C@@H]1N1CC[C@H](NC(=O)c2cc(C(F)(F)F)ccc2NC(=O)NCC)C1=O,0.0,train,../data/images/hERG/3972.png
3973.0,O=C(O)C1CN(C2CCC3(Cc4ccccc4Oc4ccccc43)C2)C1,0.0,train,../data/images/hERG/3973.png
3974.0,O=C1N(CCN2Cc3ccccc3C2)CCN1Cc1cccc(Cl)c1,1.0,train,../data/images/hERG/3974.png
3975.0,CC(=O)C1=NN2c3cc(F)ccc3OC[C@H]2[C@@]1(CCCN1CCNC(=O)CC1)c1ccccc1,0.0,train,../data/images/hERG/3975.png
3976.0,N#Cc1ccccc1Cn1c(N2CCC[C@@H](N)C2)nc2c(Br)c[nH]c2c1=O,0.0,train,../data/images/hERG/3976.png
3977.0,CCCCC(NC(=O)CC1CCN(Cc2ccn(-c3ccc(C(F)(F)F)cc3)c2)CC1)c1ccc(OC)nc1,1.0,train,../data/images/hERG/3977.png
3978.0,CN1CCN(CCCN(C(=O)Nc2ccc(F)c(C(F)(F)F)c2)[C@@H]2CC[C@]3(c4ccc(C#N)cc4)C[C@H]23)CC1,1.0,train,../data/images/hERG/3978.png
3979.0,CC(=O)NCCc1ccccc1-c1ccc([C@@H](CN)Cc2ccc(OCCOc3c(Cl)cc(C)cc3Cl)cc2)c(C)c1,1.0,train,../data/images/hERG/3979.png
3980.0,COc1ccc2c(c1)[C@@H]1C[C@]1(C(=O)N1C3CCC1CN(C)C3)Cn1c-2c(C2CCCCC2)c2ccc(C(=O)NS(=O)(=O)C(C)C)cc21,0.0,train,../data/images/hERG/3980.png
3981.0,Cc1ccc2c(-c3nnc(SCCCCN4CCc5cc6nc(C)oc6c(C)c5CC4)n3C)cccc2n1,1.0,train,../data/images/hERG/3981.png
3982.0,Nc1nc(NC2CCOCC2)c2sc(-c3ccc(C(F)(F)F)cc3)cc2n1,1.0,train,../data/images/hERG/3982.png
3983.0,O=C(Nc1ccc(F)cn1)[C@H](COCCO)Oc1ncnc2c1cnn2-c1ccccc1Cl,0.0,train,../data/images/hERG/3983.png
3984.0,Nc1ncnc2c1c(-c1cccc(OCC34CCC(CC3)O4)c1)cn2[C@H]1C[C@@H](CN2CC[S+]([O-])CC2)C1,0.0,train,../data/images/hERG/3984.png
3985.0,C[n+]1c(C#Cc2cccc(Cl)c2)cccc1C#Cc1cccc(Cl)c1,1.0,train,../data/images/hERG/3985.png
3986.0,COc1cc(N2CCN(C(C)=O)CC2)ccc1Nc1ncc(Cl)c(-c2cnn3ccccc23)n1,0.0,train,../data/images/hERG/3986.png
3987.0,O=C(CCCCCCC(=O)Nc1ccc2ccnc(Nc3cccc(Cl)c3F)c2c1)NO,0.0,train,../data/images/hERG/3987.png
3988.0,O=C(/C=C/c1ccc2c(c1)CN(S(=O)(=O)Cc1ccccc1)C2)NO,0.0,train,../data/images/hERG/3988.png
3989.0,Cc1ccc2c(c1)CC(CCN(C)C)=C2Cc1cnccn1,1.0,train,../data/images/hERG/3989.png
3990.0,COc1cc(-c2cn(Cc3cccc4cccnc34)nn2)ccc1-n1cnc(C)c1,1.0,train,../data/images/hERG/3990.png
3991.0,Nc1ccccc1NC(=O)c1ccc(-c2ncc(CN3CCC3)cc2F)cc1,0.0,train,../data/images/hERG/3991.png
3992.0,Cc1cc2ncc(C(=O)NCC(C)(C)NCC(=O)N3CCC[C@H]3C#N)cn2n1,0.0,train,../data/images/hERG/3992.png
3993.0,CC(C)[C@]1(C(=O)NCc2cc(C(F)(F)F)cc(C(F)(F)F)c2)CC[C@@H](N2CCC(c3cccnc3)CC2)C1,1.0,train,../data/images/hERG/3993.png
3994.0,COCCCOc1cc(C(=O)N(C[C@@H]2CNC[C@H]2OC(=O)NCc2ccccc2)C(C)C)ccc1OC,0.0,train,../data/images/hERG/3994.png
3995.0,COc1ccc(C2(c3cccc(-c4cncnc4)c3)N=C(N)C(C(C)C)=N2)cc1,0.0,train,../data/images/hERG/3995.png
3996.0,Cc1ccc(NC(=O)NS(=O)(=O)c2ccc(OCCCN3CCCCC3)cc2)cc1,0.0,train,../data/images/hERG/3996.png
3997.0,Clc1ccc(C2CC=CCNC2)cc1,0.0,train,../data/images/hERG/3997.png
3998.0,Cc1c(C2CC2)nc2ccc(-n3ccc(OCc4ccc(Cl)cc4)cc3=O)cn12,0.0,train,../data/images/hERG/3998.png
3999.0,C[C@@H]1CN(CC2(c3ccc(C(N)=O)cc3)CC2)CCN1S(=O)(=O)c1ccc(C(C)(O)C(F)(F)F)cc1,1.0,train,../data/images/hERG/3999.png
4000.0,CCOC(=O)Nc1ccccc1[C@@H](c1ccc(C(=O)N(CC)CC)cc1)N1CCN(Cc2ccccn2)CC1,1.0,train,../data/images/hERG/4000.png
4001.0,COCC1CCCN1S(=O)(=O)c1ccc(-c2ccc(CCN3CCC[C@H]3C)cc2)cc1,1.0,train,../data/images/hERG/4001.png
4002.0,Brc1cncc(COCC2(c3ccccc3)CCNCC2)c1,0.0,train,../data/images/hERG/4002.png
4003.0,COc1cc(-c2nc3n(n2)CCC[C@H]3c2ccc(F)cc2C)ccc1-n1cnc(C)c1,1.0,train,../data/images/hERG/4003.png
4004.0,COc1ccc(NC(=O)/C=C/CN(C)C)cc1Nc1ncc(Cl)c(-c2cnn3ccccc23)n1,1.0,train,../data/images/hERG/4004.png
4005.0,COc1ccc2nccc(CCC34CCC(NCc5ccc6c(n5)NC(=O)CO6)(CC3)CO4)c2n1,1.0,train,../data/images/hERG/4005.png
4006.0,O=C1N(CCN2C[C@H]3CC[C@H](CC3)C2)CCN1c1cccc(Cl)c1,1.0,train,../data/images/hERG/4006.png
4007.0,CN[C@@H](C)C(=O)N[C@@H]1C(=O)N(Cc2c(C)ccc3ccccc23)c2ccc(C#N)cc2N(C(C)=O)[C@H]1C,0.0,train,../data/images/hERG/4007.png
4008.0,O=C(CNC(=O)c1cccc(C(F)(F)F)c1)NC1CN([C@H]2CC[C@H](c3ccc4[nH]cnc4c3)CC2)C1,1.0,train,../data/images/hERG/4008.png
4009.0,CCCOc1sc(C(=O)N2CCC(c3cccc(CN)c3)CC2)c(C)c1Br,1.0,train,../data/images/hERG/4009.png
4010.0,CCNC(=O)N1CC2(CCN(CC3CCN(C(=O)OCC)CC3)CC2)c2cccnc21,1.0,train,../data/images/hERG/4010.png
4011.0,Fc1ccc2c(C3CCN(CCCOc4ccc(-c5nc6ccccc6o5)cc4)CC3)noc2c1,1.0,train,../data/images/hERG/4011.png
4012.0,Cc1cc(C(=O)N[C@H]2CC[C@@H](NC(=O)c3cc(F)cnc3Oc3cccc(-c4ccc(O)cc4CN4CCOCC4)c3)CC2)nn1C,0.0,train,../data/images/hERG/4012.png
4013.0,O=C(c1nc(-c2ccccc2)no1)N1CCC(Oc2ccc(CN3CCCC3)cc2)CC1,1.0,train,../data/images/hERG/4013.png
4014.0,Cc1ncc(OC[C@@]2(c3cccc(F)c3)C[C@H]2C(=O)Nc2ccc(F)cn2)c(C)n1,1.0,train,../data/images/hERG/4014.png
4015.0,COc1cccc(C(=O)N2CCCC2)c1OCc1csc(-c2ccc(Cl)cc2)n1,1.0,train,../data/images/hERG/4015.png
4016.0,COc1ccc(N2CCC3CN(CCCSc4nnc(-c5cnccn5)n4C)CC32)cc1,1.0,train,../data/images/hERG/4016.png
4017.0,C[C@@H](N[C@@H]1CC[C@@H](C(=O)N2CCC(C(=O)N3CCCC3)(c3ccccc3)CC2)C(C)(C)C1)c1ccc(Cl)cc1,1.0,train,../data/images/hERG/4017.png
4018.0,COc1ccc2c(c1)N(CCN1CCC(NCc3cc4c(cn3)OCCO4)CC1)C(=O)CS2,1.0,train,../data/images/hERG/4018.png
4019.0,Cc1ccc(-c2ncn(-c3ccc(Nc4nccc(-c5cccc(N6CCOCC6)c5)n4)cc3)n2)cn1,0.0,train,../data/images/hERG/4019.png
4020.0,CC(C)(O)c1ccc(-c2cccc(-n3cc(C(=O)NC4CC4)c(=O)c4cccnc43)c2)cn1,0.0,train,../data/images/hERG/4020.png
4021.0,Cc1ccccc1-c1nc2cn(-c3ccc(Cl)cc3)nc2c(=O)n1CC1CCCN(C(C)C)C1,1.0,train,../data/images/hERG/4021.png
4022.0,CC(C(O)c1ccc2c(c1)CCC(=O)N2)N1CCC(O)(c2cccc(F)c2)CC1,1.0,train,../data/images/hERG/4022.png
4023.0,NC(=O)c1ccc(O[C@H]2C[C@H]3CC[C@@H](C2)N3Cc2ccccc2)cc1,1.0,train,../data/images/hERG/4023.png
4024.0,N#CC1(NC(=O)[C@@H]2CCCC[C@H]2C(=O)N2CCN(c3nc4c(s3)COCC4)CC2)CC1,0.0,train,../data/images/hERG/4024.png
4025.0,C[C@@H](N[C@@H]1CC[C@@H](C(=O)N2CCC(C(=O)N3CCCC3)(c3ccccc3)CC2)C(C)(C)C1)c1ccccc1,0.0,train,../data/images/hERG/4025.png
4026.0,FC(F)(F)Oc1ccccc1CC(c1ccccc1)N1CCNCC1,0.0,train,../data/images/hERG/4026.png
4027.0,COc1c(C(C)(C)C)cc(C(=O)N2CCN(C(=O)CCCCC(c3ccc(F)cc3)c3ccc(F)cc3)[C@@H](C)C2)cc1C(C)(C)C,1.0,train,../data/images/hERG/4027.png
4028.0,N#Cc1ccc(Cn2cncc2CN[C@H]2CCN(c3ccncc3)C2=O)cc1,1.0,train,../data/images/hERG/4028.png
4029.0,COc1ccccc1Oc1ccccc1CN1CCC2(CC1)CCN(C(=O)c1ccc[nH]c1=O)CC2,0.0,train,../data/images/hERG/4029.png
4030.0,CN1CCN(Cc2ccc(-c3cnc4[nH]cc(-c5ccc6[nH]ccc6c5)c4c3)cc2)CC1,0.0,train,../data/images/hERG/4030.png
4031.0,O=C(NCC(=O)N1CC[C@H](N[C@H]2CC[C@@](O)(c3ccc(-c4ncccn4)cn3)CC2)C1)c1cccc(C(F)(F)F)c1,0.0,train,../data/images/hERG/4031.png
4032.0,O=P(NCc1ccccc1-c1cccnc1)(c1ccccc1)c1ccccc1,0.0,train,../data/images/hERG/4032.png
4033.0,CNCc1cc(Cl)ccc1Oc1ccc(Cl)cc1,1.0,train,../data/images/hERG/4033.png
4034.0,Clc1cc(COCC2(c3ccccc3)CCNCC2)cc(Cl)n1,0.0,train,../data/images/hERG/4034.png
4035.0,O=C1COc2ccccc2N1CCCN1CCC(n2c(=O)[nH]c3c(F)cccc32)CC1,1.0,train,../data/images/hERG/4035.png
4036.0,Cc1ccc2c(-c3nnc(SCCCN4CCc5cc6nc(C(C)(C)C)oc6cc5CC4)n3C)cccc2n1,1.0,train,../data/images/hERG/4036.png
4037.0,Cc1nc([C@@]2(c3cnn(C)c3)N[C@@H](c3nc(-c4ccc(F)cn4)c[nH]3)Cc3c2[nH]c2ccccc32)no1,1.0,train,../data/images/hERG/4037.png
4038.0,COc1ccc2ncc(F)c(C[C@H](O)C3CCC(NCc4nc5c(cc4F)OCC(=O)N5)CO3)c2n1,1.0,train,../data/images/hERG/4038.png
4039.0,Cc1cc(-c2ccc3c(c2)CCN(CCCSc2nnc(-c4ccncc4)n2C)CC3)no1,1.0,train,../data/images/hERG/4039.png
4040.0,CCCOCCn1c(=O)c(N2CCN(C[C@@H](C)O)CC2)nc2cnc(-c3ccc(OC)nc3)cc21,1.0,train,../data/images/hERG/4040.png
4041.0,CNC(=O)[C@@]12C[C@@H]1[C@@H](n1cnc3c(NCc4cccc(Cl)c4)nc(C#Cc4ccc(F)c(F)c4)nc31)[C@H](O)[C@@H]2O,0.0,train,../data/images/hERG/4041.png
4042.0,Cc1nsc(-c2nnc3n2CCN(C(=O)c2ccc(-c4cccs4)cc2)[C@@H]3C)n1,1.0,train,../data/images/hERG/4042.png
4043.0,NC(=O)Nc1ccc(F)cc1OC[C@@H](O)CN1CCC2(CC1)Cc1cc(Cl)ccc1O2,1.0,train,../data/images/hERG/4043.png
4044.0,CS(=O)(=O)Nc1ccc(OC[C@@H](O)CN(CCc2ccc(Cl)c(Cl)c2)Cc2ccccc2)cc1,1.0,train,../data/images/hERG/4044.png
4045.0,Cc1ccn2c3c(nc2c1)CCN(CCCSc1nnc(-c2cccc4nc(C)ccc24)n1C)CC3,1.0,train,../data/images/hERG/4045.png
4046.0,Cc1nc(Nc2cc(N[C@@H]3CCCC[C@@H]3N)nnc2C(N)=O)ccc1Cl,1.0,train,../data/images/hERG/4046.png
4047.0,Cc1cc(=O)oc2c(Cl)c(OCCCCN3CCC(c4noc5cc(F)ccc45)CC3)ccc12,1.0,train,../data/images/hERG/4047.png
4048.0,N#Cc1ccc(NC(=O)[C@H](CN2CC(O)C2)Oc2ncnc3c2cnn3-c2c(Cl)cccc2Cl)nc1,1.0,train,../data/images/hERG/4048.png
4049.0,CC1=NC(C)(c2cccc(-c3cccnc3)c2)N=C1N,0.0,train,../data/images/hERG/4049.png
4050.0,CN(C)CCCN1c2ccccc2Sc2ccc(Cl)cc21,1.0,train,../data/images/hERG/4050.png
4051.0,C[C@@H](c1ncccc1F)c1c(CCN(C)C)sc2ccccc12,1.0,train,../data/images/hERG/4051.png
4052.0,Cc1ncoc1-c1nnc(SCCCN2CC3CCN(c4ccc(C(F)(F)F)cc4F)C3C2)n1C,0.0,train,../data/images/hERG/4052.png
4053.0,CCN(CC)C(=O)c1ccc(C(=C2CCN(Cc3ccc(F)cc3)CC2)c2cccc(NC(=O)OC)c2)cc1,1.0,train,../data/images/hERG/4053.png
4054.0,CCn1cc([C@@]2(c3nn(CC4CC4)c(=O)o3)N[C@@H](c3nc(-c4ccc(F)cn4)c[nH]3)Cc3c2[nH]c2ccccc32)cn1,1.0,train,../data/images/hERG/4054.png
4055.0,Cc1c[nH]c2c(Nc3nc(N[C@@H]4CCOC[C@@H]4N)cc4nc[nH]c(=O)c34)cccc12,0.0,train,../data/images/hERG/4055.png
4056.0,COc1ccc2nccc(C3CN(C4CCN(Cc5ccc(C)c(C)c5)CC4)C(=O)O3)c2c1,1.0,train,../data/images/hERG/4056.png
4057.0,COc1cc(N2C(=O)N(Cc3c(F)cc(F)cc3F)c3ncccc3S2(=O)=O)cnc1OC,0.0,train,../data/images/hERG/4057.png
4058.0,CNC(C)c1cc(F)ccc1Oc1ccc(Cl)c(Cl)c1,1.0,train,../data/images/hERG/4058.png
4059.0,CNC(=O)c1nc(-c2ccc(Cl)c(S(=O)(=O)Nc3cccc(F)c3F)c2)cnc1N,0.0,train,../data/images/hERG/4059.png
4060.0,N[C@H]1C[C@@H](N2Cc3cnc(C4CC4)nc3C2)CO[C@@H]1c1cc(F)c(F)cc1F,0.0,train,../data/images/hERG/4060.png
4061.0,CC(=O)c1ccc(-c2cccc(-n3cc(C(=O)NC(C)C)c(=O)c4cccnc43)c2)cc1,1.0,train,../data/images/hERG/4061.png
4062.0,CNc1cc(Nc2cnc(C#N)c(O[C@H]3CCN(C)C3)n2)ncc1-c1cnn(C)c1,0.0,train,../data/images/hERG/4062.png
4063.0,CCC(NCCCC[C@@H](Cc1cc(C)c(F)c(C)c1)C(=O)NO)c1ccc(F)cc1,0.0,train,../data/images/hERG/4063.png
4064.0,Cc1ccc2c(-c3nnc(SCCC(C)N4CCc5cc6nc(C(F)(F)F)oc6c(Br)c5CC4)n3C)cccc2n1,1.0,train,../data/images/hERG/4064.png
4065.0,Nc1nc2cc3c(cc2s1)CCN(Cc1ncon1)CC3,0.0,train,../data/images/hERG/4065.png
4066.0,c1cc(-c2cnc3c(c2)C[C@@]2(CN4CCC2CC4)O3)co1,1.0,train,../data/images/hERG/4066.png
4067.0,O=C(Nc1ccccc1)Nc1n[nH]c2cc(Cl)c(-c3ccccc3)cc12,0.0,train,../data/images/hERG/4067.png
4068.0,CC(C)S(=O)(=O)N[C@@H]1COC[C@@H]1c1ccc(-c2ccsc2)cc1,0.0,train,../data/images/hERG/4068.png
4069.0,CC(=O)N1CC2CC1CN2CCOc1ccc(Oc2nc3ncccc3s2)cc1,0.0,train,../data/images/hERG/4069.png
4070.0,O=C1OCc2c1cccc2-c1ccc(CCN2CCN(CCc3ccc([N+](=O)[O-])cc3)CC2)cc1,1.0,train,../data/images/hERG/4070.png
4071.0,Cc1onc(-c2ccc(Cl)cc2)c1-c1ccc2cc(CCN3CCC[C@H]3C)ccc2n1,1.0,train,../data/images/hERG/4071.png
4072.0,O=C(O)CCNC(=O)c1ccc(Cn2nc(-c3cc(Cl)cc(Cl)c3)cc2-c2ccc(OC(F)(F)F)cc2)cc1,1.0,train,../data/images/hERG/4072.png
4073.0,CNC(=O)c1ncn2c1COc1c(CCN3CCN(c4cccc5nc(C)ccc45)CC3)cccc1-2,1.0,train,../data/images/hERG/4073.png
4074.0,O=C(/C=C/c1ccc2c(c1)CN(C(=O)C1CC1)C2)NO,0.0,train,../data/images/hERG/4074.png
4075.0,CCN(CC)C(=O)c1ccc([C@H](c2cccc(NC(=O)OC)c2)N2CCN(Cc3cncs3)CC2)cc1,0.0,train,../data/images/hERG/4075.png
4076.0,Cn1ccc(CN2CCc3cc4nc(N)sc4cc3CC2)n1,0.0,train,../data/images/hERG/4076.png
4077.0,COc1ccc([C@]2(O)CC[C@H](N3CC(NC(=O)CNc4n[nH]c5ccc(C(F)(F)F)cc45)C3)CC2)cn1,0.0,train,../data/images/hERG/4077.png
4078.0,O=C(O)C1=CCCN(C2CC[C@]3(Cc4ccccc4Cc4ccccc43)C2)C1,0.0,train,../data/images/hERG/4078.png
4079.0,O=c1cc(OCc2ccccc2)ccn1-c1ccc(OCCN2CCCC2)cc1,1.0,train,../data/images/hERG/4079.png
4080.0,COc1ccc(CCN2C(=O)N(NS(C)(=O)=O)CC2c2ccc(C3CC3)cc2)cc1,1.0,train,../data/images/hERG/4080.png
4081.0,CCC1(c2ccccc2)C(=O)NC(=O)NC1=O,0.0,train,../data/images/hERG/4081.png
4082.0,CS(=O)c1cccc(-c2ccc3ncc(-c4ccc(S(C)(=O)=O)cc4)n3n2)c1,1.0,train,../data/images/hERG/4082.png
4083.0,CCOC(=O)N1CCC(CN2CCC3(CC2)CN(C(N)=O)c2ncccc23)CC1,1.0,train,../data/images/hERG/4083.png
4084.0,O=C(Nc1ccc(C(F)(F)F)cc1)NS(=O)(=O)c1ccc(OCCCCN2CCCC2)cc1,0.0,train,../data/images/hERG/4084.png
4085.0,C[C@@H]1CN(CC2(C(N)=O)CC2)CCN1S(=O)(=O)c1ccc([C@](C)(O)C(F)(F)F)cc1,0.0,train,../data/images/hERG/4085.png
4086.0,Cc1cc(SCCN2CCOCC2)nn1-c1ccc(Cl)c(Cl)c1,0.0,train,../data/images/hERG/4086.png
4087.0,CC(C)(N)c1cc(C(=O)N[C@@H]2CCc3ccc(Oc4ccnc5c4CCC(=O)N5)cc3C2)cc(C(F)(F)F)c1,1.0,train,../data/images/hERG/4087.png
4088.0,O=C(O)c1ccccc1N1CCC(CN2CCC(Oc3ccc(CO)c(Cl)c3)CC2)CC1,0.0,train,../data/images/hERG/4088.png
4089.0,Cc1cc(Nc2cncc(N[C@@H](C)c3ncc(F)cn3)n2)n[nH]1,0.0,train,../data/images/hERG/4089.png
4090.0,Nc1ccc(-c2cccs2)cc1NC(=O)c1ccc(N2CCC3(CC2)CNC(=O)O3)nc1,0.0,train,../data/images/hERG/4090.png
4091.0,Cc1cccc(N/C(=N/C#N)c2ccc(-c3ccc(Cl)cc3)o2)c1,0.0,train,../data/images/hERG/4091.png
4092.0,O=C(NCCCCN1CCCCC1)Nc1ccc(-c2ccc(F)cc2)nc1,1.0,train,../data/images/hERG/4092.png
4093.0,O=C([C@@H]1C[C@H]1c1ccc(C(F)(F)F)cc1)N1CCN(S(=O)(=O)c2cc(-c3cn[nH]n3)cc(C(F)(F)F)c2)CC1,1.0,train,../data/images/hERG/4093.png
4094.0,CCO[C@H]1CN([C@H]2CC[C@@](O)(c3ccc4c(c3)OCO4)CC2)C[C@@H]1NC(=O)CNC(=O)c1cccc(C(F)(F)F)c1,0.0,train,../data/images/hERG/4094.png
4095.0,COc1cc(-c2cn(C3CCc4ncccc4N(CC(F)(F)F)C3=O)nn2)ccc1-n1cnc(C)c1,0.0,train,../data/images/hERG/4095.png
4096.0,CS(=O)(=O)Nc1ccc(-c2ccc3[nH]nc(-c4cncc(O[C@H]5CNCCC56CC6)n4)c3c2)c(F)c1,1.0,train,../data/images/hERG/4096.png
4097.0,c1cnc2nc(Oc3ccc(CN4CCCCC4)cc3)sc2c1,0.0,train,../data/images/hERG/4097.png
4098.0,Cc1cccc2c(=O)n(C)c(-c3ccc(OC4CCN(C5CCC5)CC4)cc3)nc12,1.0,train,../data/images/hERG/4098.png
4099.0,O=C1CCc2c(Oc3ccc4c(c3)C[C@H](NC(=O)c3cc(C(F)(F)F)cc(C5(O)CNC5)c3)CC4)ccnc2N1,1.0,train,../data/images/hERG/4099.png
4100.0,N[C@H]1COC[C@@H]1Oc1ccc2ncc(F)c(CCC34CCC(NCc5ccc6c(n5)NC(=O)CO6)(CC3)CO4)c2n1,1.0,train,../data/images/hERG/4100.png
4101.0,CCn1cc([C@@]2(c3nnc(C)o3)N[C@@H](c3nc(-c4ccc(F)cn4)c[nH]3)Cc3c2[nH]c2ccccc32)cn1,1.0,train,../data/images/hERG/4101.png
4102.0,CC(C)OC[C@H](Oc1ncnc2c1cnn2-c1ncccc1Cl)C(=O)Nc1ccccn1,0.0,train,../data/images/hERG/4102.png
4103.0,CS(=O)(=O)Cc1cc(N2CCOCC2)nc(-c2ccc3[nH]cnc3c2)n1,0.0,train,../data/images/hERG/4103.png
4104.0,COc1cc(OC2CN(C(C)=O)C2)ccc1Nc1ncc(Cl)c(-c2cnc3ccccn23)n1,0.0,train,../data/images/hERG/4104.png
4105.0,CN1CC[C@H](N(C)C(=O)N2CC(c3cc(F)ccc3F)=C[C@@]2(CO)c2ccccc2)[C@@H](F)C1,0.0,train,../data/images/hERG/4105.png
4106.0,COc1cccc2c1OC(c1ccc(OCCCN3CCC[C@@H]3C)cc1)C(C)S2(=O)=O,1.0,train,../data/images/hERG/4106.png
4107.0,O=C(CNC(=O)c1cccc(C(F)(F)F)c1)NC1CN([C@H]2CC[C@](O)(c3ccc4c(c3)OCC4)CC2)C1,0.0,train,../data/images/hERG/4107.png
4108.0,CC(C)OC[C@H](Oc1ncnc2c1cnn2-c1ncccc1Cl)C(=O)Nc1ccc(Cl)cn1,0.0,train,../data/images/hERG/4108.png
4109.0,O=C1OC2(CCN(c3nc4ccccc4[nH]3)CC2)CN1c1ccccc1,1.0,train,../data/images/hERG/4109.png
4110.0,CCOC(=O)C1CCN(CCCOc2ccc(S(N)(=O)=O)cc2)CC1,0.0,train,../data/images/hERG/4110.png
4111.0,COc1ccc2ncc(=O)n(CCN3CC[C@H](NCc4ccc5c(n4)NC(=O)CO5)[C@H](O)C3)c2c1,0.0,train,../data/images/hERG/4111.png
4112.0,O=C(CNc1noc2ccc(C(F)(F)F)cc12)NC1CN([C@H]2CC[C@@H](c3ccc4c(c3)OCO4)CC2)C1,1.0,train,../data/images/hERG/4112.png
4113.0,CCCCN(CC)CC#CCCc1ccc(Cl)cc1,1.0,train,../data/images/hERG/4113.png
4114.0,Cc1cccnc1CN1CCC2(CC1)C(=O)N(c1ccc(-c3ccc(C(=O)O)cc3)cc1)C(=O)N2c1ccncn1,0.0,train,../data/images/hERG/4114.png
4115.0,CC(C)(C)c1cc(C(=O)NCC2CCN(C(=O)CCCCC(c3ccc(F)cc3)c3ccc(F)cc3)C2)cc(C(C)(C)C)c1,1.0,train,../data/images/hERG/4115.png
4116.0,O=C(Nc1ccc(Cl)c(Cl)c1)N1CCN(CC2CCCNC2)CC1,1.0,train,../data/images/hERG/4116.png
4117.0,c1ccc(Nc2nc3c(s2)CCc2n[nH]cc2-3)nc1,0.0,train,../data/images/hERG/4117.png
4118.0,Cc1nc2ccccc2n1-c1ccc(C(=O)N(C)[C@@H]2CCN(C(C)C)C2)cc1,0.0,train,../data/images/hERG/4118.png
4119.0,O=C(N[C@@H]1C[C@H]2CCC[C@@]2(C(=O)N2CCc3ncc(C(F)(F)F)cc3C2)C1)C1CCOCC1,0.0,train,../data/images/hERG/4119.png
4120.0,CCCCCCCN(CC)C/C=C/CCc1ccc(Cl)cc1,1.0,train,../data/images/hERG/4120.png
4121.0,C[C@@H](N[C@@H]1CCCc2c1[nH]c1ccc(Br)cc21)c1ccccc1,1.0,train,../data/images/hERG/4121.png
4122.0,COc1cccc(CN2CCC(NC(=O)c3cc(=O)c4ccc(F)cc4o3)CC2)c1,0.0,train,../data/images/hERG/4122.png
4123.0,COc1cc(-c2cn(C3CCc4ccccc4N(CC(F)F)C3=O)nn2)ccc1-n1cnc(C)c1,1.0,train,../data/images/hERG/4123.png
4124.0,CNCC(=O)N1CCC(n2nc(C)c(Nc3ncc(Cl)c(-c4cnn5ccccc45)n3)c2C)CC1,0.0,train,../data/images/hERG/4124.png
4125.0,CN(Cc1ccccc1)C(=O)c1ccc(C2=CC3(CCNCC3)Oc3ccccc32)cc1,1.0,train,../data/images/hERG/4125.png
4126.0,Cc1nn(CCOCC(F)(F)F)c2c(Nc3ccncn3)nc(N3CCN[C@H](C)C3)nc12,1.0,train,../data/images/hERG/4126.png
4127.0,COc1ccc2ncc(F)c(C/C(=N\O)C34CCC(NCc5ccc6c(n5)NC(=O)CO6)(CC3)CO4)c2n1,1.0,train,../data/images/hERG/4127.png
4128.0,CC1(C)Oc2cccc(CN3CCC4(CC3)CCN(C(=O)c3ccnc(N)c3)CC4)c2O1,0.0,train,../data/images/hERG/4128.png
4129.0,COc1cccc2c1nc(N)n1nc(CN3CCN(c4cnn(C)c4)C[C@H]3C)nc21,0.0,train,../data/images/hERG/4129.png
4130.0,CCOC(=O)[C@H]1[C@@H]2CN(C(=O)c3ccc(C[C@@H]4CC[C@H]([C@H](O)c5ccccc5)N4)cc3)C[C@@H]21,1.0,train,../data/images/hERG/4130.png
4131.0,C[C@H](C1=C(CCN(C)C)Cc2ccccc21)c1cnccn1,1.0,train,../data/images/hERG/4131.png
4132.0,Cc1ncoc1-c1nnc(SCCCN2CC3CC3(c3ccccc3)C2)n1C,1.0,train,../data/images/hERG/4132.png
4133.0,O=C1CCc2cc(F)ccc2N1CCCN1CCC(n2c(=O)[nH]c3ccccc32)CC1,1.0,train,../data/images/hERG/4133.png
4134.0,O=c1[nH]c2cccc(Cl)c2cc1O,0.0,train,../data/images/hERG/4134.png
4135.0,N#Cc1ccnc(N2CCC(C(=O)N3CC[C@H](N[C@H]4CC[C@@](O)(c5ccc(-c6ncccn6)cn5)CC4)C3)CC2)c1,0.0,train,../data/images/hERG/4135.png
4136.0,Cc1nc2ccccc2n1C1CC2CCC(C1)N2CCC1(c2cccc(F)c2)CCN(C(=O)c2ccc(NS(C)(=O)=O)cc2Cl)CC1,1.0,train,../data/images/hERG/4136.png
4137.0,O=C(CNC(=O)c1cccc(C(F)(F)F)c1)NC1CN([C@H]2CC[C@H](c3cnccn3)CC2)C1,0.0,train,../data/images/hERG/4137.png
4138.0,CNC(=O)c1ccc(COc2ccc(S(=O)(=O)C3(C(=O)NO)CCC4(CCNCC4)C3)cc2)cc1,0.0,train,../data/images/hERG/4138.png
4139.0,Cc1ccc([C@@H](C)N2[C@@H]3CC[C@H]2C[C@H](Oc2cccc(C(N)=O)c2)C3)s1,1.0,train,../data/images/hERG/4139.png
4140.0,CC(C)c1cc(C#N)cc2nc(-c3ccc(C(=O)NC[C@H]4CC[C@H](c5cc(C(F)(F)F)cc(C(F)(F)F)c5)CC4)cc3)oc12,0.0,train,../data/images/hERG/4140.png
4141.0,C[C@@H]1CN(c2nc(N3CCOC[C@@H]3C)c3ccc(-c4ccccc4)nc3n2)C[C@H](C)O1,1.0,train,../data/images/hERG/4141.png
4142.0,COc1cc(C(C)CN2CCN(CCc3ccc4c(c3C)COC4=O)CC2)ccc1C#N,1.0,train,../data/images/hERG/4142.png
4143.0,COC(=O)C1(CNC(=O)c2cc(OC)cc(OC)c2)CCN(Cc2cccc(C(F)(F)F)c2)CC1,1.0,train,../data/images/hERG/4143.png
4144.0,O[C@H]1C[C@H](CN2CCC(c3ccccc3)CC2)CCc2cccnc21,0.0,train,../data/images/hERG/4144.png
4145.0,Cn1nc(NCC(=O)NC2CN([C@H]3CC[C@@H](C(N)=O)CC3)C2)c2cc(C(F)(F)F)ccc21,0.0,train,../data/images/hERG/4145.png
4146.0,CCOC(=O)N1CCN(Cc2nnc(-c3cc(Cl)ccc3F)o2)CC1,0.0,train,../data/images/hERG/4146.png
4147.0,COc1cc(N2CCN(C(=O)[C@H](C)N)CC2)ccc1Nc1ncc(Cl)c(-c2cnc3ccccn23)n1,1.0,train,../data/images/hERG/4147.png
4148.0,O=C(NCc1ccc(F)cc1)N(c1ccc(Cl)cc1)C1CCN(Cc2ccnnc2)CC1,0.0,train,../data/images/hERG/4148.png
4149.0,CCc1nn(CCOCC(F)(F)F)c2c(Nc3ccncn3)nc(N3CCN[C@H](C)C3)nc12,1.0,train,../data/images/hERG/4149.png
4150.0,CC(C)COc1ccc(S(C)(=O)=O)cc1C(=O)N1CCN(c2ccc(C#N)cc2F)CC1,1.0,train,../data/images/hERG/4150.png
4151.0,COc1ccc(-c2noc(CSc3nnc(C)n3-c3ccc(OC)cc3)n2)cc1,0.0,train,../data/images/hERG/4151.png
4152.0,CCCOc1ccccc1CC(c1ccccc1)N1CCNCC1,1.0,train,../data/images/hERG/4152.png
4153.0,O=C1CCc2cccc(F)c2N1CCCN1CCC(n2c(=O)[nH]c3ccccc32)CC1,1.0,train,../data/images/hERG/4153.png
4154.0,CNC(=O)[C@@]12C[C@@H]1[C@@H](n1cnc3c(NC)nc(C#Cc4cccs4)nc31)[C@H](O)[C@@H]2O,0.0,train,../data/images/hERG/4154.png
4155.0,N#Cc1ccc2ccc(=O)n(CCN3CC[C@@H](NCc4ccc5c(n4)NC(=O)CO5)[C@@H](F)C3)c2c1,0.0,train,../data/images/hERG/4155.png
4156.0,COc1cnc2c(C(=O)NCCO)cn(Cc3ncnc(N(C)C)c3C)c2c1,0.0,train,../data/images/hERG/4156.png
4157.0,N#Cc1cc(F)c(Cl)cc1O[C@H](CCN)c1ccccc1,0.0,train,../data/images/hERG/4157.png
4158.0,Cc1n[nH]c(C)c1C(=O)N[C@@H]1CC(C)(C)Oc2nc(-c3ccc(Cl)cc3Cl)c(-c3ccc(Cl)cc3)cc21,1.0,train,../data/images/hERG/4158.png
4159.0,CNC(=O)c1c(NCC2CCC3(CCC3)CC2)nc(C#N)nc1OCC1CCN(C(C)=O)CC1,0.0,train,../data/images/hERG/4159.png
4160.0,Cc1cc(C)n(-c2cc(NC(=O)CN3CCN(C)CC3)nc(-c3ccc(C)o3)n2)n1,1.0,train,../data/images/hERG/4160.png
4161.0,COC[C@@H]1CCCN1N1CCN(c2cccc(Cl)c2)C1=O,1.0,train,../data/images/hERG/4161.png
4162.0,O=C(O)C(c1ccccc1)N1CCCC(CN2CCC(Oc3ccc(Cl)c(Cl)c3)CC2)C1,0.0,train,../data/images/hERG/4162.png
4163.0,Cc1ncc(OC[C@@]2(c3ccccc3F)C[C@H]2C(=O)Nc2ccc(F)cn2)c(C)n1,1.0,train,../data/images/hERG/4163.png
4164.0,C=CCOc1ccc(Cl)cc1[C@H]1C[C@@H]1CN,1.0,train,../data/images/hERG/4164.png
4165.0,Cc1nnc(C)n1C1CCN(C(C)C[C@H](NC(=O)C2CCC2)c2ccccc2)CC1,1.0,train,../data/images/hERG/4165.png
4166.0,COc1cnc(-c2ccccc2C(F)(F)CNC(=O)c2ccc(COCC(F)(F)F)nc2)cn1,0.0,train,../data/images/hERG/4166.png
4167.0,COc1cc(Nc2cccc3c2nc(-c2ccc(F)cc2)n3C)ccc1-n1cnc(C)c1,1.0,train,../data/images/hERG/4167.png
4168.0,COc1cc(NCC2CCNCC2)nc2c1nnn2-c1cccc(N(C)C)c1,0.0,train,../data/images/hERG/4168.png
4169.0,CCN(CCc1ccc(Cl)c(Cl)c1)C[C@H](O)COc1ccc(NS(C)(=O)=O)cc1,1.0,train,../data/images/hERG/4169.png
4170.0,CCCCN(CCc1ccc(Cl)c(Cl)c1)C[C@H](O)COc1ccc(NS(C)(=O)=O)cc1,1.0,train,../data/images/hERG/4170.png
4171.0,CN1CCN(Cc2ccc3c(c2)Cc2c(-c4csc(C#CCNS(=O)(=O)c5ccccc5)c4)n[nH]c2-3)CC1,1.0,train,../data/images/hERG/4171.png
4172.0,CC(C)c1ncc([C@]2(O)CC[C@H](N3CC(NC(=O)CNC(=O)c4cccc(C(F)(F)F)c4)C3)CC2)s1,0.0,train,../data/images/hERG/4172.png
4173.0,O=C(CNc1n[nH]c2ccc(C(F)(F)F)cc12)NC1CN([C@H]2CC[C@@H](c3ccccc3)CC2)C1,1.0,train,../data/images/hERG/4173.png
4174.0,CCOC(=O)N1CCN(Cc2noc(-c3cc(Cl)ccc3F)n2)CC1,0.0,train,../data/images/hERG/4174.png
4175.0,CC(C)(CN1C(=O)c2ccccc2C1C(=O)NCCCF)c1ccc(Cl)cc1,0.0,train,../data/images/hERG/4175.png
4176.0,Cc1cc(-c2nc3cc4c(cc3o2)CCN(CCCSc2nnc(-c3ocnc3C)n2C)CC4)n(C)n1,1.0,train,../data/images/hERG/4176.png
4177.0,CN(C)CCCN1c2ccccc2CCc2ccccc21,1.0,train,../data/images/hERG/4177.png
4178.0,COc1cc(CCN2CCN(CCc3ccc4c(c3)COC4=O)CC2)ccc1C#N,1.0,train,../data/images/hERG/4178.png
4179.0,Cc1cc(CCN2CCN(C(=O)Cc3ccc(-n4cnnn4)cc3)CC2)cc2c1C(=O)OC2,0.0,train,../data/images/hERG/4179.png
4180.0,COc1ccc(-c2cc(-c3ccc(S(=O)(=O)N(C)C)cc3)cnc2N)cn1,1.0,train,../data/images/hERG/4180.png
4181.0,COc1cc(/C=C/c2nc(N)c3c(n2)oc2ccccc23)ccc1-n1cnc(C)c1,1.0,train,../data/images/hERG/4181.png
4182.0,CC(C)(C)NC(=O)c1c[nH]c2ncc(-c3nn(CCCS(C)(=O)=O)c4ccc(OC(F)F)cc34)nc12,1.0,train,../data/images/hERG/4182.png
4183.0,C[C@@H]1CN(c2nc(C(F)(F)F)no2)CCN1c1ncc(OCc2ccc(CS(C)(=O)=O)cc2F)cn1,0.0,train,../data/images/hERG/4183.png
4184.0,O=C1COc2ccc(CNC34CCC(CCc5c(F)cnc6ccc(OC[C@H]7C[C@@H]7C(=O)O)nc56)(CC3)OC4)nc2N1,0.0,train,../data/images/hERG/4184.png
4185.0,CN(C(=O)Cc1ccc(-n2cnnn2)cc1)[C@@H]1CCN(Cc2nc3cc(F)ccc3s2)C[C@@H]1F,1.0,train,../data/images/hERG/4185.png
4186.0,COc1ccc([C@H]2CC[C@@H](N3CC(NC(=O)CNc4nn(C)c5ccc(C(F)(F)F)cc45)C3)CC2)cn1,0.0,train,../data/images/hERG/4186.png
4187.0,O=C(CNC(=O)c1cccc(C(F)(F)F)c1)N[C@@H]1CCN(CCN2CCN(C(=O)c3ccccc3)CC2)C1,0.0,train,../data/images/hERG/4187.png
4188.0,C[C@@H]1CCCN1CCCOc1ccc(N2CCN(C(=O)c3cc(F)cc(F)c3)CC2=O)cc1,1.0,train,../data/images/hERG/4188.png
4189.0,CS(=O)(=O)CCN1CCC(c2ccc(NC(=O)c3nc(C#N)c[nH]3)c(C3=CCCCC3)c2)CC1,0.0,train,../data/images/hERG/4189.png
4190.0,CC#C[C@@H](c1ccc(Oc2ccc(C(F)(F)F)cc2OC(F)F)cc1)[C@H]1OC(=O)NC1=O,1.0,train,../data/images/hERG/4190.png
4191.0,CC(C)N(C)[C@@H]1CC[C@H](N2CC[C@H](NC(=O)c3ccccc3)C2=O)[C@H](CS(=O)(=O)c2ccccc2)C1,0.0,train,../data/images/hERG/4191.png
4192.0,C=C(F)COc1ccc(Cl)cc1[C@H]1C[C@@H]1CN,1.0,train,../data/images/hERG/4192.png
4193.0,Cc1ccc(OCC#Cc2cccc(CCCOc3ccc(C)cc3)[n+]2C)cc1,1.0,train,../data/images/hERG/4193.png
4194.0,COC1COCCC1N[C@@H]1C[C@H]2CN(C)C[C@@]2(C(=O)N2CCc3ncc(C(F)(F)F)cc3C2)C1,0.0,train,../data/images/hERG/4194.png
4195.0,CCN1CCN(c2cc3[nH]c(C(=O)[C@]4(C)CC[C@@](C)(O)CC4)nc3cc2Cl)CC1,0.0,train,../data/images/hERG/4195.png
4196.0,O=S(=O)(c1ccc(C(F)(F)F)cc1)N1CCC(CN2CCC(c3noc4cc(F)ccc34)CC2)CC1,1.0,train,../data/images/hERG/4196.png
4197.0,Cc1cc(Cl)ccc1OC1CCN(CC2CCN([C@@H](Cc3ccc(F)cc3)C(=O)O)CC2)CC1,0.0,train,../data/images/hERG/4197.png
4198.0,COc1ccc2ncc(=O)n(C[C@H](N)[C@H]3CC[C@H](NCc4ncc5c(n4)NC(=O)CO5)CC3)c2c1,0.0,train,../data/images/hERG/4198.png
4199.0,COc1cnc2c(c1)CN(C(=O)[C@@]13CCC[C@@H]1C[C@@H](NC1CCOCC1OC)C3)CC2,0.0,train,../data/images/hERG/4199.png
4200.0,COc1ccc(-c2ccc3c(N4CCOC[C@@H]4C)nc(N4CCOC[C@@H]4C)nc3n2)cc1CO,0.0,train,../data/images/hERG/4200.png
4201.0,C[C@@H](c1ccc(C(=O)NCCC(=O)O)cc1)n1nc(-c2cc(Cl)cc(Cl)c2)cc1-c1ccc2cc(C(F)(F)F)ccc2c1,1.0,train,../data/images/hERG/4201.png
4202.0,CCOC(=O)c1ccc([C@]2(c3cnn(C)c3)N[C@@H](c3nc(-c4ccc(F)cc4)c[nH]3)Cc3c2[nH]c2ccccc32)nc1,1.0,train,../data/images/hERG/4202.png
4203.0,Cc1cc(F)ccc1[C@@H]1CCN(C[C@@H]2CCc3cccnc3[C@@H](O)C2)C[C@H]1O,0.0,train,../data/images/hERG/4203.png
4204.0,Cn1nc(NCC(=O)NC2CN([C@H]3CC[C@@H](c4nccs4)CC3)C2)c2cc(C(F)(F)F)ccc21,0.0,train,../data/images/hERG/4204.png
4205.0,CS(=O)(=O)Nc1ccc(CCN(CCOc2ccc(NS(C)(=O)=O)cc2)c2ccc([N+](=O)[O-])c3nonc23)cc1,1.0,train,../data/images/hERG/4205.png
4206.0,CCOC(=O)Nc1cccc([C@@H](c2ccc(C(=O)N(C)CC)cc2)N2CCN(Cc3c[nH]c(C)n3)CC2)c1,0.0,train,../data/images/hERG/4206.png
4207.0,CC(=O)Nc1cccc(C2CCN(CCCn3nc(-c4ccc(F)c(F)c4)c4ccccc4c3=O)CC2)c1,0.0,train,../data/images/hERG/4207.png
4208.0,CC(=O)Nc1cc(Nc2cc(NC3CC3)n3ncc(C#N)c3n2)ccc1C1CC1,0.0,train,../data/images/hERG/4208.png
4209.0,O=C(O)C1CCN(Cc2ccc(Oc3nc4ccccc4s3)cc2)CC1,0.0,train,../data/images/hERG/4209.png
4210.0,O=C(Cc1ccccc1)NC1CCN(CCCN2C(=O)COc3ccccc32)CC1,0.0,train,../data/images/hERG/4210.png
4211.0,CCc1nc2c(Cc3ccc(C(=O)NO)cc3)cccc2c(=O)n1CCc1ccccc1,1.0,train,../data/images/hERG/4211.png
4212.0,N#Cc1ccc2cc1Oc1cccc(c1)CN1CC[C@@H](NCc3cncn3C2)C1=O,1.0,train,../data/images/hERG/4212.png
4213.0,O=C(CCCCCCC(=O)Nc1ccc2ccnc(Nc3ccc4ccccc4c3)c2c1)NO,0.0,train,../data/images/hERG/4213.png
4214.0,COc1ccc(NC(=O)N2CCNC[C@@H]2COc2cccnc2)cc1,0.0,train,../data/images/hERG/4214.png
4215.0,CNc1nc(NCCCN(C)C)c2sc(-c3ccc(OC)nc3)cc2n1,1.0,train,../data/images/hERG/4215.png
4216.0,COc1ccc2ncc(C(F)F)c(CCC34CCC(NCc5ccc6c(n5)NC(=O)CO6)(CC3)CO4)c2n1,1.0,train,../data/images/hERG/4216.png
4217.0,O=C(Nc1ccc(-c2nnc(NCCCN3CCCCC3)o2)cc1)C1CCCCCC1,0.0,train,../data/images/hERG/4217.png
4218.0,Nc1ncc(-c2cnn(C3CCNCC3)c2)cc1-c1nc2ccccc2o1,1.0,train,../data/images/hERG/4218.png
4219.0,Cc1ccc(CN2CCC(CNC(=O)c3cc(Cl)cc(Cl)c3)CC2)cc1,1.0,train,../data/images/hERG/4219.png
4220.0,C[C@@H]1NC(c2cnccn2)=NC1(c1ccc(F)cc1)c1ccc(F)cc1,0.0,train,../data/images/hERG/4220.png
4221.0,Cc1nc2cnc(Oc3ccc4ncsc4c3)cc2c(=O)n1C[C@H]1CCCN(C(C)C)C1,1.0,train,../data/images/hERG/4221.png
4222.0,COc1ccc(-c2nnc(C(=O)N3CC(Oc4ccc(CN(C)C)c(C)c4)C3)o2)cc1,1.0,train,../data/images/hERG/4222.png
4223.0,CCC(=O)N1CCc2c(nc(C)n2[C@H]2C[C@H]3CC[C@@H](C2)N3CC[C@H](NC(C)=O)c2cccc(F)c2)C1,1.0,train,../data/images/hERG/4223.png
4224.0,NC(=O)c1ccc(-c2ccc3[nH]nc(-c4cncc(O[C@H]5CNCCC56CC6)n4)c3c2)c(F)c1,1.0,train,../data/images/hERG/4224.png
4225.0,O=c1cc(OCc2ccccc2)ccn1-c1ccc2c(cnn2CCN2CCC[C@@H]2CO)c1,1.0,train,../data/images/hERG/4225.png
4226.0,Cc1c(Cl)cccc1N1CCN(CCCNC(=O)c2nc(-c3ccccc3)n(-c3ccccc3)c2C)CC1,1.0,train,../data/images/hERG/4226.png
4227.0,Clc1cccc(C2CC=CCNC2)c1,0.0,train,../data/images/hERG/4227.png
4228.0,CN1CCC(COCc2cc(Cl)cc(C(F)(F)F)n2)(c2ccccc2)CC1,0.0,train,../data/images/hERG/4228.png
4229.0,Cn1c(SCCCN2C[C@@H]3C[C@]3(c3ccc(C(F)(F)F)cc3)C2)nnc1-c1ccnnc1,1.0,train,../data/images/hERG/4229.png
4230.0,CN(C)Cc1ccc2c(c1)CC[C@H](N(C)C(=O)c1ccc(-c3ccc(Cl)cc3)nc1)C2,1.0,train,../data/images/hERG/4230.png
4231.0,Cn1cc(-c2cnc3ccc4ccc(NS(=O)(=O)N5CCC5)cc4c(=O)c3c2)cn1,0.0,train,../data/images/hERG/4231.png
4232.0,O=c1ccc2ncc(F)c3c2n1C[C@@]3(O)CC12CCC(NC/C(F)=C/c3cc(F)ccc3F)(CC1)CO2,1.0,train,../data/images/hERG/4232.png
4233.0,O=C(NC[C@@H](O)CN1CCC(Oc2ccc(Cl)c(Cl)c2)CC1)c1c[nH]c(=O)c2cc(S(=O)(=O)NCCO)ccc12,1.0,train,../data/images/hERG/4233.png
4234.0,C[C@H](c1cccnc1Cl)c1c(CCN(C)C)sc2ccccc12,1.0,train,../data/images/hERG/4234.png
4235.0,CN(C(=O)Cc1ccc(-n2cnnn2)cc1)[C@H]1CCN(Cc2ccc(C(F)(F)F)cc2)C[C@H]1F,1.0,train,../data/images/hERG/4235.png
4236.0,CC[C@H](C)[C@@H]1NC(=O)[C@H](Cc2ccccc2)N(C)C(=O)[C@H](C(C)C)NC(=O)[C@H](Cc2ccccc2)N(C)C1=O,0.0,train,../data/images/hERG/4236.png
4237.0,CN(C)CCN1CCN(c2ncc3cc(-c4ccccc4)c(-c4ccc(CN5CCC(c6nnc(-c7ccc(=O)[nH]c7)[nH]6)CC5)cc4)nc3n2)CC1,1.0,train,../data/images/hERG/4237.png
4238.0,COc1ncc(OC)c2c(C(=O)C(=O)N3CCN(C(=O)c4ccccc4)CC3)c[nH]c12,0.0,train,../data/images/hERG/4238.png
4239.0,Cc1ncoc1-c1nnc(SCCCN[C@H]2CC[C@]3(c4ccc(C(F)(F)F)cc4)CC23)n1C,1.0,train,../data/images/hERG/4239.png
4240.0,CNc1cc(Nc2cnc(C#N)c(O[C@H](C)CN(C)C)n2)ncc1C(=O)OC,1.0,train,../data/images/hERG/4240.png
4241.0,CC(C)C(N1CCOCC1)C(O)(c1cccnc1)c1cccnc1,0.0,train,../data/images/hERG/4241.png
4242.0,NC1CC1COc1ccc2ncc(F)c(CCC34CCC(NCc5ccc6c(n5)NC(=O)CO6)(CC3)CO4)c2n1,1.0,train,../data/images/hERG/4242.png
4243.0,Cc1nc(N2CCC(O)CC2)nc2ccc(NC(=O)/C=C/c3ccc(OC(F)(F)F)cc3)cc12,1.0,train,../data/images/hERG/4243.png
4244.0,CCCCCCCN1CCC(Cc2ccccc2)CC1,1.0,train,../data/images/hERG/4244.png
4245.0,C[C@@H]1NC(c2nccc(C#N)n2)=N[C@@]1(c1ccc(F)cc1)c1ccc(F)nc1,0.0,train,../data/images/hERG/4245.png
4246.0,CCN(C)C(=O)c1ccc([C@H](c2cccnc2)N2CCN(Cc3ccccn3)CC2)cc1,0.0,train,../data/images/hERG/4246.png
4247.0,CC(=O)Nc1cc(Nc2cc(NC3CC3)n3ncc(C#N)c3n2)ccc1N(C)CCN(C)C,1.0,train,../data/images/hERG/4247.png
4248.0,COC1COCCC1N[C@@H]1C[C@H]2CN(C(=O)Oc3ccccc3)C[C@@]2(C(=O)N2CCc3ncc(C(F)(F)F)cc3C2)C1,0.0,train,../data/images/hERG/4248.png
4249.0,CCCCCCCCc1cccc(CCCCCCCC)[n+]1C,1.0,train,../data/images/hERG/4249.png
4250.0,O=C1Nc2ncccc2C2(CCN(C(=O)N[C@@H]3CC[C@@H](c4cccc(F)c4F)Cn4c(CC(F)(F)F)cnc43)CC2)O1,1.0,train,../data/images/hERG/4250.png
4251.0,CS(=O)(=O)n1cc2c(n1)CN([C@H]1CO[C@H](c3cc(F)ccc3F)[C@@H](N)C1)C2,0.0,train,../data/images/hERG/4251.png
4252.0,COc1nc2c(CCC34CCC(NCc5ccc6c(n5)NC(=O)CO6)(CC3)CO4)c(F)cnc2cc1C(F)(F)F,1.0,train,../data/images/hERG/4252.png
4253.0,Clc1ccc(-c2c[nH]c([C@H]3Cc4c([nH]c5ccccc45)[C@@H](C4CCOCC4)N3)n2)s1,1.0,train,../data/images/hERG/4253.png
4254.0,CC(=O)c1cccc(-c2cccc(-n3cc(C(=O)NC(C)C)c(=O)c4cccnc43)c2)c1,1.0,train,../data/images/hERG/4254.png
4255.0,O=C(NCc1ccc(OCC(F)(F)F)nc1)C1c2ccccc2C(=O)N1CCc1ccccn1,0.0,train,../data/images/hERG/4255.png
4256.0,CO[C@@H]1COCC[C@@H]1N[C@@H]1CC[C@@](C(=O)N2CCN(c3cc(C(F)(F)F)cnn3)CC2)(C(C)C)C1,0.0,train,../data/images/hERG/4256.png
4257.0,O=C1CCC(c2ccc(Nc3ccncc3)cc2)=NN1,1.0,train,../data/images/hERG/4257.png
4258.0,N#Cc1ccc2ccc(=O)n(CCN3CC[C@H](NCc4cc5c(cn4)OCCO5)[C@H](O)C3)c2c1,0.0,train,../data/images/hERG/4258.png
4259.0,CCOC(=O)N1CCN(Cc2nc(-c3cccc(Cl)c3)no2)CC1,0.0,train,../data/images/hERG/4259.png
4260.0,O=C1COc2ccccc2N1CCN1CCC(NCc2cc3c(cn2)OCCO3)CC1,0.0,train,../data/images/hERG/4260.png
4261.0,Cc1cc(C(=O)O)ccc1-c1ccc(N2C(=O)N(c3cc(O)ncn3)C3(CCN(Cc4ncccc4C)CC3)C2=O)cn1,0.0,train,../data/images/hERG/4261.png
4262.0,CCc1cccc(NC(=O)N2CCc3nc(-c4cnccc4C#N)nc(-c4ccccc4C)c3C2)c1,1.0,train,../data/images/hERG/4262.png
4263.0,O=C1COc2ccccc2N1CCCN1CCC(n2c(=O)[nH]c3cc(F)ccc32)CC1,1.0,train,../data/images/hERG/4263.png
4264.0,CCN(CC)C(=O)c1ccc(C2=CC3(CCNCC3)Oc3ccccc32)cc1O,0.0,train,../data/images/hERG/4264.png
4265.0,NC(=O)n1nc(NCC(=O)NC2CN([C@H]3CC[C@@H](c4nccs4)CC3)C2)c2cc(C(F)(F)F)ccc21,0.0,train,../data/images/hERG/4265.png
4266.0,NCc1cc(C(=O)N[C@@H]2CCc3ccc(Oc4ccnc5c4CCC(=O)N5)cc3C2)cc(C(F)(F)F)c1,1.0,train,../data/images/hERG/4266.png
4267.0,CC#Cc1cncc(-c2cccc([C@@]3(c4cc(C)c(=O)n(CC)c4)N=C(N)c4c(F)cccc43)c2)c1,1.0,train,../data/images/hERG/4267.png
4268.0,CC(C)N(C)[C@@H]1CC[C@H](NC(=O)CNC(=O)c2cccc(C(F)(F)F)c2)[C@H](CS(=O)(=O)c2ccccc2)C1,0.0,train,../data/images/hERG/4268.png
4269.0,CN(C)CCCn1nc(-c2cnc3[nH]cc(C(=O)NC(C)(C)CO)c3n2)c2cc(OC(F)F)ccc21,1.0,train,../data/images/hERG/4269.png
4270.0,COc1cc(-c2cn(CC(=O)N3CCC(c4nc5ccccc5o4)CC3)nn2)ccc1-n1cnc(C)c1,0.0,train,../data/images/hERG/4270.png
4271.0,O=C(N[C@H]1CCCC[C@@H]1O)c1cc(CN2CCN(c3cc4ccccc4cn3)CC2)c2ccccn2c1=O,1.0,train,../data/images/hERG/4271.png
4272.0,Cc1ccc(F)cc1C(C)(C)CC(O)(Cc1cc2cc(-c3ccccc3)ncc2[nH]1)C(F)(F)F,1.0,train,../data/images/hERG/4272.png
4273.0,N[C@H]1CN(c2cnc3nccnc3n2)CC[C@@H]1c1cc(F)c(F)cc1F,1.0,train,../data/images/hERG/4273.png
4274.0,CC(C)(C)c1[nH]c2ccccc2c1C1CCCN(Cc2ccc(/C=C/C(=O)NO)cc2Cl)C1,1.0,train,../data/images/hERG/4274.png
4275.0,COc1cc(N2CCN(C[C@H](C)O)CC2)ccc1Nc1ncc2ccc(-c3ccccc3N(C)S(C)(=O)=O)n2n1,1.0,train,../data/images/hERG/4275.png
4276.0,O=C(CNc1nn(CCO)c2ccc(C(F)(F)F)cc12)NC1CN([C@H]2CC[C@@H](c3ccc4c(c3)OCO4)CC2)C1,1.0,train,../data/images/hERG/4276.png
4277.0,CC(C)C1=NC(C)(c2cccc(-c3cccnc3)c2)N=C1N,0.0,train,../data/images/hERG/4277.png
4278.0,COC[C@H](N)CNc1cnc(C(N)=O)c(Nc2cc(C)cc(C)n2)c1,1.0,train,../data/images/hERG/4278.png
4279.0,Cc1cc(-c2ccc3c(c2)CCN(CCCSc2nnc(-c4ccc(C#N)cc4)n2C)CC3)no1,1.0,train,../data/images/hERG/4279.png
4280.0,CCc1oc(CCc2cc(N3CCOCC3)cc(NCC(F)(F)F)n2)nc1C,1.0,train,../data/images/hERG/4280.png
4281.0,COc1ccccc1Oc1cccc(CN2CCC3(CC2)CCN(C(=O)c2cccc[n+]2[O-])CC3)c1,0.0,train,../data/images/hERG/4281.png
4282.0,CC(C)n1c(-c2ccc(OCCCN3CCCCC3)cc2)nc2ccccc2c1=O,1.0,train,../data/images/hERG/4282.png
4283.0,C[C@@H]1CN(C(=O)c2ccccc2)CCN1C(=O)C(=O)c1c[nH]c2ccccc12,0.0,train,../data/images/hERG/4283.png
4284.0,CC(=O)Nc1cc(Nc2cc(NC3CCC3)n3ncc(C#N)c3n2)c(F)cc1C,0.0,train,../data/images/hERG/4284.png
4285.0,COC(=O)N1Cc2cc(Cl)ccc2-n2c(nnc2C2CCN(c3ccccn3)CC2)C1,0.0,train,../data/images/hERG/4285.png
4286.0,Cc1ncoc1-c1nnc(SCCCN2CCC3CC3(c3ccccc3)C2)n1C,1.0,train,../data/images/hERG/4286.png
4287.0,CC1CN(CC(=O)N[C@H]2C3CC4CC2C[C@](C(N)=O)(C4)C3)S(=O)(=O)N(c2c(Cl)cc(Cl)cc2Cl)C1,0.0,train,../data/images/hERG/4287.png
4288.0,CCN(C(=O)Cc1ccc(S(C)(=O)=O)cc1)C1CCN(CC[C@@H](c2cc(F)cc(Cl)c2)C2CCN(S(C)(=O)=O)CC2)CC1,0.0,train,../data/images/hERG/4288.png
4289.0,CCOC(=O)N1CCC(CN2CCC3(CC2)OC(=O)Nc2ncccc23)CC1,1.0,train,../data/images/hERG/4289.png
4290.0,Cc1ccc(-n2nc(C)c(C(=O)N[C@@H]3COc4cccc(N5CCN(C)CC5)c4C3)n2)c(C)c1,1.0,train,../data/images/hERG/4290.png
4291.0,O=c1cnc2ccc(F)c3c2n1C[C@H]3CN1CCC(NCc2cc3c(nn2)OCCO3)CC1,0.0,train,../data/images/hERG/4291.png
4292.0,Cc1ccc(O)c(C(=O)N[C@H]2CC[C@@H](NC(=O)c3cc(F)cnc3Oc3cccc(-c4ccc(CN5C[C@@H](C)N[C@@H](C)C5)cc4CN4CCOCC4)c3)CC2)c1,1.0,train,../data/images/hERG/4292.png
4293.0,O=c1ccc2ncc(F)c3c2n1C[C@@]3(O)CN1CCC(NCc2cc3c(cn2)OCCO3)CC1,0.0,train,../data/images/hERG/4293.png
4294.0,CCN(CCc1c[nH]c2ccccc12)Cc1ccc(/C=C/C(=O)NO)cc1,1.0,train,../data/images/hERG/4294.png
4295.0,O=C(Nc1ccc(-c2nnc(NCCCCN3CCOCC3)o2)cc1)c1ccccc1F,0.0,train,../data/images/hERG/4295.png
4296.0,CONC(=O)N(Cc1ccsc1)C1CCN([C@H](C)CCNC(=O)c2c(C)cc(Cl)nc2Cl)CC1,1.0,train,../data/images/hERG/4296.png
4297.0,C[C@@H](c1ccccn1)c1c(CCN(C)C)oc2ccccc12,1.0,train,../data/images/hERG/4297.png
4298.0,NC1=N[C@@](c2cccc(-c3cncnc3)c2)(c2ccnc(C(F)F)c2)c2cc(F)cc(F)c21,0.0,train,../data/images/hERG/4298.png
4299.0,O=C(Cc1cc(Nc2ncnc3cc(OCCCN4CCC[C@@H]4CO)ccc23)n[nH]1)Nc1cccc(F)c1F,0.0,train,../data/images/hERG/4299.png
4300.0,CC(C)Oc1ncc(-c2nc(-c3ccc4c(c3)CCNCC4)no2)cc1C#N,1.0,train,../data/images/hERG/4300.png
4301.0,CCCCCCCN(CC)CC#CCCc1ccc(Cl)cc1,1.0,train,../data/images/hERG/4301.png
4302.0,CC(C(O)c1ccc2c(c1)CNC(=O)N2)N1CCC(O)(c2ccc(F)cc2)CC1,1.0,train,../data/images/hERG/4302.png
4303.0,Cc1ccc2cc(-c3cc(-c4cc(Cl)cc(Cl)c4)nn3[C@@H](C)c3ccc(C(=O)NCCC(=O)O)cc3)ccc2c1,0.0,train,../data/images/hERG/4303.png
4304.0,COC1COCCC1N[C@@H]1C[C@H]2C[C@H](O)C[C@@]2(C(=O)N2CCc3ncc(C(F)(F)F)cc3C2)C1,0.0,train,../data/images/hERG/4304.png
4305.0,CC#CCn1c(N2CCCNCC2)c(C#N)c2c1c(=O)n(Cc1nc(C)c3ccccc3n1)c(=O)n2C,0.0,train,../data/images/hERG/4305.png
4306.0,C[C@@H]1CN(CCO)CCN1c1cc2[nH]c(SC(C)(C)C)nc2cc1Cl,1.0,train,../data/images/hERG/4306.png
4307.0,O=C(NC1CCN(Cc2ccc3[nH]ccc3c2)CC1)c1cc(=O)c2ccc(F)cc2o1,1.0,train,../data/images/hERG/4307.png
4308.0,CCN1CCC[C@@H](CN2CCN(C(=O)Nc3ccc(Cl)c(Cl)c3)CC2)C1,1.0,train,../data/images/hERG/4308.png
4309.0,CN(C/C=C/c1ccc(C(F)(F)F)cc1)Cc1cccc2ccoc12,1.0,train,../data/images/hERG/4309.png
4310.0,Cc1ncc(CNC2CCN(CCn3c(=O)ccc4ncc(Oc5ccc(S(N)(=O)=O)cc5)cc43)CC2)cc1Cl,0.0,train,../data/images/hERG/4310.png
4311.0,CN1CC(=O)N2[C@H](c3ccc4c(c3)OCO4)c3[nH]c4ccccc4c3C[C@@H]2C1=O,0.0,train,../data/images/hERG/4311.png
4312.0,O=C1COc2ccc(CNC3CCN(CCn4c(=O)ccc5ccc(Oc6ccon6)nc54)CC3)nc2N1,0.0,train,../data/images/hERG/4312.png
4313.0,c1ccc2c3c([nH]c2c1)[C@@H](C1CCOCC1)N[C@@H](c1nc(-c2ccncc2)c[nH]1)C3,1.0,train,../data/images/hERG/4313.png
4314.0,COc1ccc2c(c1)[C@@H]1C[C@]1(C(=O)N1C3CCC1CN(C)C3)Cn1c-2c(C2CCCCC2)c2ccc(C(=O)NS(=O)(=O)N(C)C)cc21,0.0,train,../data/images/hERG/4314.png
4315.0,Cn1c(SCCCN2CCc3ccc4oc(C(F)(F)F)nc4c3CC2)nnc1-c1ccccc1,1.0,train,../data/images/hERG/4315.png
