idx,smiles,P-gp,group,img_path
0.0,CC(=O)OC1CC(C)(C)C(=C=CC(C)=CC=CC(C)=CC=CC=C(C)C=CC=C(C)C(=O)CC23OC2(C)CC(O)CC3(C)C)C(C)(O)C1,1.0,train,../data/images/P-gp/0.png
1.0,C[C@H]1O[C@@H](O[C@H]2[C@@H](O)C[C@H](O[C@H]3[C@@H](O)C[C@H](O[C@H]4CC[C@@]5(C)[C@H](CC[C@@H]6[C@@H]5CC[C@]5(C)[C@@H](C7=CC(=O)OC7)CC[C@]65O)C4)O[C@@H]3C)O[C@@H]2C)C[C@H](O)[C@@H]1O,1.0,train,../data/images/P-gp/1.png
2.0,C[N+]12C=CC=C1C(N1CCCC1)c1scc(-c3ccc(Br)cc3)c12,1.0,train,../data/images/P-gp/2.png
3.0,CC1(C)NC[C@@H](c2cc(F)cc(F)c2)N(CC(=O)Nc2ccc3c(c2)C[C@@]2(C3)C(=O)Nc3ncccc32)C1=O,1.0,train,../data/images/P-gp/3.png
4.0,CC(=O)c1c(-c2ccco2)c(C#N)c(=S)n([C@@H]2O[C@H](CO)[C@H](O)[C@H](O)[C@H]2O)c1C,0.0,train,../data/images/P-gp/4.png
5.0,C/C=C/C(=O)O[C@H]1C(=O)[C@]2(C)[C@H]([C@H](OC(=O)c3ccccc3)[C@]34OC(=O)O[C@H]3[C@H](OC(=O)[C@H](O)[C@H](C=C(C)C)NC(=O)OC(C)(C)C)C(C)=C1C4(C)C)[C@]1(OC(C)=O)CO[C@@H]1C[C@@H]2O,1.0,train,../data/images/P-gp/5.png
6.0,CC(C)(O)C1CC[C@]2(C)CC[C@]3(C)[C@H](CC[C@@H]4[C@@]5(C)CC[C@H](O)C(C)(C)[C@@H]5CC[C@]43C)[C@@H]12,0.0,train,../data/images/P-gp/6.png
7.0,CC[C@@H](C)[C@@H]1OC(=O)[C@H](C(C)(C)O)N(C)C(=O)[C@H](CC(C)C)NC(=O)[C@H](C(C)C)N(C)C(=O)[C@@H]([C@H](C)CC)NC(=O)[C@@H]2CCCN2C(=O)[C@H](Cc2ccccc2)N(C)C(=O)[C@H](Cc2ccccc2)NC(=O)[C@H](C(C)C)N(C)C1=O,1.0,train,../data/images/P-gp/7.png
8.0,CC(C)(C)OC(=O)CN1CCN(CC(=O)N2CCN(C(=O)OCc3ccccc3)CC2)CCN(CC(=O)OC(C)(C)C)CCN(CC(=O)N2CCN(C(=O)OCc3ccccc3)CC2)CC1,1.0,train,../data/images/P-gp/8.png
9.0,CC(C)(C)NC[C@@H](O)COc1ccc(NC(=O)NC2CCCCC2)cc1,1.0,train,../data/images/P-gp/9.png
10.0,CNCCCN1c2ccccc2CCc2ccccc21,0.0,train,../data/images/P-gp/10.png
11.0,CN(CCO)CC(=O)CC(O)(C(F)(F)F)C(F)(F)F,0.0,train,../data/images/P-gp/11.png
12.0,CCNc1cc2[o+]c3cc(NCC)c(C)cc3c(-c3ccccc3C(=O)OCC)c2cc1C,1.0,train,../data/images/P-gp/12.png
13.0,COc1cc(OC)cc(-c2cc(=O)c3cc4c(cc3[nH]2)OCO4)c1,0.0,train,../data/images/P-gp/13.png
14.0,C=C1[C@@H](OC(=O)C(C)CC)[C@@H](OC(C)=O)C(=O)C(C)(C)/C=C/[C@H](C)[C@H](OC(=O)c2ccccc2)[C@@]2(O)C[C@H](C)[C@H](OC(C)=O)[C@@H]2[C@H]1OC(C)=O,1.0,train,../data/images/P-gp/14.png
15.0,Cc1cccc(CP(Cc2cccc(C)c2)CC2(Cp3c4ccccc4c4ccccc43)COC2)c1,1.0,train,../data/images/P-gp/15.png
16.0,Cc1ccc(C[P+](c2ccccc2)(c2ccccc2)c2ccccc2)cc1,1.0,train,../data/images/P-gp/16.png
17.0,COc1ccc(COc2ccccc2CCc2cccc(OC)c2)cc1,1.0,train,../data/images/P-gp/17.png
18.0,COc1ccc(-c2c3ccc(=[N+](C)C)cc-3sc3cc(N(C)C)ccc23)cc1OC,1.0,train,../data/images/P-gp/18.png
19.0,O=c1c2c3c(sc2nc(S)n1-c1ccccc1)CCCc1ccc([N+](=O)[O-])cc1-3,0.0,train,../data/images/P-gp/19.png
20.0,C=C1[C@H](OCC(C)C)CC(=O)C(C)(C)/C=C/[C@@H](C)C(=O)[C@@]2(OC(C)=O)C[C@H](C)[C@H](OC(C)=O)[C@@H]2[C@H]1OC(C)=O,1.0,train,../data/images/P-gp/20.png
21.0,CC1CNC(c2cccc(-c3nc(-c4cccc(C5=NC(C)CN5)c4)nc(N(C)C)n3)c2)=N1,1.0,train,../data/images/P-gp/21.png
22.0,O=C1/C(=C/c2ccccc2)CN(C(=O)CC(=O)N2C/C(=C\c3ccccc3)C(=O)/C(=C/c3ccccc3)C2)C/C1=C\c1ccccc1,1.0,train,../data/images/P-gp/22.png
23.0,C=C1[C@H](OCC(C)C)C[C@@H](OC(=O)c2cccnc2)C(C)(C)/C=C/[C@@H](C)C(=O)[C@@]2(OC(C)=O)C[C@@](C)(OC(C)=O)[C@H](OC(C)=O)[C@@H]2[C@H]1OC(C)=O,1.0,train,../data/images/P-gp/23.png
24.0,Clc1cc2nc([C@@H]3CCCN3c3cc(N4CCN(Cc5ccccc5)CC4)ncn3)[nH]c2cc1Cl,0.0,train,../data/images/P-gp/24.png
25.0,COc1cccc(-c2c3ccc(N(C)C)cc3[s+]c3cc(N(C)C)ccc23)c1,1.0,train,../data/images/P-gp/25.png
26.0,CC(=O)O[C@H]1C(=O)[C@@]2(C)[C@H]([C@H](OC(=O)c3ccccc3)[C@]3(O)C[C@H](OC(=O)[C@H](O)[C@@H](NC(=O)c4ccccc4)c4ccccc4C)C(C)=C1C3(C)C)[C@]1(OC(C)=O)CO[C@@H]1C[C@@H]2O,1.0,train,../data/images/P-gp/26.png
27.0,CC(C)(O)CC[C@@H](O)[C@](C)(O)[C@H]1CC[C@@]2(O)C3=CC(=O)[C@@H]4C[C@@H](O)[C@@H](O)C[C@]4(C)[C@H]3CC[C@]12C,0.0,train,../data/images/P-gp/27.png
28.0,CN(C)CCCN1c2ccccc2CCc2cccc([N+](=O)[O-])c21,0.0,train,../data/images/P-gp/28.png
29.0,[N-]=[N+]=Nc1ccc(CCN2CN(c3ccccc3)C3(CCN(CCCC(=O)c4ccc(F)cc4)CC3)C2=O)cc1I,1.0,train,../data/images/P-gp/29.png
30.0,COC(=O)c1c(F)cccc1-c1ccc(CNC(=O)C2(NC(=O)C(F)(F)C(F)(F)F)CC2)c(F)c1,1.0,train,../data/images/P-gp/30.png
31.0,CCC(=O)N(c1ccccc1)C1(COC)CCN(CCn2nnn(CC)c2=O)CC1,0.0,train,../data/images/P-gp/31.png
32.0,COc1nc(C(Cl)(Cl)Cl)c(Cl)c(OC)c1Cl,0.0,train,../data/images/P-gp/32.png
33.0,CSc1ccc2c(c1)N(CCC1CCCCN1C)c1ccccc1S2,1.0,train,../data/images/P-gp/33.png
34.0,CONC1=C2C(=O)N(C)CC(=O)N(C)C(C)C(=O)OC(CO)C(NC(=O)c3c4nc5c(C(=O)NC6C(=O)NC(C(C)C)C(=O)N7C(C)CC(O)C7C(=O)N(C)CC(=O)N(C)C(C(C)C)C(=O)OC6C)ccc(C)c5oc-4c(C)c(=O)c3N)C(=O)NC(C(C)C)C(=O)N2C(C)C1,1.0,train,../data/images/P-gp/34.png
35.0,COc1cc2c(cc1OC)C(OC)N(C)c1c-2ccc2cc3c(cc12)OCO3,1.0,train,../data/images/P-gp/35.png
36.0,COc1cccc2c1C(=O)c1c(O)c3c(c(O)c1C2=O)C[C@@](O)(C(C)=O)C[C@@H]3O[C@H]1C[C@H](O)[C@H](N)[C@H](C)O1,1.0,train,../data/images/P-gp/36.png
37.0,CC(=O)OC1C(=O)C(O)C(C)OC1OC1CC2(C)C3CC=C4C(CC(=O)C(O)C4(C)C)C3(C)C(=O)CC2(C)C1C(C)(O)C(=O)C=CC(C)(C)O,0.0,train,../data/images/P-gp/37.png
38.0,CC(=O)O[C@H]1C(=O)[C@@]2(C)[C@H]([C@H](OC(=O)c3ccccc3)[C@]3(O)C[C@H](OC(=O)[C@H](O)[C@@H](NC(=O)CC(C)C)c4ccccc4)C(C)=C1C3(C)C)[C@@]1(OC(C)=O)CO[C@@H]1C[C@@H]2O,1.0,train,../data/images/P-gp/38.png
39.0,CCCCCCCCCC[n+]1ccn(C)c1,1.0,train,../data/images/P-gp/39.png
40.0,COC(=O)[C@@H]1C(=O)C=C(Nc2cccc(OC(F)(F)F)c2)C[C@H]1C,0.0,train,../data/images/P-gp/40.png
41.0,COc1ccc(-c2ccn(Cc3ccccc3)c(=O)c2C#N)cc1,0.0,train,../data/images/P-gp/41.png
42.0,O=C(NCCN1CCN(c2cccc3c2OC[C@H](CO)O3)CC1)c1ccc(F)cc1,1.0,train,../data/images/P-gp/42.png
43.0,O=C1/C(=C/c2ccccc2)CN(C(=O)CCSCCO)C/C1=C\c1ccccc1,1.0,train,../data/images/P-gp/43.png
44.0,N=C(N)N1CCc2ccccc2C1,1.0,train,../data/images/P-gp/44.png
45.0,CCCCCCCCCCCCCCCC[N+](C)(C)Cc1ccccc1,1.0,train,../data/images/P-gp/45.png
46.0,CN(C)C(=O)N1CC(c2cc(F)ccc2F)=C[C@@]1(CCCNCC(F)(F)F)c1ccccc1,0.0,train,../data/images/P-gp/46.png
47.0,N#C[C@@H]1CCCN1C(=O)CNC12CC3CC(CC(O)(C3)C1)C2,1.0,train,../data/images/P-gp/47.png
48.0,COc1cc([C@@H]2c3cc4c(cc3[C@@H](O)[C@H]3COC(=O)[C@H]23)OCO4)cc(OC)c1OC,0.0,train,../data/images/P-gp/48.png
49.0,Cc1ccc2oc(=O)c3c(O)c4cccc(OC5OC(C)C6O[C@@H](c7ccccc7)OC6C5OC5OC(C)C(O)C(O)C5O)c4c4oc(=O)c1c2c34,1.0,train,../data/images/P-gp/49.png
50.0,COc1cccc2c1[C@@H]1CO[C@@H]3[C@@H]4C[C@@H](C(=O)O)[C@H]([C@H](C2)N31)N4C,0.0,train,../data/images/P-gp/50.png
51.0,CC[C@H](C)[C@H]1NC(=O)[C@@H](NC(=O)[C@@H](CC(C)C)N(C)C(=O)C2CCCN2C(=O)[C@H](C)O)[C@@H](C)OC(=O)[C@@H]2Cc3ccccc3CN2C(=O)[C@@H]2CCCN2C(=O)[C@H](CC(C)C)NC(=O)[C@@H](C)C(=O)[C@H](C(C)C)OC(=O)C[C@@H]1O,1.0,train,../data/images/P-gp/51.png
52.0,NC(=O)c1cc(N=Nc2ccc(S(=O)(=O)Nc3ccccn3)cc2)ccc1O,0.0,train,../data/images/P-gp/52.png
53.0,COC(=O)c1c(F)cccc1-c1ccc(CNC(=O)C2(NC(=O)C(F)F)CC2)c(F)c1,1.0,train,../data/images/P-gp/53.png
54.0,COc1cc(C(=O)NC2(C(=O)N[C@H](C)c3ccc(-n4nc(Cl)c5ccccc54)cc3F)CC2)on1,0.0,train,../data/images/P-gp/54.png
55.0,CC[C@H]1OC(=O)[C@H](C)[C@@H](O[C@H]2C[C@@](C)(OC)[C@@H](O)[C@H](C)O2)[C@H](C)[C@@H](O[C@@H]2O[C@H](C)C[C@H](N(C)C)[C@H]2O)[C@](C)(O)C[C@@H](C)C(=O)[C@H](C)[C@@H](O)[C@]1(C)O,1.0,train,../data/images/P-gp/55.png
56.0,C[n+]1c2ccccc2n2c3ccccc3c(NCCCn3ccnc3)c(C#N)c21,1.0,train,../data/images/P-gp/56.png
57.0,Nc1c2c(nc3cc(Br)ccc13)N(Cc1ccccc1)CC2,0.0,train,../data/images/P-gp/57.png
58.0,CN(CCc1ccccn1)c1nc(-c2ccncc2)nc2c1CN(S(C)(=O)=O)CC2,1.0,train,../data/images/P-gp/58.png
59.0,O=C1/C(=C/c2ccc(Cl)cc2)CN(C(=O)c2ccc(OCCN3CCCCC3)cc2)C/C1=C\c1ccc(Cl)cc1,1.0,train,../data/images/P-gp/59.png
60.0,COc1ccc(/C=C/C(=O)O[C@H]2C(=O)c3c(OC)cc(OC)cc3O[C@@H]2c2cc(OC)c(OC)c(OC)c2)cc1,1.0,train,../data/images/P-gp/60.png
61.0,COC(=O)[C@]1(C)CCC[C@@]2(C)[C@@H]3C[C@@H]4[C@H]5C[C@@]3(CC[C@@H]21)C[C@@]45C,0.0,train,../data/images/P-gp/61.png
62.0,CC(=O)O[C@H]1CC[C@](C)(OC(C)=O)[C@]23OC(C)(C)[C@H]([C@H](OC(=O)/C=C/c4ccccc4)[C@H](OC(=O)c4ccccc4)[C@]12C)[C@H]3OC(C)=O,0.0,train,../data/images/P-gp/62.png
63.0,COc1ccc2c(NCCCCCCNc3c4ccccc4nc4cc(OC)ccc34)c3ccccc3nc2c1,1.0,train,../data/images/P-gp/63.png
64.0,COc1ccc2[nH]c3c(C)c4c(c(C)c3c2c1)CN(C)C=C4,1.0,train,../data/images/P-gp/64.png
65.0,CC(C)[C@@H](O)C[C@@H](O)[C@](C)(O)[C@H]1CC[C@@]2(O)C3=CC(=O)[C@@H]4C[C@@H](O)[C@@H](O)C[C@]4(C)[C@H]3CC[C@]12C,0.0,train,../data/images/P-gp/65.png
66.0,CCOC(=O)Oc1cc2c(c(OC)c1OC)-c1ccc(OC)c(=O)cc1C(NC(C)=O)CC2,1.0,train,../data/images/P-gp/66.png
67.0,CCC[Sn](Cl)(Cl)CCC,0.0,train,../data/images/P-gp/67.png
68.0,NS(=O)(=O)c1ccc(-n2nc3c(c2-c2ccc(Cl)cc2)Cc2ccccc2-3)cc1,0.0,train,../data/images/P-gp/68.png
69.0,COc1ccc(C[C@H]2C(=O)N[C@H](C)C(=O)N(C)[C@@H]3Cc4ccc(cc4)Oc4cc(ccc4O)C[C@H](C(=O)N[C@@H](C)C(=O)N[C@@H](C)C(=O)N2C)N(C)C3=O)cc1,1.0,train,../data/images/P-gp/69.png
70.0,N=C(N)NC(=O)c1nc(Cl)c(N)nc1N,0.0,train,../data/images/P-gp/70.png
71.0,CCN(CC)CC[n+]1ccc2c(C)c3[nH]c4ccccc4c3c(C)c2c1,1.0,train,../data/images/P-gp/71.png
72.0,C[C@]12CC[C@@H]3c4ccc(O)cc4CC[C@H]3[C@@H]1C[C@@H](O)[C@@H]2O,1.0,train,../data/images/P-gp/72.png
73.0,CN1CC[C@]23c4c5ccc(O)c4O[C@H]2[C@@H](O)C=C[C@H]3[C@H]1C5,1.0,train,../data/images/P-gp/73.png
74.0,Nc1c2c(nc3ccccc13)N(Cc1ccccc1)CC2,1.0,train,../data/images/P-gp/74.png
75.0,CC[C@]1(c2ccc3c(c2)OCO3)C=[N+]([O-])O[C@H](OC2CCCC2(c2ccccc2)c2ccccc2)[C@@H]1OC(C)=O,0.0,train,../data/images/P-gp/75.png
76.0,COc1ccc2c(c1)CCCc1cc(OC)c(OC)c(OC)c1-2,0.0,train,../data/images/P-gp/76.png
77.0,Nc1ncnc2c1ncn2CCOCP(=O)(O)O,0.0,train,../data/images/P-gp/77.png
78.0,CCCCCCCCC/C=C1/CC(CO)(COC(=O)CC(C(C)C)C(C)C)OC1=O,0.0,train,../data/images/P-gp/78.png
79.0,CCCCCCCCCCCCCCCCn1cc[n+](Cc2ccccc2)c1C,1.0,train,../data/images/P-gp/79.png
80.0,C[n+]1c(-c2ccccc2)cc2/c(=C\c3ccccc3)c3ccccc3n21,1.0,train,../data/images/P-gp/80.png
81.0,COC(=O)[C@@H]1c2cc3c(c(O)c2[C@@H](O[C@@H]2O[C@@H](C)[C@H](OC)[C@@](C)(OC)[C@H]2OC)C[C@]1(C)O)C(=O)c1c(O)cc2c(c1C3=O)O[C@@H]1OC2(C)[C@H](O)[C@@H](N(C)C)[C@@H]1O,1.0,train,../data/images/P-gp/81.png
82.0,N=C(N)Nc1ccc(C(=O)Oc2ccc3cc(C(=N)N)ccc3c2)cc1,0.0,train,../data/images/P-gp/82.png
83.0,O=C1c2cccc3cccc(c23)C(=O)N1CCCNCCCCNCCCNCCCN1C(=O)c2cccc3cccc(c23)C1=O,1.0,train,../data/images/P-gp/83.png
84.0,CC1CNC(c2ccc(-c3nc(-c4ccc(C5=NC(C)CN5)cc4)nc(N(C)C)n3)cc2)=N1,1.0,train,../data/images/P-gp/84.png
85.0,CC(=O)O[C@H]1C(=O)[C@@]2(C)[C@H](OC(=O)CCC(=O)O)C[C@@H]3OC[C@]3(OC(C)=O)[C@@H]2[C@@H](OC(=O)c2ccccc2)[C@]2(O)C[C@@H](OC(=O)[C@@H](OC(=O)CCC(=O)O)[C@@H](NC(=O)c3ccccc3)c3ccccc3)C(C)=C1C2(C)C,1.0,train,../data/images/P-gp/85.png
86.0,C=C1[C@H](OC(C)=O)[C@@H](OC(C)=O)[C@@H](OC(C)=O)C(C)(C)/C=C/[C@H](C)C(=O)[C@@]2(OC(C)=O)C[C@H](C)[C@H](OC(C)=O)[C@@H]2[C@H]1OC(=O)c1ccccc1,1.0,train,../data/images/P-gp/86.png
87.0,CN1CCN(CC(=O)N2c3ccccc3C(=O)Nc3cccnc32)CC1,1.0,train,../data/images/P-gp/87.png
88.0,C[C@@H](CN(C)C)CN1c2ccccc2CCc2ccccc21,0.0,train,../data/images/P-gp/88.png
89.0,Cc1ccc(/C=C2\CN(C(=O)c3ccc(OCCN(C)C)cc3)C/C(=C\c3ccc(C)cc3)C2=O)cc1,1.0,train,../data/images/P-gp/89.png
90.0,COc1cccc2c1C(=O)c1c(O)c3c(c(O)c1C2=O)C[C@@](O)(C(=O)CO)C[C@@H]3OC1CC(N)C(O)C(C)O1,1.0,train,../data/images/P-gp/90.png
91.0,O=S(=O)(c1ccc(/N=C2\NC(c3ccc(O)cc3)(c3ccccc3O)c3ccccc32)cc1)c1ccc(/N=C2\NC(c3ccc(O)cc3)(c3ccccc3O)c3ccccc32)cc1,1.0,train,../data/images/P-gp/91.png
92.0,NC(=O)CCCN=C(c1ccc(Cl)cc1)c1cc(F)ccc1O,0.0,train,../data/images/P-gp/92.png
93.0,Nc1ccn([C@@H]2O[C@H](CO)[C@@H](O)[C@@H]2O)c(=O)n1,0.0,train,../data/images/P-gp/93.png
94.0,CC(C)CCC[C@@H](C)[C@H]1CC[C@H]2[C@@H]3CC=C4C[C@@H](O)CC[C@]4(C)[C@H]3CC[C@]12C,1.0,train,../data/images/P-gp/94.png
95.0,C[C@H]1O[C@@H](O[C@H]2[C@@H](O)C[C@H](O[C@H]3[C@@H](O)C[C@H](O[C@H]4CC[C@@]5(C)[C@@H](CC[C@@H]6[C@H]5C[C@@H](O)[C@]5(C)[C@@H](C7=CC(=O)OC7)CC[C@]65O)C4)O[C@@H]3C)O[C@@H]2C)C[C@H](O)[C@@H]1O,1.0,train,../data/images/P-gp/95.png
96.0,CN(C)CCNC(=O)C(C)(C)Oc1ccc(C(=O)c2ccc(Cl)cc2)cc1Cl,0.0,train,../data/images/P-gp/96.png
97.0,CN(C)C(=O)N1CC(c2cc(F)ccc2F)=C[C@@]1(CC[C@@H](N)C(F)F)c1ccccc1,1.0,train,../data/images/P-gp/97.png
98.0,CCCCCCCCCCCCCC1=NC(C)(C)CN1C(C)C,0.0,train,../data/images/P-gp/98.png
99.0,CC(C)N(C(=O)C(c1cccnc1)C(CC(=O)NCC1CN(c2ccccc2)CCO1)c1ccccc1)C(C)C,1.0,train,../data/images/P-gp/99.png
100.0,Nc1ccccc1C#C/C=C\C#Cc1c(F)c(F)c(F)c(F)c1F,0.0,train,../data/images/P-gp/100.png
101.0,COCO[C@@H]1CC(=O)OC[C@H](C)C(=O)O[C@@H](C(C)C)C(=O)N(C)[C@H]1Cc1ccccc1,1.0,train,../data/images/P-gp/101.png
102.0,Cc1nc2c(O)c3c(c(O)c2nc1C)C1=C=C=C3CC1,0.0,train,../data/images/P-gp/102.png
103.0,CCOc1cc(C2SCC(=O)N2c2ccc(Oc3ccc(Cl)cc3)c(Cl)c2)ccc1O,0.0,train,../data/images/P-gp/103.png
104.0,CC(=O)OC12COC1CC(O)C1(C)C(=O)C(O)C3=C(C)C(O)CC(O)(C(OC(=O)c4ccccc4)C21)C3(C)C,1.0,train,../data/images/P-gp/104.png
105.0,C[P+](C)(c1ccccc1)c1ccccc1,1.0,train,../data/images/P-gp/105.png
106.0,CCCCCCCCCCCC1N=C(N)NC(CCCO)=C1C(=O)OC,1.0,train,../data/images/P-gp/106.png
107.0,COc1c(OC(C)=O)c(OC(C)=O)cc2c1-c1ccc(OC)c(=O)cc1C(NC(C)=O)CC2,1.0,train,../data/images/P-gp/107.png
108.0,COc1ccc(C[C@H]2C(=O)N[C@H](C)C(=O)N(C)[C@H]3C(=O)N(C)[C@H](Cc4ccc(O)c(c4)Oc4ccc(cc4)[C@@H]3O)C(=O)N[C@@H](C)C(=O)N[C@@H](C)C(=O)N2C)cc1,1.0,train,../data/images/P-gp/108.png
109.0,CCOC(=O)C1=CN(Cc2cccc(OC)c2)c2ccccc2C1c1ccc(OC)cc1,1.0,train,../data/images/P-gp/109.png
110.0,CC(C)(O)CC[C@@H](O)[C@](C)(O)[C@H]1CC[C@@]2(O)C3=CC(=O)[C@@H]4C[C@@H](O)CC[C@]4(C)[C@H]3CC[C@]12C,0.0,train,../data/images/P-gp/110.png
111.0,CCCCCCCCCC(=O)N[C@@H](c1ccco1)[C@@H](O)C(=O)O[C@H]1C[C@@]2(O)[C@@H](OC(=O)c3ccccc3)[C@@H]3[C@]4(OC(C)=O)CO[C@@H]4C[C@H](O)[C@@]3(C)C(=O)[C@H](OC(C)=O)C(=C1C)C2(C)C,1.0,train,../data/images/P-gp/111.png
112.0,CCN(CC)CCNC(=O)c1c(C)[nH]c(C=C2C(=O)Nc3ccc(F)cc32)c1C,1.0,train,../data/images/P-gp/112.png
113.0,C[C@H](CN1c2ccccc2Sc2ccccc21)N(C)C,0.0,train,../data/images/P-gp/113.png
114.0,CC[C@]12CN3CCc4c([nH]c5ccccc45)[C@@](C(=O)OC)(c4cc5c(cc4OC)N(C)[C@H]4[C@@](O)(C(=O)OC)[C@H](OC(C)=O)[C@]6(CC)C=CCN7CC[C@]54[C@@H]76)C[C@@H](C3)[C@H]1O2,1.0,train,../data/images/P-gp/114.png
115.0,CN(C)C(=O)N1N=C(c2cc(F)ccc2F)C[C@@]1(CCCN)c1ccccc1,1.0,train,../data/images/P-gp/115.png
116.0,N#Cc1c2c(c(-c3cccs3)n([C@H]3O[C@@H](CO)[C@@H](O)[C@@H](O)[C@H]3O)c1=S)CCc1ccccc1-2,0.0,train,../data/images/P-gp/116.png
117.0,COC(=O)c1cc(-c2c(C(=O)OC)cc(OC)c3c2OCO3)c2c(c1OC)OCO2,0.0,train,../data/images/P-gp/117.png
118.0,CCOC(=O)CCC(NC(=O)C(Cc1ccccc1)NC(=O)OCc1ccccc1)C(=O)OCC,0.0,train,../data/images/P-gp/118.png
119.0,CN(C)c1ccc2c(-c3ccccc3)c3ccc(=[N+](C)C)cc-3[te]c2c1,1.0,train,../data/images/P-gp/119.png
120.0,Nc1nc(NC2CC2)c2ncn([C@H]3C=C[C@@H](COC(=O)CCCCCCCCC(=O)OC[C@@H]4C=C[C@H](n5cnc6c(NC7CC7)nc(N)nc65)C4)C3)c2n1,1.0,train,../data/images/P-gp/120.png
121.0,C/C1=C\[C@@H]2[C@H](CC[C@]3(CO3)[C@H](OC(=O)c3cccs3)[C@H]3[C@@H](OC(=O)c4cccs4)[C@@H](C)C[C@]3(O)C1=O)C2(C)C,1.0,train,../data/images/P-gp/121.png
122.0,CC(=O)OC1C(=O)C2(C)C(O)CC3OCC3(OC(C)=O)C2C(OC(=O)c2ccccc2)C2(O)CC(OC(=O)C(O)C(NC(=O)c3ccccc3)c3ccc4ccccc4c3)C(C)=C1C2(C)C,1.0,train,../data/images/P-gp/122.png
123.0,O=CNC(N1CCN(C(NC=O)C(Cl)(Cl)Cl)CC1)C(Cl)(Cl)Cl,0.0,train,../data/images/P-gp/123.png
124.0,COC(=O)n1c(=O)nc2c3c(ncn21)Oc1c(c(-c2ccccc2)nn1-c1ccccc1)C3c1ccc(Cl)cc1,0.0,train,../data/images/P-gp/124.png
125.0,CN(C)C(=O)N1CC(c2cc(F)ccc2F)=C[C@@]1(CCCNCC(F)F)c1ccccc1,1.0,train,../data/images/P-gp/125.png
126.0,CN(C)[C@@H]1C(O)=C(C(N)=O)C(=O)[C@@]2(O)C(O)=C3C(=O)c4c(O)cccc4[C@@](C)(O)[C@H]3C[C@@H]12,1.0,train,../data/images/P-gp/126.png
127.0,COc1ccc(/C=C2\C(=O)N(C3OC(COC(C)=O)C(OC(C)=O)C(OC(C)=O)C3OC(C)=O)c3ccccc3N=C2N)cc1,0.0,train,../data/images/P-gp/127.png
128.0,CC(=O)O[C@H]1C(=O)[C@@]2(C)[C@H]([C@H](OC(=O)c3ccccc3)[C@]3(O)CC(OC(=O)[C@H](O)[C@@H](NC(=O)C(C)(O)C(C)O)c4ccccc4)C(C)=C1C3(C)C)[C@]1(OC(C)=O)CO[C@@H]1C[C@@H]2O,1.0,train,../data/images/P-gp/128.png
129.0,C=C[C@]1(C)OC(=O)N(c2cc(Cl)cc(Cl)c2)C1=O,0.0,train,../data/images/P-gp/129.png
130.0,c1ccc2c(c1)Nc1ccccc1[P+]21c2ccccc2Nc2ccccc21,1.0,train,../data/images/P-gp/130.png
131.0,NC(=O)NC(=O)c1ccc(NC(=O)CBr)cc1,0.0,train,../data/images/P-gp/131.png
132.0,COC(=O)Nc1nc2ccc(Sc3ccccc3)cc2[nH]1,0.0,train,../data/images/P-gp/132.png
133.0,COc1cc2c(cc1C[N+](C)(C)CSc1ccccc1)-c1ccccc1CC2,1.0,train,../data/images/P-gp/133.png
134.0,Cc1cccc(C)c1OCC(=O)N[C@@H](Cc1ccccc1)[C@@H](O)C[C@H](Cc1ccccc1)NC(=O)[C@H](C(C)C)N1CCCNC1=O,1.0,train,../data/images/P-gp/134.png
135.0,CCCCCCCCCCCC(c1ccccc1)[N+](C)(C)C,1.0,train,../data/images/P-gp/135.png
136.0,CCC(=C(c1ccc(OCCN(C)C)cc1)c1cccc(O)c1)c1ccccc1,1.0,train,../data/images/P-gp/136.png
137.0,CC(C)[C@@]1(NC(=O)[C@@H]2C[C@@H]3c4cccc5[nH]cc(c45)C[C@H]3N(C)C2)O[C@@]2(O)[C@@H]3CCCN3C(=O)[C@H](Cc3ccccc3)N2C1=O,1.0,train,../data/images/P-gp/137.png
138.0,COc1ccc2c(c1)N(C[C@H](C)CN(C)C)c1ccccc1S2,1.0,train,../data/images/P-gp/138.png
139.0,CC(=O)O[C@H]1C(=O)[C@]2(C)[C@H]([C@H](OC(=O)c3ccccc3)[C@]34OC(=O)O[C@H]3[C@H](OC(=O)[C@H](O)[C@@H](NC(=O)OC(C)(C)C)c3ccco3)C(C)=C1C4(C)C)[C@]1(OC(C)=O)CO[C@@H]1C[C@@H]2O,1.0,train,../data/images/P-gp/139.png
140.0,CC(C)C(=O)OCC(=O)[C@@]12O[C@H](C3CCCCC3)O[C@@H]1C[C@H]1[C@@H]3CCC4=CC(=O)C=C[C@]4(C)[C@H]3[C@@H](O)C[C@@]12C,1.0,train,../data/images/P-gp/140.png
141.0,CC(=O)O[C@H]1C(=O)[C@@]2(C)[C@@H](O)C[C@H]3OC[C@]3(OC(C)=O)[C@@H]2[C@H](OC(=O)c2ccccc2)[C@]2(O)C[C@H](OC(=O)[C@H](O)[C@@H](NC(=O)c3ccccc3)c3ccccc3)C(C)=C1C2(C)C,1.0,train,../data/images/P-gp/141.png
142.0,COC1=C[C@]23CCCN2CCc2cc4c(cc2[C@@H]3[C@@H]1O)OCO4,0.0,train,../data/images/P-gp/142.png
143.0,COc1cc2c[n+](C)c3c4cc(OC)c(OCc5ccccc5)cc4c(OCc4ccccc4)cc3c2cc1OC,1.0,train,../data/images/P-gp/143.png
144.0,O=C(Nc1ccc(Cl)c(Cl)c1)NS(=O)(=O)c1cnccc1Oc1ccc(F)cc1,0.0,train,../data/images/P-gp/144.png
145.0,CO[C@@H]1C[C@](C)(O)Cc2cc3c(c(O)c21)C(=O)c1c(O)cc2c(c1C3=O)O[C@@H]1O[C@@]2(C)[C@@H](O)[C@@H](N(C)C)[C@@H]1O,0.0,train,../data/images/P-gp/145.png
146.0,CN(C)c1ccc2c(-c3ccc(N4CCOCC4)cc3)c3ccc(=[N+](C)C)cc-3sc2c1,1.0,train,../data/images/P-gp/146.png
147.0,C=C[C@@H]1CN2CC[C@H]1C[C@H]2[C@H](O)c1ccnc2ccc(OC)cc12,1.0,train,../data/images/P-gp/147.png
148.0,C[C@@H]1O[C@@H](O[C@H]2C[C@@H](O)[C@]3(CO)[C@H]4[C@H](O)C[C@]5(C)[C@@H](C6=CC(=O)OC6)CC[C@]5(O)[C@H]4CC[C@]3(O)C2)[C@H](O)[C@H](O)[C@H]1O,0.0,train,../data/images/P-gp/148.png
149.0,CC(C)NCC(=O)Nc1c2c(nc3ccccc13)N(Cc1ccccc1)CC2,1.0,train,../data/images/P-gp/149.png
150.0,COC(=O)c1c(-c2ccccc2)ccn(Cc2ccccc2)c1=O,0.0,train,../data/images/P-gp/150.png
151.0,O=C(O)c1ccccc1C1CCCc2c1[nH]c1ccccc21,0.0,train,../data/images/P-gp/151.png
152.0,CSCC[C@@H](C=O)NC(=O)[C@H](CC(C)C)NC(=O)[C@H](CC(C)C)NC(C)=O,1.0,train,../data/images/P-gp/152.png
153.0,OC1COC(n2c3ccc(Br)cc3c3ccc4c5ccccc5[nH]c4c32)C(O)C1O,0.0,train,../data/images/P-gp/153.png
154.0,C[C@H]1C[C@H]2[C@@H]3CCC4=CC(=O)C=C[C@]4(C)[C@@]3(F)[C@@H](O)C[C@]2(C)[C@@]1(O)C(=O)CO,1.0,train,../data/images/P-gp/154.png
155.0,C[C@]12CC[C@H](O)C[C@H]1CC[C@@H]1[C@@H]2C[C@@H](O)[C@]2(C)[C@@H](C3=CC(=O)OC3)CC[C@]12O,1.0,train,../data/images/P-gp/155.png
156.0,COc1ccc2c3c1O[C@H]1C(=O)CC[C@@]4(O)[C@@H](C2)N(C)CC[C@]314,0.0,train,../data/images/P-gp/156.png
157.0,Cc1ccc(C(=CCN2CCCC2)c2cccc(C=CC(=O)N3CCCCC3)n2)cc1,1.0,train,../data/images/P-gp/157.png
158.0,Cc1ccc(S[C@@](C=O)(NC(=O)OCc2ccccc2)C(F)(F)F)cc1,0.0,train,../data/images/P-gp/158.png
159.0,CS(=O)(=O)N1CCN(C2CN(CC[C@@]3(c4ccc(Cl)c(Cl)c4)CCC(=O)N(CC4CC4)C3)C2)CC1,1.0,train,../data/images/P-gp/159.png
160.0,COc1ccc2c(c1OC)C(=O)O[C@@H]2[C@H]1c2c(cc3c(c2OC)OCO3)CCN1C,0.0,train,../data/images/P-gp/160.png
161.0,N#CC1=C(N)N(c2ccccc2)C(c2ccco2)C1(C#N)C#N,0.0,train,../data/images/P-gp/161.png
162.0,CN1CCC(C)(C)c2cc3c(-c4ccc(C(=S)N5CCCCC5)s4)c4ccc(=[N+](C)C)cc-4sc3cc21,1.0,train,../data/images/P-gp/162.png
163.0,C=CCNC1=C2C[C@@H](C)C[C@@H](OC)[C@H](OC(=O)CN)[C@H](C)/C=C(\C)[C@@H](OC(N)=O)[C@H](OC)/C=C\C=C(/C)C(=O)NC(=CC1=O)C2=O,1.0,train,../data/images/P-gp/163.png
164.0,CCOC(=O)C(SCCO)C(C(=O)OCC)n1ccc(=O)[nH]c1=O,0.0,train,../data/images/P-gp/164.png
165.0,CC(C)(C)c1nc2c(o1)/C(=N\c1ccc(F)cc1)c1ccccc1C2=O,0.0,train,../data/images/P-gp/165.png
166.0,Cc1ccc(/N=N/c2ccc(O)c(CN(C)C)c2)cc1,0.0,train,../data/images/P-gp/166.png
167.0,O=C1Cc2cc3ccccc3nc2-c2ccccc2N1,0.0,train,../data/images/P-gp/167.png
168.0,CC/N=c1\cc2oc3cc(NCC)c(C)cc3c(-c3ccccc3C(=O)OCC)c-2cc1C,1.0,train,../data/images/P-gp/168.png
169.0,CC(=O)OCC(CCn1cnc2cnc(N)nc21)COC(C)=O,1.0,train,../data/images/P-gp/169.png
170.0,Cc1cccc(C2(C#N)CCN(Cc3cc4c(c5ccccc35)CN([C@H]3CCCC[C@@H]3O)C4=O)CC2)n1,0.0,train,../data/images/P-gp/170.png
171.0,CC1(C)CC(=O)N(CCCCN2CCN(c3ncccn3)CC2)C(=O)C1O,1.0,train,../data/images/P-gp/171.png
172.0,CCCCCCCCCCCCCCCCOC[C@H](CO[P@](=O)([O-])OCC[N+](C)(C)C)OC(C)=O,1.0,train,../data/images/P-gp/172.png
173.0,CC(C)CC(=O)N1CCc2nc(-c3ccncc3)nc(N(C)CCc3ccccn3)c2C1,1.0,train,../data/images/P-gp/173.png
174.0,CO[C@H]1C=CO[C@@]2(C)Oc3c(C)c(O)c4c(O)c(c(C=NN5CCN(C)CC5)c(O)c4c3C2=O)NC(=O)C(C)=C/C=C/[C@H](C)[C@H](O)[C@@H](C)[C@@H](O)[C@@H](C)[C@H](OC(C)=O)[C@@H]1C,1.0,train,../data/images/P-gp/174.png
175.0,CC1(C)N=C(N)N=C(N)N1c1ccc(CCCCCCc2ccc(S(=O)(=O)F)cc2)cc1,1.0,train,../data/images/P-gp/175.png
176.0,N#CC1(c2ccccn2)CCN(Cc2cc(C(=O)NC3CCCCC3)c(=O)n3ccccc23)CC1,0.0,train,../data/images/P-gp/176.png
177.0,O=c1cc(-c2cccnc2)[nH]c2cc3c(cc12)OCO3,0.0,train,../data/images/P-gp/177.png
178.0,c1ccc(C(=NNc2nc3ccccc3[nH]2)c2ccccn2)nc1,0.0,train,../data/images/P-gp/178.png
179.0,CCCCc1nc(Cl)c(CO)n1Cc1ccc(-c2ccccc2-c2nnn[nH]2)cc1,1.0,train,../data/images/P-gp/179.png
180.0,CCNCCNC(=O)c1c(C)[nH]c(C=C2C(=O)Nc3ccc(F)cc32)c1C,1.0,train,../data/images/P-gp/180.png
181.0,c1cc(-c2ccc(-c3nc4ccc(C5=NCCN5)cc4s3)s2)ccc1C1=NCCN1,1.0,train,../data/images/P-gp/181.png
182.0,CCOc1ccc2nc3cc(N)ccc3c(N)c2c1,1.0,train,../data/images/P-gp/182.png
183.0,CCCNCC(O)CNc1ccc(NCC(O)CNCCC)c2c1C(=O)c1ccccc1C2=O,1.0,train,../data/images/P-gp/183.png
184.0,CN(CCCN)CCCNc1nc2ccccc2c2[nH]c3ccccc3c12,1.0,train,../data/images/P-gp/184.png
185.0,CCC(C)(CCN1CCCCC1)N(Cc1cc2ccccc2n(C)c1=O)C(=O)C1CCCCC1,1.0,train,../data/images/P-gp/185.png
186.0,CC(C)=CCC[C@](C)(O)[C@@H]1CC[C@@]2(C)[C@@H]1[C@H](O)C[C@@H]1[C@@]3(C)CC[C@H](O[C@H]4O[C@H](CO)[C@@H](O)[C@H](O)[C@H]4O)C(C)(C)[C@@H]3CC[C@@]12C,0.0,train,../data/images/P-gp/186.png
187.0,COc1cccc2c(N)c3cccc(C(=O)NCCN(C)C)c3nc12,1.0,train,../data/images/P-gp/187.png
188.0,O=C(/C=C(\Nc1ccccc1O)c1ccc(Br)cc1)C(Cl)(Cl)Cl,0.0,train,../data/images/P-gp/188.png
189.0,CCOC(=O)C1=C(C)C2C=C(c3cccs3)CC(c3ccc(Cl)cc3)=C2OC1=O,0.0,train,../data/images/P-gp/189.png
190.0,COc1cc2c(Nc3ccc(Br)cc3F)ncnc2cc1OCC1CCN(C)CC1,0.0,train,../data/images/P-gp/190.png
191.0,CSc1c(C(=O)NN2CCCCC2)nc(-c2ccc(Cl)cc2C)n1-c1ccc(Cl)cc1,0.0,train,../data/images/P-gp/191.png
192.0,CC(=O)OC(CN1CCN(c2ccccn2)CC1)Cn1sc2nc(C)cc(C)c2c1=O,0.0,train,../data/images/P-gp/192.png
193.0,COc1cc2ncnc(Nc3ccc(F)c(Cl)c3)c2cc1OCCCN1CCOCC1,0.0,train,../data/images/P-gp/193.png
194.0,CCCCCCCCCCCCCCCCCCNC(=O)OCC(CNS(=O)(=O)CCC[n+]1cccc2ccccc21)COC,1.0,train,../data/images/P-gp/194.png
195.0,CCOC(=O)/C=C(/C=C\COC1CCCCO1)c1ccccc1,0.0,train,../data/images/P-gp/195.png
196.0,COc1cc2c(cc1OC)CN(CCCC1=CCCc3cc(OC)c(OC)cc31)CC2,0.0,train,../data/images/P-gp/196.png
197.0,CC(=O)O[C@]12C[C@H](C)[C@H](OC(=O)c3cccc(C(F)(F)F)c3)[C@@H]1/C=C(\C)CC[C@H]1[C@@H](/C=C(\C)C2=O)C1(C)C,1.0,train,../data/images/P-gp/197.png
198.0,CO[C@@H]1[C@H](N(C)C(=O)c2ccccc2)C[C@H]2O[C@]1(C)n1c3ccccc3c3c4c(c5c6ccccc6n2c5c31)C(=O)NC4,1.0,train,../data/images/P-gp/198.png
199.0,COC(=O)c1c(F)cccc1-c1ccc([C@H](C)NC(=O)C2(NC(C)=O)CC2)c(F)c1,1.0,train,../data/images/P-gp/199.png
200.0,O=C(O)COCCN1CCN([C@H](c2ccccc2)c2ccc(Cl)cc2)CC1,1.0,train,../data/images/P-gp/200.png
201.0,Cn1c(=O)c(COc2ccc(Cl)c(Cl)c2)nc2ccccc21,0.0,train,../data/images/P-gp/201.png
202.0,Cc1ccc(-c2ccn(Cc3ccccc3)c(=O)c2C#N)cc1,0.0,train,../data/images/P-gp/202.png
203.0,Cc1ccc([S+](c2ccccc2)c2cc(C)ccc2C)cc1,1.0,train,../data/images/P-gp/203.png
204.0,COc1cc2c(cc1OCCCOc1cc3c(cc1OC)C(=O)N1CC(F)(F)C[C@H]1C=N3)N=C[C@@H]1CC(F)(F)CN1C2=O,1.0,train,../data/images/P-gp/204.png
205.0,COc1cc(C=CC(=O)OC2CCC(N(C)C3CCC(OC(=O)c4cc(OC)c(OC)c(OC)c4)CC3)CC2)cc(OC)c1OC,1.0,train,../data/images/P-gp/205.png
206.0,CO[C@@]12[C@H](COC(N)=O)C3=C(C(=O)C(C)=C(N)C3=O)N1C[C@@H]1N[C@@H]12,1.0,train,../data/images/P-gp/206.png
207.0,Oc1ccc(Cl)cc1C=Nc1cnc2ccccc2c1,0.0,train,../data/images/P-gp/207.png
208.0,C=C[C@@H]1C[C@]1(NC(=O)[C@@H]1C[C@@H](Oc2cc(-c3ccccc3)nc3cc(OC)ccc23)CN1C(=O)[C@@H](NC(=O)OC(C)(C)C)C(C)(C)C)C(=O)NNc1ccccc1,1.0,train,../data/images/P-gp/208.png
209.0,O=C1c2c(O)ccc(O)c2C(=O)c2c(NCCNCCO)ccc(NCCNCCO)c21,1.0,train,../data/images/P-gp/209.png
210.0,C=C[C@@H]1C[C@]1(NC(=O)[C@@H]1C[C@@H](Oc2cc(-c3ccccc3)nc3cc(OC)ccc23)CN1C(=O)[C@@H](NC(=O)OC(C)(C)C)C(C)(C)C)C(=O)NNC(=O)Cc1ccccc1,1.0,train,../data/images/P-gp/210.png
211.0,C[Se]C(=O)c1ccc(C(=O)[Se]C)s1,0.0,train,../data/images/P-gp/211.png
212.0,CCNc1nc(Nc2cc(C(C)(C)C#N)nn2C)ncc1C(F)(F)F,0.0,train,../data/images/P-gp/212.png
213.0,CCCCN1CN2C(=O)C(C(=O)OCC)C(=O)c3sc4nc(SC)nc1c4c32,0.0,train,../data/images/P-gp/213.png
214.0,O=C(O)CCCC[C@@H]1SC[C@@H]2NC(=O)N[C@@H]21,1.0,train,../data/images/P-gp/214.png
215.0,CCCCc1nc(Cl)c(C(=O)O)n1Cc1ccc(-c2ccccc2-c2nnn[nH]2)cc1,0.0,train,../data/images/P-gp/215.png
216.0,C[N+](C)=c1ccc2c(-c3ccc(C(=S)N4CCCCC4)s3)c3cc4c5c(c3sc-2c1)CCCN5CCC4,1.0,train,../data/images/P-gp/216.png
217.0,CCCC(C)(COC(N)=O)COC(=O)NC(C)C,0.0,train,../data/images/P-gp/217.png
218.0,O=C1c2cccc(O)c2C(=O)c2c(O)cccc21,0.0,train,../data/images/P-gp/218.png
219.0,CC(=O)C1(O)Cc2c(O)c3c(c(O)c2C(OC2CC(N)C(O)C(C)O2)C1)C(=O)c1c(OCc2ccccc2)cccc1C3=O,0.0,train,../data/images/P-gp/219.png
220.0,CC(C)(C)c1ccc([C@@H](O)CCCN2CCC(C(O)(c3ccccc3)c3ccccc3)CC2)cc1,1.0,train,../data/images/P-gp/220.png
221.0,CCCCCCC[C@H]1OC(=O)C[C@@H](OCOC)[C@H](Cc2ccccc2)N(C)C(=O)[C@H](C)OC(=O)[C@H]1C,1.0,train,../data/images/P-gp/221.png
222.0,CC(C)(O)CCC[C@](C)(O)[C@H]1CC[C@@]2(O)C3=CC(=O)[C@@H]4C[C@@H](O)[C@@H](O)[C@@H](O)[C@]4(C)[C@H]3CC[C@]12C,0.0,train,../data/images/P-gp/222.png
223.0,CC(=O)O[C@H]1CC[C@](C)(OC(=O)CNCC(C)C)[C@]23OC(C)(C)[C@H]([C@H](OC(=O)/C=C/c4ccccc4)[C@H](OC(=O)c4ccccc4)[C@]12C)[C@H]3OC(C)=O,1.0,train,../data/images/P-gp/223.png
224.0,CN(C)CCn1c(=O)c2ccc3c4c(nn3CCN(C)C)c3cc(O)ccc3n(c1=O)c24,1.0,train,../data/images/P-gp/224.png
225.0,CCOC(=O)C1=CN(Cc2ccc(OC)cc2)c2ccccc2C1c1cccc(OC)c1,1.0,train,../data/images/P-gp/225.png
226.0,c1ccc2sc(Nc3ccc(Oc4nccnc4N4CCOCC4)cc3)nc2c1,1.0,train,../data/images/P-gp/226.png
227.0,CN1CC[C@]23c4c5ccc(O)c4O[C@H]2[C@@H](O)C=C[C@@H]3[C@H]1C5,1.0,train,../data/images/P-gp/227.png
228.0,CCCCNC(=N)c1ccc(N2CCCN(c3ccc(C(=N)NCCCC)cc3)CC2)cc1,1.0,train,../data/images/P-gp/228.png
229.0,COC(=O)C[C@@H](O)[C@H](Cc1ccccc1)N(C)C(=O)OCc1ccccc1,1.0,train,../data/images/P-gp/229.png
230.0,Cc1cc(C)cc(-c2cc3ncnc(NNC(=S)NC4CC4)c3s2)c1,0.0,train,../data/images/P-gp/230.png
231.0,CSc1nc(-c2ccc(C)cc2)c(C#N)c(=O)[nH]1,0.0,train,../data/images/P-gp/231.png
232.0,CC(C)[C@H](NC(=O)[C@H](CCC(=O)O)NC(=O)[C@H](Cc1ccccc1)NC(=O)[C@@H](C)NC(=O)[C@@H](N)Cc1ccc(O)cc1)C(=O)N[C@H](C(=O)NCC(N)=O)C(C)C,1.0,train,../data/images/P-gp/232.png
233.0,CN[C@@H](C)C(=O)N[C@H](C(=O)N1C[C@H]2CCCN2C[C@H]1C(=O)N[C@@H]1CCOc2ccccc21)C1CCCCC1,1.0,train,../data/images/P-gp/233.png
234.0,C[C@H](N)C(=O)N[C@@H](CC(=O)O)C(=O)O,0.0,train,../data/images/P-gp/234.png
235.0,O=C(O)C[C@H](O)C[C@H](O)/C=C/c1c(C2CC2)nc2ccccc2c1-c1ccc(F)cc1,0.0,train,../data/images/P-gp/235.png
236.0,C[C@H](CS)C(=O)N1CCC[C@H]1C(=O)O,0.0,train,../data/images/P-gp/236.png
237.0,C=C1CC(COc2ccc3c(C)cc(=O)oc3c2)(c2ccccc2)OC1=O,0.0,train,../data/images/P-gp/237.png
238.0,CO[C@H](C(=O)[C@@H](O)[C@@H](C)O)[C@@H]1Cc2cc3cc(O[C@H]4C[C@@H](O[C@H]5C[C@@H](O)[C@H](O)[C@@H](C)O5)[C@H](O)[C@@H](C)O4)c(C)c(O)c3c(O)c2C(=O)[C@H]1O[C@H]1C[C@@H](O[C@H]2C[C@@H](O[C@H]3C[C@](C)(O)[C@H](O)[C@@H](C)O3)[C@H](O)[C@@H](C)O2)[C@H](O)[C@@H](C)O1,1.0,train,../data/images/P-gp/238.png
239.0,Cc1nc2ccccc2n(C)c1=O,0.0,train,../data/images/P-gp/239.png
240.0,Cc1nc(N)ccc1CNC(=O)Cn1c(C)cnc(NCCc2ccccc2)c1=O,1.0,train,../data/images/P-gp/240.png
241.0,NC(=O)N1c2ccccc2CC(=O)c2ccccc21,1.0,train,../data/images/P-gp/241.png
242.0,COC[C@@H]([C@H](O)[C@H](O)C(=O)NCC[C@H](C)c1nc(/C=C/C[C@@H]2O[C@]3(C[C@@H](O)[C@@H]2C)O[C@H]([C@H](C[C@H](O)[C@H](C)[C@H](O)[C@H](C)/C=C(C)/C(C)=C/C=C/C(C)=C\C#N)OC)[C@H](OP(=O)(O)O)C3(C)C)co1)N(C)C,1.0,train,../data/images/P-gp/242.png
243.0,CC(C)C[C@@H](NC(=O)[C@@H](Cc1ccccc1)NC(=O)c1cnccn1)B(O)O,1.0,train,../data/images/P-gp/243.png
244.0,CNC(=O)C(C)(C)n1cc(Nc2ncc(C(F)(F)F)c(NC)n2)c(C)n1,1.0,train,../data/images/P-gp/244.png
245.0,CNc1ccc(OC)cc1-c1nc2cc3ccccc3cc2n(C)c1=O,0.0,train,../data/images/P-gp/245.png
246.0,CC(=O)O[C@H]1[C@H](O)[C@@H](C)O[C@@H](OC(=O)[C@H]2CC[C@@H]3[C@@H](C2)O[C@@]2(C[C@H](OC(=O)/C=C/c4ccccc4)[C@H](C)CO2)[C@@]32CO2)[C@@H]1O[C@@H]1O[C@H](C)[C@@H](O)[C@H](O)[C@H]1O,1.0,train,../data/images/P-gp/246.png
247.0,CCCCc1nc(Cl)c(CO)n1Cc1ccc(-c2ccccc2-c2nn[nH]n2)cc1,1.0,train,../data/images/P-gp/247.png
248.0,COC(=O)c1c(F)cccc1-c1ccc(CNC(=O)C2(NC(=O)C(F)(F)Cl)CC2)c(F)c1,1.0,train,../data/images/P-gp/248.png
249.0,O=C(c1ccco1)N(C(=S)OC12CC3CC(CC(C3)C1)C2)c1ccccc1,0.0,train,../data/images/P-gp/249.png
250.0,CC(C)(O)CC[C@@H](O)[C@](C)(O)[C@H]1CC[C@@]2(O)C3=CC(=O)[C@@H]4C[C@@H](O)[C@@H](O)[C@@H](O)[C@]4(C)[C@H]3CC[C@]12C,0.0,train,../data/images/P-gp/250.png
251.0,CN(C)c1ccc(C=Cc2cc[n+](C)c3ccccc23)cc1,1.0,train,../data/images/P-gp/251.png
252.0,Cn1c(=O)c(COc2ccccc2C(=O)Nc2ccccc2)nc2ccccc21,1.0,train,../data/images/P-gp/252.png
253.0,CCC(=O)O[C@H]1C(=O)[C@]2(C)[C@H]([C@H](OC(=O)c3ccccc3)[C@]34OC(=O)O[C@H]3[C@H](OC(=O)[C@H](O)[C@H](C=C(C)C)NC(=O)OC(C)(C)C)C(C)=C1C4(C)C)[C@]1(OC(C)=O)CO[C@@H]1C[C@@H]2O,1.0,train,../data/images/P-gp/253.png
254.0,COC(=O)[C@@H]1c2cc3c(c(O)c2[C@@H](OC2OC(C)C(OC)C(C)(OC)C2OC)C[C@]1(C)O)C(=O)c1c(O)cc2c(c1C3=O)O[C@H]1O[C@]2(C)[C@H](O)[C@@H](N(C)C)[C@@H]1O,1.0,train,../data/images/P-gp/254.png
255.0,COC(=O)C1=CN(CC2=CC(=O)C(C)=CC2=O)C=C(C(=O)OC)C1c1ccccc1OC,0.0,train,../data/images/P-gp/255.png
256.0,COc1ccc2cc1Oc1ccc(cc1)C[C@H]1c3cc(c(OC)cc3CCN1C)Oc1c(OC)c(OC)cc3c1[C@H](C2)N(C)CC3,0.0,train,../data/images/P-gp/256.png
257.0,CNCCCOc1cc(F)c(-c2c(Cl)nc3ncnn3c2N[C@@H](C)C(F)(F)F)c(F)c1,0.0,train,../data/images/P-gp/257.png
258.0,CNCCN[C@@H]1c2cc3c(cc2[C@@H](c2cc(OC)c(O)c(OC)c2)[C@H]2C(=O)OC[C@@H]21)OCO3,1.0,train,../data/images/P-gp/258.png
259.0,OCCCCC#Cc1ccccc1C#Cc1ccc(O)cc1,0.0,train,../data/images/P-gp/259.png
260.0,CC(C)[C@@H]1NC(=O)[C@H](C(C)C)OC(=O)[C@H](C)OC(=O)[C@@H](C(C)C)NC(=O)[C@@H](C(C)C)OC(=O)[C@@H](C(C)C)NC(=O)[C@H](C)OC(=O)[C@@H](C(C)C)NC(=O)[C@@H](C(C)C)OC(=O)[C@@H](C(C)C)NC(=O)[C@@H](C)OC(=O)[C@H](C(C)C)NC1=O,1.0,train,../data/images/P-gp/260.png
261.0,NC12CC3CC(CC(C3)C1)C2,0.0,train,../data/images/P-gp/261.png
262.0,O=C(O)c1cn(Cc2ccc3ccccc3c2)c2cccc(F)c2c1=O,0.0,train,../data/images/P-gp/262.png
263.0,Fc1ccc(C(O[C@H]2C[C@H]3CC[C@@H](C2)N3)c2ccc(F)cc2)cc1,1.0,train,../data/images/P-gp/263.png
264.0,COc1ccc(C[C@H](N)C(=O)N[C@H]2[C@@H](O)[C@H](n3cnc4c(N(C)C)ncnc43)O[C@@H]2CO)cc1,1.0,train,../data/images/P-gp/264.png
265.0,CN1C[C@@](C)(c2cc(F)cc(F)c2)N(CCCc2cnc3c(c2)C[C@@]2(C3)C(=O)Nc3ncccc32)C(=O)C12CCCC2,0.0,train,../data/images/P-gp/265.png
266.0,CCCC(=O)O,0.0,train,../data/images/P-gp/266.png
267.0,COc1cc2c3c(n(CCNCCCNCCn4c5c(c6cc(OC)c(OC)cc6c4=O)C(=O)c4ccccc4-5)c(=O)c2cc1OC)-c1ccccc1C3=O,1.0,train,../data/images/P-gp/267.png
268.0,CC[C@H](C)[C@H]1NC(=O)[C@@H](NC(=O)[C@@H](CC(C)C)N(C)C(=O)[C@@H]2CCCN2C(=O)C(C)=O)[C@@H](C)OC(=O)[C@H](Cc2ccc(OC)cc2)N(C)C(=O)[C@@H]2CCCN2C(=O)[C@H](CC(C)C)NC(=O)[C@H](C(C)C)OC(=O)C[C@@H]1O,1.0,train,../data/images/P-gp/268.png
269.0,CC(C)(C)[Si](C)(C)OCC1OC(n2cnc3c(=O)[nH]c(N)nc32)C(O[Si](C)(C)C(C)(C)C)C1O[Si](C)(C)C(C)(C)C,1.0,train,../data/images/P-gp/269.png
270.0,O=c1c(Cc2ccccc2)nc2c(CC3CCCC3)[nH]c(-c3ccc(O)cc3)cn1-2,1.0,train,../data/images/P-gp/270.png
271.0,CN1CC(=O)N=C1N,0.0,train,../data/images/P-gp/271.png
272.0,COC(=O)C(N)CCCC(N)C(=O)NC(C)C(=O)NC(CCC(=O)NCCNCCNc1c2ccccc2nc2cccc([N+](=O)[O-])c12)C(N)=O,1.0,train,../data/images/P-gp/272.png
273.0,CC1(C)O[C@]2(C)CC[C@H]1CC2,0.0,train,../data/images/P-gp/273.png
274.0,C[C@@H](NC(=O)[C@@H](N)Cc1ccc(O)cc1)C(=O)NCC(=O)N(C)[C@@H](Cc1ccccc1)C(=O)NCCO,1.0,train,../data/images/P-gp/274.png
275.0,C[C@@H](NC(=O)C1(NC(=O)C(F)(F)F)CC1)c1ccc(-c2cccc(Cl)c2-c2nnn(C)n2)cc1F,1.0,train,../data/images/P-gp/275.png
276.0,Cc1cc2nc3cc(C)c(N)cc3[n+](-c3ccccc3)c2cc1N,1.0,train,../data/images/P-gp/276.png
277.0,CC(C)(C)NC(=O)[C@@H]1CN(Cc2cccnc2)CCN1C[C@@H](O)C[C@@H](Cc1ccccc1)C(=O)N[C@H]1c2ccccc2[C@@H](O)[C@H]1O,1.0,train,../data/images/P-gp/277.png
278.0,CC(=O)N(C)c1ccc(Nc2cc(C)nc3ccc4nc[nH]c4c23)cc1,1.0,train,../data/images/P-gp/278.png
279.0,CCCC1O[C@@H]2C[C@H]3[C@@H]4CCC5=CC(=O)C=C[C@]5(C)[C@H]4[C@@H](O)C[C@]3(C)[C@]2(C(=O)CO)O1,0.0,train,../data/images/P-gp/279.png
280.0,C/N=C(\NS(=O)(=O)N1CCOCC1)N1CC(c2ccccc2)C(c2ccc(Cl)cc2)=N1,0.0,train,../data/images/P-gp/280.png
281.0,Cc1ccc(/C=C/C(=O)c2c(C)[n+]([O-])c3ccccc3[n+]2[O-])cc1,1.0,train,../data/images/P-gp/281.png
282.0,COC(=O)C[C@](O)(CCCC(C)(C)O)C(=O)O[C@@H]1C(OC)=C[C@]23CCCN2CCc2cc4c(cc2[C@@H]13)OCO4,1.0,train,../data/images/P-gp/282.png
283.0,O=C(Nc1ccc2[nH]c(C(=O)N3CC(CCl)c4c3cc([N+](=O)[O-])c3ccccc43)cc2c1)c1cc2ccccc2o1,0.0,train,../data/images/P-gp/283.png
284.0,CCCCCCCCCCCC[n+]1ccccc1,1.0,train,../data/images/P-gp/284.png
285.0,CC1=C(C(=O)c2ccc(F)cc2)[C@@H](c2cccc(C)c2)NC(=S)N1C,1.0,train,../data/images/P-gp/285.png
286.0,C[C@]12CC[C@@H]3c4ccc(O[C@@H]5O[C@H](C(=O)O)[C@@H](O)[C@H](O)[C@H]5O)cc4CC[C@H]3[C@@H]1CC[C@@H]2O,1.0,train,../data/images/P-gp/286.png
287.0,Cc1c2oc3c(C)ccc(C(=O)NC4C(=O)NC(C(C)C)C(=O)N5CCCC5C(=O)N(C)CC(=O)N(C)C(C(C)O)C(=O)OC4C)c3nc-2c(C(=O)NC2C(=O)NC(C(C)C)C(=O)N3CCCC3C(=O)N(C)CC(=O)N(C)C(C(C)O)C(=O)OC2C)c(N)c1=O,1.0,train,../data/images/P-gp/287.png
288.0,Cc1cc2c3ccccc3n3c2c(n1)CCNC3C,0.0,train,../data/images/P-gp/288.png
289.0,CC[C@H]1C(=O)Nc2ccc(F)cc2N1C(=O)OC(C)C,0.0,train,../data/images/P-gp/289.png
290.0,C[C@@H](NC(=O)C1(NC(=O)c2cncc(Cl)n2)CC1)c1ccc(-n2nc(Cl)c3ccccc32)cc1F,0.0,train,../data/images/P-gp/290.png
291.0,CN(C)c1ccc2c(-c3ccsc3C(=O)O)c3ccc(=[N+](C)C)cc-3sc2c1,1.0,train,../data/images/P-gp/291.png
292.0,COCCc1ccc(OCC(O)CNC(C)C)cc1,0.0,train,../data/images/P-gp/292.png
293.0,Nc1ccc(S(=O)(=O)Nc2ccccn2)cc1,0.0,train,../data/images/P-gp/293.png
294.0,c1ccc(CN2CCc3[nH]c4ccccc4c3C2)cc1,0.0,train,../data/images/P-gp/294.png
295.0,Clc1ccc(C[P+](c2ccccc2)(c2ccccc2)c2ccccc2)c(Cl)c1,1.0,train,../data/images/P-gp/295.png
296.0,CCOC(=O)C1=CN(Cc2ccc(OC)cc2)c2ccccc2C1c1ccc(OC)cc1,1.0,train,../data/images/P-gp/296.png
297.0,CC12CC3OC(=O)C1COC14OC5(C2C1=O)C(O)(CCC1C4CC2OC24CC=CC(=O)C14C)C(=O)OC35C,0.0,train,../data/images/P-gp/297.png
298.0,Nc1c2c(nc3ccccc13)N(C1CCCCC1)CC2,0.0,train,../data/images/P-gp/298.png
299.0,O=C1/C(=C/c2ccc([N+](=O)[O-])cc2)CN(C(=O)CCSCCO)C/C1=C\c1ccc([N+](=O)[O-])cc1,1.0,train,../data/images/P-gp/299.png
300.0,Cc1[nH]c(C)c(-c2ccc(Oc3ccc(OC(F)(F)F)cc3)cc2)c(=O)c1Cl,0.0,train,../data/images/P-gp/300.png
301.0,O=C1/C(=C/c2ccccc2)CN(C(=O)/C=C/C(=O)N2C/C(=C\c3ccccc3)C(=O)/C(=C/c3ccccc3)C2)C/C1=C\c1ccccc1,1.0,train,../data/images/P-gp/301.png
302.0,c1ccc(C2=C(c3ccccc3)Sc3nnc(CCCCCCCCc4nnc5n4NC(c4ccccc4)=C(c4ccccc4)S5)n3N2)cc1,0.0,train,../data/images/P-gp/302.png
303.0,NCCCCCCCCn1c2c(c3ccccc3c1=O)C(=O)c1ccccc1-2,0.0,train,../data/images/P-gp/303.png
304.0,C[C@@H](O[C@H]1OCCN(Cc2nc(=O)[nH][nH]2)[C@H]1c1ccc(F)cc1)c1cc(C(F)(F)F)cc(C(F)(F)F)c1,1.0,train,../data/images/P-gp/304.png
305.0,CCN1C(=O)NC(=O)C(C)(N2C(=O)c3c(F)c(F)c(F)c(F)c3C2=O)C1=O,0.0,train,../data/images/P-gp/305.png
306.0,Nc1nc2c(ncn2[C@H]2O[C@@H](CO)[C@@H](O)[C@H]2O)c(=O)[nH]1,0.0,train,../data/images/P-gp/306.png
307.0,COc1ccc(C2=N[C@H](c3ccc(Cl)cc3)[C@H](c3ccc(Cl)cc3)N2C(=O)N2CCNC(=O)C2)c(OC(C)C)c1,1.0,train,../data/images/P-gp/307.png
308.0,C=CCOc1ccccc1OC[C@H](O)CNC(C)C,0.0,train,../data/images/P-gp/308.png
309.0,COc1cc(OC)c2c(c1)O[C@H](c1cc(OC)c(OC)c(OC)c1)[C@@H](OC(C)=O)C2=O,0.0,train,../data/images/P-gp/309.png
310.0,CC(C)Nc1cccnc1N1CCN(C(=O)c2cc3cc(NS(C)(=O)=O)ccc3[nH]2)CC1,1.0,train,../data/images/P-gp/310.png
311.0,CC(=C(C(=O)O)C(=O)O)c1cc(-c2cccs2)cc(-c2ccc(Cl)cc2)c1O,0.0,train,../data/images/P-gp/311.png
312.0,Oc1ccc2oc3ncc(OCc4cccc(Cl)c4)c(-c4ccc(Cl)cc4)c3c2c1,0.0,train,../data/images/P-gp/312.png
313.0,CCCCCCC[C@H]1OC(=O)C[C@H](O)[C@H](Cc2ccccc2)N(C)C(=O)C(C)(C)OC(=O)[C@H]1C,1.0,train,../data/images/P-gp/313.png
314.0,CC1=C(SCCO)C(=O)c2ccccc2C1=O,0.0,train,../data/images/P-gp/314.png
315.0,NS(=O)(=O)c1cc2c(cc1Cl)N=CNS2(=O)=O,0.0,train,../data/images/P-gp/315.png
316.0,COP(=S)(Oc1cc(Cl)c(Br)cc1Cl)c1ccccc1,0.0,train,../data/images/P-gp/316.png
317.0,CC1c2c(cc(CN3CCC(C#N)(c4ccccn4)CC3)c3ccccc23)C(=O)N1[C@H]1CCCC[C@@H]1O,0.0,train,../data/images/P-gp/317.png
318.0,COc1cccc2c1C(=O)c1c(O)c3c(c(O)c1C2=O)C[C@@](O)(C(C)=O)C[C@@H]3O[C@H]1C[C@H](NC(C)=O)[C@H](O)[C@H](C)O1,1.0,train,../data/images/P-gp/318.png
319.0,C=C[C@@H]1CN2CC[C@H]1C[C@@H]2[C@@H](O)c1ccnc2ccc(OC)cc12,1.0,train,../data/images/P-gp/319.png
320.0,Cc1cc(-c2nc3ccccc3s2)ccc1N,0.0,train,../data/images/P-gp/320.png
321.0,CC=C1C(=O)C[C@H]2[C@@H]3CCC4=CC(=O)CC[C@]4(C)[C@H]3CC[C@]12C,1.0,train,../data/images/P-gp/321.png
322.0,O=C(O)c1cc(O)c2c(c1)C(=O)c1cccc(O)c1C2=O,0.0,train,../data/images/P-gp/322.png
323.0,CN(C)CCCN1c2ccccc2Sc2ccccc21,0.0,train,../data/images/P-gp/323.png
324.0,COc1ccc(-c2ccc(OC)c(=O)cc2)c(OC)c1OC,0.0,train,../data/images/P-gp/324.png
325.0,COc1ccc(C(c2ccc(OC)cc2)C(Cl)(Cl)Cl)cc1,0.0,train,../data/images/P-gp/325.png
326.0,COc1cc2c(c(OC)c1O)-c1ccc(OC)c(=O)cc1[C@@H](NC(C)=O)CC2,1.0,train,../data/images/P-gp/326.png
327.0,CC(NC(C)(C)C)C(=O)c1cccc(Cl)c1,1.0,train,../data/images/P-gp/327.png
328.0,Cc1cc(C)n([C@@H]2O[C@H](CO)[C@H](O)[C@H](O)[C@H]2O)c(=S)c1C#N,0.0,train,../data/images/P-gp/328.png
329.0,CCN(CC)C(=O)Nc1ccc(OC[C@H](O)CNC(C)(C)C)c(C(C)=O)c1,1.0,train,../data/images/P-gp/329.png
330.0,O=C(c1ccc(Oc2nccnc2N2CCOCC2)cc1)c1nc2ccccc2[nH]1,0.0,train,../data/images/P-gp/330.png
331.0,CCOc1ccc(-c2nc3ccc(-c4nc5cc(N6CCN(C)CC6)ccc5[nH]4)cc3[nH]2)cc1,1.0,train,../data/images/P-gp/331.png
332.0,CC(C)OC(=O)c1ccc(NCC2=CC(=O)C=CC2=O)cc1,0.0,train,../data/images/P-gp/332.png
333.0,COc1cccc2c1C(=O)c1c(O)c3c(c(O)c1C2=O)C[C@@](O)(C(=O)CO)C[C@@H]3O[C@H]1C[C@H](N2CCOCC2)[C@H](O)[C@H](C)O1,0.0,train,../data/images/P-gp/333.png
334.0,COC(=O)c1c(Cl)cccc1-c1ccc([C@@H](C)NC(=O)C2(NC(=O)C(F)(F)F)CC2)c(F)c1,1.0,train,../data/images/P-gp/334.png
335.0,Cc1ccc(S(=O)(=O)N(CCOc2ccc(/C(N)=N/Cl)cc2)CCOc2ccc(/C(N)=N\Cl)cc2)cc1,1.0,train,../data/images/P-gp/335.png
336.0,COc1c(OC(C)=O)c(OC(C)=O)cc2c1-c1ccc(SC)c(=O)cc1C(NC(C)=O)CC2,1.0,train,../data/images/P-gp/336.png
337.0,CCC(=O)N(c1ccccc1)C1CCN(CCc2ccccc2)CC1,0.0,train,../data/images/P-gp/337.png
338.0,C=C(O)CN1(CCN2(CCN(CC(=O)O)(CC(=O)NC)->[Eu]<-2<-1)CC(=O)O)CC(=O)NC,0.0,train,../data/images/P-gp/338.png
339.0,O=C1C(=Cc2ccccc2)CN(C(=O)CCN2CCCCC2)CC1=Cc1ccccc1,0.0,train,../data/images/P-gp/339.png
340.0,Cc1ccccc1OC(C)C(=O)NN1C(=O)CC(=O)N(c2ccccc2)C1=S,0.0,train,../data/images/P-gp/340.png
341.0,Nc1ccn([C@@H]2CO[C@H](CO)O2)c(=O)n1,0.0,train,../data/images/P-gp/341.png
342.0,CC1=C[C@H]2O[C@@H]3C[C@H]4OC(=O)/C=C/C=C/[C@H]([C@@H](C)O)OC[C@H](O)[C@H](C)CC(=O)OC[C@@]2(C[C@@H]1O)[C@]4(C)[C@@]31CO1,1.0,train,../data/images/P-gp/342.png
343.0,CN(C)c1ccc(-c2c3ccc(=[N+](C)C)cc-3[te]c3cc(N(C)C)ccc23)cc1,1.0,train,../data/images/P-gp/343.png
344.0,N#Cc1cc2c(n([C@@H]3O[C@H](CO)[C@@H](O)[C@H](O)[C@H]3O)c1=S)CCCC2,0.0,train,../data/images/P-gp/344.png
345.0,O=C1C=CC(=O)c2ccc(=O)ccc21,0.0,train,../data/images/P-gp/345.png
346.0,CCC1=C[C@@H]2CN(C1)Cc1c([nH]c3ccccc13)[C@@](C(=O)OC)(c1cc3c(cc1OC)N(C)[C@H]1[C@@](O)(C(=O)OC)[C@H](OC(C)=O)[C@]4(CC)C=CCN5CC[C@]31[C@@H]54)C2,1.0,train,../data/images/P-gp/346.png
347.0,C=C[C@@H]1C[C@]1(NC(=O)[C@@H]1C[C@@H](Oc2cc(-c3ccccc3)nc3cc(OC)ccc23)CN1C(=O)[C@@H](NC(=O)OC(C)(C)C)C(C)(C)C)C(=O)NNS(=O)(=O)c1ccccc1,1.0,train,../data/images/P-gp/347.png
348.0,COc1ccc2c(c1)CCC[C@H]2CCCN1CCc2cc(OC)c(OC)cc2C1,1.0,train,../data/images/P-gp/348.png
349.0,COc1cc(OC)c2c(c1)O[C@H](c1cc(OC)c(OC)c(OC)c1)[C@@H](OC(=O)c1ccc(F)c(NC(=O)/C=C/c3cc(OC)c(OC)c(OC)c3)c1)C2,1.0,train,../data/images/P-gp/349.png
350.0,COC(=O)c1c(-c2ccc(C)cc2)ccn(Cc2ccccc2)c1=O,0.0,train,../data/images/P-gp/350.png
351.0,CC[C@@H](C(=O)[C@@H](C)[C@@H](O)[C@H](C)[C@@H]1O[C@@H]([C@@H](CC)C(=O)O)CC[C@@H]1C)[C@H]1O[C@]2(C=C[C@@H](O)[C@]3(CC[C@@](C)([C@H]4CC[C@](O)(CC)[C@H](C)O4)O3)O2)[C@H](C)C[C@@H]1C,0.0,train,../data/images/P-gp/351.png
352.0,COc1cc(OC)c2c(c1)O[C@H](c1cc(OC)c(OC)c(OC)c1)[C@@H](OC(=O)c1ccc(F)c(NC(=O)/C=C/c3cc(OC)c(OC)c(OC)c3)c1)C2=O,1.0,train,../data/images/P-gp/352.png
353.0,COc1cc2c(c(OC)c1OC)-c1ccc(OC)c(=O)cc1[C@@H](NC(C)=O)CC2,1.0,train,../data/images/P-gp/353.png
354.0,COc1cc2c(cc1OC)[C@@H]1CN(C)CC[C@@H]1N=C2c1ccc(NS(=O)(=O)c2ccc(C)cc2)cc1,1.0,train,../data/images/P-gp/354.png
355.0,COC(=O)[C@@]12OC[C@]34[C@@H]1[C@H](OC(=O)C=C(C)C(C)C)C(=O)O[C@@H]3C[C@H]1C(C)C(=O)C(=O)C[C@@]1(C)[C@@H]4[C@H](O)[C@@H]2O,1.0,train,../data/images/P-gp/355.png
356.0,C=C1[C@H](OC(C)=O)C[C@@H](OC(C)=O)C(C)(C)/C=C/[C@@H](C)C(=O)[C@@]2(OC(C)=O)C[C@@](C)(OC(C)=O)[C@H](OC(C)=O)[C@@H]2[C@H]1OC(C)=O,1.0,train,../data/images/P-gp/356.png
357.0,CC(=O)O[C@H]1C(=O)[C@@]2(C)C(C(OC(=O)c3ccccc3)[C@]3(O)CC(OC(=O)[C@H](OC(=O)CCC(=O)O)C(NC(=O)c4ccccc4)c4ccccc4)C(C)=C1C3(C)C)C1(OC(C)=O)COC1C[C@@H]2OC(=O)CCC(=O)O,1.0,train,../data/images/P-gp/357.png
358.0,CN(CCNC(=O)c1n[nH]c2c1ccc1ccccc12)CCNC(=O)c1n[nH]c2c1ccc1ccccc12,1.0,train,../data/images/P-gp/358.png
359.0,CCCCCCCCCCC[N+]1(Cc2ccccc2)CC2CCN(Cc3ccccc3)CC2C1,1.0,train,../data/images/P-gp/359.png
360.0,CCc1ccccc1NC(=O)C(C#N)C1=C(Cl)C(=O)c2ccccc2C1=O,0.0,train,../data/images/P-gp/360.png
361.0,Nc1ccc(Br)cc1-c1nc2cc3ccccc3cc2nc1O,1.0,train,../data/images/P-gp/361.png
362.0,CC(=O)[C@H]1CC[C@@]2(O)C3=CC(=O)[C@@H]4C[C@@H](O)[C@@H](O)C[C@]4(C)C3=CC[C@]12C,1.0,train,../data/images/P-gp/362.png
363.0,Cc1ccc2[nH]c3c(C)c4cc[n+](C)cc4c(C)c3c2c1,1.0,train,../data/images/P-gp/363.png
364.0,COc1cc2c3c(n(C)c(=O)c2cc1OC)-c1cc2c(cc1C3=O)OCO2,0.0,train,../data/images/P-gp/364.png
365.0,CCOC(=O)C1=C(C)NC(C)=C(C(=O)OC)[C@H]1c1cccc(Cl)c1Cl,0.0,train,../data/images/P-gp/365.png
366.0,C[Se]C(=O)c1cccc(C(=O)[Se]C)n1,0.0,train,../data/images/P-gp/366.png
367.0,C=C1c2nc3ccccc3n2C=C(c2ccc(OC)cc2)N1c1ccc(OCCN2CCOCC2)cc1,0.0,train,../data/images/P-gp/367.png
368.0,C=C1C[C@H]2C/C=C/C(=O)C/C(C)=C\C=C\C(=O)O[C@@H]([C@@H](O)NC(=O)/C=C\C=C\C)C/C(C)=C/[C@@H](C1)O2,0.0,train,../data/images/P-gp/368.png
369.0,C/C=C(\C)c1cc(=O)c2c(C)cc3c(c2o1)C(=O)c1c(O)c(C2CC(C)(N(C)C)C(O)C(C)O2)cc(C2CC(N(C)C)C(O)C(C)O2)c1C3=O,1.0,train,../data/images/P-gp/369.png
370.0,O=P1(Cc2ccccc2)c2ccccc2-c2ccccc21,1.0,train,../data/images/P-gp/370.png
371.0,C=C[C@H]1C[N@+]2(C)CC[C@H]1C[C@@H]2[C@@H](O)c1ccnc2ccc(OC)cc12,1.0,train,../data/images/P-gp/371.png
372.0,COc1cc(OC)c2c(c1)O[C@H](c1cc(OC)c(OC)c(OC)c1)[C@@H](OC(=O)/C=C/c1cc(OC)c(OC)c(OC)c1)C2,1.0,train,../data/images/P-gp/372.png
373.0,CC(=O)OCOC(=O)CN(CC(=O)OCOC(C)=O)Cc1cc2c(cc1OC(C)=O)Oc1cc(OC(C)=O)c(CN(CC(=O)OCOC(C)=O)CC(=O)OCOC(C)=O)cc1C21OC(=O)c2ccccc21,1.0,train,../data/images/P-gp/373.png
374.0,O=C(O)CN1C(=O)N(CCCCN2CCN(c3ccco3)CC2)C2(C1=O)c1ccccc1-c1ccccc12,0.0,train,../data/images/P-gp/374.png
375.0,C[N+](C)(C)C1=NNC2=Nc3ccccc3SC2=C1,0.0,train,../data/images/P-gp/375.png
376.0,CCC(C)C1NC(=O)C(NC(=O)C(CC(C)C)N(C)C(=O)[C@@H]2C=CCN2C(=O)[C@H](C)O)C(C)OC(=O)[C@H](Cc2ccc(OC)cc2)N(C)C(=O)[C@@H]2CCCN2C(=O)[C@H](CC(C)C)NC(=O)C(C)C(=O)[C@H](C(C)C)OC(=O)CC1O,1.0,train,../data/images/P-gp/376.png
377.0,COc1cc2c(c(OC)c1OC)-c1cccc(=O)cc1[C@@H](NC(C)=O)CC2,1.0,train,../data/images/P-gp/377.png
378.0,CC(=O)c1c(C)[n+]([O-])c2ccccc2[n+]1[O-],0.0,train,../data/images/P-gp/378.png
379.0,CCN(CCCl)c1cc(CN(C)C)cc(NC(=O)c2ccc(C(=O)Nc3cc(CN(C)C)cc(N(CC)CCCl)c3)cc2)c1,1.0,train,../data/images/P-gp/379.png
380.0,CCOC(=O)NC(NNc1ccc([N+](=O)[O-])cc1[N+](=O)[O-])(C(F)(F)F)C(F)(F)F,0.0,train,../data/images/P-gp/380.png
381.0,O=C(c1ccc(OCCN2CCCCC2)cc1)C1c2ccc(O[C@@H]3O[C@H](C(=O)O)[C@@H](O)[C@H](O)[C@H]3O)cc2SC1c1ccc(O)cc1,0.0,train,../data/images/P-gp/381.png
382.0,O=C1CC[C@@]2(O)[C@H]3Cc4ccc(O)c5c4[C@@]2(CCN3CC2CC2)[C@H]1O5,0.0,train,../data/images/P-gp/382.png
383.0,O=c1c(Cc2ccc(F)cc2)nc2c(Cc3ccccc3)[nH]c(-c3ccc(O)cc3)cn1-2,1.0,train,../data/images/P-gp/383.png
384.0,COc1cccc(CCc2ccccc2OCc2ccccc2OC)c1,1.0,train,../data/images/P-gp/384.png
385.0,CC(=O)Nc1ccccc1C=C1c2ccccc2-c2ccccc21,0.0,train,../data/images/P-gp/385.png
386.0,CCCC[C@H]1OC(=O)C[C@H](OCOC)[C@H](Cc2ccccc2)N(C)C(=O)COC(=O)[C@H]1C,1.0,train,../data/images/P-gp/386.png
387.0,CC(C)C[C@@H]1NC(=O)[C@H](CCCN)NC(=O)[C@H](C(C)C)NC(=O)[C@@H]2CCCN2C(=O)[C@@H](Cc2ccccc2)NC(=O)[C@H](CC(C)C)NC(=O)[C@H](CCCN)NC(=O)[C@H](C(C)C)NC(=O)[C@H]2CCCN2C(=O)[C@@H](Cc2ccccc2)NC1=O,0.0,train,../data/images/P-gp/387.png
388.0,COc1c(C(=O)N[C@H]2CCCC[C@@H]2O)cc(Cc2ccc(Cl)nc2)c2ccccc12,0.0,train,../data/images/P-gp/388.png
389.0,CCCCCCCC[n+]1ccccc1,1.0,train,../data/images/P-gp/389.png
390.0,CCCS(=O)(=O)Nc1ccc(F)c(C(=O)c2c[nH]c3ncc(-c4ccc(Cl)cc4)cc23)c1F,1.0,train,../data/images/P-gp/390.png
391.0,CC(=O)O[C@H]1C(=O)[C@@]2(C)C(C(OC(=O)c3ccccc3)[C@]3(O)CC(OC(=O)[C@H](OC(=O)CCC(=O)O)C(NC(=O)c4ccccc4)c4ccccc4)C(C)=C1C3(C)C)C1(OC(C)=O)COC1C[C@@H]2O,1.0,train,../data/images/P-gp/391.png
392.0,CC(C)=CCc1c(O)cc(O)c2c(=O)cc(-c3ccccc3)oc12,0.0,train,../data/images/P-gp/392.png
393.0,CN1CC=CCC1,1.0,train,../data/images/P-gp/393.png
394.0,COc1ccc(-c2coc3c4c(ccc3c2=O)OCO4)cc1OC,0.0,train,../data/images/P-gp/394.png
395.0,Cn1cc(-c2ccc(Cn3cc(C(=O)O)c(=O)c4c3CCCC4O)cc2)cn1,1.0,train,../data/images/P-gp/395.png
396.0,CNC(=O)ON(C(C)=O)C(=O)NC,0.0,train,../data/images/P-gp/396.png
397.0,COc1cccc2c1C(=O)c1c(O)c3c(c(O)c1C2=O)C[C@@](O)(C(=O)CO)C[C@@H]3O[C@H]1C[C@H](N)[C@H](O[C@@H]2CCCCO2)[C@H](C)O1,1.0,train,../data/images/P-gp/397.png
398.0,c1ccc2c(NCCCCCCNc3c4ccccc4nc4ccccc34)c3ccccc3nc2c1,1.0,train,../data/images/P-gp/398.png
399.0,COc1cc(OC)c2c(c1)O[C@H](c1cc(OC)c(OC)c(OC)c1)[C@@H](OC(=O)c1ccc(OC)c(OC)c1)C2=O,1.0,train,../data/images/P-gp/399.png
400.0,CN(C)CCC=C1c2ccccc2CCc2ccccc21,0.0,train,../data/images/P-gp/400.png
401.0,CCCCSC[C@H](NC(=O)C=Cc1c(C)[nH]c(=O)[nH]c1=O)C(=O)OC,1.0,train,../data/images/P-gp/401.png
402.0,Cc1c(C(=O)/C=C/c2ccccc2)[n+]([O-])c2ccccc2[n+]1[O-],1.0,train,../data/images/P-gp/402.png
403.0,CN(C)c1cccc(-c2c3ccc(=[N+](C)C)cc-3[te]c3cc(N(C)C)ccc23)c1,1.0,train,../data/images/P-gp/403.png
404.0,O=C(O)c1ccc2c3c(ncnc13)-c1ccccc1C2=O,0.0,train,../data/images/P-gp/404.png
405.0,C#CCN(C)[C@H](C)Cc1ccccc1,0.0,train,../data/images/P-gp/405.png
406.0,COC(=O)CC[C@@H](C)[C@H]1CC(=O)[C@@]2(C)C3=C(C(=O)C[C@]12C)[C@@]1(C)CCC(=O)C(C)(C)[C@@H]1CC3=O,1.0,train,../data/images/P-gp/406.png
407.0,C=C1C(=O)C=C2C=C3C(=O)C(C)(C)C[C@]3(O)[C@@]12C,0.0,train,../data/images/P-gp/407.png
408.0,COc1ccc(C(=O)OCCOc2c(-c3ccc(OC)c(OC)c3)oc3cc(OC)cc(OC)c3c2=O)cc1,1.0,train,../data/images/P-gp/408.png
409.0,CCN1/C(=C/C=C/C=Cc2sc3ccccc3[n+]2CC)Sc2ccccc21,1.0,train,../data/images/P-gp/409.png
410.0,C1=C\CCCCN2C[C@H]3CCCC/C=C\CCCCN4CC[C@@H]([C@H](CCCCCC/1)C4)[C@H](C3)C2,0.0,train,../data/images/P-gp/410.png
411.0,CN1C(C(=O)Nc2ccccn2)=C(O)c2sccc2S1(=O)=O,1.0,train,../data/images/P-gp/411.png
412.0,COCC(=O)O[C@@H]1Cc2cc(F)ccc2[C@H](C(C)C)[C@H]1CCN(C)CCCc1nc2ccccc2[nH]1,1.0,train,../data/images/P-gp/412.png
413.0,Clc1ccc(Cn2cc(/C=N/n3cnnc3)c3ccccc32)cc1,0.0,train,../data/images/P-gp/413.png
414.0,O=C(Nc1c2c(nc3ccccc13)N(Cc1cccc(Cl)c1)CC2)C12CC3CC(CC(C3)C1)C2,0.0,train,../data/images/P-gp/414.png
415.0,CCOC(=O)c1cn2c(n1)sc1cc(C)c(C)cc12,0.0,train,../data/images/P-gp/415.png
416.0,O=C1C(Cl)=C(Nc2ccc3cn[nH]c3c2)C(=O)c2ccccc21,0.0,train,../data/images/P-gp/416.png
417.0,CN(C)c1ccc2c(-c3ccc(C(=O)O)s3)c3ccc(=[N+](C)C)cc-3sc2c1,1.0,train,../data/images/P-gp/417.png
418.0,N=C(N)N/N=C/c1nc2n(c1[N+](=O)[O-])CCS2,1.0,train,../data/images/P-gp/418.png
419.0,CN1C[C@@H]2c3ccccc3Oc3ccc(Cl)cc3[C@H]2C1,1.0,train,../data/images/P-gp/419.png
420.0,N#CC12CC=C(c3ccccc3)N=C1NC(c1ccccc1)=CC2,0.0,train,../data/images/P-gp/420.png
421.0,C=C1C(O)C2(O)OCC34C(CC5C(C)=CC(=O)C(O)C5(C)C23)OC(=O)C(OC(=O)C/C=C(\C)CCCCC)C14,1.0,train,../data/images/P-gp/421.png
422.0,COc1ccc(C(CC2OC(=O)c3ccccc32)=NNC(=O)C[N+](C)(C)C)cc1,0.0,train,../data/images/P-gp/422.png
423.0,COc1ccccc1NS(=O)(=O)c1cc(C(C)(C)C)ccc1OCCOc1ccc(C(C)(C)C)cc1S(=O)(=O)Nc1ccccc1OC,0.0,train,../data/images/P-gp/423.png
424.0,COc1ccc(Cl)cc1C(=O)NCCc1ccc(S(=O)(=O)NC(=NC2CCCCC2)NC#N)cc1,1.0,train,../data/images/P-gp/424.png
425.0,O=C1/C(=C/c2ccc(Cl)cc2)CN(C(=O)c2ccc(OCCN3CCOCC3)cc2)C/C1=C\c1ccc(Cl)cc1,1.0,train,../data/images/P-gp/425.png
426.0,O=[N+]([O-])C(=C(Nc1cccc2cccnc12)Nc1cccc2cccnc12)C(Cl)=C(Cl)Cl,0.0,train,../data/images/P-gp/426.png
427.0,COc1cccc2c1C(=O)c1c(O)c3c(c(O)c1C2=O)C[C@@](O)(C(C)=NNC(=O)c1ccccc1)C[C@@H]3OC1CC(N)C(O)C(C)O1,1.0,train,../data/images/P-gp/427.png
428.0,N#C[C@@H]1C(=S)N([C@@H]2O[C@H](CO)[C@@H](O)[C@H](O)[C@H]2O)C(c2ccccc2)=C[C@H]1c1ccco1,0.0,train,../data/images/P-gp/428.png
429.0,COC1C(C)OC(OC2CC(C)(O)Cc3cc4c(c(O)c32)C(=O)c2c(O)cc3c(c2C4=O)OC2OC3(C)C(O)C(N(C)C)C2O)C(OC)C1(C)OC,1.0,train,../data/images/P-gp/429.png
430.0,CC(=O)OC1[C@]2(O)CC3=C([C@H](OC(C)=O)C(C)(C)C3=O)[C@@]1(C)[C@@H](OC(C)=O)[C@@]1(O)C[C@H](C)[C@H](OC(=O)c3ccccc3)[C@@H]1[C@H]2OC(C)=O,1.0,train,../data/images/P-gp/430.png
431.0,C=C[C@@]1(C)C[C@H](O)[C@@H]2C(=C)C(=O)O[C@@H]2[C@@H]1C(=C)C=O,0.0,train,../data/images/P-gp/431.png
432.0,CC(C)(O)CC[C@@H](O)[C@](C)(O)[C@H]1CC[C@@]2(O)C3=CC(=O)[C@H]4C[C@@H](O)C[C@@H](O)[C@]4(C)[C@H]3CC[C@]12C,0.0,train,../data/images/P-gp/432.png
433.0,C[C@@H]1C[C@H]2[C@@H]3CCC4=CC(=O)C=C[C@]4(C)[C@@]3(F)[C@@H](O)C[C@]2(C)[C@@]1(O)C(=O)CO,1.0,train,../data/images/P-gp/433.png
434.0,COCCN(C[C@H]1C[C@@H]1C)c1cc(-c2nnc([C@](C)(N)Cc3ccc(F)cc3)o2)c(Cl)c(N(C)S(C)(=O)=O)n1,0.0,train,../data/images/P-gp/434.png
435.0,O=C1CC/C(=C/COc2cc(=O)oc3ccccc23)O1,0.0,train,../data/images/P-gp/435.png
436.0,N#CC[C@H](CC(=O)O)NC(=O)CN1CCc2ccc(N3CCNCC3)cc2C1=O,0.0,train,../data/images/P-gp/436.png
437.0,CCCC(=O)Oc1cc2c(c(OC)c1OC)-c1ccc(SC)c(=O)cc1C(NC(C)=O)CC2,1.0,train,../data/images/P-gp/437.png
438.0,O=C(C=Cc1ccc(O)cc1)CC(=O)C=Cc1ccc(O)cc1,0.0,train,../data/images/P-gp/438.png
439.0,O=C(N[C@H]1CCCC[C@@H]1O)c1cc(CN2CCN(c3cc4scnc4cn3)CC2)c2ccccn2c1=O,0.0,train,../data/images/P-gp/439.png
440.0,C/C=C1\NC(=O)[C@H]2CSSCC/C=C/[C@H](CC(=O)N[C@H](C(C)C)C(=O)N2)OC(=O)[C@H](C(C)C)NC1=O,1.0,train,../data/images/P-gp/440.png
441.0,CSc1ccc(NC(=O)CCl)cc1,0.0,train,../data/images/P-gp/441.png
442.0,O=[N+]([O-])C1=Cc2c(O)ccc(O)c2C2OC=CC12,0.0,train,../data/images/P-gp/442.png
443.0,CCOC(=O)C1C(C)=NC(C)=C(C(=O)OCCNC(=O)CCc2ccc(O)c(I)c2)C1c1ccccc1C(F)(F)F,1.0,train,../data/images/P-gp/443.png
444.0,CC(=O)c1sc2c(c1OC(=O)c1ccc(Cl)cc1Cl)c(=O)n(-c1ccccc1)c(=S)n2-c1ccccc1,0.0,train,../data/images/P-gp/444.png
445.0,O=CC1C(Cl)=Nc2nc3ccccc3n2C1c1ccccc1,0.0,train,../data/images/P-gp/445.png
446.0,CC(=O)Nc1ccc2c3c(cc(O)c2c1)N(C(=O)CCCCC(=O)N1CC(CCl)c2c1cc(O)c1cc(NC(C)=O)ccc21)CC3CCl,1.0,train,../data/images/P-gp/446.png
447.0,O=c1cc(-c2ccccc2)oc2cc(O)cc(O)c12,0.0,train,../data/images/P-gp/447.png
448.0,CN/C(=C\[N+](=O)[O-])NCCSCc1ccc(CN(C)C)o1,0.0,train,../data/images/P-gp/448.png
449.0,COc1cc2c(c3nc4ccccc4nc13)-c1ccc(SC)c(=O)cc1[C@@H](NC(C)=O)CC2,1.0,train,../data/images/P-gp/449.png
450.0,CC(C)(CC[C@@H](O)[C@](C)(O)[C@H]1CC[C@@]2(O)C3=CC(=O)[C@@H]4C[C@@H](O)CC[C@]4(C)[C@H]3CC[C@]12C)O[C@@H]1O[C@H](CO)[C@@H](O)[C@H](O)[C@H]1O,0.0,train,../data/images/P-gp/450.png
451.0,Clc1ccc([C@@H](c2ccccc2Cl)C(Cl)Cl)cc1,0.0,train,../data/images/P-gp/451.png
452.0,CN(C)C(=O)N1CC(c2cc(F)ccc2F)=C[C@H]1c1ccccc1,0.0,train,../data/images/P-gp/452.png
453.0,COC(=O)C1=C(C)NC(C)=C(C(=O)OC(C)C)C1c1cccc2nonc12,0.0,train,../data/images/P-gp/453.png
454.0,CCn1cc(C(=O)O)c(=O)c2cc(F)c(N3CCN(C)CC3)cc21,0.0,train,../data/images/P-gp/454.png
455.0,CC(=O)O[C@H]1C(=O)O[C@@H]2C[C@H]3C(C)=CC(=O)[C@@H](O)[C@]3(C)[C@H]3[C@]4(O)OC[C@]32[C@@H]1[C@@H](C)[C@H]4O,1.0,train,../data/images/P-gp/455.png
456.0,COc1cc(OC)c2c(c1)O[C@H](c1cc(OC)c(OC)c(OC)c1)[C@H](OC(=O)c1ccc(F)cc1)C2,1.0,train,../data/images/P-gp/456.png
457.0,CC(=O)OC1(C)CC(=O)OCC23CCC(C)=CC2OC2CC(OC(=O)/C=C/C=C/C(C(C)O)OCC1O)C3(C)C21CO1,1.0,train,../data/images/P-gp/457.png
458.0,C[C@]12C=CC(=O)C=C1CC[C@@H]1[C@@H]2C(=O)C[C@@]2(C)[C@H]1CC[C@]2(O)C(=O)CO,1.0,train,../data/images/P-gp/458.png
459.0,CO[C@@H]1C[C@](C)(O)Cc2cc3c(c(O)c21)C(=O)c1c(O)cc2c(c1C3=O)O[C@H]1O[C@]2(C)[C@H](O)[C@@H](N(C)C)[C@@H]1O,1.0,train,../data/images/P-gp/459.png
460.0,COc1ccc(C=Cc2cc(OC)c(OC)c(OC)c2)cc1OCC(=O)O,0.0,train,../data/images/P-gp/460.png
461.0,CO[C@@H]1/C=C\C=C(/C)C(=O)NC2=CC(=O)C(NCCN(C)C)=C(C[C@@H](C)C[C@@H](OC)[C@@H](O)[C@H](C)/C=C(\C)[C@H]1OC(N)=O)C2=O,1.0,train,../data/images/P-gp/461.png
462.0,CC[C@H](C)[C@H]1O[C@@]2(C=C[C@@H]1C)C[C@@H]1C[C@@H](C/C=C(\C)[C@@H](O[C@H]3C[C@H](OC)[C@@H](O[C@H]4C[C@H](OC)[C@@H](O)[C@H](C)O4)[C@H](C)O3)[C@@H](C)/C=C/C=C3\CO[C@H]4[C@H](O)C(C)=C[C@@H](C(=O)O1)[C@@]34O)O2,1.0,train,../data/images/P-gp/462.png
463.0,Cc1ccc(/C(=C\CN2CCCC2)c2cccc(/C=C/C(=O)O)n2)cc1,1.0,train,../data/images/P-gp/463.png
464.0,C[C@H](O)[C@H]1/C=C/C=C\C(=O)O[C@@H]2C[C@H]3O[C@@H]4[C@@H]5O[C@]5(C)CCC4(COC(=O)[C@H]4O[C@]4(C)[C@@H](O)CO1)[C@]2(C)[C@]31CO1,1.0,train,../data/images/P-gp/464.png
465.0,COc1ccccc1OCCNC[C@H](O)COc1cccc2[nH]c3ccccc3c12,1.0,train,../data/images/P-gp/465.png
466.0,CC(=O)Nc1cc2c3c(cccc3c1)C(=O)N(CCN(C)C)C2=O,0.0,train,../data/images/P-gp/466.png
467.0,Cc1ccc(C(=O)NC2C(=O)NC(C(C)C)C(=O)N3CCCC3C(=O)N(C)CC(=O)N(C)C(C(C)C)C(=O)OC2C)c2c1Oc1c(c(C(=O)NC3C(=O)NC(C(C)C)C(=O)N4CCCC4C(=O)N(C)CC(=O)N(C)C(C(C)C)C(=O)OC3C)c3nc(-c4ccccc4)c(=O)oc3c1C)N2,1.0,train,../data/images/P-gp/467.png
468.0,CCC1=C(C)C(=O)O[C@@H]([C@](C)(O)[C@H]2CC[C@@]3(O)C4=CC(=O)[C@@H]5C[C@@H](O)[C@@H](O)C[C@]5(C)[C@H]4CC(=O)[C@]23C)C1,0.0,train,../data/images/P-gp/468.png
469.0,CC(=O)O[C@@]12CO[C@@H]1C[C@H](O)[C@]1(C)C(=O)[C@H](O)C3=C(C)[C@@H](OC(=O)[C@H](O)[C@H](C=C(C)C)NC(=O)OC(C)(C)C)[C@@H]4OC(=O)O[C@]4([C@@H](OC(=O)c4ccccc4)[C@H]21)C3(C)C,1.0,train,../data/images/P-gp/469.png
470.0,CCCCCCC[C@H]1OC(=O)C[C@@H](O)[C@H](Cc2ccccc2)N(C)C(=O)[C@H](C(C)C)OC(=O)[C@H]1C,1.0,train,../data/images/P-gp/470.png
471.0,Cc1nn(C(=O)c2ccccc2O)c2c1C(c1ccc([N+](=O)[O-])cc1)SC(=N)N2,0.0,train,../data/images/P-gp/471.png
472.0,N#CC1(c2ccccn2)CCN(Cc2cc(C(=O)NC3CCOCC3)c(=O)n3ccccc23)CC1,1.0,train,../data/images/P-gp/472.png
473.0,Cc1nnc2n1-c1ccc(Cl)cc1C(c1ccccc1)=NC2,1.0,train,../data/images/P-gp/473.png
474.0,CC1(c2nc3cc(Cl)c(Cl)cc3[nH]2)CCC(CO)C(C)(C)O1,0.0,train,../data/images/P-gp/474.png
475.0,C/C=C/[C@H]1O[C@@H]2C(=C[C@H]1O)C(=O)O[C@H]2C,0.0,train,../data/images/P-gp/475.png
476.0,NS(=O)(=O)c1ccc(NC(=S)NC(=O)Nc2ccc(Cl)c(Cl)c2)cc1,0.0,train,../data/images/P-gp/476.png
477.0,CCOc1ccc2nc3cc(N=Nc4ccc(N)nc4N)ccc3c(N)c2c1,1.0,train,../data/images/P-gp/477.png
478.0,Cc1onc(-c2c(Cl)cccc2Cl)c1C(=O)N[C@@H]1C(=O)N2[C@@H]1SC(C)(C)[C@@H]2C(=O)O,1.0,train,../data/images/P-gp/478.png
479.0,CC(C)CC[C@H]1OC(C)(C)O[C@]1(C)[C@H]1CC[C@@]2(O)C3=CC(=O)[C@@H]4C[C@@H](O)[C@@H](O)C[C@]4(C)[C@H]3[C@H](O)C[C@]12C,0.0,train,../data/images/P-gp/479.png
480.0,CCC(C)C1NC(=O)C(NC(=O)c2c3nc4c(C(=O)NC5C(=O)NC(C(C)CC)C(=O)N6CCCC6C(=O)N(C)CC(=O)N(C)C(C(C)C)C(=O)OC5C)ccc(C)c4oc-3c(C)c(=O)c2N)C(C)OC(=O)C(C(C)C)N(C)C(=O)CN(C)C(=O)C2CCCN2C1=O,1.0,train,../data/images/P-gp/480.png
481.0,COc1cc(C(=O)NC2CCc3cc(OC)c(OC)c(OC)c3-c3ccc(OC)c(=O)cc32)cc(OC)c1OC,1.0,train,../data/images/P-gp/481.png
482.0,C=C[C@@H]1C[C@]1(NC(=O)[C@@H]1C[C@@H](Oc2cc(-c3ccccc3)nc3cc(OC)ccc23)CN1C(=O)[C@@H](NC(=O)OC(C)(C)C)C(C)(C)C)C(=O)NS(=O)(=O)c1ccc(C)cc1,1.0,train,../data/images/P-gp/482.png
483.0,COC(=O)C1=C(C)NC(C)=C(C(=O)OCCN(C)Cc2ccccc2)C1c1cccc([N+](=O)[O-])c1,0.0,train,../data/images/P-gp/483.png
484.0,CC(C)Nc1ccnc(N2CCN(C(=O)c3cc4cc(NS(C)(=O)=O)ccc4[nH]3)CC2)c1,1.0,train,../data/images/P-gp/484.png
485.0,CCOC(=O)C=C(C(=O)OCC)n1ccc(=O)n(Cc2cnnn2COCCOC(C)=O)c1=O,0.0,train,../data/images/P-gp/485.png
486.0,Cc1cccc2c(NCCN(C)C)c3cccc(C(=O)NCCN(C)C)c3nc12,0.0,train,../data/images/P-gp/486.png
487.0,CC(=O)N1CCN(c2ccc(OC[C@H]3CO[C@](Cn4ccnc4)(c4ccc(Cl)cc4Cl)O3)cc2)CC1,0.0,train,../data/images/P-gp/487.png
488.0,Cc1ccc(-c2cs/c(=N\c3ccccc3)n2NC(=O)c2ccncc2)cc1,0.0,train,../data/images/P-gp/488.png
489.0,CCOC(=O)c1ccccc1-c1c2ccc(=[N+](C)C)cc-2oc2cc(N(C)C)ccc12,1.0,train,../data/images/P-gp/489.png
490.0,CCOP(=S)(OCC)SCn1c(=O)oc2cc(Cl)ccc21,0.0,train,../data/images/P-gp/490.png
491.0,C[C@@H](CN1CC(=O)NC(=O)C1)N1CC(=O)NC(=O)C1,0.0,train,../data/images/P-gp/491.png
492.0,C/C1=C\[C@@H]2[C@H](CC[C@]3(CO3)[C@H](OC(=O)c3cccc(C)c3)[C@H]3[C@@H](OC(=O)c4cccc(C)c4)[C@@H](C)C[C@]3(O)C1=O)C2(C)C,1.0,train,../data/images/P-gp/492.png
493.0,CN[C@@H](C)C(=O)N[C@H](C(=O)N1C[C@@H]2CCCN2C[C@H]1C(=O)N[C@@H]1CCOc2ccccc21)C1CCCCC1,1.0,train,../data/images/P-gp/493.png
494.0,CC[C@H](C[C@H]1OC(C)(C)O[C@]1(C)[C@H]1CC[C@@]2(O)C3=CC(=O)[C@@H]4C[C@H]5OC(C)(C)O[C@H]5C[C@]4(C)[C@H]3CC[C@]12C)C(C)(C)O,1.0,train,../data/images/P-gp/494.png
495.0,Cc1cc(O)c2c(c1)C[C@H](O)C1=C2C(=O)c2c(O)ccc(O[C@H]3C[C@@H](O)[C@@H](O[C@H]4C[C@H](O[C@H]5CC[C@H](O[C@H]6C[C@@H](O)[C@@H](O[C@@H]7C[C@H](O[C@@H]8CC[C@H](O)[C@H](C)O8)[C@H](O)[C@H](C)O7)[C@H](C)O6)[C@H](C)O5)[C@H](O)[C@H](C)O4)[C@H](C)O3)c2C1=O,0.0,train,../data/images/P-gp/495.png
496.0,O=C(NCCNCCNCCNC(=O)c1cc(-c2ccccc2)nc2ccccc12)c1cc(-c2ccccc2)nc2ccccc12,1.0,train,../data/images/P-gp/496.png
497.0,COc1cccc(CCc2ccccc2NCc2cc(OC)cc(OC)c2)c1,1.0,train,../data/images/P-gp/497.png
498.0,O=C1/C(=C/c2ccc([N+](=O)[O-])cc2)CN(C(=O)CCSCCS(=O)(=O)O)C/C1=C\c1ccc([N+](=O)[O-])cc1,0.0,train,../data/images/P-gp/498.png
499.0,C=C(C)CC[C@@H](O)[C@](C)(O)[C@H]1CC[C@@]2(O)C3=CC(=O)[C@@H]4C[C@@H](O)[C@@H](O)C[C@]4(C)C3=CC[C@]12C,0.0,train,../data/images/P-gp/499.png
500.0,C[C@H]1[C@@H](O)O[C@@H]2O[C@@]3(C)CC[C@H]4[C@H](C)CC[C@@H]1[C@@]24OO3,0.0,train,../data/images/P-gp/500.png
501.0,CC1(C)CC(Nc2ccc(Nc3ccccc3)cc2)CC(C)(C)N1,0.0,train,../data/images/P-gp/501.png
502.0,CC(C)(O)CC[C@H]1OC(C)(C)O[C@]1(C)[C@H]1CC[C@@]2(O)C3=CC(=O)[C@]4(O)C[C@@H](O)[C@@H](O)C[C@]4(C)[C@H]3CC[C@]12C,0.0,train,../data/images/P-gp/502.png
503.0,Cc1cc2cc3cc(C)c(N(C)C)cc3nc2cc1N(C)C,1.0,train,../data/images/P-gp/503.png
504.0,NC(=O)N1C(=O)[C@@H](C(=O)c2cccs2)c2cc(Cl)ccc21,1.0,train,../data/images/P-gp/504.png
505.0,COc1cc([C@@H]2c3cc4c(cc3[C@H](N(C)C)[C@H]3COC(=O)[C@H]23)OCO4)cc(OC)c1OC,0.0,train,../data/images/P-gp/505.png
506.0,CN(C)c1ccc(C=C2C[N+](C)(C)CC(=Cc3ccc(N(C)C)cc3)C2=O)cc1,1.0,train,../data/images/P-gp/506.png
507.0,Cc1nc2n(c(=O)c1CCN1CCC(c3noc4cc(F)ccc34)CC1)CCCC2O,1.0,train,../data/images/P-gp/507.png
508.0,OCCN1CCN(CCCN2c3ccccc3Sc3ccc(Cl)cc32)CC1,0.0,train,../data/images/P-gp/508.png
509.0,Cc1nc2ccccc2n1CCc1nc2ccccc2s1,0.0,train,../data/images/P-gp/509.png
510.0,CC[C@H](NC)C(=O)N[C@H](C(=O)N1C[C@@H]2Cc3cc(Cl)ccc3N2C[C@H]1C(=O)N[C@@H]1CCOc2ccccc21)C1CCCCC1,0.0,train,../data/images/P-gp/510.png
511.0,Cn1c(CC(O)c2nc3ccccc3n2C)nc2ccccc21,0.0,train,../data/images/P-gp/511.png
512.0,COC1=CC(=O)c2c(O)c3c(c(O)c2C1=O)C=C(C)OC3O,0.0,train,../data/images/P-gp/512.png
513.0,CCCCC[C@@H]1OCO[C@@]2(C)/C=C(C)/C=C/C(=O)O[C@H]([C@@H](C)[C@@H](O)[C@H](C)[C@@]3(O)C[C@@H](O[C@H]4C[C@@H](O)[C@H](O)[C@@H](C)O4)[C@H](C)[C@@H](C)O3)[C@@H](OC)/C=C/C=C(\C)C[C@@H]1[C@@H]2O,1.0,train,../data/images/P-gp/513.png
514.0,CC[C@H](C)[C@H]1C(=O)O[C@H](C(C)C)C(=O)N(C)[C@@H](C(C)C)C(=O)O[C@H](C(C)C)C(=O)N(C)[C@@H](C(C)C)C(=O)O[C@H](C(C)C)C(=O)N1C,1.0,train,../data/images/P-gp/514.png
515.0,O=[N+]([O-])c1cccc2nc3ccccc3c(NCCC[N+]3([O-])CCCCC3)c12,1.0,train,../data/images/P-gp/515.png
516.0,CN(C)c1ccc2c(-c3ccccc3)c3ccc(N(C)C)cc3[s+]c2c1,1.0,train,../data/images/P-gp/516.png
517.0,CN1C(=O)CN=C(c2ccccc2)c2cc(Cl)ccc21,0.0,train,../data/images/P-gp/517.png
518.0,COc1ccc(CC2C(=O)NC(C)C(=O)N(C)C3C(=O)N(C)C(Cc4ccc(O)c(c4)Oc4ccc(cc4)C3O)C(=O)NC(C)C(=O)NC(C)C(=O)N2C)cc1,1.0,train,../data/images/P-gp/518.png
519.0,CN1C(=O)COc2c(C(=O)NC3CN4CCC3CC4)cc(Cl)cc21,1.0,train,../data/images/P-gp/519.png
520.0,CCCCCN(CCCOC)C(=O)[C@@H](CCC(=O)O)NC(=O)c1ccc(Cl)c(Cl)c1,1.0,train,../data/images/P-gp/520.png
521.0,CC(=O)O[C@H]1C[C@]2(C)[C@H]3CC[C@]4(C)[C@@H]([C@@](C)(O)[C@@H](CCC(C)(C)O)OC(C)=O)CC[C@@]4(O)C3=CC(=O)[C@]2(O)C[C@H]1O,0.0,train,../data/images/P-gp/521.png
522.0,CC(=O)N1N=C(c2cc(F)ccc2F)C[C@H]1c1cccc(O)c1,0.0,train,../data/images/P-gp/522.png
523.0,Cc1ncc2n1-c1ccc(Cl)cc1C(c1ccccc1F)=N[C@H]2O,0.0,train,../data/images/P-gp/523.png
524.0,CCC(=O)N(c1ccccc1)C1(COC)CCN(CCc2cccs2)CC1,0.0,train,../data/images/P-gp/524.png
525.0,CC(=O)O[C@H]1CC2C(C3CC[C@H](C(C)CCC(N)=O)[C@]31C)[C@H](OC(C)=O)C[C@@H]1CC3(CC[C@]21C)OOC1(CCC(C)CC1)OO3,0.0,train,../data/images/P-gp/525.png
526.0,O=C(C=Cc1ccccc1)Oc1cccc(O)c1,0.0,train,../data/images/P-gp/526.png
527.0,C=C(CCCC(C)(C)O)[C@H]1CC[C@@]2(O)C3=CC(=O)[C@@H]4C[C@@H](O)[C@@H](O)C[C@]4(C)[C@H]3CC[C@]12C,0.0,train,../data/images/P-gp/527.png
528.0,COc1cc(C(C#N)(CCCN(C)CCc2cccc(N=[N+]=[N-])c2)C(C)C)cc(OC)c1OC,1.0,train,../data/images/P-gp/528.png
529.0,CC(=O)[C@H]1O[C@@H](Oc2ccc(C=C(C)C(=O)N[C@@H]3[C@H](O)[C@@H](O)[C@H]4OCO[C@H]4[C@@H]3O)cc2O)[C@@H](O)[C@@H]1O,0.0,train,../data/images/P-gp/529.png
530.0,O=C(NN=Cc1cc(Br)cc(Br)c1O)N/N=C/c1cc(Br)cc(Br)c1O,0.0,train,../data/images/P-gp/530.png
531.0,O=C1C2=C(C(=O)c3c(O)ccc(O)c31)[C@@H](O)[C@@H](O)[C@@H](O)C2,0.0,train,../data/images/P-gp/531.png
532.0,CN1CCN(c2ccc3[nH]c(-c4ccc5[nH]c(-c6ccc(O)cc6)nc5c4)nc3c2)CC1,1.0,train,../data/images/P-gp/532.png
533.0,CC(C)CC(=O)N[C@H](C(=O)N[C@H](C(=O)N[C@@H](CC(C)C)[C@@H](O)CC(=O)N[C@@H](C)C(=O)N[C@@H](CC(C)C)[C@@H](O)CC(=O)O)C(C)C)C(C)C,1.0,train,../data/images/P-gp/533.png
534.0,CCCOc1ccc(S(=O)(=O)N2CCN(CC)CC2)cc1-c1nc2c(CC)n(Cc3ccccn3)nc2c(=O)[nH]1,1.0,train,../data/images/P-gp/534.png
535.0,COc1cccc2c1C(=O)c1c(O)c3c(c(O)c1C2=O)C[C@@](O)(C(C)=NNC(=O)c1cccc([N+](=O)[O-])c1)C[C@@H]3OC1CC(N)C(O)C(C)O1,1.0,train,../data/images/P-gp/535.png
536.0,COc1ccc2/c(=C/c3ccc(N(C)C)cc3)c3cc(-c4ccccc4)[n+](C)n3c2c1,1.0,train,../data/images/P-gp/536.png
537.0,COc1cccc2c1C(=O)c1c(O)c3c(c(O)c1C2=O)C[C@@](O)(C(=O)CO)C[C@@H]3O[C@H]1C[C@H](N)[C@H](O)[C@H](C)O1,1.0,train,../data/images/P-gp/537.png
538.0,C[C@]12CC[C@@H]3c4ccc(OC(=O)c5ccccc5)cc4CC[C@H]3[C@@H]1CCC2OC(=O)c1cccc2c(=O)c3ccccc3[nH]c12,0.0,train,../data/images/P-gp/538.png
539.0,Cc1c2cc[n+](C)cc2c(C)c2c1[nH]c1ccccc12,1.0,train,../data/images/P-gp/539.png
540.0,c1ccc2[nH]c(Nc3ccc(Oc4nccnc4N4CCOCC4)cc3)nc2c1,1.0,train,../data/images/P-gp/540.png
541.0,OCCN1CCN(CC/C=C2\c3ccccc3Sc3ccc(C(F)(F)F)cc32)CC1,1.0,train,../data/images/P-gp/541.png
542.0,CC[C@@]1(O)C(=O)OCc2c1cc1n(c2=O)Cc2cc3c(CN(C)C)c(O)ccc3nc2-1,1.0,train,../data/images/P-gp/542.png
543.0,N=c1ccc2c(-c3ccccc3C(=O)O)c3ccc(N)cc3oc-2c1,1.0,train,../data/images/P-gp/543.png
544.0,Clc1cc2nc([C@@H]3CCCN3c3cc(N4CCO[C@H](c5ccccc5)C4)ncn3)[nH]c2cc1Cl,0.0,train,../data/images/P-gp/544.png
545.0,CC(=O)C[Se]C(=O)c1ccc(Cl)cc1,1.0,train,../data/images/P-gp/545.png
546.0,c1ccc(COc2ccc(C[P+](c3ccccc3)(c3ccccc3)c3ccccc3)cc2)cc1,1.0,train,../data/images/P-gp/546.png
547.0,Nc1cc(C2CCCc3c2[nH]c2ccccc32)ccc1O,0.0,train,../data/images/P-gp/547.png
548.0,COc1ccc2c(c1)C(=CCCN1CCc3cc(OC)c(OC)cc3C1)CCC2,1.0,train,../data/images/P-gp/548.png
549.0,CC[C@@]1([C@@H]2O[C@@H]([C@H]3O[C@@](O)(CO)[C@H](C)C[C@@H]3C)C[C@@H]2C)CC[C@H]([C@]2(C)CC[C@]3(C[C@H](O)[C@@H](C)[C@@H]([C@@H](C)[C@@H](OC)[C@H](C)C(=O)O)O3)O2)O1,1.0,train,../data/images/P-gp/549.png
550.0,CN(C)CCNC(=O)c1ccc(NCCCN(C)CCCNc2ccc(C(=O)NCCN(C)C)c3[nH]c4ccccc4c(=O)c23)c2c(=O)c3ccccc3[nH]c12,1.0,train,../data/images/P-gp/550.png
551.0,Cc1cc(C#N)cc(C)c1Oc1nc(Nc2ccc(C#N)cc2)nc(N)c1Br,0.0,train,../data/images/P-gp/551.png
552.0,CCN1CCCC1CNC(=O)c1cc(S(=O)(=O)CC)c(N)cc1OC,1.0,train,../data/images/P-gp/552.png
553.0,C=C1CC2[C@H](C)C(=O)CCC2(C)C2=C1C1CCC(C(C)CCC(=C)C(C)C(=O)O)C1(C)CC2=O,0.0,train,../data/images/P-gp/553.png
554.0,COc1cc([C@@H]2c3cc4c(cc3[C@@H](O[C@@H]3O[C@@H]5CO[C@@H](c6cccs6)O[C@H]5[C@H](O)[C@H]3O)[C@H]3COC(=O)[C@H]23)OCO4)cc(OC)c1O,1.0,train,../data/images/P-gp/554.png
555.0,CCOC(=O)c1sc(N/N=C2\NC(=O)C(=Cc3ccc([N+](=O)[O-])cc3)S2)nc1C,0.0,train,../data/images/P-gp/555.png
556.0,Cn1cc(-c2ccc3c(c2)c(C2CCN(CCN4CCNC4=O)CC2)cn3-c2ccc(F)cc2)nn1,1.0,train,../data/images/P-gp/556.png
557.0,O=C(N[C@H]1CCCC[C@@H]1O)c1cc(CN2CCN(c3cc4ccccc4cn3)CC2)c2ccccn2c1=O,0.0,train,../data/images/P-gp/557.png
558.0,COc1cc2c(cc1OC)-c1cc3cc(OC)c(OC)cc3c(=O)n1CC2,0.0,train,../data/images/P-gp/558.png
559.0,COc1c2c(cc3c1-c1ccc(OC)c(=O)cc1[C@@H](NC(C)=O)CC3)OCO2,1.0,train,../data/images/P-gp/559.png
560.0,COc1ccc(OC)c(NC(=O)c2cccc(NC3=C(Cl)C(=O)N(Cc4ccccc4)C3=O)c2)c1,0.0,train,../data/images/P-gp/560.png
561.0,Cc1ccc(-c2nc3ccc(C)cn3c2CC(=O)N(C)C)cc1,0.0,train,../data/images/P-gp/561.png
562.0,COc1cc2c(c(OC(C)=O)c1OC(C)=O)-c1ccc(SC)c(=O)cc1[C@@H](NC(C)=O)CC2,1.0,train,../data/images/P-gp/562.png
563.0,CC(NC(C)(C)CO)C(=O)c1cccc(Cl)c1,1.0,train,../data/images/P-gp/563.png
564.0,CC1(C)CC(OCCCC[P+](c2ccccc2)(c2ccccc2)c2ccccc2)CC(C)(C)N1O,1.0,train,../data/images/P-gp/564.png
565.0,C=C(C=O)[C@@H]1CC=C(C=O)CC1,0.0,train,../data/images/P-gp/565.png
566.0,O=[N+]([O-])c1cc(Cc2cc([N+](=O)[O-])c3cccnc3c2O)c(O)c2ncccc12,0.0,train,../data/images/P-gp/566.png
567.0,COc1c(C[C@@H](C)OC(=O)Oc2ccc(O)cc2)c2c3c(C[C@@H](C)OC(=O)c4ccccc4)c(OC)c(=O)c4c(O)cc(OC)c(c5c(OC)cc(O)c(c1=O)c52)c43,0.0,train,../data/images/P-gp/567.png
568.0,COc1ccc2nc3cc(Cl)ccc3c(Nc3cc(CN4CCCC4)c(O)c(CN4CCCC4)c3)c2n1,1.0,train,../data/images/P-gp/568.png
569.0,CC[C@H](NC)C(=O)N[C@H](C(=O)N1C[C@@H]2Cc3cc(Cl)cc(Cl)c3N2C[C@H]1C(=O)N[C@@H]1CCOc2ccccc21)C1CCCCC1,0.0,train,../data/images/P-gp/569.png
570.0,Nc1ccc(O)c(C(=O)O)c1,0.0,train,../data/images/P-gp/570.png
571.0,CN(C)c1ccc(/C=c2/c3ccccc3n3c2c2c([n+]3C)CCCC2)cc1,1.0,train,../data/images/P-gp/571.png
572.0,O=[N+]([O-])c1ccc(Oc2c(Cl)cc(S(=O)(=O)/N=C(\NO)Nc3ccc(Cl)cc3)cc2Cl)c(Cl)c1,0.0,train,../data/images/P-gp/572.png
573.0,CC[C@H]1OC(=O)[C@H](C)[C@@H](O[C@H]2C[C@@](C)(OC)[C@@H](O)[C@H](C)O2)[C@H](C)[C@@H](O[C@@H]2O[C@H](C)C[C@H](N(C)C)[C@H]2O)[C@](C)(O)C[C@@H](C)CN(C)[C@H](C)[C@@H](O)[C@]1(C)O,1.0,train,../data/images/P-gp/573.png
574.0,Nc1nnc2oc3ccc4ccccc4c3cc1-2,0.0,train,../data/images/P-gp/574.png
575.0,CCOC(=O)C1C(=O)C(C(=O)OCC)C(c2ccccc2)N(C)C1c1ccccc1,0.0,train,../data/images/P-gp/575.png
576.0,CN(C)c1ccc2c(-c3ccc(N4CCOCC4)cc3)c3ccc(=[N+](C)C)cc-3[se]c2c1,1.0,train,../data/images/P-gp/576.png
577.0,C=CCSc1nnc2cc(CN3CCCC3)c(-c3ccc(Cl)cc3)nn12,0.0,train,../data/images/P-gp/577.png
578.0,CC(O)CC(=O)CO[C@H]1[C@H](O)[C@@H](O)[C@@H](O)[C@@H]2NC(=O)c3c(cc4c(c3O)OCO4)[C@H]21,1.0,train,../data/images/P-gp/578.png
579.0,COCCCC/C(=N\OCCN)c1ccc(C(F)(F)F)cc1,1.0,train,../data/images/P-gp/579.png
580.0,CN(C)CC[C@H](c1ccc(Cl)cc1)c1ccccn1,0.0,train,../data/images/P-gp/580.png
581.0,COc1c(N2CCNC(C)C2)c(F)cc2c(=O)c(C(=O)O)cn(C3CC3)c12,1.0,train,../data/images/P-gp/581.png
582.0,CC[C@H]1OC(=O)[C@H](C)C(=O)[C@H](C)[C@@H](O[C@@H]2O[C@H](C)C[C@H](N(C)C)[C@H]2O)[C@](C)(OC)C[C@@H](C)C(=O)[C@H](C)[C@H]2N(CCCCn3cnc(-c4cccnc4)c3)C(=O)O[C@]12C,1.0,train,../data/images/P-gp/582.png
583.0,CC(=O)OC1CCC2(C)C(=CCC3C4Cc5cnn(-c6ccc(F)cc6)c5NC4(C)CCC32)C1,0.0,train,../data/images/P-gp/583.png
584.0,COC(=O)Nc1nc2cc(Sc3ccccc3)ccc2[nH]1,0.0,train,../data/images/P-gp/584.png
585.0,COc1cccc(-c2c3ccc(=[N+](C)C)cc-3[se]c3cc(N(C)C)ccc23)c1,1.0,train,../data/images/P-gp/585.png
586.0,C[C@]12CCC(=O)C=C1CC[C@@H]1[C@@H]2[C@@H](O)C[C@@]2(C)[C@H]1CC[C@]2(O)C(=O)CO,1.0,train,../data/images/P-gp/586.png
587.0,O=C1C(Cl)=C(Cl)C(=O)N1c1ccc(F)cc1,0.0,train,../data/images/P-gp/587.png
588.0,CCCCC(CC)C(=O)O[C@@H]1[C@@H]2[C@@H](OC(=O)C(CC)CCCC)[C@]3(CC[C@H]4[C@@H](/C=C(\C)C(=O)[C@@]2(O)C[C@@H]1C)C4(C)C)CO3,1.0,train,../data/images/P-gp/588.png
589.0,C=C[C@H]1CN2CC[C@H]1C[C@@H]2[C@@H](O)c1ccnc2ccc(OC)cc12,1.0,train,../data/images/P-gp/589.png
590.0,CCCCCCC[C@H]1OC(=O)C[C@@H](O)[C@H](Cc2ccccc2)N(C)C(=O)COC(=O)[C@H]1C,1.0,train,../data/images/P-gp/590.png
591.0,COc1cccc(C(=O)c2cc3cc(OC)ccc3[nH]2)c1,0.0,train,../data/images/P-gp/591.png
592.0,COc1cc(OC)c2c(c1)O[C@H](c1cc(OC)c(OC)c(OC)c1)[C@@H](OC(=O)c1ccc(F)c(NC(=O)c3ccc(OC)c(OC)c3)c1)C2,1.0,train,../data/images/P-gp/592.png
593.0,CC1C(=O)C(C)C(c2ccccc2)N(C)C1c1ccccc1,0.0,train,../data/images/P-gp/593.png
594.0,CN[C@@H]1CCc2cc(OC)c(OC)c(OC)c2-c2ccc(OC)c(=O)cc21,1.0,train,../data/images/P-gp/594.png
595.0,Cc1[nH]nc(-c2cc(Cl)c(O)cc2O)c1-c1ccc(OCCCC#N)cc1,0.0,train,../data/images/P-gp/595.png
596.0,CC(c1ccccc1)(c1ccccc1)c1ccccc1,1.0,train,../data/images/P-gp/596.png
597.0,CCN(CC)CCN1Cc2cc(OC)c3c(c2-c2c(cc(OC)c4c2OCO4)C1=O)OCO3,1.0,train,../data/images/P-gp/597.png
598.0,COc1ccc2c(c1)CC[C@@H]1[C@@H]2CC[C@]2(C)C(=O)/C(=C/c3ccncc3)C[C@@H]12,0.0,train,../data/images/P-gp/598.png
599.0,CC(=O)O[C@H]1C(=O)[C@@]2(C)C(C(OC(=O)c3ccccc3)[C@]3(O)C[C@H](OC(=O)C(OC(=O)CCCC(=O)NCCCN(C)C)C(NC(=O)c4ccccc4)c4ccccc4)C(C)=C1C3(C)C)C1(OC(C)=O)COC1C[C@@H]2O,1.0,train,../data/images/P-gp/599.png
600.0,O=C1[C@@H]2[C@H]3c4ccccc4[C@H](c4ccccc43)[C@@H]2C(=O)N1CC#CCN1CCN(Cc2ccccc2)CC1,1.0,train,../data/images/P-gp/600.png
601.0,CCC(=O)C(C[C@H](C)N(C)C)(c1ccccc1)c1ccccc1,1.0,train,../data/images/P-gp/601.png
602.0,CO[C@@H]1[C@H](C)O[C@H](O[C@H]2C[C@@](C)(O)Cc3cc4c(c(O)c32)C(=O)c2c(O)cc3c(c2C4=O)O[C@@H]2O[C@@]3(C)[C@@H](O)[C@@H](N(C)C)[C@@H]2O)[C@H](OC)[C@@]1(C)OC,1.0,train,../data/images/P-gp/602.png
603.0,O=C(O)C=C(CC(=O)O)C(=O)O,0.0,train,../data/images/P-gp/603.png
604.0,O=C1c2cc(CN3CCC(F)(c4ccccn4)CC3)c3ccccc3c2CN1[C@H]1CCCC[C@@H]1O,1.0,train,../data/images/P-gp/604.png
605.0,CCCC(=O)OC[C@H]1C[C@]2(OC(=O)/C=C/c3ccccc3)C(=O)/C(C)=C/[C@@H]3[C@H](CC[C@@]4(C)O[C@@H]4[C@H]2[C@H]1OC(=O)CCC)C3(C)C,1.0,train,../data/images/P-gp/605.png
606.0,CC(=O)/C=C/c1cn(C(=O)OC(C)(C)C)c2ccc(Br)cc12,0.0,train,../data/images/P-gp/606.png
607.0,CN(C(=O)C(c1ccccc1)c1ccccc1)[C@H](CN1CC[C@H](O)C1)c1ccccc1,1.0,train,../data/images/P-gp/607.png
608.0,Cc1cccc(Nc2nc3ccccc3nc2NS(=O)(=O)c2ccc(N)cc2)c1,0.0,train,../data/images/P-gp/608.png
609.0,C[C@H]1O[C@@H](O[C@H]2[C@@H](O)C[C@H](O[C@H]3[C@@H](O)C[C@H](O[C@H]4CC[C@@]5(C)[C@@H](CC[C@@H]6[C@@H]5CC[C@]5(C)[C@@H](C7=CC(=O)OC7)CC[C@]65O)C4)O[C@@H]3C)O[C@@H]2C)C[C@H](O)[C@@H]1O,1.0,train,../data/images/P-gp/609.png
610.0,CN(C)c1ccc2c(-c3ccccc3C(=O)O)c3ccc(=[N+](C)C)cc-3oc2c1,1.0,train,../data/images/P-gp/610.png
611.0,CCCCNC(=N)c1ccc(N2CCN(c3ccc(C(=N)NCCCC)cc3)CC2)cc1,1.0,train,../data/images/P-gp/611.png
612.0,COc1ccc(CNCCN(C/C=C(\C)CCC=C(C)C)Cc2ccc(OC)c(OC)c2)cc1OC,0.0,train,../data/images/P-gp/612.png
613.0,COc1cncc(C(=O)NC2(C(=O)N[C@H](C)c3ccc(-n4nc(Cl)c5ccccc54)cc3F)CC2)c1,1.0,train,../data/images/P-gp/613.png
614.0,COc1cc(Cc2cnc(N)nc2N)cc(OC)c1OC,1.0,train,../data/images/P-gp/614.png
615.0,CCN(CC)CCOc1ccc(C(=O)N2C/C(=C\c3ccccc3)C(=O)/C(=C/c3ccccc3)C2)cc1,1.0,train,../data/images/P-gp/615.png
616.0,CC(=O)O[C@@H]1[C@@H](O)[C@H](O[C@H]2[C@H](OC(=O)[C@H]3CC[C@@H]4[C@@H](C3)O[C@@]3(C[C@H](OC(=O)/C=C/c5ccccc5)[C@H](C)CO3)[C@@]43CO3)O[C@H](C)[C@@H](O)[C@@H]2OC(C)=O)O[C@H](C)[C@H]1O,1.0,train,../data/images/P-gp/616.png
617.0,O=C1c2c(O)cccc2-c2nn(CCNCCO)c3ccc(NCCNCCO)c1c23,1.0,train,../data/images/P-gp/617.png
618.0,COc1ccc(CNC(=O)c2cc(-c3cc(Cl)cc(Cl)c3)cnc2-c2cccnc2)cc1OC,1.0,train,../data/images/P-gp/618.png
619.0,CC(C)C1=C2CCC3(C)C(CCC4C5C6OCC5(CCC6(C)C)CCC43C)C2(C)CC1,0.0,train,../data/images/P-gp/619.png
620.0,CC(=O)O[C@H]1C[C@]2(C)[C@H]3CC[C@]4(C)[C@@H]([C@@](C)(O)[C@@H](CCC(C)(C)O)OC(C)=O)CC[C@@]4(O)C3=CC(=O)[C@]2(O)C[C@H]1OC(C)=O,1.0,train,../data/images/P-gp/620.png
621.0,Cc1n(Cc2ccccc2)c2c([n+]1C)C(=O)c1ccccc1C2=O,1.0,train,../data/images/P-gp/621.png
622.0,Cc1c2ccc3ccccc3c2c[n+]2ccccc12,1.0,train,../data/images/P-gp/622.png
623.0,C=C1C(=O)OC2CC1C(O)CC(C)=CCC/C(C)=C/C(O)CC2C,0.0,train,../data/images/P-gp/623.png
624.0,CCCc1nc(C(C)(C)O)c(C(=O)O)n1Cc1ccc(-c2ccccc2-c2nnn[nH]2)cc1,0.0,train,../data/images/P-gp/624.png
625.0,CCOC(=O)C1=C(C)NC(C)=C(C(=O)OC)[C@H]1c1cccc([N+](=O)[O-])c1,0.0,train,../data/images/P-gp/625.png
626.0,Cc1c2c(c(C)n1-c1ccccc1)C(=O)N(CCSC(=N)N)C2=O,0.0,train,../data/images/P-gp/626.png
627.0,COC(=O)C1C2CC3c4[nH]c5cc(OC)ccc5c4CCN3CC2CC(OC(=O)c2cc(OC)c(OC)c(OC)c2)C1OC,1.0,train,../data/images/P-gp/627.png
628.0,CCOC1c2cc(OC)c(OC)cc2-c2ccc3ccccc3c2N1C,1.0,train,../data/images/P-gp/628.png
629.0,CCCCCCCCCCCCCCCCCCNc1ccn(C2OC(COP(=O)(O)OCC3OC(n4cc(C)c(=O)[nH]c4=O)CC3N=[N+]=[N-])C(O)C2O)c(=O)n1,0.0,train,../data/images/P-gp/629.png
630.0,CN(C)CCNc1ccc2c(=O)n(CCN(C)C)c(=O)n3c4ccc([N+](=O)[O-])cc4c(=O)c1c23,0.0,train,../data/images/P-gp/630.png
631.0,CC/C(=C(\c1ccccc1)c1ccc(OCCNC)cc1)c1ccccc1,1.0,train,../data/images/P-gp/631.png
632.0,N#C[C@@]12CCCC(=O)[C@@H]1[C@H]1CCC[C@H]12,0.0,train,../data/images/P-gp/632.png
633.0,CCCC(=O)Nc1ccc(OC[C@H](O)CNC(C)C)c(C(C)=O)c1,1.0,train,../data/images/P-gp/633.png
634.0,CO[C@@H]1[C@H](C)O[C@H](O[C@H]2C[C@@H](Oc3cc4cc5c(c(O)c4c(O)c3C)C(=O)[C@@H](O[C@H]3C[C@H](O[C@H]4C[C@H](O[C@@H]6C[C@](C)(O)[C@H](OC(C)=O)[C@H](C)O6)[C@H](O)[C@H](C)O4)[C@H](O)[C@H](C)O3)[C@H]([C@@H](OC)C(=O)[C@@H](O)[C@H](C)O)C5)O[C@@H](C)[C@H]2OC(C)=O)C[C@@H]1O,1.0,train,../data/images/P-gp/634.png
635.0,CNC(=O)Oc1cccc2ccccc12,0.0,train,../data/images/P-gp/635.png
636.0,CNC1(c2ccccc2Cl)CCCCC1=O,0.0,train,../data/images/P-gp/636.png
637.0,CN(C)CCCN1c2ccccc2CCc2ccccc21,0.0,train,../data/images/P-gp/637.png
638.0,O=C(c1ccc(OCCN2CCCCC2)cc1)c1c(-c2ccc(O)cc2)sc2cc(O)ccc12,1.0,train,../data/images/P-gp/638.png
639.0,O=[S@@]1OC[C@@H]2[C@H](CO1)[C@@]1(Cl)C(Cl)=C(Cl)[C@@]2(Cl)C1(Cl)Cl,1.0,train,../data/images/P-gp/639.png
640.0,Cn1c2ccccc2c(=O)c2c(O)cc3c(c21)CC(C1(C)CO1)O3,0.0,train,../data/images/P-gp/640.png
641.0,CCOC(=O)Oc1cc2c(c(OC)c1OC)-c1ccc(SC)c(=O)cc1C(NC(C)=O)CC2,1.0,train,../data/images/P-gp/641.png
642.0,COc1ccc2nc3c([N+](=O)[O-])ccc4c3c(c2c1)N(CCCN(C)C)C(=S)N4CCCN(C)C,0.0,train,../data/images/P-gp/642.png
643.0,BrCCC[P+](c1ccccc1)(c1ccccc1)c1ccccc1,1.0,train,../data/images/P-gp/643.png
644.0,C[N+](C)=c1ccc2c(-c3ccccc3)c3cc4c5c(c3sc-2c1)CCCN5CCC4,1.0,train,../data/images/P-gp/644.png
645.0,NCCCN1CCN(CCCNc2ccc3ncn4c5ccccc5c(=O)c2c34)CC1,1.0,train,../data/images/P-gp/645.png
646.0,CC(=O)O[C@H]1CC2C(C3CC[C@H](C(C)CCC(=O)O)[C@]31C)[C@H](OC(C)=O)C[C@@H]1CC3(CC[C@]21C)OOC1(CCC(C)CC1)OO3,0.0,train,../data/images/P-gp/646.png
647.0,COc1cc(N(C)C)ccc1/C=c1/c2ccccc2n2c1cc(-c1ccccc1)[n+]2C,1.0,train,../data/images/P-gp/647.png
648.0,COc1c(O)c(O)cc2c1-c1ccc(OC)c(=O)cc1[C@@H](NC(C)=O)CC2,1.0,train,../data/images/P-gp/648.png
649.0,COc1ccc(/C=C2\CC3C4CC=C5C[C@@H](O)CC[C@]5(C)C4CC[C@]3(C)C2=O)cc1OC,0.0,train,../data/images/P-gp/649.png
650.0,CN(C)CCNC(=O)c1cccc2nc3c(C(=O)NCCN(C)C)cccc3nc12,1.0,train,../data/images/P-gp/650.png
651.0,C[C@@H](NC(=O)C1(NC(=O)c2cncc(F)c2)CC1)c1ccc(-n2nc(Cl)c3ccccc32)cc1F,1.0,train,../data/images/P-gp/651.png
652.0,COc1cc(C=Cc2ccc(C)cc2)cc(OC)c1OC,0.0,train,../data/images/P-gp/652.png
653.0,CC[C@H](C)[C@@H]([C@@H](CC(=O)N1CCC[C@H]1[C@H](OC)[C@@H](C)C(=O)N[C@@H](Cc1ccccc1)c1nccs1)OC)N(C)C(=O)[C@@H](NC(=O)[C@H](C(C)C)N(C)C)C(C)C,1.0,train,../data/images/P-gp/653.png
654.0,C=C(c1cccc(-c2cc3ccccc3[nH]2)c1)c1cc2ccccc2[nH]1,0.0,train,../data/images/P-gp/654.png
655.0,Cc1c2oc3c(C)ccc(C(=O)N[C@@H]4C(=O)N[C@H](C(C)C)C(=O)N5CCC[C@H]5C(=O)N(C)CC(=O)N(C)[C@@H](C(C)C)C(=O)O[C@H]4C)c3nc-2c(C(=O)N[C@@H]2C(=O)N[C@H](C(C)C)C(=O)N3CCC[C@H]3C(=O)N(C)CC(=O)N(C)[C@@H](C(C)C)C(=O)O[C@H]2C)c(N)c1=O,1.0,train,../data/images/P-gp/655.png
656.0,COc1ccc(NC(=S)N/N=C2\C(=O)Nc3ccccc32)cc1,0.0,train,../data/images/P-gp/656.png
657.0,COC(=O)c1c(F)cccc1-c1ccc([C@@H](C)NC(=O)C2(NC(=O)C(F)(F)Cl)CC2)c(F)c1,1.0,train,../data/images/P-gp/657.png
658.0,C/C(=C\CC[C@@H](C)[C@H]1CC[C@@]2(C)C3=C([C@@H](O)C[C@]12C)[C@@]1(C)CCC(=O)C(C)(C)[C@@H]1CC3=O)C(=O)O,1.0,train,../data/images/P-gp/658.png
659.0,CCCCCCNCCCNc1c2ccccc2nc2cccc([N+](=O)[O-])c12,1.0,train,../data/images/P-gp/659.png
660.0,COc1cccc(CCc2ccccc2NCc2ccc(OC)c(OC)c2)c1,1.0,train,../data/images/P-gp/660.png
661.0,OCCO[P+]1(OCCO)n2c3ccc2C(c2ccccc2)=C2C=CC(=N2)C(c2ccccc2)=c2ccc(n21)=C(c1ccccc1)C1=NC(=C3c2ccccc2)C=C1,1.0,train,../data/images/P-gp/661.png
662.0,O=C(O)c1ccc2c(c1)C(=O)OC21c2ccc(O)cc2Oc2cc(O)ccc21,0.0,train,../data/images/P-gp/662.png
663.0,O=C(O)CN12->[Eu]34<-N(CC(=O)O)(CC1)CCN->3(CC(=O)O)CCN->4(CC(=O)O)CC2,0.0,train,../data/images/P-gp/663.png
664.0,COc1c(OC(C)=O)c(OC(C)=O)cc2c1-c1ccc(SC)c(=O)cc1[C@@H](NC(C)=O)CC2,1.0,train,../data/images/P-gp/664.png
665.0,COc1cc(C(=O)N[C@H]2CCc3cc(OC)c(OC)c(OC)c3-c3ccc(OC)c(=O)cc32)cc(OC)c1OC,1.0,train,../data/images/P-gp/665.png
666.0,CC1(COS(=O)(=O)OCC2(C)COS(=O)(=O)OC2)COS(=O)(=O)OC1,0.0,train,../data/images/P-gp/666.png
667.0,CCN1C[C@@H](CCN2CCOCC2)C(c2ccccc2)(c2ccccc2)C1=O,0.0,train,../data/images/P-gp/667.png
668.0,COc1ccc(-c2c(C(C)=O)c(-c3ccccc3)n([C@H]3O[C@@H](COC(C)=O)[C@H](OC(C)=O)[C@@H](OC(C)=O)[C@@H]3OC(C)=O)c(=S)c2C#N)cc1,0.0,train,../data/images/P-gp/668.png
669.0,CCC(C)C1NC(=O)C(NC(=O)C(CC(C)C)N(C)C(=O)[C@@H]2CC(O)CN2)C(C)OC(=O)[C@H](Cc2ccc(OC)cc2)N(C)C(=O)[C@@H]2CCCN2C(=O)[C@H](CC(C)C)NC(=O)C(C)C(=O)[C@H](C(C)C)OC(=O)CC1O,1.0,train,../data/images/P-gp/669.png
670.0,CN(C)CCNC(=O)c1ccc(NCCCN(C)CCCNc2ccc(C(=O)NCCN(C)C)c3[nH]c4ccc([N+](=O)[O-])cc4c(=O)c23)c2c(=O)c3cc([N+](=O)[O-])ccc3[nH]c12,1.0,train,../data/images/P-gp/670.png
671.0,C[N+]1(C)CC(=CC=Cc2ccccc2)C(=O)C(=CC=Cc2ccccc2)C1,1.0,train,../data/images/P-gp/671.png
672.0,Cc1cn([C@H]2C=C[C@@H](CO)O2)c(=O)[nH]c1=O,0.0,train,../data/images/P-gp/672.png
673.0,CC(=O)O[C@H]1C(=O)[C@@]2(C)[C@H]([C@H](OC(=O)c3ccoc3)[C@]3(O)C[C@H](OC(=O)[C@H](O)[C@@H](NC(=O)c4ccccc4)c4ccccc4)C(C)=C1C3(C)C)[C@]1(OC(C)=O)CO[C@@H]1C[C@@H]2O,1.0,train,../data/images/P-gp/673.png
674.0,OC(CCN1CCCC1)(c1ccccc1)C1CCCCC1,0.0,train,../data/images/P-gp/674.png
675.0,CC(C)(O)CC[C@@H](O)[C@](C)(O)[C@H]1CC[C@]2(O)C3=CC(=O)[C@@H]4C[C@@H](O)[C@@H](O)C[C@]4(C)[C@H]3CC[C@]12C,0.0,train,../data/images/P-gp/675.png
676.0,O=C1C(F)=CC(COC(c2ccccc2)(c2ccccc2)c2ccccc2)OC1n1cc(F)c(=O)[nH]c1=O,0.0,train,../data/images/P-gp/676.png
677.0,CC12OC1(C)C1C(=O)OCC1C2=O,0.0,train,../data/images/P-gp/677.png
678.0,N=C(N)N/N=C/c1c(-c2ccc([N+](=O)[O-])cc2)nc2sccn12,1.0,train,../data/images/P-gp/678.png
679.0,CN(C)c1ccc2c(-c3ccc(C(=S)N4CCCCC4)s3)c3ccc(=[N+](C)C)cc-3[se]c2c1,1.0,train,../data/images/P-gp/679.png
680.0,CC(C)CCC[C@@H](C)[C@H]1CC[C@@H]2[C@H]3CC[C@H]4C[C@@H](CCC=C(c5cc(Cl)c(O)c(C(=O)O)c5)c5cc(Cl)c(O)c(C(=O)O)c5)CC[C@]4(C)[C@@H]3CC[C@@]21C,0.0,train,../data/images/P-gp/680.png
681.0,Cn1cc(C(=O)[C@@H]2CCc3nc[nH]c3C2)c2ccccc21,1.0,train,../data/images/P-gp/681.png
682.0,Cc1c(F)c(N2CCNC(C)C2)cc2c1c(=O)c(C(=O)O)cn2C1CC1,1.0,train,../data/images/P-gp/682.png
683.0,N#CSC#CCCC#CSC#N,0.0,train,../data/images/P-gp/683.png
684.0,C[N+](C)=c1ccc2c(-c3ccccc3)c3cc4c5c(c3[se]c-2c1)CCCN5CCC4,0.0,train,../data/images/P-gp/684.png
685.0,COc1cc(/C=C2\Sc3scc(-c4cccc([N+](=O)[O-])c4)[n+]3C2=O)cc(OC)c1OC,0.0,train,../data/images/P-gp/685.png
686.0,COc1ccc(C2=CN3CCC[C@H]3C=C2c2cc(O)c(OC)c(OC)c2)cc1OC,0.0,train,../data/images/P-gp/686.png
687.0,COc1cccc2c1C(=O)c1c(O)c3c(c(O)c1C2=O)C[C@@](O)(C(C)=NNC(=O)c1ccccc1)C[C@@H]3O[C@H]1C[C@H](N)C(O)[C@H](C)O1,1.0,train,../data/images/P-gp/687.png
688.0,COC(=O)CN1C(=O)N(CCCCN2CCN(c3ccccc3F)CC2)C(c2ccccc2)(c2ccccc2)C1=O,1.0,train,../data/images/P-gp/688.png
689.0,C[C@]12C[C@H](O)[C@H]3[C@@H](CCC4=CC(=O)CC[C@@]43C)[C@@H]1CC[C@@H]2C(=O)CO,1.0,train,../data/images/P-gp/689.png
690.0,C[C@]12CCC(=O)C[C@H]1CC[C@@H]1[C@@H]2CC[C@@]2(C)[C@@H](O)CC[C@@H]12,1.0,train,../data/images/P-gp/690.png
691.0,C/C1=C\[C@@H]2[C@H](CC[C@]3(CO3)[C@H](OC(=O)c3ccc(C(F)(F)F)cc3)[C@H]3[C@@H](OC(=O)c4ccc(C(F)(F)F)cc4)[C@@H](C)C[C@]3(O)C1=O)C2(C)C,1.0,train,../data/images/P-gp/691.png
692.0,Oc1ccc(Br)cc1C=Nc1cccc(C(F)(F)F)c1,0.0,train,../data/images/P-gp/692.png
693.0,CNC(=C[N+](=O)[O-])NCCSCc1csc(CN(C)C)n1,1.0,train,../data/images/P-gp/693.png
694.0,CNC(=O)c1ccccc1Sc1ccc2c(/C=C/c3ccccn3)n[nH]c2c1,1.0,train,../data/images/P-gp/694.png
695.0,CC[C@H](C)C(=O)O[C@H]1C[C@@H](C)C=C2C=C[C@H](C)[C@H](CC[C@@H]3C[C@@H](O)CC(=O)O3)[C@H]21,1.0,train,../data/images/P-gp/695.png
696.0,CNc1ccccc1-c1nc2cc([N+](=O)[O-])ccc2n(C)c1=O,0.0,train,../data/images/P-gp/696.png
697.0,CCCCCC(=O)N[C@@H](C=C(C)C)[C@@H](O)C(=O)O[C@@H]1C(C)=C2[C@@H](OC(=O)C3CC3)C(=O)[C@]3(C)[C@H]([C@H](OC(=O)c4ccccc4)[C@@]4(OC(=O)O[C@@H]14)C2(C)C)[C@]1(OC(C)=O)CO[C@@H]1C[C@@H]3O,1.0,train,../data/images/P-gp/697.png
698.0,C/C=C1\NC(=O)[C@H]2CSSCC/C=C/[C@@H](CC(=O)N[C@H](C(C)C)C(=O)N2)OC(=O)[C@H](C(C)C)NC1=O,1.0,train,../data/images/P-gp/698.png
699.0,COc1cccc(C(=O)O[C@@H]2[C@@H]3[C@@H](OC(=O)c4cccc(OC)c4)[C@]4(CC[C@H]5[C@@H](/C=C(\C)C(=O)[C@@]3(O)C[C@@H]2C)C5(C)C)CO4)c1,1.0,train,../data/images/P-gp/699.png
700.0,C=CC1=C(C)/C(=C/c2[nH]c(Cc3[nH]c(/C=C4/NC(=O)C(C)=C4C=C)c(C)c3CCC(=O)O)c(CCC(=O)O)c2C)NC1=O,1.0,train,../data/images/P-gp/700.png
701.0,O=C1CC(Sc2ccccc2)C2(OCCO2)C(Sc2ccccc2)C1,0.0,train,../data/images/P-gp/701.png
702.0,CN(C)c1ccc(/C=C/C=c2/c3ccccc3n3c2cc(-c2ccccc2)[n+]3C)cc1,1.0,train,../data/images/P-gp/702.png
703.0,CC[n+]1c(C=Cc2ccc(N(CCCl)CCCl)cc2)ccc2cc(NC(=O)C=Cc3ccccc3)ccc21,1.0,train,../data/images/P-gp/703.png
704.0,CC1=CC(C)C(C)N(CC2=NCCN2)c2ccccc21,0.0,train,../data/images/P-gp/704.png
705.0,CN1CC[C@@]23c4c5ccc(O)c4O[C@H]2[C@@H](O[C@@H]2O[C@H](C(=O)O)[C@@H](O)[C@H](O)[C@H]2O)C=C[C@H]3[C@H]1C5,0.0,train,../data/images/P-gp/705.png
706.0,CN1C[C@@](C)(c2cc(F)cc(F)c2)N(CC(=O)Nc2ccc3c(c2)C[C@@]2(C3)C(=O)Nc3ncccc32)C(=O)C12CCCC2,0.0,train,../data/images/P-gp/706.png
707.0,C[C@]12CCC(=O)C=C1CC[C@@H]1[C@@H]2CC[C@@]2(C)[C@H]1CC[C@]2(O)C(=O)CO,0.0,train,../data/images/P-gp/707.png
708.0,COc1cccc(CCc2ccccc2OCc2cc(OC)cc(OC)c2)c1,1.0,train,../data/images/P-gp/708.png
709.0,CN1C(=O)CN=C(c2ccccc2F)c2cc([N+](=O)[O-])ccc21,0.0,train,../data/images/P-gp/709.png
710.0,CN(CCc1ccccn1)c1nc(-c2ccncc2)nc2c1CN(C(=O)OC(C)(C)C)CC2,1.0,train,../data/images/P-gp/710.png
711.0,CNc1nc(Nc2cn(C(C)(C)C(=O)NC(C)C)nc2C)ncc1C(F)(F)F,0.0,train,../data/images/P-gp/711.png
712.0,CC[C@H](CC[C@@H](C)[C@H]1CC[C@H]2[C@H]3CC[C@H]4C[C@@H](O)CC[C@]4(C)[C@H]3CC[C@]12C)C(C)C,0.0,train,../data/images/P-gp/712.png
713.0,COC1=C(OC)C(=O)C(CCCCCCCCCC[P+](c2ccccc2)(c2ccccc2)c2ccccc2)=C(C)C1=O,1.0,train,../data/images/P-gp/713.png
714.0,COc1cccc2c1C(=O)c1c(O)c3c(c(O)c1C2=O)C[C@@](O)(C(C)=O)C[C@@H]3O[C@H]1C[C@H](N)[C@H](O)[C@H](C)O1,1.0,train,../data/images/P-gp/714.png
715.0,CCOC(=O)C(=O)NNc1nc2c(s1)C(=O)c1ccccc1C2=O,0.0,train,../data/images/P-gp/715.png
716.0,CC(=O)O[C@H]1C(=O)[C@@]2(C)[C@H]([C@H](OC(=O)C3CCCCC3)[C@]3(O)C[C@H](OC(=O)[C@H](O)[C@@H](NC(=O)C4CCCCC4)C4CCCCC4)C(C)=C1C3(C)C)[C@]1(OC(C)=O)CO[C@@H]1C[C@@H]2O,1.0,train,../data/images/P-gp/716.png
717.0,CC(CCc1ccccc1)NCC(O)c1ccc(O)c(C(N)=O)c1,1.0,train,../data/images/P-gp/717.png
718.0,COc1cc2c(c(OC)c1OC)-c1ccc(OC)c(=O)cc1CCC2,0.0,train,../data/images/P-gp/718.png
719.0,O=C1c2scnc2-c2nccc3c2c1nc1ccccc13,0.0,train,../data/images/P-gp/719.png
720.0,CCCCCCC[C@H]1OC(=O)C[C@H](OCOC)[C@H](Cc2ccccc2)N(C)C(=O)C(C)(C)OC(=O)[C@H]1C,1.0,train,../data/images/P-gp/720.png
721.0,Cc1c2cc(Cl)c3ccccc3c2c[n+]2ccccc12,1.0,train,../data/images/P-gp/721.png
722.0,COc1cc([C@@H]2CN=C(c3ccc4c(ccn4C)c3)O2)cc(OC)c1OC,0.0,train,../data/images/P-gp/722.png
723.0,COC(=O)[C@@H]1c2cc3c(c(O)c2[C@@H](O[C@@H]2O[C@@H](C)[C@H](OC)[C@@](C)(OC)[C@H]2OC)C[C@]1(C)O)C(=O)c1c(O)cc2c(c1C3=O)O[C@H]1O[C@]2(C)[C@H](O)[C@@H](N(C)C)[C@@H]1O,1.0,train,../data/images/P-gp/723.png
724.0,COc1ccc(CC(C=O)NC(=O)[C@@H](NC(=O)[C@H](Cc2ccc(OC)cc2)NC(=O)Cc2cccc3ccccc23)C(C)C)cc1,1.0,train,../data/images/P-gp/724.png
725.0,COc1ccc(C(=O)O[C@H]2Cc3c(OC)cc(OC)cc3O[C@@H]2c2cc(OC)c(OC)c(OC)c2)cc1,1.0,train,../data/images/P-gp/725.png
726.0,Cc1cc(-c2ccco2)c(C#N)c(=S)n1[C@@H]1O[C@H](CO)[C@@H](O)[C@H](O)[C@H]1O,0.0,train,../data/images/P-gp/726.png
727.0,COc1ccc2c(c1)-c1[nH]c3ccccc3c1CC2,0.0,train,../data/images/P-gp/727.png
728.0,Cc1ccc(C=C2CNCC(=Cc3ccc(C)cc3)C2=O)cc1,0.0,train,../data/images/P-gp/728.png
729.0,CC(=O)OCOC(=O)CN(CC(=O)OCOC(C)=O)c1ccc(C)cc1OCCOc1cc2cc(-c3ncc(C(=O)OCOC(C)=O)o3)oc2cc1N(CC(=O)OCOC(C)=O)CC(=O)OCOC(C)=O,1.0,train,../data/images/P-gp/729.png
730.0,O=c1[nH]c(=O)n([C@@H]2C[C@H](O)[C@H](CO)O2)cc1F,0.0,train,../data/images/P-gp/730.png
731.0,COc1cc2cc(C(=O)N3CC(CCl)c4ccc(NCCN)cc43)[nH]c2c(OC)c1OC,0.0,train,../data/images/P-gp/731.png
732.0,CC[C@@]1(O)C(=O)OCc2c1cc1n(c2=O)Cc2cc3ccccc3nc2-1,0.0,train,../data/images/P-gp/732.png
733.0,CC(=O)O[C@H]1C(=O)[C@@]2(C)[C@H]([C@H](OC(=O)c3ccco3)[C@]3(O)C[C@H](OC(=O)[C@H](O)[C@@H](NC(=O)c4ccccc4)c4ccccc4)C(C)=C1C3(C)C)[C@]1(OC(C)=O)CO[C@@H]1C[C@@H]2O,1.0,train,../data/images/P-gp/733.png
734.0,O=C(O)c1cn(Cc2ccc(-c3ccccc3)cc2)c2c(c1=O)C(O)CCC2,0.0,train,../data/images/P-gp/734.png
735.0,COc1cc(CNc2ccc(SC)cc2)cc(OC)c1OC,0.0,train,../data/images/P-gp/735.png
736.0,COc1cc2c(c(OC)c1OC)-c1ccc(SC)c(=O)cc1[C@@H](Nc1cccc([N+](=O)[O-])c1)CC2,1.0,train,../data/images/P-gp/736.png
737.0,C=CCNc1nc(NCC=C)nc(N2CCC(NCC(c3ccc(F)cc3)c3ccc(F)cc3)CC2)n1,1.0,train,../data/images/P-gp/737.png
738.0,N[C@@H](CC(=O)N1CCn2c(nnc2C(F)(F)F)C1)Cc1cc(F)c(F)cc1F,1.0,train,../data/images/P-gp/738.png
739.0,O=C(O)CCSC(CC1(c2ccc(Cl)cc2)NC(=O)CCS1)c1ccccc1,0.0,train,../data/images/P-gp/739.png
740.0,CC1(C)S[C@@H]2[C@H](NC(=O)Cc3ccccc3)C(=O)N2[C@H]1C(=O)O,0.0,train,../data/images/P-gp/740.png
741.0,COC(=O)C1=CNC=C(C(=O)OC)C1C1=CC(=O)C(C)=CC1=O,0.0,train,../data/images/P-gp/741.png
742.0,CCCCCCCCCCCCCC(=O)N[C@H](CCCNC(=N)N)C(=O)N[C@H](Cc1ccccc1)C(=O)N[C@@H](C)C(=O)N[C@@H](CCCNC(=N)N)C(=O)N[C@H](CCCCN)C(=O)NCC(=O)N[C@@H](C)C(=O)N[C@H](CC(C)C)C(=O)N[C@@H](CCCNC(=N)N)C(=O)N[C@@H](CCC(N)=O)C(=O)N[C@H](CCCCN)C(=O)N[C@@H](CC(N)=O)C(=O)N[C@@H](C(=O)O)C(C)C,0.0,train,../data/images/P-gp/742.png
743.0,Cn1nnnc1SCC1=C(C(=O)O)N2C(=O)[C@@H](NC(=O)C3SC(=C(C(N)=O)C(=O)O)S3)[C@H]2SC1,1.0,train,../data/images/P-gp/743.png
744.0,CC[C@@]1(O)C(=O)OCc2c1cc1n(c2=O)Cc2cc3c(/C=N/OC(C)(C)C)cccc3nc2-1,0.0,train,../data/images/P-gp/744.png
745.0,CC(CN(C)C)CN1c2ccccc2CCc2ccccc21,0.0,train,../data/images/P-gp/745.png
746.0,COc1cc(NS(C)(=O)=O)ccc1Nc1c2ccccc2nc2ccccc12,0.0,train,../data/images/P-gp/746.png
747.0,Clc1ccc(C(c2ccccc2Cl)C(Cl)Cl)cc1,0.0,train,../data/images/P-gp/747.png
748.0,COc1cc2c(cc1O)CC[C@@H]1[C@@H]2CC[C@]2(C)[C@@H](O)CC[C@@H]12,0.0,train,../data/images/P-gp/748.png
749.0,COc1cc([C@H]2c3cc4c(cc3[C@H](NC[C@H](O)CO)[C@H]3COC(=O)[C@H]23)OCO4)cc(OC)c1OC,1.0,train,../data/images/P-gp/749.png
750.0,CS(=O)(=O)c1cccc(-c2ccc(Cn3cc(C(=O)O)c(=O)c4cccc(F)c43)cn2)c1,1.0,train,../data/images/P-gp/750.png
751.0,CC(C)N(C(=O)C(c1cccnc1)C(CNC(=O)CCc1ccccc1F)c1ccccc1)C(C)C,1.0,train,../data/images/P-gp/751.png
752.0,COc1ccc(C(=O)O[C@H]2C(=O)c3c(OC)cc(OC)cc3O[C@@H]2c2cc(OC)c(OC)c(OC)c2)cc1,1.0,train,../data/images/P-gp/752.png
753.0,CC(=O)[C@]1(O)Cc2c(O)c3c(c(O)c2[C@@H](O[C@H]2C[C@H](N)[C@H](O)[C@H](C)O2)C1)C(=O)c1ccccc1C3=O,1.0,train,../data/images/P-gp/753.png
754.0,CO[C@H]1[C@@H]2[C@H](CC[C@]3(COC(=O)c4ccccc4)O[C@@H]3[C@H]3[C@@H](OC(=O)c4ccccc4)[C@@H](C)C[C@]3(O)C(=O)[C@@H]1C)C2(C)C,1.0,train,../data/images/P-gp/754.png
755.0,CN(C)CCC=C1c2ccccc2COc2ccccc21,0.0,train,../data/images/P-gp/755.png
756.0,C/C1=C\[C@@H]2[C@H](CC[C@]3(CO3)[C@H](OC(=O)c3ccc4ccccc4c3)[C@H]3[C@@H](OC(=O)c4ccc5ccccc5c4)[C@@H](C)C[C@]3(O)C1=O)C2(C)C,1.0,train,../data/images/P-gp/756.png
757.0,CC[C@@]1(O)CC(=O)OC[C@@H]2C(=O)N3Cc4cc5cc(F)c(F)cc5nc4C3=C[C@H]21,0.0,train,../data/images/P-gp/757.png
758.0,CN(C)c1ccc2c(-c3ccsc3C(=O)O)c3ccc(=[N+](C)C)cc-3[se]c2c1,1.0,train,../data/images/P-gp/758.png
759.0,CCN(C(=O)Cc1ccc(S(C)(=O)=O)cc1)C1CCN(CC[C@@H](c2cc(F)cc(F)c2)[C@H]2CC[C@H](S(C)(=O)=O)CC2)CC1,1.0,train,../data/images/P-gp/759.png
760.0,O=C1N=NC(=O)N1c1cc(C(F)(F)F)cc(C(F)(F)F)c1,0.0,train,../data/images/P-gp/760.png
761.0,CCOC(=O)c1c2c(n(Cc3ccc(Cl)cc3Cl)c1C)-c1nc(Cc3ccccc3)[nH]c1C(=O)C2=O,0.0,train,../data/images/P-gp/761.png
762.0,CC(=O)Oc1ccccc1C(=O)O,0.0,train,../data/images/P-gp/762.png
763.0,CCCCCCCCC[n+]1cccc(C2C(C(=O)OCC)=C(C)NC(C)=C2C(=O)OCC)c1,1.0,train,../data/images/P-gp/763.png
764.0,COc1ccc(CCCCNCc2cccc(CNCCCCc3ccc(OC)cc3)c2)cc1,0.0,train,../data/images/P-gp/764.png
765.0,COc1cc(OC)c2c(c1)O[C@H](c1cc(OC)c(OC)c(OC)c1)[C@@H](OC(=O)c1ccc(F)c(NC(=O)c3cc(OC)c(OC)c(OC)c3)c1)C2,1.0,train,../data/images/P-gp/765.png
766.0,COc1cc(OC)c2c(c1)O[C@H](c1cc(OC)c(OC)c(OC)c1)[C@H](OC(=O)/C=C/c1ccc(OC)c(OC)c1)C2,1.0,train,../data/images/P-gp/766.png
767.0,FC(F)(F)c1ccc(N2CCNCC2)nc1Cl,1.0,train,../data/images/P-gp/767.png
768.0,CC1=C[C@H]2O[C@@H]3C[C@H]4OC(=O)/C=C\C=C\C(C(C)O)OCC(O)C(C)CC(=O)OC[C@@]2(C[C@@H]1O)[C@]4(C)[C@@]31CO1,1.0,train,../data/images/P-gp/768.png
769.0,O=[N+]([O-])c1cc([N+](=O)[O-])c(C(F)(F)F)cc1NN=C(c1ccc(O)cc1)c1ccc(O)cc1,0.0,train,../data/images/P-gp/769.png
770.0,CN/C(=N/C#N)NCCSCc1nc[nH]c1C,0.0,train,../data/images/P-gp/770.png
771.0,COc1cc2c(cc1OC)C(SC)C(=O)N(Cc1cccc(OC)c1OC)CC2,0.0,train,../data/images/P-gp/771.png
772.0,CC[C@@]1(O)C[C@H]2CN(CCc3c([nH]c4ccccc34)[C@](C(=O)OC)(c3cc4c(cc3OC)N(C=O)[C@H]3[C@@](O)(C(=O)OC)[C@H](OC(C)=O)[C@]5(CC)C=CCN6CC[C@]43[C@H]65)C2)C1,1.0,train,../data/images/P-gp/772.png
773.0,C=CCc1cc(-c2cc(CC=C)c(O)c(CN(CC)CC)c2)cc(CN(CC)CC)c1O,0.0,train,../data/images/P-gp/773.png
774.0,O=C[C@H](CO)O[C@@H](C=O)c1c[nH]c(=O)[nH]c1=O,0.0,train,../data/images/P-gp/774.png
775.0,CN1C[C@@H](c2cc(F)cc(F)c2)N(CC(=O)Nc2ccc3c(c2)C[C@@]2(C3)C(=O)Nc3ncccc32)C(=O)C1(C)C,1.0,train,../data/images/P-gp/775.png
776.0,CC1=CC2OC3CC4OC(=O)/C=C/C=C/C(C(C)O)OCC(O)C(C)CC(=O)OCC2(CC1O)C4(C)C31CO1,1.0,train,../data/images/P-gp/776.png
777.0,CO[C@H]1C[C@H](O[C@H]2[C@@H](O)C[C@H](O[C@H]3[C@@H](O)C[C@H](O[C@H]4CC[C@@]5(C)[C@H](CC[C@@H]6[C@@H]5C[C@@H](O)[C@]5(C)[C@@H](C7=CC(=O)OC7)CC[C@]65O)C4)O[C@@H]3C)O[C@@H]2C)O[C@H](C)[C@@H]1O,1.0,train,../data/images/P-gp/777.png
778.0,COC(=O)[C@H]1[C@H]2C[C@@H]3c4[nH]c5cc(OC)ccc5c4CCN3C[C@H]2C[C@H](O)[C@@H]1OC,1.0,train,../data/images/P-gp/778.png
779.0,O=c1n(CCCN2CCN(c3cccc(Cl)c3)CC2)nc2ccccn12,0.0,train,../data/images/P-gp/779.png
780.0,NS(=O)(=O)c1ccc(-n2ncc3c(Nc4ccccc4)ncnc32)cc1,0.0,train,../data/images/P-gp/780.png
781.0,CC(=O)[C@@]1(O)Cc2c(O)c3c(c(O)c2[C@@H](O[C@H]2C[C@H](N)[C@H](O)[C@H](C)O2)C1)C(=O)c1ccccc1C3=O,1.0,train,../data/images/P-gp/781.png
782.0,COc1cc(N)c(Cl)cc1C(=O)N[C@@H]1CCN(CCCOc2ccc(F)cc2)C[C@H]1OC,0.0,train,../data/images/P-gp/782.png
783.0,COc1cc2c(c(OC)c1OC)-c1ccc(OC)c(=O)cc1CC=C2,0.0,train,../data/images/P-gp/783.png
784.0,CC(=O)O[C@H]1C[C@@H]2CC[C@H]3[C@@H](CC[C@@]4(C)[C@H]3C[C@H]([N+]3(C)CCCCC3)[C@@H]4OC(C)=O)[C@@]2(C)C[C@@H]1N1CCCCC1,1.0,train,../data/images/P-gp/784.png
785.0,COC(=O)CN1C(=O)N(CCCCN2CCN(c3ccc(F)cc3)CC2)C2(C1=O)c1ccccc1-c1ccccc12,1.0,train,../data/images/P-gp/785.png
786.0,Cc1cncc(C(=O)NC2(C(=O)N[C@H](C)c3ccc(-n4nc(Cl)c5ccccc54)cc3F)CC2)c1,0.0,train,../data/images/P-gp/786.png
787.0,CC(CN1c2ccccc2Sc2ccccc21)N(C)C,0.0,train,../data/images/P-gp/787.png
788.0,COc1ccc2c(c1)c1c(C)c3cn(C)ccc3c(C)c1[n+]2C,1.0,train,../data/images/P-gp/788.png
789.0,C[n+]1c2ccccc2c(NC2CCNCC2)c2[nH]c3ccccc3c21,1.0,train,../data/images/P-gp/789.png
790.0,CN(C)c1ccc(/C=C\C2=[N+](C)c3ccccc3C2(C)C)cc1,1.0,train,../data/images/P-gp/790.png
791.0,CCc1c(OC)cc(NC(=O)/C=C/c2cccc(OC(F)(F)F)c2)cc1OC,0.0,train,../data/images/P-gp/791.png
792.0,CCCCN1C(=O)C(=CC=CC=C2Oc3ccccc3N2CCCS(=O)(=O)O)C(=O)N(CCCC)C1=S,0.0,train,../data/images/P-gp/792.png
793.0,C[C@]12CCC(=O)C=C1CC[C@H]1[C@@H]3CC[C@](O)(C(=O)CO)[C@@]3(C)C[C@H](O)[C@@]12F,0.0,train,../data/images/P-gp/793.png
794.0,CCCCCCCCCCCCCCCCCCOCC(COCCOCC[N+]1(CCCCCC(=O)O)CCCC1)Oc1ncccn1,1.0,train,../data/images/P-gp/794.png
795.0,O=C1OC2(c3ccccc31)c1ccc(O)c(O)c1Oc1c2ccc(O)c1O,0.0,train,../data/images/P-gp/795.png
796.0,Cn1c2ccccc2n2c3ccccc3c3nnc(N)c-3c12,1.0,train,../data/images/P-gp/796.png
797.0,OCCOCCN1CCN([C@H](c2ccccc2)c2ccc(Cl)cc2)CC1,0.0,train,../data/images/P-gp/797.png
798.0,CN1C[C@@H]2C[C@H]1CN2c1cc2c(cc1F)c(=O)c(C(=O)O)cn2C1CC1,1.0,train,../data/images/P-gp/798.png
799.0,COc1cc(OC)c2c(c1)O[C@H](c1cc(OC)c(OC)c(OC)c1)[C@H](OC(=O)Cc1cc(OC)c(OC)c(OC)c1)C2,1.0,train,../data/images/P-gp/799.png
800.0,CC[P+](C#Cc1ccccc1)(c1ccccc1)c1ccccc1,1.0,train,../data/images/P-gp/800.png
801.0,NCC[C@H](O)C(=O)N[C@@H]1C[C@H](N)[C@@H](O[C@H]2O[C@H](CN)CC[C@H]2N)[C@H](O)[C@H]1O[C@H]1O[C@H](CO)[C@@H](O)[C@H](N)[C@H]1O,0.0,train,../data/images/P-gp/801.png
802.0,O=C1CN=C(c2ccccc2)c2cc(Cl)ccc2N1,0.0,train,../data/images/P-gp/802.png
803.0,Cc1c(C(=O)/C=C/c2ccc(Br)cc2)[n+]([O-])c2ccccc2[n+]1[O-],1.0,train,../data/images/P-gp/803.png
804.0,[N-]=[N+]=Nc1ccc2c(c1)Sc1ccccc1N2CCCCN1CCN(Cc2ccc(C(=O)c3ccccc3)cc2)CC1,0.0,train,../data/images/P-gp/804.png
805.0,COC[C@H]1C(=O)NCC(=O)N2N=CCC[C@H]2C(=O)N(O)[C@H](C)C(=O)O[C@@H](C(C)C)[C@H](NC(=O)[C@@](C)(O)[C@]2(O)CC[C@@H](CC(C)C)[C@H](C)O2)C(=O)N2NCCC[C@@H]2C(=O)N1O,1.0,train,../data/images/P-gp/805.png
806.0,O=C1CCCN1CCCCN1CCN(c2cc(C(F)(F)F)ccn2)CC1,1.0,train,../data/images/P-gp/806.png
807.0,COc1cccc(CCc2ccccc2OCc2cccc(OC)c2)c1,0.0,train,../data/images/P-gp/807.png
808.0,CC(C)(C)OC(=O)NCCCCCCCCCCCCn1c2c(c3ccccc3c1=O)C(=O)c1ccccc1-2,0.0,train,../data/images/P-gp/808.png
809.0,CN1C[C@H](CNC(=O)OCc2ccccc2)C[C@@H]2c3cccc4c3c(cn4C)C[C@H]21,0.0,train,../data/images/P-gp/809.png
810.0,COc1cc(/C=C/C(=O)N2CCN(C(=O)c3cc(OC)c(OC)c(OC)c3)CC2)ccc1OCCCOc1cc2c(cc1OC)C(=O)N1CCC[C@H]1C=N2,1.0,train,../data/images/P-gp/810.png
811.0,CN(C)c1cccc(C=C(C#N)c2ccccc2)c1,0.0,train,../data/images/P-gp/811.png
812.0,CN1CCc2c1nc1ccccc1c2/N=C(/c1ccccc1)N1CCCCC1,1.0,train,../data/images/P-gp/812.png
813.0,CC[C@H]1CN2CCc3cc(OC)c(OC)cc3[C@@H]2C[C@@H]1C[C@H]1NCCc2c1[nH]c1ccc(O)cc21,1.0,train,../data/images/P-gp/813.png
814.0,COc1ccnc(C[S@](=O)c2nc3ccc(OC(F)F)cc3[nH]2)c1OC,1.0,train,../data/images/P-gp/814.png
815.0,COc1cc2c(cc1OC)CN(CCC[C@@H]1CCCc3cc(OC)c(OC)cc31)CC2,1.0,train,../data/images/P-gp/815.png
816.0,CCCC(=O)O[C@H]1[C@@H](C)C[C@]2(OC(C)=O)C(=O)/C(C)=C/[C@@H]3[C@H](CC/C(C)=C/[C@@H]12)C3(C)C,1.0,train,../data/images/P-gp/816.png
817.0,NC(=O)CCC/N=C(\c1ccc(Cl)cc1)c1cc(F)ccc1O,0.0,train,../data/images/P-gp/817.png
818.0,CC(=O)OCOC(=O)CN(CC(=O)OCOC(C)=O)c1ccc(C)cc1OCCOc1cc(-c2c3cc(Cl)c(=O)cc-3oc3cc(O)c(Cl)cc23)ccc1N(CC(=O)OCOC(C)=O)CC(=O)OCOC(C)=O,1.0,train,../data/images/P-gp/818.png
819.0,CC(=O)O[C@H]1C(=O)[C@@]2(C)[C@H]([C@H](OC(=O)c3cccc(C(F)(F)F)c3)[C@]3(O)C[C@H](OC(=O)[C@H](O)[C@@H](NC(=O)c4ccccc4)c4ccccc4)C(C)=C1C3(C)C)[C@]1(OC(C)=O)CO[C@@H]1C[C@@H]2O,1.0,train,../data/images/P-gp/819.png
820.0,CC(=O)Nc1ccc2c3c(cc(O)c2c1)N(C(=O)CCCC(=O)Nc1ccc2c4c(cc(O)c2c1)N(C(=O)OC(C)(C)C)CC4CCl)CC3CCl,1.0,train,../data/images/P-gp/820.png
821.0,CN(C)c1ccc(C=c2c3ccccc3n3c2cc(-c2ccc(Cl)cc2)[n+]3C)cc1,1.0,train,../data/images/P-gp/821.png
822.0,CC(C)(O)CC[C@@H](O)[C@](C)(O)[C@H]1CC[C@@]2(O)C3=CC(=O)[C@@]4(O)C[C@@H](O)CC[C@]4(C)[C@H]3CC[C@]12C,0.0,train,../data/images/P-gp/822.png
823.0,CNCCC=C1c2ccccc2CCc2ccccc21,0.0,train,../data/images/P-gp/823.png
824.0,O=C(c1ccc(OCCN2CCCCC2)cc1)C1c2ccc(O)cc2SC1c1ccc(O[C@@H]2O[C@H](C(=O)O)[C@@H](O)[C@H](O)[C@H]2O)cc1,0.0,train,../data/images/P-gp/824.png
825.0,C=CCc1ccccc1OC[C@@H](O)CNC(C)C,0.0,train,../data/images/P-gp/825.png
826.0,O=C(O)c1cc(N=Nc2ccc(S(=O)(=O)Nc3ccccn3)cc2)ccc1O,0.0,train,../data/images/P-gp/826.png
827.0,COc1cc([C@@H]2c3[nH]c4ccccc4c3[C@@H](Nc3ccc([N+](=O)[O-])cc3)[C@H]3COC(=O)N23)cc(OC)c1O,1.0,train,../data/images/P-gp/827.png
828.0,CN1CCN(CCCN2c3ccccc3Sc3ccc(C(F)(F)F)cc32)CC1,1.0,train,../data/images/P-gp/828.png
829.0,COC1/C=C\C=C(/C)C(=O)NC2=CC(=O)C(N)=C(CC(C)CC(OC)C(O)C(C)/C=C(\C)C1OC(N)=O)C2=O,1.0,train,../data/images/P-gp/829.png
830.0,COc1cc2c(c(O)c1OC)CC1CCC(=O)N1C2c1cccc2ccccc12,0.0,train,../data/images/P-gp/830.png
831.0,C=CCOC(=O)c1c(C)[n+]([O-])c2cc(Cl)c(Cl)cc2[n+]1[O-],0.0,train,../data/images/P-gp/831.png
832.0,Cc1cc(NC(=O)CCc2ccc(N3C(N)=NC(N)=NC3(C)C)cc2)ccc1S(=O)(=O)F,1.0,train,../data/images/P-gp/832.png
833.0,CN(C)c1ccc(/C=c2/c3ccccc3n3c2cc(-c2ccc(Cl)cc2)[n+]3C)cc1,1.0,train,../data/images/P-gp/833.png
834.0,CCCCCCCCCCCCCCCC(=O)O[C@H](COC(=O)CCCCCNc1ccc([N+](=O)[O-])c2nonc12)COP(=O)(O)OC[C@H](N)C(=O)O,1.0,train,../data/images/P-gp/834.png
835.0,CN1[C@@H]2CC[C@H]1C[C@@H](OC(c1ccc(F)cc1)c1ccc(F)cc1)C2,1.0,train,../data/images/P-gp/835.png
836.0,C[C@@H]1O[C@@H](O[C@H]2C[C@@H](O)[C@]3(CO)[C@H]4[C@H](O)C[C@]5(C)[C@@H](C6=CC(=O)OC6)CC[C@]5(O)[C@@H]4CC[C@]3(O)C2)[C@H](O)[C@H](O)[C@H]1O,0.0,train,../data/images/P-gp/836.png
837.0,Oc1c(Cl)c(Cl)c(O)c(Cl)c1Cl,0.0,train,../data/images/P-gp/837.png
838.0,CCCCCCCCCCCCCCC[C@@H](O)[C@@H](N)CO,1.0,train,../data/images/P-gp/838.png
839.0,COc1ccc([C@@H]2Sc3ccccc3N(CCN(C)C)C(=O)[C@@H]2OC(C)=O)cc1,1.0,train,../data/images/P-gp/839.png
840.0,CCN(CC)CCCCNc1c2ccccc2[n+](C)c2c1[nH]c1ccccc12,1.0,train,../data/images/P-gp/840.png
841.0,c1ccc2c(c1)Nc1ccccc1O2,1.0,train,../data/images/P-gp/841.png
842.0,O=C(NCCN(CCNC(=O)c1cccc(O)c1O)CCNC(=O)c1cccc(O)c1O)c1cccc(O)c1O,1.0,train,../data/images/P-gp/842.png
843.0,COc1ccc([C@H]2C(C(C)=O)=C(c3ccccc3)N([C@@H]3O[C@H](COC(C)=O)[C@@H](OC(C)=O)[C@H](OC(C)=O)[C@H]3OC(C)=O)C(=S)[C@@H]2C#N)cc1,1.0,train,../data/images/P-gp/843.png
844.0,CCc1c2c(nc3ccc(O[C@@H]4O[C@H](C(=O)O)[C@@H](O)[C@H](O)[C@H]4O)cc13)-c1cc3c(c(=O)n1C2)COC(=O)[C@]3(O)CC,0.0,train,../data/images/P-gp/844.png
845.0,CCN(CC)CCOc1ccc(C(=O)N2C/C(=C\c3ccc([N+](=O)[O-])cc3)C(=O)/C(=C/c3ccc([N+](=O)[O-])cc3)C2)cc1,1.0,train,../data/images/P-gp/845.png
846.0,Cc1cc(C)n([C@@H]2O[C@H](CO)[C@@H](O)[C@H](O)[C@H]2O)c(=S)c1C#N,0.0,train,../data/images/P-gp/846.png
847.0,COC(=O)c1c(-c2ccc(OC)cc2)ccn(Cc2ccccc2)c1=O,0.0,train,../data/images/P-gp/847.png
848.0,CCN(CC)Cc1cc2[nH]c3c4ccc(Cl)cc4ncc3c2cc1OC,0.0,train,../data/images/P-gp/848.png
849.0,CCCC[N+](C)(CCCC)CCCC,1.0,train,../data/images/P-gp/849.png
850.0,COc1cc2c(c3oc(=O)c4c(c13)CCC4=O)[C@H]1[C@@H](O2)O[C@@H](SC[C@H](NC(=O)CC[C@@H](N)C(=O)O)C(=O)NCC(=O)O)[C@@H]1O,0.0,train,../data/images/P-gp/850.png
851.0,COc1ccc2nc(S(=O)Cc3ncc(C)c(OC)c3C)[nH]c2c1,1.0,train,../data/images/P-gp/851.png
852.0,COc1cc([C@@H]2c3cc4c(cc3[C@@H](O[C@@H]3O[C@@H]5CO[C@@H](c6cccs6)O[C@@H]5[C@H](O)[C@H]3O)[C@@H]3COC(=O)[C@H]23)OCO4)cc(OC)c1O,1.0,train,../data/images/P-gp/852.png
853.0,CC(=O)N[C@H](CC(C)C)C(=O)N[C@@H](CC(C)C)C(=O)N[C@@H](Cc1ccc(O)cc1)C(N)=O,1.0,train,../data/images/P-gp/853.png
854.0,COCCc1ccc(OC[C@H](O)CNC(C)C)cc1,0.0,train,../data/images/P-gp/854.png
855.0,O=C1[C@@]2(Cl)[C@@]3(Cl)[C@@]4(Cl)C(Cl)(Cl)[C@@]5(Cl)[C@]3(Cl)[C@]1(Cl)[C@@]5(Cl)[C@@]24Cl,0.0,train,../data/images/P-gp/855.png
856.0,Cc1ccc(N2CCN(Cc3cc(C(=O)N[C@H]4CCCC[C@@H]4O)c(=O)n4ccccc34)CC2)nc1,1.0,train,../data/images/P-gp/856.png
857.0,N#Cc1ccc(N2CCN(Cc3cc(C(=O)N[C@H]4CCCC[C@@H]4O)c(=O)n4ccccc34)CC2)cc1,0.0,train,../data/images/P-gp/857.png
858.0,Cc1ccc(N(CC(=O)O)CC(=O)O)c(OCCOc2cc(-c3cc4ccc(C(=O)O)cc4[nH]3)ccc2N(CC(=O)O)CC(=O)O)c1,0.0,train,../data/images/P-gp/858.png
859.0,C=C1c2ccccc2C(=O)c2c1c1c(C(=O)OC)c(O)ccc1n2Cc1ccccc1,0.0,train,../data/images/P-gp/859.png
860.0,Nc1nc(N)c2cc(-c3cc4ccccc4[nH]3)ccc2n1,0.0,train,../data/images/P-gp/860.png
861.0,CC[C@@]1(O)C[C@H]2CN(CCc3c([nH]c4ccccc34)[C@](C(=O)OC)(c3cc4c(cc3OC)N(C)[C@H]3[C@@](O)(C(N)=O)[C@H](O)[C@]5(CC)C=CCN6CC[C@]43[C@H]65)C2)C1,1.0,train,../data/images/P-gp/861.png
862.0,CNc1cc(-c2cccnc2Oc2ccc(Nc3nc4ccc(F)c(F)c4[nH]3)cc2)ccn1,1.0,train,../data/images/P-gp/862.png
863.0,CC[C@H](C)[C@@H]1OC(=O)CCNC(=O)[C@@H](C)NC(=O)C(C)(C)C(=O)[C@H](C)NC(=O)[C@H](Cc2ccc(OC)cc2)N(C)C(=O)[C@H](C(C)C)N(C)C(=O)CNC(=O)[C@H](CC(C)C)N(C)C(=O)CNC1=O,1.0,train,../data/images/P-gp/863.png
864.0,O=c1cc(-c2ccccc2)oc2ccccc12,0.0,train,../data/images/P-gp/864.png
865.0,Cc1cc(NS(=O)(=O)c2ccc(N)cc2)no1,0.0,train,../data/images/P-gp/865.png
866.0,O=C1OC(OCC(Br)=C(Br)COC2OC(=O)C(Cl)=C2Cl)C(Cl)=C1Cl,0.0,train,../data/images/P-gp/866.png
867.0,CCC[n+]1cc2cc(OC)c(OC)cc2c2c1-c1cc3c(cc1C2)OCO3,1.0,train,../data/images/P-gp/867.png
868.0,CC[C@H](C)C(=O)O[C@H]1CCC=C2C=C[C@H](C)[C@H](CC[C@@H]3C[C@@H](O)CC(=O)O3)[C@H]21,0.0,train,../data/images/P-gp/868.png
869.0,COc1cccc2c1C(=O)c1c(O)c3c(c(O)c1C2=O)C[C@@](O)([C@H](O)CO)C[C@@H]3O[C@H]1C[C@H](N)[C@H](O)[C@H](C)O1,1.0,train,../data/images/P-gp/869.png
870.0,CCC1(C)CC(=O)NC1=O,0.0,train,../data/images/P-gp/870.png
871.0,CN1CC[C@]23c4c5cccc4O[C@H]2CCC[C@H]3[C@H]1C5,0.0,train,../data/images/P-gp/871.png
872.0,OC(CC(c1ccccc1)c1ccc(Cl)cc1)c1ccc(Cl)cc1,0.0,train,../data/images/P-gp/872.png
873.0,NS(=O)(=O)c1nn2c(Br)c(-c3ccccc3)nc2s1,0.0,train,../data/images/P-gp/873.png
874.0,COc1cccc2c1C(=O)c1c(O)c3c(c(O)c1C2=O)C[C@@](O)(C(=O)CO)C[C@@H]3O[C@H]1C[C@H](N)[C@H](I)[C@H](C)O1,1.0,train,../data/images/P-gp/874.png
875.0,CCN(CC)CCCNc1nnc(C)c2[nH]c3ccccc3c12,1.0,train,../data/images/P-gp/875.png
876.0,CC(C)CCCCCCCCCCCCC(=O)NCC(=O)N[C@@H]1[C@@H](O)[C@H](O)[C@@H](Nc2ncnc3nc[nH]c23)O[C@H]1C,0.0,train,../data/images/P-gp/876.png
877.0,O[C@@H](COc1cccc2ncccc12)CN1CCN([C@@H]2c3ccccc3[C@@H]3[C@H](c4ccccc42)C3(F)F)CC1,0.0,train,../data/images/P-gp/877.png
878.0,O=c1[nH]cnc2c1ncn2[C@H]1CC[C@@H](CO)O1,0.0,train,../data/images/P-gp/878.png
879.0,CCCC[C@H]1OC(=O)C[C@H](O)[C@H](Cc2ccccc2)N(C)C(=O)COC(=O)[C@H]1C,1.0,train,../data/images/P-gp/879.png
880.0,CC(=O)O[C@H]1C(=O)[C@@]2(C)[C@H]([C@H](OC(=O)c3ccccc3)[C@]3(O)C[C@H](OC(=O)[C@H](OC(=O)OCCC(O)CO)[C@@H](NC(=O)c4ccccc4)c4ccccc4)C(C)=C1C3(C)C)[C@]1(OC(C)=O)CO[C@@H]1C[C@@H]2O,1.0,train,../data/images/P-gp/880.png
881.0,CC(C)N(C(=O)C(c1cccnc1)C(CC(=O)NCCCc1ccccc1)c1ccccc1)C(C)C,1.0,train,../data/images/P-gp/881.png
882.0,O=C(NN1CCCCC1)c1nc(-c2ccc(Cl)cc2Cl)n(-c2ccc(Cl)cc2)n1,0.0,train,../data/images/P-gp/882.png
883.0,CCN(CC)CC[n+]1ccc2c(C)c3[nH]c4ccc(O)cc4c3c(C)c2c1,1.0,train,../data/images/P-gp/883.png
884.0,COc1ccc(-n2c(O)c3c(c2O)C2CC(c4ccccc4)CCC2c2c-3[nH]c3ccccc23)cc1,0.0,train,../data/images/P-gp/884.png
885.0,N=C(N)NC(=O)Cc1c(Cl)cccc1Cl,0.0,train,../data/images/P-gp/885.png
886.0,COc1ccc(NC(=O)N2CCc3nc(-c4ccncc4)nc(N(C)CCc4ccccn4)c3C2)cc1,1.0,train,../data/images/P-gp/886.png
887.0,CC[C@H]1OC(=O)[C@H](C)[C@@H](O[C@H]2C[C@@](C)(OC)[C@@H](O)[C@H](C)O2)[C@H](C)[C@@H](O[C@@H]2O[C@H](C)C[C@H](N(C)C)[C@H]2O)[C@](C)(OC)C[C@@H](C)C(=O)[C@H](C)[C@@H](O)[C@]1(C)O,1.0,train,../data/images/P-gp/887.png
888.0,COc1ccc(/C=C/C(=O)O[C@@H]2Cc3c(OC)cc(OC)cc3O[C@@H]2c2cc(OC)c(OC)c(OC)c2)cc1,1.0,train,../data/images/P-gp/888.png
889.0,c1ccc(P(c2ccccc2)c2ccccc2)cc1,1.0,train,../data/images/P-gp/889.png
890.0,C=C1C[C@@H]2CC[C@@]34C[C@@H]5O[C@@H]6[C@@H](O[C@H]7CC[C@H](CC(=O)C[C@@H]8[C@@H](OC)[C@@H](C[C@H](O)CN)O[C@H]8C[C@H]8OC(CC[C@@H]1O2)C[C@@H](C)C8=C)O[C@@H]7[C@@H]6O3)[C@H]5O4,1.0,train,../data/images/P-gp/890.png
891.0,CC(C)CN(C[C@@H](O)[C@H](Cc1ccccc1)NC(=O)O[C@H]1CO[C@H]2OCC[C@H]21)S(=O)(=O)c1ccc(N)cc1,1.0,train,../data/images/P-gp/891.png
892.0,COC1=C(Cl)C(=O)c2ncccc2C1=O,0.0,train,../data/images/P-gp/892.png
893.0,COc1ccc2nc3cc(Cl)ccc3c(NCCNC(=O)Cn3c(=O)n(C)c(=O)c4c3nc3c(c(=O)n(C)c(=O)n3C)[n+]4[O-])c2c1,1.0,train,../data/images/P-gp/893.png
894.0,Clc1ccc2c(c1)CCc1cccnc1C2=C1CCNCC1,1.0,train,../data/images/P-gp/894.png
895.0,CC1(C)SC2C(C(=O)O)N=C(Cc3ccccc3)N2C1C(=O)O,0.0,train,../data/images/P-gp/895.png
896.0,CCCCCCC[C@H]1OC(=O)C[C@@H](OCOC)[C@H](Cc2ccccc2)N(C)C(=O)COC(=O)[C@H]1C,1.0,train,../data/images/P-gp/896.png
897.0,CC(C)c1nc(N(C)S(C)(=O)=O)nc(-c2ccc(F)cc2)c1C=C[C@@H](O)C[C@@H](O)CC(=O)O,1.0,train,../data/images/P-gp/897.png
898.0,COCN1C(=O)N(COC)C(=O)C(c2ccccc2)(c2ccccc2)C1=O,0.0,train,../data/images/P-gp/898.png
899.0,CN(C)C(=O)Oc1ccc[n+](C)c1,0.0,train,../data/images/P-gp/899.png
900.0,CCCCC(CC)C(=O)O[C@H]1[C@@H](C)C[C@]2(OC(C)=O)C(=O)/C(C)=C/[C@@H]3[C@H](CC/C(C)=C/[C@@H]12)C3(C)C,1.0,train,../data/images/P-gp/900.png
901.0,Cc1ccc(/C(=C\CN2CCCC2)c2cccc(/C=C/C(=O)N(C)c3ccccc3)n2)cc1,1.0,train,../data/images/P-gp/901.png
902.0,C/C=C/[C@H](NC(=O)OC(C)(C)C)[C@@H](O)C(=O)O[C@@H]1C(C)=C2[C@@H](OC(C)=O)C(=O)[C@]3(C)[C@H]([C@H](OC(=O)c4ccccc4)[C@@]4(OC(=O)O[C@@H]14)C2(C)C)[C@]1(OC(C)=O)CO[C@@H]1C[C@@H]3O,1.0,train,../data/images/P-gp/902.png
903.0,O=c1c(Cc2ccc3ccccc3c2)nc2c(Cc3ccccc3)[nH]c(-c3ccc(O)cc3)cn1-2,0.0,train,../data/images/P-gp/903.png
904.0,CC1(C)[C@H](C(=O)OCc2cccc(Oc3ccccc3)c2)[C@@H]1C=C(Cl)Cl,0.0,train,../data/images/P-gp/904.png
905.0,O=C(NN=Cc1cccc2c([N+](=O)[O-])cccc12)Nc1ccccc1,0.0,train,../data/images/P-gp/905.png
906.0,CO[C@H]1[C@@H]2[C@H](CC[C@]3(COC(=O)c4ccc(C(F)(F)F)cc4)O[C@@H]3[C@H]3[C@@H](OC(=O)c4ccc(C(F)(F)F)cc4)[C@@H](C)C[C@]3(O)C(=O)[C@@H]1C)C2(C)C,1.0,train,../data/images/P-gp/906.png
907.0,OC[C@]12C3C4C1N(Cc1ccccc1)C1C(C(N3Cc3ccccc3)[C@]1(CO)[C@H]4c1ccccc1)[C@H]2c1ccccc1,1.0,train,../data/images/P-gp/907.png
908.0,C=C(O)CN1(CCN2(CCN(CC(=O)O)(CC(=O)O)->[Eu]<-2<-1)CC(=O)O)CC(=O)O,0.0,train,../data/images/P-gp/908.png
909.0,CN(C)C(=O)c1cccc(COc2ccc(N3C(N)=NC(N)=NC3(C)C)cc2Cl)c1,1.0,train,../data/images/P-gp/909.png
910.0,O=C1[C@@H]2[C@H]3c4ccccc4[C@H](c4ccccc43)[C@@H]2C(=O)N1CC#CCN1CCC(n2c(=O)[nH]c3ccccc32)CC1,1.0,train,../data/images/P-gp/910.png
911.0,CNc1nc(Nc2cnn(C(C)(C)C#N)c2C)ncc1C(F)(F)F,0.0,train,../data/images/P-gp/911.png
912.0,CC(=O)O[C@H]1C(=O)[C@@]2(C)[C@H]([C@H](OC(=O)c3ccccc3)[C@]3(O)C[C@H](OC(=O)[C@H](O)[C@@H](NC(=O)c4ccccc4)C4CCCCC4)C(C)=C1C3(C)C)[C@]1(OC(C)=O)CO[C@@H]1C[C@@H]2O,1.0,train,../data/images/P-gp/912.png
913.0,CC1(C)OC(=C(C#N)C#N)C(C#N)=C1/C=C/c1ccncc1,0.0,train,../data/images/P-gp/913.png
914.0,CN(C)c1ccc2c(-c3ccccc3)c3ccc(=[N+](C)C)cc-3[se]c2c1,1.0,train,../data/images/P-gp/914.png
915.0,COc1cc(OC)c2c(c1)O[C@H](c1cc(OC)c(OC)c(OC)c1)[C@@H](OC(=O)/C=C/c1ccc(OC)c(OC)c1)C2=O,1.0,train,../data/images/P-gp/915.png
916.0,CC(=O)OC[C@@H]1O[C@H](n2c3c(cc(C#N)c2=O)CCCCCC3)[C@@H](OC(C)=O)[C@H](OC(C)=O)[C@H]1OC(C)=O,0.0,train,../data/images/P-gp/916.png
917.0,COc1cc(/C=C/C(=O)O[C@H]2[C@@H](O)[C@@H]3C[C@H](OC(=O)c4cc(OC)c(OC)c(OC)c4)C[C@H]2N3C)cc(OC)c1OC,0.0,train,../data/images/P-gp/917.png
918.0,CC[n+]1c(C=CC=Cc2ccc(N(C)C)cc2)sc2ccccc21,1.0,train,../data/images/P-gp/918.png
919.0,CC(=O)O[C@@H]1[C@H]2[C@@H](OC(=O)c3ccccc3)[C@@H](C)C[C@]2(OC(C)=O)C(=O)/C(C)=C/[C@@H]2[C@H](CC[C@]13CO3)C2(C)C,1.0,train,../data/images/P-gp/919.png
920.0,COc1ccc(-c2nc(N)c(C#N)c3c2CCSc2ccc(C)cc2-3)cc1OC,0.0,train,../data/images/P-gp/920.png
921.0,CCCCCCC1N=C(N)N=C(N)N1c1ccc(Cl)cc1,1.0,train,../data/images/P-gp/921.png
922.0,CN(C)C(=O)OC1=C(c2cccc3ccccc23)Oc2ccccc2-n2cccc21,0.0,train,../data/images/P-gp/922.png
923.0,O=C(O)c1cc(CN2CCN(c3ccc(C(F)(F)F)cc3)CC2)c2ccccn2c1=O,0.0,train,../data/images/P-gp/923.png
924.0,COc1cc(COc2ccccc2CCc2ccccc2)cc(OC)c1,1.0,train,../data/images/P-gp/924.png
925.0,O=[N+]([O-])c1ccc2[nH]/c(=N/N=C/c3ccc(O)cc3)sc2c1,0.0,train,../data/images/P-gp/925.png
926.0,Cc1cc(O)c2c(c1)C(=O)C=CC2=O,0.0,train,../data/images/P-gp/926.png
927.0,COc1cc2c(c(O)c1O)-c1ccc(OC)c(=O)cc1[C@@H](NC(C)=O)CC2,1.0,train,../data/images/P-gp/927.png
928.0,CC(C)CCC[C@@H](C)[C@H]1CC[C@H]2[C@@H]3CC[C@H]4C[C@@H](O)CC[C@]4(C)[C@H]3CC[C@]12C,0.0,train,../data/images/P-gp/928.png
929.0,COc1cc2c(cc1OCCCCCN1CCN(c3cc(=O)oc4c(C)c(OC)ccc34)CC1)N=C[C@@H]1CCCN1C2=O,1.0,train,../data/images/P-gp/929.png
930.0,CC(=O)Nc1ccccc1-c1nc2ccccc2nc1O,0.0,train,../data/images/P-gp/930.png
931.0,CC(C)(CN1CCCCC1)C(/C=C/c1ccc(Cl)c(Cl)c1)=N\NC(=O)N/N=C(/C=C/c1ccc(Cl)c(Cl)c1)C(C)(C)CN1CCCCC1,0.0,train,../data/images/P-gp/931.png
932.0,Cc1ccc(C(=O)N[C@H]2C(=O)N[C@@H](C(C)C)C(=O)N3CCC[C@@H]3C(=O)N(C)CC(=O)N(C)[C@H](C(C)C)C(=O)O[C@@H]2C)c2c1Oc1c(c(C(=O)N[C@@H]3C(=O)N[C@@H](C(C)C)C(=O)N4CCC[C@H]4C(=O)N(C)CC(=O)N(C)[C@H](C(C)C)C(=O)O[C@H]3C)c3nc(-c4ccccc4)c(=O)oc3c1C)N2,1.0,train,../data/images/P-gp/932.png
933.0,CCCN(CCC)CCN1Cc2cc(OC)c3c(c2-c2c(cc(OC)c4c2OCO4)C1=O)OCO3,1.0,train,../data/images/P-gp/933.png
934.0,C[N+]1(C)C/C(=C\C=C\c2ccccc2)C(=O)/C(=C/C=C/c2ccccc2)C1,1.0,train,../data/images/P-gp/934.png
935.0,CC(=O)N[C@@H](C)C(=O)N(C)[C@@H](Cc1ccccc1)C(=O)N[C@@H](C)C(N)=O,1.0,train,../data/images/P-gp/935.png
936.0,CCN(CC)c1ccc2nc3c4ccccc4c(=NC(=O)c4ccccc4-c4c5ccc(N(CC)CC)cc5[o+]c5cc(N(CC)CC)ccc45)cc-3oc2c1,0.0,train,../data/images/P-gp/936.png
937.0,N=C(N)SCCN1CCCCC1,0.0,train,../data/images/P-gp/937.png
938.0,CCN(CC)CCCC(C)Nc1ccnc(/C=C/c2ccc(Cl)cc2)c1,0.0,train,../data/images/P-gp/938.png
939.0,CN(C)c1ccc(/C=c2/c3cc([N+](=O)[O-])ccc3n3c2cc(-c2ccccc2)[n+]3C)cc1,1.0,train,../data/images/P-gp/939.png
940.0,Cc1c2ccn(Cc3ccc(I)cc3)cc2c(C)c2c1[nH+]c1ccccc12,1.0,train,../data/images/P-gp/940.png
941.0,CN(CCc1ccccn1)c1nc(-c2ccccn2)nc2c1CN(C(=O)Nc1ccccc1)CC2,1.0,train,../data/images/P-gp/941.png
942.0,Oc1cc(O)c2c(c1)OC(c1ccc(O)c(O)c1)C(OC1(c3cc(O)c(O)c(O)c3)Oc3cc(O)cc(O)c3C(O)C1O)C2,0.0,train,../data/images/P-gp/942.png
943.0,COc1ccc2c(c1)c1c(C)c3c[n+](C)ccc3c(C)c1n2C,1.0,train,../data/images/P-gp/943.png
944.0,Cc1cc(=O)n(-c2ccccc2)n1C,0.0,train,../data/images/P-gp/944.png
945.0,Cc1ccnc(C2(C#N)CCN(Cc3cc4c(c5ccccc35)CN([C@H]3CCCC[C@@H]3O)C4=O)CC2)c1,0.0,train,../data/images/P-gp/945.png
946.0,COCOc1ccc2c(c1)[C@@H]1OC(=O)O[C@]13CCC(C)=C(CO2)C3(C)C,1.0,train,../data/images/P-gp/946.png
947.0,CNc1nc(Nc2cn(C(C)(C)C#N)nc2C)ncc1C(F)(F)F,0.0,train,../data/images/P-gp/947.png
948.0,CCCNCCOc1ccc(NC(=O)c2c[nH]c3c2C(=O)CCC3)cc1F,1.0,train,../data/images/P-gp/948.png
949.0,O=c1[nH]c(=O)n([C@@H]2O[C@H](CO)[C@@H](O)[C@H]2O)cc1F,0.0,train,../data/images/P-gp/949.png
950.0,C[n+]1c(-c2ccccc2)cc2/c(=C\c3ccc([N+](=O)[O-])cc3)c3ccccc3n21,1.0,train,../data/images/P-gp/950.png
951.0,CC(C)C[C@H]1NC(=O)[C@H](Cc2ccccc2)NC(=O)CNC(=O)[C@@H](C)NC(=O)[C@H](Cc2ccc(O)cc2)NC(=O)OCOC1=O,1.0,train,../data/images/P-gp/951.png
952.0,CN1CCN(c2c(F)cc3c(=O)c(C(=O)O)cn(CCF)c3c2F)CC1,0.0,train,../data/images/P-gp/952.png
953.0,C=C1[C@H](OC(C)=O)CC(=O)C(C)(C)/C=C/[C@@H](C)C(=O)[C@@]2(OC(C)=O)C[C@@](C)(OC(=O)c3ccccc3)[C@H](OC(C)=O)[C@@H]2[C@H]1OC(C)=O,1.0,train,../data/images/P-gp/953.png
954.0,O=C(NC/C=C/CN1CCN(c2cccc(Cl)c2Cl)CC1)c1ccc(-c2ccccn2)cc1,1.0,train,../data/images/P-gp/954.png
955.0,CC1(C)N=C(N)N=C(N)N1c1cccc(CCCCc2ccc(Cl)c(S(=O)(=O)F)c2)c1,1.0,train,../data/images/P-gp/955.png
956.0,COc1cc(/C=C/c2cc(/C=C/c3ccc(O)c(OC)c3)oc(=O)c2)ccc1O,0.0,train,../data/images/P-gp/956.png
957.0,C[C@]12C=CC(=O)C=C1CC[C@@H]1[C@@H]2[C@@H](O)C[C@@]2(C)[C@H]1CC[C@]2(O)C(=O)CO,1.0,train,../data/images/P-gp/957.png
958.0,CN1[C@@H]2CC[C@H]1C[C@@H](OC(c1ccc(Cl)cc1)c1ccc(Cl)cc1)C2,1.0,train,../data/images/P-gp/958.png
959.0,Cn1cc(-c2ccc(Cn3cc(C(=O)O)c(=O)c4cccc(F)c43)nc2)cn1,0.0,train,../data/images/P-gp/959.png
960.0,CCC1(NC(=O)c2cc(F)c(F)c(F)c2F)C(=O)NC(=O)N(C(C)C)C1=O,0.0,train,../data/images/P-gp/960.png
961.0,COc1ccc(C2c3cc4c(cc3OC(NNC(N)=O)C2C)OCO4)cc1,0.0,train,../data/images/P-gp/961.png
962.0,CC1(C)CC(=O)N(CCCCN2CCN(c3ncccn3)CC2)C(=O)C1,1.0,train,../data/images/P-gp/962.png
963.0,CC(C)(C)NC(=O)[C@@H]1CNCCN1C[C@@H](O)C[C@@H](Cc1ccccc1)C(=O)N[C@H]1c2ccccc2[C@@H](O)[C@H]1O,1.0,train,../data/images/P-gp/963.png
964.0,c1ccc(Oc2ccc(Nc3nc4ccccc4[nH]3)cc2)nc1,1.0,train,../data/images/P-gp/964.png
965.0,Nc1cc(CO)cc(Nc2c3ccccc3nc3ccccc23)c1,0.0,train,../data/images/P-gp/965.png
966.0,O=C(N[C@H](/C=C/S(=O)(=O)c1ccccc1)CCc1ccccc1)[C@H](Cc1ccccc1)NC(=O)N1CCOCC1,1.0,train,../data/images/P-gp/966.png
967.0,CC(=O)O[C@H]1CC[C@@]2(C)C(=CC[C@H]3[C@@H]4CC[C@H](c5cc(C(F)(F)F)n(C(C)=O)n5)[C@@]4(C)CC[C@@H]32)C1,0.0,train,../data/images/P-gp/967.png
968.0,CNc1nc(Nc2cnn3c2C(C)O[C@@H](C)C3)ncc1C(F)(F)F,0.0,train,../data/images/P-gp/968.png
969.0,CCCC(C)(COC(N)=O)COC(N)=O,0.0,train,../data/images/P-gp/969.png
970.0,CCN1C=CC(=CC=Cc2cc[n+](CC)c3ccccc23)c2ccccc21,1.0,train,../data/images/P-gp/970.png
971.0,COc1cc(/C=C/C(=O)c2c(C)[n+]([O-])c3ccccc3[n+]2[O-])cc(OC)c1OC,1.0,train,../data/images/P-gp/971.png
972.0,CN(C)CC1=Nc2cccc3cccc(c23)N1,0.0,train,../data/images/P-gp/972.png
973.0,COc1cc2ncnc(Nc3cccc(Cl)c3)c2cc1OC,1.0,train,../data/images/P-gp/973.png
974.0,C[C@@](O)(C=C[C@@H]1CC=CC(=O)O1)[C@@H](C[C@@H](O)C=CC=CC=CCO)OP(=O)(O)O,0.0,train,../data/images/P-gp/974.png
975.0,Cc1c2cccc(Sc3ccccc3)c2c2c3c(cccc13)[S+](c1ccccc1)C2,1.0,train,../data/images/P-gp/975.png
976.0,O=C1NCC(F)C(=O)N1,0.0,train,../data/images/P-gp/976.png
977.0,COCOc1c(C(O[Si](C)(C)C(C)(C)C)c2cnc(Sc3ccccc3)n2C)ccc(OC)c1OC,0.0,train,../data/images/P-gp/977.png
978.0,N#Cc1c(-c2ccco2)c2c(n([C@H]3O[C@@H](CO)[C@@H](O)[C@@H](O)[C@H]3O)c1=S)CCCC2,0.0,train,../data/images/P-gp/978.png
979.0,COC(=O)[C@]1(Cc2ccc3ccccc3c2)CCCCCCN1C(=O)c1ccccc1,0.0,train,../data/images/P-gp/979.png
980.0,C=C1[C@H](OC(C)=O)[C@H]2[C@@H](OC(=O)c3ccccc3)[C@@H](C)C[C@]2(O)C(=O)[C@@H](C)/C=C/C(C)(C)C(=O)[C@H](OC(C)=O)[C@H]1OC(C)=O,1.0,train,../data/images/P-gp/980.png
981.0,CC1(C)S[C@@H]2[C@H](NC(=O)[C@H](N)c3ccc(O)cc3)C(=O)N2[C@H]1C(=O)O,1.0,train,../data/images/P-gp/981.png
982.0,COc1ccc2c3c([nH]c2c1)[C@H]1C[C@H]2[C@H](C[C@@H](O)[C@H](OC)[C@H]2C(=O)O)CN1CC3,0.0,train,../data/images/P-gp/982.png
983.0,CC1(C)C(=O)CC[C@]2(C)C3=C([C@@H](O)C[C@@H]12)[C@]1(C)C(=O)C[C@H]([C@]2(C)CCC(=O)O2)[C@@]1(C)[C@@H](O)C3=O,1.0,train,../data/images/P-gp/983.png
984.0,O=C1/C(=C/c2ccc(Cl)cc2)CNC/C1=C\c1ccc(Cl)cc1,0.0,train,../data/images/P-gp/984.png
985.0,CCOC(=O)C1=CN(Cc2ccccc2)c2ccccc2C1c1cc(OC)cc(OC)c1,1.0,train,../data/images/P-gp/985.png
986.0,Cc1ccc(N2C=Nn3c(nc4sc5c(c4c3=O)CCCC5)C2)cc1,0.0,train,../data/images/P-gp/986.png
987.0,COC(=O)CN1C(=O)N(CCCCN2CCN(c3ccccc3)CC2)C(c2ccccc2)(c2ccccc2)C1=O,1.0,train,../data/images/P-gp/987.png
988.0,COc1cc2c(cc1OCCCN1CCN(CCCOc3cc4c(cc3OC)C(=O)N3C[C@H](F)C[C@H]3C=N4)CC1)N=C[C@@H]1C[C@@H](F)CN1C2=O,1.0,train,../data/images/P-gp/988.png
989.0,CC[n+]1c(-c2ccccc2)c2cc(N)ccc2c2ccc(N)cc21,1.0,train,../data/images/P-gp/989.png
990.0,CCc1cc(-c2n[nH]c(C)c2-c2ccc3c(c2)OCCO3)c(O)cc1O,0.0,train,../data/images/P-gp/990.png
991.0,CSCC[C@H](C(N)=O)N(C)C(=O)[C@H](Cc1ccccc1)NC(=O)CNC(=O)[C@H](C)NC(=O)[C@@H](N)Cc1ccc(O)cc1,1.0,train,../data/images/P-gp/991.png
992.0,CC(C)(C)c1ccc(C(=O)CCCN2CCC(OC(c3ccccc3)c3ccccc3)CC2)cc1,1.0,train,../data/images/P-gp/992.png
993.0,CC[C@]1(O)C[C@@H]2C[N@@](CCc3c([nH]c4ccccc34)[C@@](C(=O)OC)(c3cc4c(cc3OC)N(C=O)[C@H]3[C@@](O)(C(=O)OC)[C@H](OC(C)=O)[C@]5(CC)C=CCN6CC[C@]43[C@@H]65)C2)C1,1.0,train,../data/images/P-gp/993.png
994.0,CC(C)N(C(=O)C(c1cccnc1)C(CC(=O)NCCc1ccccc1)c1ccccc1)C(C)C,1.0,train,../data/images/P-gp/994.png
995.0,COC(=O)c1cc(OC)ccc1-c1ccc(OC)c(OC)c1OC,0.0,train,../data/images/P-gp/995.png
996.0,COc1ccc2c(c1)CCCC2CCCN1CCc2cc(OC)c(OC)cc2C1,1.0,train,../data/images/P-gp/996.png
997.0,CCC(CC)C(=O)O[C@H]1[C@@H](C)C[C@]2(OC(C)=O)C(=O)/C(C)=C/[C@@H]3[C@H](CC/C(C)=C/[C@@H]12)C3(C)C,1.0,train,../data/images/P-gp/997.png
998.0,CC(C)(C)C(=O)C[Se]C(=O)c1ccc(Cl)cc1,1.0,train,../data/images/P-gp/998.png
999.0,N#Cc1cc(-c2nc3cc(F)ccc3s2)ccc1N,0.0,train,../data/images/P-gp/999.png
1000.0,CC(=O)O[C@H]1C(=O)[C@@]2(C)[C@H]([C@H](OC(=O)c3ccccc3)[C@]3(O)C[C@H](OC(=O)[C@H](O)[C@@H](NC(=O)C(C)(C)C)c4ccccc4)C(C)=C1C3(C)C)[C@]1(OC(C)=O)CO[C@@H]1C[C@@H]2O,1.0,train,../data/images/P-gp/1000.png
1001.0,CC(=O)O[C@@]12CO[C@@H]1C[C@H](O)[C@]1(C)C(=O)[C@H](O)C3=C(C)[C@@H](OC(=O)[C@H](O)[C@@H](NC(=O)OC(C)(C)C)c4ccco4)[C@@H]4OC(=O)O[C@]4([C@@H](OC(=O)c4ccccc4)[C@H]21)C3(C)C,1.0,train,../data/images/P-gp/1001.png
1002.0,CCCCCCC[C@H]1OC(=O)C[C@H](OCOC)[C@H](Cc2ccccc2)N(C)C(=O)[C@H](C(C)C)OC(=O)[C@H]1C,1.0,train,../data/images/P-gp/1002.png
1003.0,CCOC(=O)N(C)CCC1CC=CC(=O)C1c1cccc(OC)c1OC,0.0,train,../data/images/P-gp/1003.png
1004.0,C=C(CCCC(C)(C)O)[C@H]1CC[C@@]2(O)C3=CC(=O)[C@@H]4C[C@@H](O)[C@@H](O)[C@@H](O)[C@]4(C)[C@H]3CC[C@]12C,0.0,train,../data/images/P-gp/1004.png
1005.0,Cc1c2cnccc2c(C)c2c1c1ccccc1n2CC1CO1,0.0,train,../data/images/P-gp/1005.png
1006.0,COc1cc2c(cc1OCCCCCN1CCN(c3cc(=O)oc4ccccc34)CC1)N=C[C@@H]1CCCN1C2=O,1.0,train,../data/images/P-gp/1006.png
1007.0,C[C@H]1[C@H](C(=O)OCCC(=O)O)O[C@@H]2O[C@]3(C)CC[C@H]4[C@H](C)CC[C@@H]1[C@@]24OO3,0.0,train,../data/images/P-gp/1007.png
1008.0,NC(=O)N1c2ccccc2C[C@H](O)c2ccccc21,1.0,train,../data/images/P-gp/1008.png
1009.0,COc1cc(OC)c2c(c1)O[C@H](c1cc(OC)c(OC)c(OC)c1)[C@H](OC(=O)c1ccc(F)c(NC(=O)/C=C/c3ccc(OC)c(OC)c3)c1)C2,1.0,train,../data/images/P-gp/1009.png
1010.0,CN(N=O)C(=N)N[N+](=O)[O-],0.0,train,../data/images/P-gp/1010.png
1011.0,CN1CCN(CC#CCN2C(=O)[C@@H]3[C@H]4c5ccccc5[C@H](c5ccccc54)[C@@H]3C2=O)CC1,1.0,train,../data/images/P-gp/1011.png
1012.0,CN(C)c1ccc2c(-c3ccccc3)c3ccc(=[N+](C)C)cc-3sc2c1,1.0,train,../data/images/P-gp/1012.png
1013.0,CC(C=CC1=C(C)C(=O)CCC1(C)C)=CC=CC(C)=C/C=C/C=C(C)/C=C/C=C(C)/C=C/C1=C(C)C(=O)CCC1(C)C,1.0,train,../data/images/P-gp/1013.png
1014.0,COc1cccc2c1Cc1cc(-c3ccccc3)[n+](C)n1-2,1.0,train,../data/images/P-gp/1014.png
1015.0,N#CC1(c2ccccn2)CCN(Cc2cc(C(=O)N[C@H]3CCCC[C@@H]3O)c(=O)n3ccccc23)CC1,1.0,train,../data/images/P-gp/1015.png
1016.0,Oc1c2cc(-[n+]3c(-c4ccccc4)cc(-c4ccccc4)cc3-c3ccccc3)cc1CO[C@@H](c1ccccc1)[C@H](c1ccccc1)OCCOCCO[C@@H](c1ccccc1)[C@H](c1ccccc1)OC2,1.0,train,../data/images/P-gp/1016.png
1017.0,N[C@@H]1c2c(Br)sc(Br)c2C(=O)[C@H]1Br,0.0,train,../data/images/P-gp/1017.png
1018.0,NC1=Nc2ccccc2Sc2nccn21,0.0,train,../data/images/P-gp/1018.png
1019.0,CCCCCCCCCCCCCCCCOCC(O)CO,0.0,train,../data/images/P-gp/1019.png
1020.0,Cc1cc(I)cc(CN(C)CCCN2CCN(C)CC2)c1O,0.0,train,../data/images/P-gp/1020.png
1021.0,O=c1[nH]cc(F)c(=O)[nH]1,0.0,train,../data/images/P-gp/1021.png
1022.0,CC(C)C[C@@H](NC(=O)[C@H]1CCCN1C(=O)[C@H](N)Cc1ccc(O)cc1)C(=O)NCC(N)=O,0.0,train,../data/images/P-gp/1022.png
1023.0,CCN(CCCl)c1cccc(NC(=O)c2ccc(C(=O)Nc3cccc(CN(C)C)c3)cc2)c1,1.0,train,../data/images/P-gp/1023.png
1024.0,CN(C)CCCOc1ccc(-c2nc3cc(-c4ccc5[nH]c(-c6ccc(OCCCN(C)C)cc6)nc5c4)ccc3[nH]2)cc1,0.0,train,../data/images/P-gp/1024.png
1025.0,CCCCCCCC(=O)OCC(=O)[C@]1(O)Cc2c(O)c3c(c(O)c2[C@@H](OC2CC(N)C(O)C(C)O2)C1)C(=O)c1c(OC)cccc1C3=O,1.0,train,../data/images/P-gp/1025.png
1026.0,CN1CC[C@H](c2c(O)cc(O)c3c(=O)cc(-c4ccccc4Cl)oc23)[C@H](O)C1,1.0,train,../data/images/P-gp/1026.png
1027.0,COc1ccnc(CS(=O)c2nc3cc(OC(F)F)ccc3[nH]2)c1OC,1.0,train,../data/images/P-gp/1027.png
1028.0,COc1cc(OC)c2c(c1)O[C@H](c1cc(OC)c(OC)c(OC)c1)[C@@H](OC(=O)c1ccc(F)c(NC(=O)/C=C/c3ccc(OC)c(OC)c3)c1)C2=O,1.0,train,../data/images/P-gp/1028.png
1029.0,CCSC(=O)/C=C1\CN(C(=O)OC(C)(C)C)C1C(=O)OC(C)(C)C,0.0,train,../data/images/P-gp/1029.png
1030.0,Cc1cc(Cl)ccc1-c1nc(C(=O)NN2CCCCC2)c(S(C)(=O)=O)n1-c1ccc(Cl)cc1,1.0,train,../data/images/P-gp/1030.png
1031.0,CC(C)CN1CN(c2ccccc2)C2(CCN(C[C@@](C)(c3ccc(F)cc3)C3OCCO3)CC2)C1=O,0.0,train,../data/images/P-gp/1031.png
1032.0,O=C(Nc1ccccc1)c1ccccc1OCc1nc2ccccc2n(Cc2ccccc2)c1=O,1.0,train,../data/images/P-gp/1032.png
1033.0,COCO[C@@H]1CC(=O)O[C@H](C)[C@H](C)C(=O)O[C@@H](C(C)C)C(=O)N(C)[C@H]1Cc1ccccc1,1.0,train,../data/images/P-gp/1033.png
1034.0,COc1cccc2c1C(=O)c1c(O)c3c(c(O)c1C2=O)CC(O)(C(C)=O)CC3OC1CC(n2cc(CCCO)nn2)C(O)C(C)O1,0.0,train,../data/images/P-gp/1034.png
1035.0,O=c1c(O)c(-c2ccc(O)c(O)c2)oc2cc(O)cc(O)c12,1.0,train,../data/images/P-gp/1035.png
1036.0,COc1cc2c(c3c1OCO3)-c1c(cc(OC)c3c1OCO3)C(=O)N(CCN1CCN(Cc3ccccc3)CC1)C2,1.0,train,../data/images/P-gp/1036.png
1037.0,c1ccc([As+](c2ccccc2)(c2ccccc2)c2ccccc2)cc1,1.0,train,../data/images/P-gp/1037.png
1038.0,COc1cc2c[n+](C)c3c4cc5c(cc4ccc3c2cc1OC)OCO5,1.0,train,../data/images/P-gp/1038.png
1039.0,N#CC1(c2ccncn2)CCN(Cc2cc3c(c4ccccc24)CN([C@H]2CCCC[C@@H]2O)C3=O)CC1,1.0,train,../data/images/P-gp/1039.png
1040.0,CC(=O)Nc1ccc(OC[C@@H](O)CNC(C)C)cc1,0.0,train,../data/images/P-gp/1040.png
1041.0,CC1(C)[C@@H](O)CC[C@]2(C)C3=C([C@@H](O)C[C@@H]12)[C@]1(C)C(=O)C[C@H]([C@]2(C)CCC(=O)O2)[C@@]1(C)C(=O)C3=O,1.0,train,../data/images/P-gp/1041.png
1042.0,NC(=S)N/N=C/c1ccc(O)cn1,0.0,train,../data/images/P-gp/1042.png
1043.0,CC(C)(C)NCC(O)c1cc(O)cc(O)c1,0.0,train,../data/images/P-gp/1043.png
1044.0,CCOC(=O)C1=CN(Cc2ccccc2)c2ccccc2C1c1ccc(OC)c(OC)c1,1.0,train,../data/images/P-gp/1044.png
1045.0,NCC1(CC(=O)O)CCCCC1,0.0,train,../data/images/P-gp/1045.png
1046.0,CC(C)=CCCC(C)=CCc1cc(C=Cc2cc(O)c(CC=C(C)C)c(O)c2)cc(O)c1O,0.0,train,../data/images/P-gp/1046.png
1047.0,COc1cc2c(cc1OC)CN(Cc1cccc(-c3ccccc3)c1)CC2,1.0,train,../data/images/P-gp/1047.png
1048.0,CC(C)C[C@@H](NC(=O)[C@H](C)NC(=O)CNC(=O)[C@@H](NC=O)C(C)C)C(=O)N[C@@H](C)C(=O)N[C@@H](C(=O)N[C@H](C(=O)N[C@@H](C(=O)N[C@@H](Cc1c[nH]c2ccccc12)C(=O)N[C@H](CC(C)C)C(=O)N[C@@H](Cc1c[nH]c2ccccc12)C(=O)N[C@H](CC(C)C)C(=O)N[C@@H](Cc1c[nH]c2ccccc12)C(=O)N[C@H](CC(C)C)C(=O)N[C@@H](Cc1c[nH]c2ccccc12)C(=O)NCCO)C(C)C)C(C)C)C(C)C,1.0,train,../data/images/P-gp/1048.png
1049.0,COc1cc(Nc2c(C#N)cnc3cc(OCCCN4CCN(C)CC4)c(OC)cc23)c(Cl)cc1Cl,0.0,train,../data/images/P-gp/1049.png
1050.0,CCCCCCCCCCCCP(=O)(O)OCC(N)C(=O)O,0.0,train,../data/images/P-gp/1050.png
1051.0,CCNc1nc(Cl)nc(NC(C)C)n1,0.0,train,../data/images/P-gp/1051.png
1052.0,NS(=O)(=O)c1ccc(NC(=O)N/N=C/c2ccccc2[N+](=O)[O-])cc1,0.0,train,../data/images/P-gp/1052.png
1053.0,Cc1c2oc3c(C)ccc(C(=O)NC4C(=O)NC(C(C)C)C(=O)N5CCCC5C(=O)N(C)CC(=O)N(C)C(Cc5ccccc5)C(=O)OC4C)c3nc-2c(C(=O)NC2C(=O)NC(C(C)C)C(=O)N3CCCC3C(=O)N(C)CC(=O)N(C)C(Cc3ccccc3)C(=O)OC2C)c(N)c1=O,1.0,train,../data/images/P-gp/1053.png
1054.0,COc1cccc2c1C(=O)c1c(O)c3c(c(O)c1C2=O)C[C@@](O)(C(=O)CO)CC3OC1CC(N)C(OC2CCCCO2)C(C)O1,1.0,train,../data/images/P-gp/1054.png
1055.0,Cn1cc(-c2ccc(Cn3cc(C(=O)O)c(=O)c4c(F)ccc(F)c43)nc2)cn1,0.0,train,../data/images/P-gp/1055.png
1056.0,CN(C)c1cccc(-c2c3ccc(=[N+](C)C)cc-3[se]c3c4c5c(cc23)CCCN5CCC4)c1,0.0,train,../data/images/P-gp/1056.png
1057.0,C[C@H](CCc1ccccc1)NC[C@@H](O)c1ccc(O)c(C(N)=O)c1,1.0,train,../data/images/P-gp/1057.png
1058.0,Nc1ccc(S(=O)(=O)Nc2nc3ccccc3nc2N2CCCCCC2)cc1,0.0,train,../data/images/P-gp/1058.png
1059.0,COc1c(C)c(OC)c2c(c1O)[C@@H]1[C@@H]3Cc4c(OC)c(C)c(OC)c(O)c4[C@H](CNC(=O)c4cnc5ccccc5n4)N3[C@@H](C#N)[C@H](C2)N1C,1.0,train,../data/images/P-gp/1059.png
1060.0,Cc1ccc(C)c(NC(=O)CCC(=NNC(=O)c2c(O)ccc3ccccc23)C(C)C(=O)c2ccc(O)cc2)c1,0.0,train,../data/images/P-gp/1060.png
1061.0,Brc1c2c(c(Br)c3nsnc13)N=S=N2,0.0,train,../data/images/P-gp/1061.png
1062.0,CO[C@@H]1C[C@H](C)[C@@H](OC)C2=CC(=O)C=C(NC(=O)/C(C)=C/C=C\[C@@H](C)[C@H](OC(N)=O)/C(C)=C/[C@@H](C)[C@@H]1O)C2=O,1.0,train,../data/images/P-gp/1062.png
1063.0,CCCCCCC[C@H]1OC(=O)C[C@@H](O)[C@H](Cc2ccccc2)N(C)C(=O)[C@H](C)OC(=O)[C@H]1C,1.0,train,../data/images/P-gp/1063.png
1064.0,CCC1C[C@H]([C@](C)(O)[C@H]2CC[C@@]3(O)C4=CC(=O)[C@@H]5C[C@@H](O)[C@@H](O)C[C@]5(C)[C@H]4CC[C@]23C)OC(=O)C1C,0.0,train,../data/images/P-gp/1064.png
1065.0,COc1cc(OC)c2c(c1)O[C@H](c1cc(OC)c(OC)c(OC)c1)[C@@H](OC(=O)c1ccc(F)c(NC(=O)/C=C/c3ccc(OC)c(OC)c3)c1)C2,1.0,train,../data/images/P-gp/1065.png
1066.0,CC(=O)O[C@]12C[C@H](C)[C@H](OS(=O)(=O)c3ccccc3)[C@@H]1/C=C(\C)CC[C@H]1[C@@H](/C=C(\C)C2=O)C1(C)C,1.0,train,../data/images/P-gp/1066.png
1067.0,CC(=O)C[C@@H](c1ccccc1)c1c(O)c2ccccc2oc1=O,0.0,train,../data/images/P-gp/1067.png
1068.0,CCOP(=O)(OCC)Oc1nc(Cl)c(Cl)cc1Cl,1.0,train,../data/images/P-gp/1068.png
1069.0,CC(C)NCC(O)COc1ccc(CC(N)=O)cc1,0.0,train,../data/images/P-gp/1069.png
1070.0,CC(=O)Nc1cc(C(=O)Nc2cc(C(=O)N3CC(CCl)c4c3cc(N)c3ccccc43)nn2C)nn1C,1.0,train,../data/images/P-gp/1070.png
1071.0,C[C@H](Nc1cc(N2CCCC(N3CCc4c(cccc4-c4cccnc4)C3)C2)ncn1)c1ccc(Cl)cc1,0.0,train,../data/images/P-gp/1071.png
1072.0,CC(C)C[C@H](NC(=O)[C@H](Cc1cccc2ccccc12)NS(=O)(=O)c1cccc2cccnc12)B(O)O,1.0,train,../data/images/P-gp/1072.png
1073.0,N#Cc1cc2c(n([C@@H]3O[C@H](CO)[C@H](O)[C@H](O)[C@H]3O)c1=S)CCCC2,0.0,train,../data/images/P-gp/1073.png
1074.0,CCOc1cc2c(cc1O)CC[C@@H]1[C@@H]2CC[C@]2(C)[C@@H](N)CC[C@@H]12,0.0,train,../data/images/P-gp/1074.png
1075.0,COc1cc2c(cc1OC)CN(Cc1ccccc1-c1ccccc1)CC2,1.0,train,../data/images/P-gp/1075.png
1076.0,CC(=O)O[C@H]1CC[C@@]2(C)[C@@H](C1)C(=O)C=C1[C@@H]2CC[C@]2(C)[C@@H]([C@H](C)[C@@H](CCC(C)(C)OC(C)=O)OC(C)=O)CC[C@@]12O,1.0,train,../data/images/P-gp/1076.png
1077.0,CC(=O)O[C@]12C[C@H](C)[C@H](O)[C@@H]1/C=C(\C)CC[C@H]1[C@@H](/C=C(\C)C2=O)C1(C)C,0.0,train,../data/images/P-gp/1077.png
1078.0,CC(=O)OC[C@H]1O[C@@H](N2C(=S)[C@H](C#N)[C@@H](c3ccccc3)C=C2c2ccccc2)[C@H](OC(C)=O)[C@@H](OC(C)=O)[C@@H]1OC(C)=O,0.0,train,../data/images/P-gp/1078.png
1079.0,NC1=NC[C@@H]2c3ccccc3Cc3ccccc3N12,1.0,train,../data/images/P-gp/1079.png
1080.0,Cc1n(C)c2c([n+]1CC(C)C)C(=O)c1ccccc1C2=O,1.0,train,../data/images/P-gp/1080.png
1081.0,COc1c(C(=O)N[C@H]2CCCC[C@@H]2O)cc(CN2CCC(C#N)(c3ccccn3)CC2)c2ccccc12,0.0,train,../data/images/P-gp/1081.png
1082.0,COC(=O)c1c(F)cccc1-c1ccc(CNC(=O)C2(NC(=O)C(Cl)Cl)CC2)c(F)c1,1.0,train,../data/images/P-gp/1082.png
1083.0,COc1cc2c(c(OC)c1OC)-c1ccc(SC)c(=O)cc1[C@@H](N)CC2,1.0,train,../data/images/P-gp/1083.png
1084.0,NC(=O)CN12->[Eu]34<-N(CC(N)=O)(CC1)CCN->3(CC(N)=O)CCN->4(CC(N)=O)CC2,0.0,train,../data/images/P-gp/1084.png
1085.0,C[C@@H](C1=CCc2ccccc21)[C@@H](NC(=O)N1CCN(n2c(=O)[nH]c3ccccc32)CC1)C(=O)NC[C@@H]1CCC[C@H](CN)C1,1.0,train,../data/images/P-gp/1085.png
1086.0,COc1cccc2c1C(=O)c1c(O)c3c(c(O)c1C2=O)CC(O)(C(C)=O)CC3OC1CC(n2cc(CO)nn2)C(O)C(C)O1,0.0,train,../data/images/P-gp/1086.png
1087.0,COc1ccc2[nH]c3c(C)c4ccnc(NCCCN(C)CCCNC(=O)NCCCN(C)CCCNc5nccc6c(C)c7[nH]c8ccc(OC)cc8c7c(C)c56)c4c(C)c3c2c1,1.0,train,../data/images/P-gp/1087.png
1088.0,O=C1c2ccccc2C(=O)c2c1ccc1conc21,0.0,train,../data/images/P-gp/1088.png
1089.0,COc1cc2cc(C(=O)N3CC(CCl)c4ccc([N+](C)(C)Cc5ccc([N+](=O)[O-])cc5)cc43)[nH]c2c(OC)c1OC,0.0,train,../data/images/P-gp/1089.png
1090.0,CCCC(=O)Nc1cc(/C=C/C(=O)N2CC(CCl)c3c2cc(OC(C)=O)c2[nH]cc(C)c32)n(C)c1,1.0,train,../data/images/P-gp/1090.png
1091.0,CCCS(=O)c1ccc2nc(NC(=O)OC)[nH]c2c1,0.0,train,../data/images/P-gp/1091.png
1092.0,S=C=NCCc1ccccc1,0.0,train,../data/images/P-gp/1092.png
1093.0,COc1ccc2c(c1)/C(=C\c1c(-c3cc(OC)ccc3OC)nc3sc(C)cn13)C(=O)N2C,0.0,train,../data/images/P-gp/1093.png
1094.0,O=C(N[C@H](C=CS(=O)(=O)c1ccccc1)CCc1ccccc1)[C@H](Cc1ccccc1)NC(=O)N1CCOCC1,1.0,train,../data/images/P-gp/1094.png
1095.0,CC(=O)O[C@@H]1[C@@H](O)[C@H](O[C@H]2[C@H](OC(=O)[C@H]3CC[C@H]4[C@@H](C3)O[C@@]3(C[C@H](OC(=O)C=Cc5ccccc5)[C@H](C)CO3)[C@]43CO3)O[C@H](C)[C@@H](O)[C@@H]2OC(C)=O)O[C@H](C)[C@H]1O,1.0,train,../data/images/P-gp/1095.png
1096.0,Nc1c2c(=O)[nH]c(=O)c2c(N)c2c(=O)c3ccccc3c(=O)c12,0.0,train,../data/images/P-gp/1096.png
1097.0,COc1cc(OC)c2c(c1)O[C@H](c1cc(OC)c(OC)c(OC)c1)[C@@H](O)C2,0.0,train,../data/images/P-gp/1097.png
1098.0,ClC1=C(Cl)[C@]2(Cl)[C@@H]3[C@@H]4C[C@@H]([C@H]5O[C@@H]45)[C@@H]3[C@@]1(Cl)C2(Cl)Cl,0.0,train,../data/images/P-gp/1098.png
1099.0,Nc1c2c(nc3ccccc13)N(c1ccccc1)CC2,1.0,train,../data/images/P-gp/1099.png
1100.0,COC1(CC[C@@H](C)COC2OC(CO)C(O)C(O)C2O)OC2C[C@H]3[C@@H]4CC[C@H]5C[C@@H](OC6OC(CO)C(OC7OC(CO)C(O)C(O)C7O)C(O)C6OC6OC(C)C(O)C(O)C6O)[C@H](O)C[C@]5(C)[C@H]4CC[C@]3(C)C2[C@@H]1C,1.0,train,../data/images/P-gp/1100.png
1101.0,S=c1[nH]c2ccc(Br)cc2c(=S)s1,0.0,train,../data/images/P-gp/1101.png
1102.0,C[n+]1c2ccccc2c2/c(=C\C#N)c3ccccc3n21,1.0,train,../data/images/P-gp/1102.png
1103.0,CCCCC[C@H](O)C=C[C@H]1C=CC(=O)[C@@H]1CC=CCCCC(=O)O,1.0,train,../data/images/P-gp/1103.png
1104.0,CO[C@@H]1[C@H](O)C[C@@H](O[C@@H]2C[C@H](Oc3cc(O)c4c(O)c5c(cc4c3)C[C@@H]([C@H](OC)C(=O)[C@@H](O)[C@@H](C)O)[C@H](O[C@H]3C[C@@H](O[C@H]4C[C@@H](O[C@H]6C[C@H](OC)[C@@H](OC(=O)C(C)C)[C@H](C)O6)[C@H](O)[C@@H](C)O4)[C@H](O)[C@@H](C)O3)C5=O)O[C@H](C)[C@@H]2OC(C)=O)O[C@@H]1C,1.0,train,../data/images/P-gp/1104.png
1105.0,Nc1c2c(nc3cc(Br)ccc13)N(C1CCCCC1)CC2,0.0,train,../data/images/P-gp/1105.png
1106.0,COc1ccc2cc1Oc1ccc(cc1)C[C@H]1c3c(cc4c(c3Oc3cc5c(cc3OC)CCN(C)[C@@H]5C2)OCO4)CCN1C,1.0,train,../data/images/P-gp/1106.png
1107.0,CCn1c(-c2c(Cl)cc(O)cc2Cl)cc2c(Cl)cc(O)cc21,0.0,train,../data/images/P-gp/1107.png
1108.0,CC(C)NC[C@@H](O)COc1ccc(CC(N)=O)cc1,0.0,train,../data/images/P-gp/1108.png
1109.0,Cn1c2ccccc2[n+]2c3ccccc3c(NCCCn3ccnc3)c(C#N)c12,1.0,train,../data/images/P-gp/1109.png
1110.0,CNCCCC12CCC(c3ccccc31)c1ccccc12,0.0,train,../data/images/P-gp/1110.png
1111.0,CCCCCCCCCCSCC(CO)NC(=O)C=Cc1c(C)[nH]c(=O)[nH]c1=O,1.0,train,../data/images/P-gp/1111.png
1112.0,COc1cc(/C=C/C(=O)CC(=O)/C=C/c2cc(OC)c(O)c(OC)c2)cc(OC)c1O,1.0,train,../data/images/P-gp/1112.png
1113.0,COc1cc2c(c(OC)c1OC)-c1ccc(OC)c(=O)cc1[C@@H](N(C)Cc1ccc(O)cc1)CC2,1.0,train,../data/images/P-gp/1113.png
1114.0,COc1cc([C@](C#N)(CCCN(C)CCc2ccc(OC)c(OC)c2)C(C)C)ccc1O,0.0,train,../data/images/P-gp/1114.png
1115.0,COc1ccc(NC(=S)N/N=C2\C(=O)Nc3c2ccc2ccccc32)cc1,1.0,train,../data/images/P-gp/1115.png
1116.0,COc1ccc(C(C#N)(CCCN)C(C)C)cc1OC,1.0,train,../data/images/P-gp/1116.png
1117.0,CCC(=O)O[C@](Cc1ccccc1)(c1ccccc1)[C@@H](C)CN(C)C,1.0,train,../data/images/P-gp/1117.png
1118.0,COc1cc2c(cc1OCCCN1CCN(CCCOc3cc4c(cc3OC)C(=O)C3CCC[C@H]3C=N4)CC1)N=C[C@@H]1CCCC1C2=O,1.0,train,../data/images/P-gp/1118.png
1119.0,COc1cc2c(c(OC)c1OC)-c1ccc(SC)c(=O)cc1[C@@H](NC=O)CC2,1.0,train,../data/images/P-gp/1119.png
1120.0,CCN1CCN(C(=O)N[C@@H](C(=O)N[C@@H]2C(=O)N3C(C(=O)O)=C(CSc4nnnn4C)CS[C@H]23)c2ccc(O)cc2)C(=O)C1=O,1.0,train,../data/images/P-gp/1120.png
1121.0,CC/C(=C(/c1ccc(O)cc1)c1ccc(OCCNC)cc1)c1ccccc1,1.0,train,../data/images/P-gp/1121.png
1122.0,COc1ccc2c(c1)N(C[C@@H](C)CN(C)C)c1ccccc1S2,1.0,train,../data/images/P-gp/1122.png
1123.0,O=C(Cc1cccs1)N[C@@H]1C(=O)N2C(C(=O)O)=C(C[n+]3ccccc3)CS[C@H]12,0.0,train,../data/images/P-gp/1123.png
1124.0,CCC[S@](=O)c1ccc2[nH]c(NC(=O)OC)nc2c1,0.0,train,../data/images/P-gp/1124.png
1125.0,Cc1cccc(NC(=O)CCc2ccc(N3C(N)=NC(N)=NC3(C)C)cc2)c1,1.0,train,../data/images/P-gp/1125.png
1126.0,COc1cccc2c1C(=O)c1c(O)c3c(c(O)c1C2=O)CC(O)(C(C)=O)CC3OC1CC(n2cc(CCCCO)nn2)C(O)C(C)O1,0.0,train,../data/images/P-gp/1126.png
1127.0,C[C@]12CCC(=O)C=C1CC[C@@H]1[C@H]2[C@@H](O)C[C@]2(C=O)[C@@H](C(=O)CO)CC[C@@H]12,1.0,train,../data/images/P-gp/1127.png
1128.0,CCCCCn1c(C)cc(C=Cc2ccc3cc(C)ccc3[n+]2C)c1C,1.0,train,../data/images/P-gp/1128.png
1129.0,O=C(Nc1sccc1S(=O)(=O)c1ccc(Cl)cc1)c1ccc(F)cc1F,0.0,train,../data/images/P-gp/1129.png
1130.0,CC(=O)Oc1cc(OC(C)=O)c2c(c1)O[C@H](c1cc(OC(C)=O)c(OC(C)=O)c(OC(C)=O)c1)[C@H](OC(=O)c1cc(OC(C)=O)c(OC(C)=O)c(OC(C)=O)c1)C2,0.0,train,../data/images/P-gp/1130.png
1131.0,COc1cc2nc(N3CCCN(C(=O)N4CCOCC4)CC3)cc(N)c2c(-c2ccc(F)cc2)c1OC,1.0,train,../data/images/P-gp/1131.png
1132.0,COc1cc2c(cc1OCCCN1CCN(c3ncnc4ccccc34)CC1)N=CC1CCCN1C2=O,1.0,train,../data/images/P-gp/1132.png
1133.0,CSCCC(NC(=O)OC(C)(C)C)C(=O)NCCNc1ccc(NCCNC(=O)C(CCSC)NC(=O)OC(C)(C)C)c2c1C(=O)c1ccccc1C2=O,1.0,train,../data/images/P-gp/1133.png
1134.0,CC(C)(C)NC(=O)[C@@H]1CN(Cc2cc3ccccc3o2)CCN1C[C@@H](O)C[C@@H](Cc1ccccc1)C(=O)N[C@H]1c2ccccc2C[C@H]1O,1.0,train,../data/images/P-gp/1134.png
1135.0,COc1ccc2c(c1)c1nn(CCN(C)C)c3ccc4c(=O)n(CCN(C)C)c(=O)n2c4c13,1.0,train,../data/images/P-gp/1135.png
1136.0,OC(c1ccccc1)(c1ccccc1)C1CCNCC1,0.0,train,../data/images/P-gp/1136.png
1137.0,C=C1C(=O)O[C@H]2[C@H]3O[C@@H](C[C@@H]12)[C@@]1(C)CC[C@H](O1)[C@H](C)CCC[C@H]3C,0.0,train,../data/images/P-gp/1137.png
1138.0,CCCCCCCCCCCC[N+]1(CCCCCCCCCCCC)CCCC(C)C1,1.0,train,../data/images/P-gp/1138.png
1139.0,Cc1c(S(=O)(=O)/N=C(\NN)Nc2ccc(Cl)cc2)sc2ccc(Cl)cc12,0.0,train,../data/images/P-gp/1139.png
1140.0,CC(CO)(CO)/N=C/c1cc(I)cc(I)c1O,0.0,train,../data/images/P-gp/1140.png
1141.0,CC(C)n1c(/C=C/[C@@H](O)C[C@@H](O)CC(=O)O)c(-c2ccc(F)cc2)c2ccccc21,0.0,train,../data/images/P-gp/1141.png
1142.0,CC(C)NCC(=O)Nc1c2c(nc3ccccc13)N(C)CC2,0.0,train,../data/images/P-gp/1142.png
1143.0,COc1ccc(CCNc2nc(N3CCc4cc(OC)c(OC)cc4C3)c3cc(OC)c(OC)cc3n2)cc1OC,1.0,train,../data/images/P-gp/1143.png
1144.0,CC(C)c1cccc(C(C)C)c1NC(=O)CN(CC(=O)O)CC(=O)O,0.0,train,../data/images/P-gp/1144.png
1145.0,COc1cc2c(c(OC)c1OC)-c1ccc(SC)c(=O)cc1[C@@H](NC(C)=O)CC2,1.0,train,../data/images/P-gp/1145.png
1146.0,CS(=O)(=O)c1cccc(-c2ccc(Cn3cc(C(=O)O)c(=O)c4cccc(F)c43)nc2)c1,0.0,train,../data/images/P-gp/1146.png
1147.0,COc1ccc(-c2cn3c(n2)sc2cc(C)ccc23)cc1,1.0,train,../data/images/P-gp/1147.png
1148.0,O=[N+]([O-])C(Cl)=C(Sc1ccccc1)C(Cl)=C(Cl)Cl,0.0,train,../data/images/P-gp/1148.png
1149.0,CN(C)CCN1C(=O)c2cccc3cc(N)cc(c23)C1=O,0.0,train,../data/images/P-gp/1149.png
1150.0,O=C(c1ccco1)c1nc2cc(Cl)ccc2[n+]([O-])c1C(F)(F)F,0.0,train,../data/images/P-gp/1150.png
1151.0,C=C/C=C/[C@@H](O)CC(=C)C[C@H]1OC2[C@H](C)[C@@H](OC(=O)C[C@H]3C[C@H](OC(C)=O)C[C@@]4(C[C@@](C)(O)C[C@H](CC(=C)[C@@H](C)[C@H](OC(C)=O)[C@H](C)C(=O)C[C@@H]5C[C@H](OC)CC6(C[C@@H](O)C[C@H](/C=C\CCC[C@H]7O[C@](O)(C=C[C@H]7C)[C@H]2O)O6)O5)O4)O3)[C@@H]1O,1.0,train,../data/images/P-gp/1151.png
1152.0,CCOC(=O)C(=CNc1ccc(NC2=NCC(C)S2)cc1)C(=O)OCC,0.0,train,../data/images/P-gp/1152.png
1153.0,COC(=O)C12OCC34C(CC5C(C)=CC(=O)C(O)C5(C)C3C(O)C1O)OC(=O)C(OC(=O)CC(C)C)C24,1.0,train,../data/images/P-gp/1153.png
1154.0,CC(=O)O[C@H]1CC[C@](C)(O)[C@]23OC(C)(C)[C@H]([C@H](OC(=O)/C=C/c4ccccc4)[C@H](OC(=O)c4ccccc4)[C@]12C)[C@H]3OC(=O)N(C)C,1.0,train,../data/images/P-gp/1154.png
1155.0,CN1CCC(=C(c2ccc(F)cc2)c2cc(Cl)cs2)CC1,1.0,train,../data/images/P-gp/1155.png
1156.0,COc1cc2c3c(n(CCCNCCCNCCCn4c5c(c6cc(OC)c(OC)cc6c4=O)C(=O)c4ccccc4-5)c(=O)c2cc1OC)-c1ccccc1C3=O,1.0,train,../data/images/P-gp/1156.png
1157.0,O=C(O)CCc1cc2c(cc1O)Oc1cc(O)c(CCC(=O)O)cc1C21OC(=O)c2cc(C(=O)O)ccc21,0.0,train,../data/images/P-gp/1157.png
1158.0,NCCNCCCCCCNC(=O)c1cccc2cc3ccccc3nc12,1.0,train,../data/images/P-gp/1158.png
1159.0,CC(C=CC1=C(C)CCCC1(C)C)=CC=CC(C)=C/C=C/C=C(C)/C=C/C=C(C)/C=C/C1=C(C)CCCC1(C)C,1.0,train,../data/images/P-gp/1159.png
1160.0,CS(=O)(=O)c1c(N)c2nc(Cl)cn2c2nc3ccccc3nc12,0.0,train,../data/images/P-gp/1160.png
1161.0,Cn1c(=O)c(COc2ccc(C#N)cc2)nc2ccccc21,1.0,train,../data/images/P-gp/1161.png
1162.0,Cc1cccc(C)c1OCC(C)N,0.0,train,../data/images/P-gp/1162.png
1163.0,O=c1[nH]c2ccccc2n1C1CCN(CCCC(c2ccc(F)cc2)c2ccc(F)cc2)CC1,1.0,train,../data/images/P-gp/1163.png
1164.0,CCCc1nc(C(C)(C)O)c(C(=O)OCc2oc(=O)oc2C)n1Cc1ccc(-c2ccccc2-c2nnn[nH]2)cc1,1.0,train,../data/images/P-gp/1164.png
1165.0,CC1(C)SSC(C)(C)[C@@H](NC(=O)[C@@H](N)Cc2ccc(O)cc2)C(=O)NCC(=O)N[C@@H](Cc2ccccc2)C(=O)N[C@H]1C(=O)O,1.0,train,../data/images/P-gp/1165.png
1166.0,O=C(O)c1cn(Cc2ccc3c(c2)CCC3O)c2cccc(F)c2c1=O,1.0,train,../data/images/P-gp/1166.png
1167.0,CC[C@@]1(O)C[C@H]2CN(CCc3c([nH]c4ccccc34)[C@](C(=O)OC)(c3cc4c(cc3OC)N(C)[C@H]3[C@@](O)(C(=O)OC)[C@H](OC(C)=O)[C@]5(CC)C=CCN6CC[C@]43[C@H]65)C2)C1,1.0,train,../data/images/P-gp/1167.png
1168.0,CCOC(=O)N1CCC(=C2c3ccc(Cl)cc3CCc3cccnc32)CC1,1.0,train,../data/images/P-gp/1168.png
1169.0,CC(=O)[C@H]1CC[C@H]2[C@H]3CC=C4C[C@@H](O)CC[C@]4(C)[C@@H]3CC[C@]12C,1.0,train,../data/images/P-gp/1169.png
1170.0,Cc1[nH]c(-c2ccccc2)c(O)c1C(=O)OC12CC3CC(CC(C3)C1)C2,0.0,train,../data/images/P-gp/1170.png
1171.0,N=C(N)N/N=C/c1c(Cl)cccc1Cl,0.0,train,../data/images/P-gp/1171.png
1172.0,COc1cc2c(cc1OCCCCCOc1cc3c(cc1OC)C(=O)N1CCC[C@H]1C(=O)N3)N=C[C@@H]1CCCN1C2=O,1.0,train,../data/images/P-gp/1172.png
1173.0,c1cc(Cn2cnc3ccccc32)cc(-c2nn[nH]n2)c1,0.0,train,../data/images/P-gp/1173.png
1174.0,COc1cc2nc(N3CCN(C(=O)CCC4=[N+]5C(=Cc6c(C)cc(C)n6[B-]5(F)F)C=C4)CC3)nc(N)c2cc1OC,1.0,train,../data/images/P-gp/1174.png
1175.0,Cc1c2oc3c(C)cnc(C(=O)NC4C(=O)NC(C(C)C)C(=O)N5CCCC5C(=O)N(C)CC(=O)N(C)C(C(C)C)C(=O)OC4C)c3nc-2c(C(=O)NC2C(=O)NC(C(C)C)C(=O)N3CCCC3C(=O)N(C)CC(=O)N(C)C(C(C)C)C(=O)OC2C)c(N)c1=O,1.0,train,../data/images/P-gp/1175.png
1176.0,CC(C)c1c(C(=O)Nc2ccccc2)c(-c2ccccc2)c(-c2ccc(F)cc2)n1CC[C@@H](O)C[C@@H](O)CC(=O)O,1.0,train,../data/images/P-gp/1176.png
1177.0,Cc1nnc2n1N=C(c1cc(F)c(Cl)cc1Cl)/C(=C/c1ccc3c(c1)OCO3)S2,0.0,train,../data/images/P-gp/1177.png
1178.0,CC1=CC(C2/C(=N/O)C=C(C)CC2(C)C)C(O)C(C)(C)C1,0.0,train,../data/images/P-gp/1178.png
1179.0,O=C(CSCC(=O)N/N=C/c1cccs1)N/N=C/c1cccs1,0.0,train,../data/images/P-gp/1179.png
1180.0,CCOC(=O)/C(C#N)=C\C=C(/Cl)c1ccc(Cl)cc1,0.0,train,../data/images/P-gp/1180.png
1181.0,O=c1cc2ccccc2nn1Cc1ccccc1Cl,0.0,train,../data/images/P-gp/1181.png
1182.0,CC(=O)O[C@H]1C(=O)[C@@]2(C)[C@H]([C@H](OC(=O)c3ccccc3)[C@]3(O)C[C@H](OC(=O)[C@H](O)[C@@H](NC(=O)c4cccc(N=[N+]=[N-])c4)c4ccccc4)C(C)=C1C3(C)C)[C@]1(OC(C)=O)CO[C@@H]1C[C@@H]2O,1.0,train,../data/images/P-gp/1182.png
1183.0,CC(=O)NCCCCCCNC(C)=O,0.0,train,../data/images/P-gp/1183.png
1184.0,CCN(CC)CCCNc1nncc2cc3c([nH]c4ccc(OC)cc43)c(C)c12,1.0,train,../data/images/P-gp/1184.png
1185.0,Cc1ccc(NC2=CC(=O)C(=O)c3ccccc32)c(C)c1,0.0,train,../data/images/P-gp/1185.png
1186.0,COc1ccc2cc(C(C)C(=O)O)ccc2c1,0.0,train,../data/images/P-gp/1186.png
1187.0,CC(=O)OCOC(=O)CCCc1cc2c(cc1OC(C)=O)Oc1cc(OC(C)=O)c(CCCC(=O)OCOC(C)=O)cc1C21OC(=O)c2cc(C(=O)OCOC(C)=O)ccc21,0.0,train,../data/images/P-gp/1187.png
1188.0,COc1cc2c(cc1OCCCN1CCN(c3cc(=O)oc4c(C)c(OC)ccc34)CC1)N=C[C@@H]1CCCN1C2=O,1.0,train,../data/images/P-gp/1188.png
1189.0,CN1/C(=C\C=C\C2=[N+](C)c3ccccc3C2(C)C)C(C)(C)c2ccccc21,1.0,train,../data/images/P-gp/1189.png
1190.0,O=C(C=P(c1ccccc1)(c1ccccc1)c1ccccc1)c1cccc(-c2cccc([N+](=O)[O-])c2)c1,0.0,train,../data/images/P-gp/1190.png
1191.0,Cc1cccc2c1C(=O)[C@](C)([C@]1(C)Nc3cccc(C)c3C1=O)N2,0.0,train,../data/images/P-gp/1191.png
1192.0,C[C@]12CC[C@H](O)C[C@H]1CC[C@@H]1[C@H]2CC[C@]2(C)[C@@H](c3ccc(=O)oc3)CC[C@]12O,0.0,train,../data/images/P-gp/1192.png
1193.0,COc1ccc2c(c1)/c(=C/c1ccc(N(C)C)cc1)c1cc(-c3ccccc3)[n+](C)n12,1.0,train,../data/images/P-gp/1193.png
1194.0,COc1cc2c(cc1OC)CN(CCc1ccc(NC(=O)c3cccc4c(=O)c5cccc(OC)c5[nH]c34)cc1)CC2,0.0,train,../data/images/P-gp/1194.png
1195.0,C=C[C@@H]1C[C@]1(NC(=O)[C@@H]1C[C@@H](Oc2cc(-c3ccccc3)nc3cc(OC)ccc23)CN1C(=O)[C@@H](NC(=O)OC(C)(C)C)C(C)(C)C)C(=O)NS(=O)(=O)C1CC1,1.0,train,../data/images/P-gp/1195.png
1196.0,CCC[C@H](NC(=O)c1ccc(NC[C@@H](N)CS)cc1-c1ccccc1)C(=O)OC,0.0,train,../data/images/P-gp/1196.png
1197.0,COc1ccc(-c2c3c(n([C@@H]4O[C@H](COC(C)=O)[C@@H](OC(C)=O)[C@H](OC(C)=O)[C@H]4OC(C)=O)c(=S)c2C#N)CC(C)(C)CC3=O)cc1,0.0,train,../data/images/P-gp/1197.png
1198.0,CC(=O)[C@@]1(O)CC[C@H]2[C@@H]3CCC4=CC(=O)CC[C@]4(C)[C@H]3CC[C@@]21C,1.0,train,../data/images/P-gp/1198.png
1199.0,Oc1ccc(C=NNC(=S)Nc2cccnc2)nc1,0.0,train,../data/images/P-gp/1199.png
1200.0,CC[n+]1c(/C=C/c2ccc(N(CCCl)CCCl)cc2)ccc2cc(NC(=O)/C=C/c3ccccc3)ccc21,1.0,train,../data/images/P-gp/1200.png
1201.0,O=c1c(Cc2ccc(O)cc2)nc2c(CC3CCCC3)[nH]c(-c3ccc(O)cc3)cn1-2,0.0,train,../data/images/P-gp/1201.png
1202.0,Nc1nc(N)nc(N)n1,0.0,train,../data/images/P-gp/1202.png
1203.0,O=[N+]([O-])c1cc(CCl)ccc1CCl,0.0,train,../data/images/P-gp/1203.png
1204.0,CCCCCCCCCCCCCCCC(=O)OCC1OC(OC)C2NP(=O)(N(CCCl)CCCl)OC1C2O,0.0,train,../data/images/P-gp/1204.png
1205.0,COc1ccc(OC)c(C[P+](c2ccccc2)(c2ccccc2)c2ccccc2)c1,1.0,train,../data/images/P-gp/1205.png
1206.0,COc1ccc(/C=C2\C[C@H]3[C@@H]4CCC5=C/C(=N/O)CC[C@]5(C)[C@H]4CC[C@]3(C)\C2=N\O)cc1,0.0,train,../data/images/P-gp/1206.png
1207.0,CCN(CCCl)c1cc(CN(C)C)cc(NC(=O)c2ccc(C(=O)Nc3cccc(N(CCCl)NN)c3)cc2)c1,1.0,train,../data/images/P-gp/1207.png
1208.0,CN(C)CCCN1c2ccccc2Sc2ccc(Cl)cc21,0.0,train,../data/images/P-gp/1208.png
1209.0,CN(C)CCc1c[nH]c2ccc(C[C@H]3COC(=O)N3)cc12,1.0,train,../data/images/P-gp/1209.png
1210.0,Cc1ccc(C(=CCN2CCCC2)c2cccc(C=CC(=O)OC(C)C)n2)cc1,0.0,train,../data/images/P-gp/1210.png
1211.0,O=C1CN=C(c2ccccc2)c2cc([N+](=O)[O-])ccc2N1,0.0,train,../data/images/P-gp/1211.png
1212.0,CN1CCc2c1nc1ccccc1c2NC(=O)CCc1cc(C(C)(C)C)c(O)c(C(C)(C)C)c1,0.0,train,../data/images/P-gp/1212.png
1213.0,N[C@H](Cc1ccc(N(CCCl)CCCl)cc1)C(=O)O,0.0,train,../data/images/P-gp/1213.png
1214.0,CNCCNc1ccc2c3c(nn2CCNCCO)-c2c(O)ccc(O)c2C(=O)c13,1.0,train,../data/images/P-gp/1214.png
1215.0,Cc1ccc(/C=C2\CN(C(=O)CCSCCS(=O)(=O)O)C/C(=C\c3ccc(C)cc3)C2=O)cc1,0.0,train,../data/images/P-gp/1215.png
1216.0,Cc1nnc(SCC2=C(C(=O)O)N3C(=O)[C@@H](NC(=O)Cn4cnnn4)[C@H]3SC2)s1,0.0,train,../data/images/P-gp/1216.png
1217.0,CC(=O)Nc1ccc2c3c(cc(O)c2c1)N(C(=O)CCCCC(=O)Nc1ccc2c4c(cc(O)c2c1)N(C(=O)OC(C)(C)C)CC4CCl)CC3CCl,1.0,train,../data/images/P-gp/1217.png
1218.0,Cc1c(OCC(F)(F)F)ccnc1C[S@@](=O)c1nc2ccccc2[nH]1,1.0,train,../data/images/P-gp/1218.png
1219.0,CCC(=O)O[C@]1(C(=O)SCF)[C@H](C)C[C@H]2[C@@H]3C[C@H](F)C4=CC(=O)C=C[C@]4(C)[C@@]3(F)[C@@H](O)C[C@@]21C,1.0,train,../data/images/P-gp/1219.png
1220.0,OCC(CCc1c[nH]c2ccccc12)c1c[nH]c2ccccc12,0.0,train,../data/images/P-gp/1220.png
1221.0,O=C(O)CCCc1cc2c(cc1O)Oc1cc(O)c(CCCC(=O)O)cc1C21OC(=O)c2cc(C(=O)O)ccc21,0.0,train,../data/images/P-gp/1221.png
1222.0,O=C(O)c1cn(Cc2ccc(-c3ccc(F)nc3)cn2)c2c(F)cccc2c1=O,0.0,train,../data/images/P-gp/1222.png
1223.0,CC1(C)CC[C@]2(C(=O)O)CC[C@]3(C)C(=CCC4=C5C[C@H](O)[C@H](O)[C@@](C)(CO)[C@@]5(C)CC[C@]43C)[C@@H]2C1,0.0,train,../data/images/P-gp/1223.png
1224.0,CN(CCc1ccccn1)c1nc(-c2ccncc2)nc2c1CN(C(=O)Nc1cccc(F)c1)CC2,1.0,train,../data/images/P-gp/1224.png
1225.0,COc1cc(OC)c2c(c1)O[C@H](c1cc(OC)c(OC)c(OC)c1)[C@H](OC(=O)c1ccc(F)c(N(C)C)c1)C2,1.0,train,../data/images/P-gp/1225.png
1226.0,O=c1c2c3c(sc2nc2n1N=CN(c1ccc(Cl)cc1)C2)CCCC3,0.0,train,../data/images/P-gp/1226.png
1227.0,Nc1nc(=S)c2[nH]cnc2[nH]1,0.0,train,../data/images/P-gp/1227.png
1228.0,N#C[C@H]1C(=S)N([C@@H]2O[C@H](CO)[C@@H](O)[C@H](O)[C@H]2O)C(c2ccccc2)=C[C@@H]1c1ccccc1,0.0,train,../data/images/P-gp/1228.png
1229.0,COc1ccc2c(c1)CCC(c1ccccc1)=C2c1ccc(OCCN2CCCC2)cc1,1.0,train,../data/images/P-gp/1229.png
1230.0,Cc1ccc2c(N)c3c(nc2c1)N(Cc1ccccc1)CC3,0.0,train,../data/images/P-gp/1230.png
1231.0,CC(C)(C)NC(=O)[C@@H]1C[C@@H]2CCCC[C@@H]2CN1C[C@@H](O)[C@H](Cc1ccccc1)NC(=O)[C@H](CC(N)=O)NC(=O)c1ccc2ccccc2n1,1.0,train,../data/images/P-gp/1231.png
1232.0,c1ccc2c(c1)cc1ccc3cccc4ccc2c1c34,0.0,train,../data/images/P-gp/1232.png
1233.0,COc1ccc([C@H](CN(C)C)C2(O)CCCCC2)cc1,1.0,train,../data/images/P-gp/1233.png
1234.0,CCCC(CCC)C(=O)O,0.0,train,../data/images/P-gp/1234.png
1235.0,CN(C)c1ccc2c(-c3ccc(C(=O)O)s3)c3ccc(=[N+](C)C)cc-3[se]c2c1,1.0,train,../data/images/P-gp/1235.png
1236.0,C=C1C(C(O)C[C@H](C)C2O[C@@]3(CCCCO3)CCC2C)O[C@@H]2CCC3(CCC(/C=C/[C@@H](C)C4CC(C)=CC5(O4)O[C@H](C[C@](C)(O)C(=O)O)CCC5O)O3)OC2[C@@H]1O,1.0,train,../data/images/P-gp/1236.png
1237.0,CC(C)NCCNc1ccc2ncnc3c2c1C(=O)c1ccccc1-3,0.0,train,../data/images/P-gp/1237.png
1238.0,CC(C)n1c2c([n+](C)c1C=Cc1ccccc1)C(=O)c1ccccc1C2=O,1.0,train,../data/images/P-gp/1238.png
1239.0,COc1cc(OC)c2c(c1)O[C@H](c1cc(OC)c(OC)c(OC)c1)[C@@H](OC(=O)c1ccc(F)c(NC(=O)c3cc(OC)c(OC)c(OC)c3)c1)C2=O,1.0,train,../data/images/P-gp/1239.png
1240.0,CC(=O)O[C@H](CCC(C)(C)O)[C@](C)(O)[C@H]1CC[C@@]2(O)C3=CC(=O)[C@@H]4C[C@@H](O)[C@@H](O)C[C@]4(C)[C@H]3CC[C@]12C,0.0,train,../data/images/P-gp/1240.png
1241.0,C[C@@H](NC(=O)C1(NC(=O)C(F)(F)F)CC1)c1ccc(-c2cccc(F)c2-c2nnnn2C)cc1F,1.0,train,../data/images/P-gp/1241.png
1242.0,COc1c(O)cc2c(c1OC)-c1ccc(OC)c(=O)cc1[C@@H](NC(C)=O)CC2,1.0,train,../data/images/P-gp/1242.png
1243.0,O=C1Nc2ccccc2SC1C1SC(=S)N(Cc2ccccc2)C1=O,0.0,train,../data/images/P-gp/1243.png
1244.0,CN(C)C(=S)SN(C)C(=O)Nc1ccccc1,0.0,train,../data/images/P-gp/1244.png
1245.0,CC(C=CC=C(C)C(=O)OC1C[C@H](COC2OC(CO)[C@@H](O)C(O)[C@H]2O)C(O)[C@H](O)C1O)=C/C=C/C=C(C)/C=C/C=C(C)C(=O)O[C@@H]1OC(COC2OC(CO)[C@@H](O)C(O)[C@H]2O)C(O)[C@H](O)C1O,1.0,train,../data/images/P-gp/1245.png
1246.0,O=c1[nH]c2ccccc2n1CCCN1CCC(n2c(=O)[nH]c3cc(Cl)ccc32)CC1,1.0,train,../data/images/P-gp/1246.png
1247.0,Cc1nnsc1C(=O)NC1(C(=O)N[C@H](C)c2ccc(-n3nc(Cl)c4ccccc43)cc2F)CC1,1.0,train,../data/images/P-gp/1247.png
1248.0,COc1ccc(C(=O)O[C@@H]2Cc3c(OC)cc(OC)cc3O[C@@H]2c2cc(OC)c(OC)c(OC)c2)cc1,0.0,train,../data/images/P-gp/1248.png
1249.0,C[C@@H]1C[C@H]2CC[C@H](O2)[C@H](C)C(=O)O[C@@H](C)C[C@@H]2CC[C@@H](O2)[C@@H](C)C(=O)O[C@H](C)C[C@H]2CC[C@H](O2)[C@H](C)C(=O)O[C@@H](C)C[C@@H]2CC[C@@H](C2)[C@@H](C)C(=O)O1,1.0,train,../data/images/P-gp/1249.png
1250.0,O=C1C=CC(=O)c2nc3c(cc21)CCC3,1.0,train,../data/images/P-gp/1250.png
1251.0,CCCCCCCCCCCCCCCCCCNc1ccn(C2OC(COP(=O)(O)OCC3OC(n4cc(F)c(=O)[nH]c4=O)CC3O)C(O)C2O)c(=O)n1,0.0,train,../data/images/P-gp/1251.png
1252.0,O=C1/C(=C/c2ccc([N+](=O)[O-])cc2)CN(C(=O)c2ccc(OCCN3CCCCC3)cc2)C/C1=C\c1ccc([N+](=O)[O-])cc1,1.0,train,../data/images/P-gp/1252.png
1253.0,CO[C@@H]1[C@H](O)C[C@@H](O[C@@H]2C[C@H](Oc3cc4cc5c(c(O)c4c(O)c3C)C(=O)[C@@H](O[C@H]3C[C@@H](O[C@H]4C[C@@H](O[C@H]6CC(C)(O)[C@@H](OC(C)=O)[C@H](C)O6)[C@H](O)[C@@H](C)O4)[C@H](O)[C@@H](C)O3)[C@H]([C@H](OC)C(=O)[C@@H](O)[C@@H](C)O)C5)O[C@H](C)[C@@H]2OC(C)=O)O[C@@H]1C,1.0,train,../data/images/P-gp/1253.png
1254.0,COC1CC(C)C(OC)c2cc(O)cc(c2O)NC(=O)/C(C)=C/C=C\C(C)C(OC(N)=O)/C(C)=C\C(C)C1OC,1.0,train,../data/images/P-gp/1254.png
1255.0,COc1cc(OC)c2c(c1)O[C@H](c1cc(OC)c(OC)c(OC)c1)[C@@H](OC(=O)c1ccc(OC)c(OC)c1)C2,1.0,train,../data/images/P-gp/1255.png
1256.0,CCCCCCCCCC=C1CCC(CN2CCOCC2)C1=O,0.0,train,../data/images/P-gp/1256.png
1257.0,CN/C(=N\S(=O)(=O)N1CCCCC1)N1C[C@H](c2ccccc2)C(c2ccc(Cl)cc2)=N1,0.0,train,../data/images/P-gp/1257.png
1258.0,COc1ccc2o/c(=N/c3ccccc3)c(C(N)=O)cc2c1,0.0,train,../data/images/P-gp/1258.png
1259.0,CC(C)COCC(CN(Cc1ccccc1)c1ccccc1)N1CCCC1,1.0,train,../data/images/P-gp/1259.png
1260.0,CC1(C)S[C@@H]2[C@H](NC(=O)[C@H](N)c3ccccc3)C(=O)N2[C@H]1C(=O)O,0.0,train,../data/images/P-gp/1260.png
1261.0,COC1C(O)CC(OC2CC(Oc3cc4cc5c(c(O)c4c(O)c3C)C(=O)[C@@H](OC3CC(OC4CC(OC6CC(C)(O)C(OC(C)=O)C(C)O6)C(O)C(C)O4)C(O)C(C)O3)[C@H]([C@H](OC)C(=O)[C@@H](O)[C@@H](C)O)C5)OC(C)C2OC(C)=O)OC1C,1.0,train,../data/images/P-gp/1261.png
1262.0,C[C@@H]1CS(=O)(=O)CCN1/N=C/c1ccc([N+](=O)[O-])o1,0.0,train,../data/images/P-gp/1262.png
1263.0,CC[C@H]1CN2CCc3cc(OC)c(OC)cc3[C@@H]2C[C@@H]1C[C@H]1NCCc2cc(OC)c(OC)cc21,1.0,train,../data/images/P-gp/1263.png
1264.0,N#CC1(c2ccncc2)CCN(Cc2cc3c(c4ccccc24)CN([C@H]2CCCC[C@@H]2O)C3=O)CC1,1.0,train,../data/images/P-gp/1264.png
1265.0,Nc1ccc(-c2ccc(Cn3cc(C(=O)O)c(=O)c4cccc(F)c43)nc2)cn1,0.0,train,../data/images/P-gp/1265.png
1266.0,CC[C@H](C)C[C@H](C)CCCCCCCCC(=O)N[C@H]1C[C@@H](O)[C@@H](NCCN)NC(=O)[C@@H]2[C@@H](O)CCN2C(=O)[C@H]([C@H](O)CCN)NC(=O)[C@H]([C@H](O)[C@@H](O)c2ccc(O)cc2)NC(=O)[C@@H]2C[C@@H](O)CN2C(=O)[C@H]([C@@H](C)O)NC1=O,0.0,train,../data/images/P-gp/1266.png
1267.0,COc1ccc(Cc2c(-c3ccc(C)cc3)n[nH]c(=O)c2-c2c(-c3ccccc3)[nH]n(-c3ccccc3)c2=O)cc1,0.0,train,../data/images/P-gp/1267.png
1268.0,CCSC1=NC(=Cc2ccccc2O)C(=O)N1,0.0,train,../data/images/P-gp/1268.png
1269.0,CO[P@](=S)(Oc1cc(Cl)c(Br)cc1Cl)c1ccccc1,0.0,train,../data/images/P-gp/1269.png
1270.0,Nc1cccc2c1CN(C1CCC(=O)NC1=O)C2=O,1.0,train,../data/images/P-gp/1270.png
1271.0,C[C@]12CCC(=O)C[C@@H]1CC[C@@H]1[C@@H]2CC[C@]2(C)[C@@H](OC(=O)N(CCCl)N=O)CC[C@@H]12,0.0,train,../data/images/P-gp/1271.png
1272.0,CC(C)CC[C@@H](O)[C@](C)(O)[C@H]1CC[C@@]2(O)C3=CC(=O)[C@@H]4C[C@@H](O)[C@@H](O)C[C@]4(C)C3=CC[C@]12C,0.0,train,../data/images/P-gp/1272.png
1273.0,C=C(O)CN1(CCN2(CCN(CC(=O)O)(CC(=O)NCCCC)->[Eu]<-2<-1)CC(=O)O)CC(=O)NCCCC,0.0,train,../data/images/P-gp/1273.png
1274.0,Oc1cccc2cccnc12,0.0,train,../data/images/P-gp/1274.png
1275.0,C[C@]12CCC(=O)C=C1CC[C@H]1[C@H]2[C@@H](O)C[C@@]2(C)[C@@H]1CC[C@]2(O)C(=O)CO,1.0,train,../data/images/P-gp/1275.png
1276.0,CN(CCc1ccccn1)c1nc(-c2ccncc2)nc2c1CN(C(=O)NC(C)(C)C)CC2,1.0,train,../data/images/P-gp/1276.png
1277.0,COc1ccc2c(NCCCCCCCCNc3c4ccccc4nc4cc(OC)ccc34)c3ccccc3nc2c1,1.0,train,../data/images/P-gp/1277.png
1278.0,CC(C)N1CCC(N(C(=O)Cc2ccccc2)c2ccc(Cl)cc2)CC1,0.0,train,../data/images/P-gp/1278.png
1279.0,COc1c(C(=O)N[C@H]2CCCC[C@@H]2O)cc(Cc2ccc(-c3cnn(C)c3)nc2)c2ccccc12,0.0,train,../data/images/P-gp/1279.png
1280.0,CN[C@@H](C)C(=O)N[C@H](C(=O)N1C[C@H]2Cc3ccccc3N2C[C@H]1C(=O)N[C@@H]1CCOc2ccccc21)C1CCCCC1,1.0,train,../data/images/P-gp/1280.png
1281.0,N#Cc1c(=O)c2cc([N+](=O)[O-])ccc2n2c1[nH]c1ccccc12,0.0,train,../data/images/P-gp/1281.png
1282.0,CC(C)(C)NCC(=O)Nc1c2c(nc3ccccc13)N(Cc1ccccc1)CC2,1.0,train,../data/images/P-gp/1282.png
1283.0,C[C@@H](O)[C@H]1C(=O)N2C(C(=O)O)=C(S[C@@H]3CN[C@H](C(=O)Nc4cccc(C(=O)O)c4)C3)[C@H](C)[C@H]12,0.0,train,../data/images/P-gp/1283.png
1284.0,CCC1(O)C=CC(=O)C=C1,0.0,train,../data/images/P-gp/1284.png
1285.0,CN1CCc2c1nc1ccccc1c2NC(=O)CN1CCCCC1,1.0,train,../data/images/P-gp/1285.png
1286.0,CC[C@]1(O)C[C@H]2CN(CCc3c([nH]c4ccccc34)[C@@](C(=O)OC)(c3cc4c(cc3OC)N(C)[C@H]3[C@@](O)(C(=O)OC)[C@H](OC(C)=O)[C@]5(CC)C=CCN6CC[C@]43[C@@H]65)C2)C1,1.0,train,../data/images/P-gp/1286.png
1287.0,O=C(c1ccccc1)c1c2n(c3c1cc(O)c1ccccc13)CCN2,1.0,train,../data/images/P-gp/1287.png
1288.0,COc1ccc2c(c1OC)C(=O)O[C@@H]2[C@@H]1c2c(cc3c(c2OC)OCO3)CCN1C,0.0,train,../data/images/P-gp/1288.png
1289.0,CCNCCC[C@@]1(c2ccccc2)C=C(c2cc(F)ccc2F)CN1C(=O)N(C)C,1.0,train,../data/images/P-gp/1289.png
1290.0,COc1cccc(COc2ccccc2CCc2ccccc2)c1OC,0.0,train,../data/images/P-gp/1290.png
1291.0,CN(C)c1ccc2c(-c3ccc(C(=S)N4CCCCC4)s3)c3ccc(=[N+](C)C)cc-3[te]c2c1,1.0,train,../data/images/P-gp/1291.png
1292.0,COc1cccc2c1/c(=C/c1ccc(N(C)C)cc1)c1cc(-c3ccccc3)[n+](C)n12,1.0,train,../data/images/P-gp/1292.png
1293.0,CC1(C)CC[C@H]([C@](C)(O)[C@H]2CC[C@@]3(O)C4=CC(=O)[C@@H]5C[C@@H](O)[C@@H](O)C[C@]5(C)[C@H]4CC[C@]23C)O1,0.0,train,../data/images/P-gp/1293.png
1294.0,C[C@]12CC[C@H](O)C=C1CC[C@@H]1[C@@H]2CC[C@]2(C)C(=N/O)/C(=C/c3ccncc3)C[C@@H]12,0.0,train,../data/images/P-gp/1294.png
1295.0,CCn1cc(C(=O)O)c(=O)c2cc(F)c(N3CCNCC3)nc21,0.0,train,../data/images/P-gp/1295.png
1296.0,COc1cc(NCCCCCNC(=N)NC(=N)NC(C)C)c2ncccc2c1,1.0,train,../data/images/P-gp/1296.png
1297.0,CC(=O)O[C@H](CCC(C)(C)O)[C@](C)(O)[C@H]1CC[C@@]2(O)C3=CC(=O)[C@@H]4C[C@@H](O)CC[C@]4(C)[C@H]3CC[C@]12C,0.0,train,../data/images/P-gp/1297.png
1298.0,CCN1CCC[C@@H]1CNC(=O)c1cc(S(N)(=O)=O)ccc1OC,1.0,train,../data/images/P-gp/1298.png
1299.0,CC[C@@H](C)[C@@H](NC(=O)[C@@H](NC(=O)[C@@H](N)Cc1ccc(O)cc1)[C@@H](C)CC)C(=O)N[C@H](CCCCN)C(=O)NCC(=O)N[C@H](C(=O)N[C@H](Cc1ccccc1)C(=O)N[C@@H](Cc1c[nH]c2ccccc12)C(=O)N[C@H](CC(=O)O)C(=O)N[C@H](C)C(=O)N[C@@H](CSC/C=C(\C)CC/C=C(\C)CCC=C(C)C)C(=O)OC)C(C)C,1.0,train,../data/images/P-gp/1299.png
1300.0,COC1=CC(=O)C2=C(C1=O)[C@H]1CC[C@]3(C)C(=O)CC[C@H]3[C@@H]1CC2,0.0,train,../data/images/P-gp/1300.png
1301.0,COc1cc(C2=NOC(c3cc(OC)c(OC)c(OC)c3)C2)ccc1OCCCCOc1cc2c(cc1OC)C(=O)N1CCC[C@H]1C=N2,1.0,train,../data/images/P-gp/1301.png
1302.0,CCN(CC)C(=O)c1ccc(-c2c3ccc(=[N+](C)C)cc-3[se]c3cc(N(C)C)ccc23)s1,1.0,train,../data/images/P-gp/1302.png
1303.0,N#CC1(c2ccccn2)CCN(Cc2cc3c(c4ccccc24)CN([C@H]2CCCC[C@@H]2O)C3=O)CC1,1.0,train,../data/images/P-gp/1303.png
1304.0,CC1(C)OC(CP(c2ccccc2)c2ccccc2)C(CP(c2ccccc2)c2ccccc2)O1,1.0,train,../data/images/P-gp/1304.png
1305.0,COC(=O)Nc1nc2ccc(S(=O)c3ccccc3)cc2[nH]1,0.0,train,../data/images/P-gp/1305.png
1306.0,CCC1C[N+]2(CCCC3(C)N=N3)C3CC45c6ccccc6N(C)C4C2CC1C3C5O,1.0,train,../data/images/P-gp/1306.png
1307.0,C[C@@H](NC(=O)C1(NC(=O)c2cncs2)CC1)c1ccc(-n2nc(Cl)c3ccccc32)cc1F,1.0,train,../data/images/P-gp/1307.png
1308.0,Cc1nc2cc(N=Nc3c(C)noc3C)ccc2[nH]1,0.0,train,../data/images/P-gp/1308.png
1309.0,O=C(O)c1cn(Cc2ccc(-c3cccnc3)cn2)c2c(F)cccc2c1=O,0.0,train,../data/images/P-gp/1309.png
1310.0,CN(C)CCNc1ccc2ncnc3c2c1C(=O)c1ccccc1-3,0.0,train,../data/images/P-gp/1310.png
1311.0,Nc1nc(N)c2nc(-c3ccccc3)c(N)nc2n1,0.0,train,../data/images/P-gp/1311.png
1312.0,CC(C)(C)OC(=O)N1C2C3C4N(C(=O)OC(C)(C)C)C5C(C1[C@]5(CO)[C@H]3c1ccccc1)[C@@H](c1ccccc1)[C@@]24CO,1.0,train,../data/images/P-gp/1312.png
1313.0,CN(C)c1ccc(/C=c2/c3ccccc3n3c2cc(/C=C/c2ccccc2)[n+]3C)cc1,1.0,train,../data/images/P-gp/1313.png
1314.0,CSCC[C@H](N=C(O)[C@H](CC(C)C)N=C(O)CN=C(O)[C@H](Cc1ccccc1)N=C(O)[C@H](Cc1ccccc1)N=C(O)[C@H](CCC(=N)O)N=C(O)[C@H](CCC(=N)O)N=C(O)[C@@H]1CCCN1C(=O)[C@H](CCCCN)N=C(O)[C@@H]1CCCN1C(=O)[C@@H](N)CCCNC(=N)N)C(=N)O,1.0,train,../data/images/P-gp/1314.png
1315.0,Cc1noc(-c2c(F)cccc2-c2ccc([C@@H](C)NC(=O)C3(NC(=O)C(F)(F)F)CC3)c(F)c2)n1,1.0,train,../data/images/P-gp/1315.png
1316.0,C=C1[C@H](OCC(C)C)[C@@H](OC(C)=O)[C@@H](OC(C)=O)C(C)(C)[C@@H]2O[C@](O)([C@H](C)[C@@H]2OC(C)=O)[C@@]2(OC(C)=O)C[C@@](C)(OC(C)=O)[C@H](OC(C)=O)[C@@H]2[C@H]1OC(C)=O,0.0,train,../data/images/P-gp/1316.png
1317.0,CN[C@@H]1c2cc3c(cc2[C@@H](c2cc(OC)c(OC)c(OC)c2)[C@H]2C(=O)OC[C@@H]21)OCO3,0.0,train,../data/images/P-gp/1317.png
1318.0,O=C1/C(=C/c2ccccc2)CNC/C1=C\c1ccccc1,0.0,train,../data/images/P-gp/1318.png
1319.0,CNc1nc(Nc2cnn(C3(C#N)CC3)c2Cl)ncc1C(F)(F)F,0.0,train,../data/images/P-gp/1319.png
1320.0,C=C(CN(C)C)C(=O)c1cc(C)ccc1C,0.0,train,../data/images/P-gp/1320.png
1321.0,O=c1[nH]c(=O)n(C2CC(O)C(CO)O2)cc1C(F)(F)F,0.0,train,../data/images/P-gp/1321.png
1322.0,CC(C)CC[C@@H](O)[C@](C)(O)[C@H]1CC[C@@]2(O)C3=CC(=O)[C@]4(O)C[C@@H](O)[C@@H](O)C[C@]4(C)[C@H]3[C@H](O)C[C@]12C,0.0,train,../data/images/P-gp/1322.png
1323.0,C[C@@H]1CC[C@H]2[C@@H](C)C(=O)O[C@@H]3O[C@@]4(C)CC[C@@H]1[C@@]32OO4,0.0,train,../data/images/P-gp/1323.png
1324.0,O=c1c2cc(S(=O)(=O)O)ccc2nc(COc2ccc(Oc3ccc(Cl)cc3Cl)cc2)n1-c1ccc(Oc2ccc(Cl)cc2)cc1Cl,0.0,train,../data/images/P-gp/1324.png
1325.0,COc1cc([C@](C#N)(CCCN(C)CCc2cccc(N=[N+]=[N-])c2)C(C)C)cc(OC)c1OC,1.0,train,../data/images/P-gp/1325.png
1326.0,CC(C)(C)c1nc(-c2ccc(F)cc2)c(-c2ccc3nc(N)n(C(C)(C)C)c3n2)[nH]1,1.0,train,../data/images/P-gp/1326.png
1327.0,CO[C@@H](C(=O)[C@@H](O)[C@H](C)O)[C@@H]1Cc2cc3cc(O[C@H]4C[C@H](O[C@@H]5C[C@H](O)[C@H](O)[C@H](C)O5)[C@H](O)[C@H](C)O4)c(C)c(O)c3c(O)c2C(=O)[C@@H]1O[C@@H]1C[C@H](O[C@@H]2C[C@H](O[C@H]3C[C@](C)(O)[C@H](O)[C@H](C)O3)[C@H](O)[C@H](C)O2)[C@H](O)[C@H](C)O1,1.0,train,../data/images/P-gp/1327.png
1328.0,CC1OC(OC2C(O)CC(OC3C(O)CC(OC4CCC5(C)C(CCC6C5CCC5(C)C(C7=CC(=O)OC7)C(O)CC65O)C4)OC3C)OC2C)CC(O)C1O,0.0,train,../data/images/P-gp/1328.png
1329.0,COC(=O)c1c(F)cccc1-c1ccc([C@@H](C)NC(=O)C2(NC(=O)CC(F)(F)F)CC2)c(F)c1,1.0,train,../data/images/P-gp/1329.png
1330.0,O=C(CCCN1CCC(=C(c2ccc(F)cc2)c2ccc(F)cc2)CC1)N1CCCC1,1.0,train,../data/images/P-gp/1330.png
1331.0,Cc1cc2nc(C=C(C(F)(F)F)C(F)(F)F)sc2cc1C,0.0,train,../data/images/P-gp/1331.png
1332.0,CC(=O)O[C@H]1CC[C@](C)(O)[C@]23OC(C)(C)[C@H]([C@H](OC(=O)/C=C/c4ccccc4)[C@H](OC(=O)c4ccccc4)[C@]12C)[C@H]3OC(=O)CCC(=O)N(C(=O)NC1CCCCC1)C1CCCCC1,1.0,train,../data/images/P-gp/1332.png
1333.0,O=C(C[C@H](/C=C/S(=O)(=O)c1ccccc1)CCc1ccccc1)[C@H](Cc1ccccc1)NC(=O)N1CCNCC1,1.0,train,../data/images/P-gp/1333.png
1334.0,O=C(N[C@H](CO)[C@H](O)c1ccc([N+](=O)[O-])cc1)C(Cl)Cl,0.0,train,../data/images/P-gp/1334.png
1335.0,COC(=O)C1c2cc3c(cc2C(OC2OC(C)C(OC)C(C)(OC)C2OC)CC1(C)O)C(=O)c1c(O)cc2c(c1C3=O)OC1OC2(C)C(O)C([N+](C)(C)[O-])C1O,1.0,train,../data/images/P-gp/1335.png
1336.0,CCCCCC(=O)N[C@@H](Cc1ccccc1)[C@@H](O)C(=O)O[C@@H]1C(C)=C2[C@@H](O)C(=O)[C@]3(C)[C@H]([C@H](OC(=O)c4ccccc4)[C@@]4(OC(=O)O[C@@H]14)C2(C)C)[C@]1(OC(C)=O)CO[C@@H]1C[C@@H]3O,1.0,train,../data/images/P-gp/1336.png
1337.0,O=[N+]([O-])c1cccc2nc3ccccc3c(NCCCCCNc3c4ccccc4nc4cccc([N+](=O)[O-])c34)c12,0.0,train,../data/images/P-gp/1337.png
1338.0,CC(=O)O[C@]12C[C@H](C)[C@H](OC(=O)c3ccc(C)cc3)[C@@H]1/C=C(\C)CC[C@H]1[C@@H](/C=C(\C)C2=O)C1(C)C,1.0,train,../data/images/P-gp/1338.png
1339.0,CNc1nc(Nc2cnn([C@H]3CCN(C4COC4)C[C@@H]3F)c2Cl)ncc1C(F)(F)F,0.0,train,../data/images/P-gp/1339.png
1340.0,CNc1nc(N(C)C)nc(N(C)C)n1,0.0,train,../data/images/P-gp/1340.png
1341.0,CCO[C@@H]1C[C@@H]2CN(C(=O)[C@@H](NC(=O)[C@H](C)NC)C3CCC(F)(F)CC3)[C@H](C(=O)N[C@@H]3CCOc4ccccc43)CN2C1,1.0,train,../data/images/P-gp/1341.png
1342.0,CNc1nc(Nc2cnn(C3COC3)c2C)ncc1C(F)(F)F,0.0,train,../data/images/P-gp/1342.png
1343.0,CC(=O)O[C@@H]1C[C@]2(C(=O)c3ccccc3)C(=O)C(=O)S[C@]12c1ccccc1,0.0,train,../data/images/P-gp/1343.png
1344.0,CC(C)CCC[C@@H](C)[C@H]1CC[C@H]2[C@H]3CC=C4C[C@@H](O)CC[C@]4(C)[C@@H]3CC[C@]12C,1.0,train,../data/images/P-gp/1344.png
1345.0,CCOC(=O)C1(c2ccccc2)CCN(C)CC1,0.0,train,../data/images/P-gp/1345.png
1346.0,O=S1OCC2C(CO1)C1(Cl)C(Cl)=C(Cl)C2(Cl)C1(Cl)Cl,1.0,train,../data/images/P-gp/1346.png
1347.0,O=c1c(-c2ccc(O)cc2)coc2cc(O)cc(O)c12,0.0,train,../data/images/P-gp/1347.png
1348.0,NC(=O)N1c2ccccc2C=Cc2ccccc21,0.0,train,../data/images/P-gp/1348.png
1349.0,COC(C(=O)C(O)C(C)O)C1Cc2cc3cc(OC4CC(OC(C)=O)C(OC5CC(O)C(OC)C(C)O5)C(C)O4)cc(O)c3c(O)c2C(=O)C1OC1CC(OC2CC(OC3CC(C)(O)C(OC(=O)C(C)C)C(C)O3)C(O)C(C)O2)C(O)C(C)O1,1.0,train,../data/images/P-gp/1349.png
1350.0,COP(=S)(OC)SCN1C(=O)c2ccccc2C1=O,0.0,train,../data/images/P-gp/1350.png
1351.0,Cc1cc(N=Nc2c(O)ccc3ccccc23)ccc1N=Nc1cccc([N+](C)(C)C)c1,1.0,train,../data/images/P-gp/1351.png
1352.0,CC(=O)O[C@H]1C(=O)[C@@]2(C)[C@H]([C@H](OC(=O)c3cccc([N+](=O)[O-])c3)[C@]3(O)C[C@H](OC(=O)[C@H](O)[C@@H](NC(=O)c4ccccc4)c4ccccc4)C(C)=C1C3(C)C)[C@]1(OC(C)=O)CO[C@@H]1C[C@@H]2O,1.0,train,../data/images/P-gp/1352.png
1353.0,COc1cc(OC)c2c(c1)O[C@H](c1cc(OC)c(OC)c(OC)c1)[C@H](OC(=O)CCc1cc(OC)c(OC)c(OC)c1)C2,1.0,train,../data/images/P-gp/1353.png
1354.0,C=C(C)[C@@]12CC(OC(=O)C(O)[C@@H](NC(=O)c3ccccc3)c3ccccc3)C(C)=C1[C@@H](OC(C)=O)C(=O)[C@@]1(C)C(C2OC(=O)c2cc(F)cc(F)c2)[C@]2(OC(C)=O)CO[C@@H]2C[C@@H]1O,1.0,train,../data/images/P-gp/1354.png
1355.0,Cn1c(=O)c(COc2cccc(C(C)(C)C)c2)nc2ccccc21,1.0,train,../data/images/P-gp/1355.png
1356.0,COc1cccc2c1C(CO)N1C(C#N)C3CC(C(=O)O)C(C1C2)N3C,0.0,train,../data/images/P-gp/1356.png
1357.0,CC(=O)O[C@@H]1[C@@H]2[C@@H](OC(C)=O)[C@](C)(OC(C)=O)CC[C@H]3[C@@H](/C=C(\C)[C@H](OC(C)=O)[C@@]2(OC(C)=O)C[C@@H]1C)C3(C)C,1.0,train,../data/images/P-gp/1357.png
1358.0,CN(C)CCC=C1c2ccccc2Sc2ccc(Cl)cc21,0.0,train,../data/images/P-gp/1358.png
1359.0,COc1cc(/C=C/C(=O)c2c(O)on[n+]2-c2ccccc2)ccc1O,0.0,train,../data/images/P-gp/1359.png
1360.0,COc1ccc([C@@](C#N)(CCCN)C(C)C)cc1OC,1.0,train,../data/images/P-gp/1360.png
1361.0,O=C(O)c1cn(Cc2ccc(-n3cccn3)cc2)c2c(c1=O)C(O)CCC2,1.0,train,../data/images/P-gp/1361.png
1362.0,CC(C)C[C@@H](C=O)NC(=O)[C@H](CC(C)C)NC(=O)[C@H](CC(C)C)NC(=O)OCc1ccccc1,1.0,train,../data/images/P-gp/1362.png
1363.0,Cc1cc(-c2ccco2)c(C#N)c(=S)n1[C@@H]1O[C@H](CO)[C@H](O)[C@H](O)[C@H]1O,0.0,train,../data/images/P-gp/1363.png
1364.0,CCCNC[C@@H](O)COc1ccccc1C(=O)CCc1ccccc1,0.0,train,../data/images/P-gp/1364.png
1365.0,COC1OC(C(=O)CP(=O)(OC)OC)C(OCc2ccccc2)C(OCc2ccccc2)C1OCc1ccccc1,0.0,train,../data/images/P-gp/1365.png
1366.0,CC(C)=CCc1cc(C(=O)C=Cc2ccc(O)c(O)c2)c(O)cc1O,0.0,train,../data/images/P-gp/1366.png
1367.0,CCCCOC(=O)[C@@H](C)Oc1ccc(Oc2ccc(C(F)(F)F)cn2)cc1,0.0,train,../data/images/P-gp/1367.png
1368.0,CCN(CC)CCC(CNc1c2ccc([N+](=O)[O-])cc2nc2cc(OC)c(OC)cc12)c1ccccc1,1.0,train,../data/images/P-gp/1368.png
1369.0,CC(Oc1ccccc1Cl)C(=O)NN1C(=O)CC(=O)N(c2ccc(Cl)cc2)C1=S,0.0,train,../data/images/P-gp/1369.png
1370.0,Cc1ncc2n1-c1ccc(Cl)cc1C(c1ccccc1F)=NC2,0.0,train,../data/images/P-gp/1370.png
1371.0,COc1ccccc1COc1ccccc1CCc1ccccc1,0.0,train,../data/images/P-gp/1371.png
1372.0,N#Cc1c(-c2ccccc2)ccn(Cc2ccccc2)c1=O,0.0,train,../data/images/P-gp/1372.png
1373.0,C/C=C/[C@H](NC(=O)OC(C)(C)C)[C@@H](O)C(=O)O[C@@H]1C(C)=C2[C@@H](O)C(=O)[C@]3(C)[C@H]([C@H](OC(=O)c4ccccc4)[C@@]4(OC(=O)O[C@@H]14)C2(C)C)[C@]1(OC(C)=O)CO[C@@H]1C[C@@H]3O,1.0,train,../data/images/P-gp/1373.png
1374.0,CO[C@@H]1[C@@H](O[C@@H]2O[C@H](C)[C@@H](O[C@H]3C[C@@](C)(O)[C@@H](OC(=O)CC(C)C)[C@H](C)O3)[C@H](N(C)C)[C@H]2O)[C@@H](CC=O)C[C@@H](C)[C@@H](O)C=CC=CC[C@@H](C)OC(=O)C[C@H]1OC(C)=O,0.0,train,../data/images/P-gp/1374.png
1375.0,CC(C)C[C@H]1NC(=O)[C@H](Cc2ccccc2)NC(=O)CNC(=O)[C@@H](C)NC(=O)[C@H](Cc2ccc(O)cc2)NC(=O)/C=C\c2ccccc2OCOC1=O,1.0,train,../data/images/P-gp/1375.png
1376.0,Oc1c(O)c(Cl)c(Cl)c(Cl)c1Cl,0.0,train,../data/images/P-gp/1376.png
1377.0,CC(C)(C)NC[C@H](O)COc1nsnc1N1CCOCC1,1.0,train,../data/images/P-gp/1377.png
1378.0,COC(=O)[C@]12OC[C@@]34[C@@H]1[C@@H](OC(=O)/C=C(\C)C(C)C)C(=O)O[C@@H]3C[C@@H]1C(C)=C(O)C(=O)C[C@]1(C)[C@@H]4[C@@H](O)[C@@H]2O,1.0,train,../data/images/P-gp/1378.png
1379.0,CC(C)[C@@H]1OC(=O)[C@@H](C)COC(=O)C[C@@H](O)[C@H](Cc2ccccc2)N(C)C1=O,1.0,train,../data/images/P-gp/1379.png
1380.0,CCCC(=O)Nc1cc(C(=O)N2C[C@@H]3C[C@]34C2=CC(=O)c2[nH]cc(C)c24)n(COC)c1,1.0,train,../data/images/P-gp/1380.png
1381.0,COc1c(C(=O)N[C@H]2CCCC[C@@H]2O)cc(Cc2ccc(C)nc2)c2ccccc12,0.0,train,../data/images/P-gp/1381.png
1382.0,O=C(O)C(Cl)=C(Cl)C(=O)Nc1cccc(Cl)c1,0.0,train,../data/images/P-gp/1382.png
1383.0,COc1cc2cc(C3=NNC(=O)CC3C)sc2cc1OC,0.0,train,../data/images/P-gp/1383.png
1384.0,CC1(C)CC[C@]2(C(=O)O)CC[C@]3(C)C(=CC[C@@H]4[C@@]5(C)CC[C@H](OC6OC(CO)C(O)C(O)C6OC6OC(CO)C(O)C(O)C6O)C(C)(C)[C@@H]5CC[C@]43C)[C@@H]2C1,0.0,train,../data/images/P-gp/1384.png
1385.0,Cc1[nH]c2ncn(Nc3ccccc3)c(=N)c2c1Cc1ccccc1,0.0,train,../data/images/P-gp/1385.png
1386.0,COc1cc2nc(N3CCN(C(=O)c4ccco4)CC3)nc(N)c2cc1OC,1.0,train,../data/images/P-gp/1386.png
1387.0,CN(C)c1ccc2c(-c3ccc(C(=O)O)s3)c3ccc(=[N+](C)C)cc-3[te]c2c1,0.0,train,../data/images/P-gp/1387.png
1388.0,O[C@](CCN1CCCC1)(c1ccccc1)C1CCCCC1,0.0,train,../data/images/P-gp/1388.png
1389.0,O=c1c(-c2ccc(O)cc2)coc2c([C@@H]3O[C@H](CO)[C@@H](O)[C@H](O)[C@H]3O)c(O)ccc12,0.0,train,../data/images/P-gp/1389.png
1390.0,O=C1Cc2cc(Cn3cc(C(=O)O)c(=O)c4c(F)cccc43)ccc2N1,0.0,train,../data/images/P-gp/1390.png
1391.0,CS(=O)(=O)CCNCc1ccc(-c2ccc3ncnc(Nc4ccc(OCc5cccc(F)c5)c(Cl)c4)c3c2)o1,1.0,train,../data/images/P-gp/1391.png
1392.0,CC1=C[C@H]2O[C@@H]3C[C@H]4OC(=O)/C=C\C=C\[C@H]([C@@H](C)O)OC[C@H](O)[C@@]5(C)O[C@@H]5C(=O)OC[C@@]2(C[C@H]1O)[C@]4(C)C31CO1,1.0,train,../data/images/P-gp/1392.png
1393.0,COc1cc(OCc2nc3ccccc3n3cccc23)cc(OC)c1OC,0.0,train,../data/images/P-gp/1393.png
1394.0,BrC1(c2ccccc2)C[n+]2c(-c3ccccc3)cc(-c3ccccc3)cc2-c2ccccc21,1.0,train,../data/images/P-gp/1394.png
1395.0,Cc1nnc2n1-c1sc(CCC(=O)N3CCOCC3)cc1C(c1ccccc1Cl)=NC2,1.0,train,../data/images/P-gp/1395.png
1396.0,CCN(CC)CC(=O)Nc1c2c(nc3ccccc13)N(C)CC2,1.0,train,../data/images/P-gp/1396.png
1397.0,COc1cc2c(cc1OC)CN(CCCC1=CCCc3c(OC)cccc31)CC2,1.0,train,../data/images/P-gp/1397.png
1398.0,c1ccc([P+](c2ccccc2)(c2ccccc2)c2ccccc2)cc1,1.0,train,../data/images/P-gp/1398.png
1399.0,O=C(NN1CCCCC1)c1nc(-c2ccc(Cl)cc2Cl)c(-c2ccc(Cl)cc2)s1,0.0,train,../data/images/P-gp/1399.png
1400.0,CN(N=Cc1cccc2cccnc12)c1ccc([N+](=O)[O-])cc1[N+](=O)[O-],0.0,train,../data/images/P-gp/1400.png
1401.0,CCOC(=O)Sc1ncnc2nc[nH]c12,0.0,train,../data/images/P-gp/1401.png
1402.0,CON=C(C(=O)N[C@@H]1C(=O)N2C(C(=O)O)=C(CSc3nc(=O)c(=O)[nH]n3C)CS[C@H]12)c1csc(N)n1,0.0,train,../data/images/P-gp/1402.png
1403.0,Cn1c(=O)c(COc2ccc(OCc3ccccc3)cc2)nc2ccccc21,0.0,train,../data/images/P-gp/1403.png
1404.0,Clc1ccc([C@H]2CN3CCN=C3c3ccccc32)cc1,1.0,train,../data/images/P-gp/1404.png
1405.0,CCN(CC)CCNC(=O)c1cc(Cl)c(N)cc1OC,1.0,train,../data/images/P-gp/1405.png
1406.0,CCCCCCCCCCS(=O)C[C@H](CO)NC(=O)C=Cc1c(C)[nH]c(=O)[nH]c1=O,1.0,train,../data/images/P-gp/1406.png
1407.0,CC(=O)OCOC(=O)CN(CC(=O)OCOC(C)=O)c1ccc(C)cc1OCCOc1cc(-c2c3cc(Cl)c(=O)cc-3oc3cc(OCOC(C)=O)c(Cl)cc23)ccc1N(CC(=O)OCOC(C)=O)CC(=O)OCOC(C)=O,1.0,train,../data/images/P-gp/1407.png
1408.0,COC1=C(C)C(=O)C2=C(C1=O)[C@@H]1[C@H]3CC4=C(C(=O)C(OC)=C(C)C4=O)[C@H](CNC(=O)C(C)=O)N3C(C#N)[C@H](C2)N1C,1.0,train,../data/images/P-gp/1408.png
1409.0,COc1ccc(C2=NN(C(N)=S)C(c3ccccc3)C2)cc1,0.0,train,../data/images/P-gp/1409.png
1410.0,CNC(C)(C)Cc1ccccc1,0.0,train,../data/images/P-gp/1410.png
1411.0,CC[C@H](C)C(=O)O[C@H]1C[C@@H](C)C=C2C=C[C@H](C)[C@H](CC[C@@H](O)C[C@@H](O)CC(=O)O)[C@H]21,1.0,train,../data/images/P-gp/1411.png
1412.0,COc1cc2c(cc1OC)C(Cl)C(c1ccc(F)cc1)=C2Cl,0.0,train,../data/images/P-gp/1412.png
1413.0,NC(=S)N/N=C/c1ncccc1N,1.0,train,../data/images/P-gp/1413.png
1414.0,CNc1nc(Nc2cnn(C3CCN(C4COC4)CC3)c2C)ncc1C(F)(F)F,1.0,train,../data/images/P-gp/1414.png
1415.0,COc1ccc2c(c1)/C(=C/CCN1CCc3cc(OC)c(OC)cc3C1)CCC2,1.0,train,../data/images/P-gp/1415.png
1416.0,COc1ccc2cc3[n+](cc2c1OC)CCc1cc2c(cc1-3)OCO2,1.0,train,../data/images/P-gp/1416.png
1417.0,C=CCc1[nH]c2c(OCc3ccccc3)cc(N(CC=C)C(C)=O)cc2c1C,0.0,train,../data/images/P-gp/1417.png
1418.0,O=CN[C@H](N1CCN([C@@H](NC=O)C(Cl)(Cl)Cl)CC1)C(Cl)(Cl)Cl,0.0,train,../data/images/P-gp/1418.png
1419.0,CC(=O)O[C@H]1C(=O)[C@@]2(C)[C@H]([C@H](OC(=O)c3ccccc3)[C@]3(O)CC(OC(=O)[C@H](O)[C@@H](NC(=O)c4ccccc4)c4ccc5ccccc5c4)C(C)=C1C3(C)C)[C@]1(OC(C)=O)CO[C@@H]1C[C@@H]2O,1.0,train,../data/images/P-gp/1419.png
1420.0,CN(C)c1ccc(-c2cc(-c3ccc(Nc4nc(Nc5ccc(Cl)cc5)nc(Nc5ccc(Cl)cc5)n4)cc3)no2)cc1,0.0,train,../data/images/P-gp/1420.png
1421.0,CCN1CCCC1CNC(=O)c1cc(S(N)(=O)=O)ccc1OC,0.0,train,../data/images/P-gp/1421.png
1422.0,C/C1=C\[C@@H]2[C@H](CC[C@]3(CO3)[C@H](OC(=O)Cc3ccccc3)[C@H]3[C@@H](OC(=O)Cc4ccccc4)[C@@H](C)C[C@]3(O)C1=O)C2(C)C,1.0,train,../data/images/P-gp/1422.png
1423.0,CC[C@H]1OC(=O)[C@H](C)[C@@H](O[C@H]2C[C@@](C)(OC)[C@@H](O)[C@H](C)O2)[C@H](C)[C@@H](O[C@H]2O[C@@H](C)C[C@@H](N(C)C)[C@@H]2O)[C@](C)(O)C[C@@H](C)C(=O)[C@H](C)[C@@H](O)[C@]1(C)O,1.0,train,../data/images/P-gp/1423.png
1424.0,COc1ccc2c(C(=O)c3cc(OC)c(OC)c(OC)c3)c[nH]c2c1,0.0,train,../data/images/P-gp/1424.png
1425.0,CC[C@H](C)[C@H]1O[C@]2(CC[C@@H]1C)C[C@@H]1C[C@@H](CC=C(C)[C@@H](O[C@H]3C[C@H](OC)[C@@H](O[C@H]4C[C@H](OC)[C@@H](O)[C@H](C)O4)[C@H](C)O3)[C@@H](C)C=CC=C3CO[C@@H]4[C@H](O)C(C)=C[C@@H](C(=O)O1)[C@]34O)O2,1.0,train,../data/images/P-gp/1425.png
1426.0,COc1cccc2c1C(=O)c1c(O)c3c(c(O)c1C2=O)C[C@@](O)(C(C)=NO)C[C@@H]3OC1CC(N)C(O)C(C)O1,1.0,train,../data/images/P-gp/1426.png
1427.0,NC(=O)c1nc[nH]c1/N=N/SCC(N)C(=O)O,0.0,train,../data/images/P-gp/1427.png
1428.0,CC(=O)O[C@H]1C(=O)[C@]2(C)[C@@H](OC(=O)OCCC(O)CO)C[C@H]3OC[C@@]3(OC(C)=O)[C@H]2[C@H](OC(=O)c2ccccc2)[C@]2(O)C[C@H](OC(=O)[C@H](O)[C@@H](NC(=O)c3ccccc3)c3ccccc3)C(C)=C1C2(C)C,1.0,train,../data/images/P-gp/1428.png
1429.0,COc1ccccc1N1C(=O)CSC1c1cccc(Oc2ccccc2)c1,0.0,train,../data/images/P-gp/1429.png
1430.0,COc1cc2c(cc1OC)CN(CCC[C@H]1CCCc3c(OC)cccc31)CC2,1.0,train,../data/images/P-gp/1430.png
1431.0,Cc1cc(C(C)(C)C)cc(CNC2CCCCC2)c1O,0.0,train,../data/images/P-gp/1431.png
1432.0,CCN(CC)CCNc1ccc2ncnc3c2c1C(=O)c1ccccc1-3,0.0,train,../data/images/P-gp/1432.png
1433.0,CCOc1ccc(-c2nc3cc(-c4nc5cc(N6CCN(C)CC6)ccc5[nH]4)ccc3[nH]2)cc1,1.0,train,../data/images/P-gp/1433.png
1434.0,CCOc1cc2c(cc1O)/C(=N\O)C[C@@H]1[C@@H]2CC[C@]2(C)[C@@H](O)CC[C@@H]12,0.0,train,../data/images/P-gp/1434.png
1435.0,CCCCN1CCc2c1nc1cc(Br)ccc1c2N,0.0,train,../data/images/P-gp/1435.png
1436.0,Cc1nc2ccccc2n(Cc2ccccc2)c1=O,1.0,train,../data/images/P-gp/1436.png
1437.0,C[C@@H](O)[C@H]1C(=O)N2C(C(=O)O)=C(S[C@@H]3CN[C@H](C(=O)Nc4cccc(C(=O)O)c4)C3)[C@H](C)[C@@H]12,0.0,train,../data/images/P-gp/1437.png
1438.0,CNCCCC1c2ccccc2C=Cc2ccccc21,1.0,train,../data/images/P-gp/1438.png
1439.0,Oc1cccc2cc(Cl)cnc12,0.0,train,../data/images/P-gp/1439.png
1440.0,C[C@H](CCC(=O)NCCS(=O)(=O)O)[C@H]1CC[C@H]2[C@@H]3[C@H](O)C[C@@H]4C[C@H](O)CC[C@]4(C)[C@H]3C[C@H](O)[C@]12C,0.0,train,../data/images/P-gp/1440.png
1441.0,NC(=NO)c1ccc(CNC(=O)[C@@H]2CCN2C(=O)[C@H](NCC(=O)O)C2CCCCC2)cc1,1.0,train,../data/images/P-gp/1441.png
1442.0,Cc1cccnc1CNC1CC(NCc2ncccc2C)CC(NCc2ncccc2C)C1,1.0,train,../data/images/P-gp/1442.png
1443.0,CN(C)c1ccc(C=Cc2cccc[n+]2C)cc1,1.0,train,../data/images/P-gp/1443.png
1444.0,CCCCCCCCCCCCCC=C[C@@H](O)[C@@H](N)COP(=O)(O)O,1.0,train,../data/images/P-gp/1444.png
1445.0,CN(CCc1ccccn1)c1nc(-c2cccnc2)nc2c1CN(C(=O)Nc1ccccc1)CC2,1.0,train,../data/images/P-gp/1445.png
1446.0,CCCOC(=O)N[C@H]1CCc2cc(OC)c(OC)c(OC)c2-c2ccc(OC)c(=O)cc21,1.0,train,../data/images/P-gp/1446.png
1447.0,Cc1cccc(C)c1OC[C@@H](C)N,0.0,train,../data/images/P-gp/1447.png
1448.0,CC(=O)Nc1ccc2c3c(cc(O)c2c1)N(C(=O)CCCCCC(=O)Nc1ccc2c4c(cc(O)c2c1)N(C(=O)OC(C)(C)C)CC4CCl)CC3CCl,1.0,train,../data/images/P-gp/1448.png
1449.0,CC(C)c1nc(CN(C)C(=O)N[C@H](C(=O)N[C@@H](Cc2ccccc2)C[C@H](O)[C@H](Cc2ccccc2)NC(=O)OCc2cncs2)C(C)C)cs1,1.0,train,../data/images/P-gp/1449.png
1450.0,CNc1nc(Nc2cn([C@H]3CCN(C4COC4)C[C@H]3F)nc2C)ncc1C(F)(F)F,1.0,train,../data/images/P-gp/1450.png
1451.0,C/C(=N/O)c1cccc(Nc2nc3ccccc3c3[nH]c4ccccc4c23)c1,0.0,train,../data/images/P-gp/1451.png
1452.0,C[C@H](CCC1=NCCN1)[C@H]1CC[C@H]2[C@@H]3CC[C@@H]4C[C@H](O)CC[C@]4(C)[C@H]3C[C@H](O)[C@]12C,1.0,train,../data/images/P-gp/1452.png
1453.0,C=C1[C@H](OCC(C)C)[C@@H](O)[C@@H](OC(=O)c2cccnc2)C(C)(C)/C=C/[C@H](C)[C@H](OC(C)=O)[C@@]2(O)C[C@@](C)(OC(C)=O)[C@H](OC(=O)c3ccccc3)[C@@H]2[C@H]1OC(C)=O,0.0,train,../data/images/P-gp/1453.png
1454.0,CCC1=C(c2cc(OC)c(OC)c(OC)c2)c2ccc(OC)c(O)c2CCC1,0.0,train,../data/images/P-gp/1454.png
1455.0,CC(=O)OC[C@H]1O[C@@H](n2c3c(c(-c4ccc(Cl)cc4)c(C#N)c2=S)C(=O)CC(C)(C)C3)[C@H](OC(C)=O)[C@@H](OC(C)=O)[C@@H]1OC(C)=O,0.0,train,../data/images/P-gp/1455.png
1456.0,*C(=O)NC1C(=O)NC(C(C)C)C(=O)N2CCCCC2C(=O)N(C)CC(=O)N(C)C(C(C)C)C(=O)OC1C,1.0,train,../data/images/P-gp/1456.png
1457.0,Cc1ccc2ccc(O)cc2c1,0.0,train,../data/images/P-gp/1457.png
1458.0,CN(C)CCCN1c2ccccc2Sc2ccc(C(F)(F)F)cc21,1.0,train,../data/images/P-gp/1458.png
1459.0,CN(C)CCNc1ccc2ncnc3c2c1C(=O)c1c(O)ccc(O)c1-3,0.0,train,../data/images/P-gp/1459.png
1460.0,CC1OC(OC2C(O[C@H]3CC[C@@]4(C)[C@@H](CC[C@@H]5[C@@H]4CC[C@]4(C)[C@@H]6[C@H](C[C@@H]54)O[C@]4(CC[C@@H](C)CO4)[C@H]6C)C3)OC(CO)C(OC3OC(CO)C(O)C(OC4OCC(O)C(O)C4O)C3OC3OCC(O)C(O)C3O)C2O)C(O)C(O)C1O,0.0,train,../data/images/P-gp/1460.png
1461.0,CCc1cccc2cc([C@@H](O)CNC(C)(C)C)oc12,0.0,train,../data/images/P-gp/1461.png
1462.0,C[C@]12C=CC(=O)C=C1CC[C@H]1[C@H]2[C@@H](O)C[C@@]2(C)[C@@H]1CC[C@]2(O)C(=O)CO,0.0,train,../data/images/P-gp/1462.png
1463.0,COc1cc(OC)c2c(c1)O[C@H](c1cc(OC)c(OC)c(OC)c1)[C@H](OC(=O)c1ccc(F)c(NC(=O)c3ccc(F)c(NC(=O)c4cc(OC)c(OC)c(OC)c4)c3)c1)C2,1.0,train,../data/images/P-gp/1463.png
1464.0,CC1OC(=O)CC(O)CC(O)CCC(O)C(O)CC(O)C[C@]2(O)CC(O)C(C(=O)O)[C@H](CC(OC3O[C@H](C)C(O)[C@H](N)[C@@H]3O)C=CCCC=CC=CC=CC=CC=CC(C)[C@@H](C)C1C)O2,1.0,train,../data/images/P-gp/1464.png
1465.0,CNCC[C@H](Oc1ccc(C(F)(F)F)cc1)c1ccccc1,0.0,train,../data/images/P-gp/1465.png
1466.0,CC1C2C(C=C3C4CCC5Cc6nc7c(nc6CC5(C)C4CC(O)C32CO)CC2CCC3C4=CC5OC6(OC(C)(CO)CC6O)C(C)C5(O)C4(C)C(O)CC3C2(C)C7)OC12CCC(C)(C)O2,0.0,train,../data/images/P-gp/1466.png
1467.0,COc1cc(OC)c2c(c1)O[C@H](c1cc(OC)c(OC)c(OC)c1)[C@H](OC(=O)Cc1ccc(OC)c(OC)c1)C2,1.0,train,../data/images/P-gp/1467.png
1468.0,COC(=O)C1=C(C)NC(C)=C(C(=O)OCCN(C)Cc2ccccc2)[C@H]1c1cccc([N+](=O)[O-])c1,0.0,train,../data/images/P-gp/1468.png
1469.0,COc1cc(OC)c2c(c1)O[C@H](c1cc(OC)c(OC)c(OC)c1)[C@@H](OC(=O)c1cc(OC)c(OC)c(OC)c1)C2,1.0,train,../data/images/P-gp/1469.png
1470.0,O=C1c2ccccc2C(=O)c2c(NCCNCCO)ccc(NCCNCCO)c21,1.0,train,../data/images/P-gp/1470.png
1471.0,C=C1[C@@H](C)[C@H]2[C@H](Cc3ccccc3)NC(=O)[C@]23OC(=O)CC[C@H](O)CCC[C@@H](C)CC=C[C@H]3[C@@H]1O,1.0,train,../data/images/P-gp/1471.png
1472.0,CC1(C)CC2C=C(C=O)C3(C=O)CC3(C)C2C1,0.0,train,../data/images/P-gp/1472.png
1473.0,Cc1cc(NS(=O)(=O)c2ccc(NC(=O)c3ccc(Cl)c4c(Nc5ccc(S(N)(=O)=O)cc5)c5ccccc5nc34)cc2)no1,1.0,train,../data/images/P-gp/1473.png
1474.0,CC(C)(C)c1cnc(CSc2cnc(NC(=O)C3CCNCC3)s2)o1,1.0,train,../data/images/P-gp/1474.png
1475.0,COCOc1ccc2c(c1)[C@@H]1OC(=O)O[C@]13CCC(C)=C(COC2)C3(C)C,1.0,train,../data/images/P-gp/1475.png
1476.0,CCOP(=S)(OCC)SC(CCl)N1C(=O)c2ccccc2C1=O,0.0,train,../data/images/P-gp/1476.png
1477.0,C=CCN1CC[C@]23c4c5ccc(O)c4O[C@H]2C(=O)CC[C@@]3(O)[C@H]1C5,0.0,train,../data/images/P-gp/1477.png
1478.0,COC(=O)C1=C(C)NC(C)=C(C(=O)OC(C)C)[C@H]1c1cccc2nonc12,0.0,train,../data/images/P-gp/1478.png
1479.0,CCCC(=O)O[C@@H]1[C@@H]2[C@@H](OC(C)=O)[C@]3(CC[C@H]4[C@@H](/C=C(\C)C(=O)[C@@]2(OC(C)=O)C[C@@H]1C)C4(C)C)CO3,1.0,train,../data/images/P-gp/1479.png
1480.0,O=C1OC(C2Cc3ccc4c(c3C2=O)CCCC4)c2ccccc21,0.0,train,../data/images/P-gp/1480.png
1481.0,O=C(CC(=O)c1ccccc1N=C1CC(=O)C(=O)c2ccccc21)C(=O)Nc1cccc(C(F)(F)F)c1,0.0,train,../data/images/P-gp/1481.png
1482.0,CC12CC[C@](C)(C(=O)O)C[C@H]1C1=CC(=O)[C@@H]3[C@@]4(C)CC[C@H](O[C@H]5O[C@H](C(=O)O)[C@@H](O)[C@H](O)[C@H]5O[C@@H]5O[C@H](C(=O)O)[C@@H](O)[C@H](O)[C@H]5O)C(C)(C)[C@H]4CC[C@@]3(C)[C@]1(C)CC2,0.0,train,../data/images/P-gp/1482.png
1483.0,CCCCCCCCCCCCCCCC[N+](C)(C)Cc1ccc(F)cc1,1.0,train,../data/images/P-gp/1483.png
1484.0,COC(=O)c1ccc(OCc2nc3ccccc3n(C)c2=O)c(OC)c1,1.0,train,../data/images/P-gp/1484.png
1485.0,COc1ccc(-c2cc(=O)c3ccccc3o2)c(OC)c1OC,1.0,train,../data/images/P-gp/1485.png
1486.0,COc1cc(OC)c2c(c1)O[C@H](c1cc(OC)c(OC)c(OC)c1)[C@@H](OC(=O)c1ccc(F)c(NC(=O)c3ccc(OC)c(OC)c3)c1)C2=O,1.0,train,../data/images/P-gp/1486.png
1487.0,O=C(CCC=C(S(=O)(=O)c1ccccc1)S(=O)(=O)c1ccccc1)c1ccccc1,0.0,train,../data/images/P-gp/1487.png
1488.0,S=C1C(=Nc2ccccc2)N(c2ccccc2)C(=[N+]=c2ccccn2Cc2ccccc2)N1c1ccccc1,0.0,train,../data/images/P-gp/1488.png
1489.0,NCC[C@H](Oc1ccc(C(F)(F)F)cc1)c1ccccc1,0.0,train,../data/images/P-gp/1489.png
1490.0,COC(=O)c1ccccc1-c1c2ccc(=[N+](C)C)cc-2oc2cc(N(C)C)ccc12,1.0,train,../data/images/P-gp/1490.png
1491.0,CN(C)CCOC(c1ccccc1)c1ccccc1,0.0,train,../data/images/P-gp/1491.png
1492.0,CC(=O)O[C@H]1C(=O)[C@@]2(C)[C@H](C(OC(=O)c3ccccc3)[C@]3(O)C[C@H](OC(=O)C(O)[C@@H](NC(=O)CC(C)(C)C)c4ccccc4)C(C)=C1C3(C)C)[C@]1(OC(C)=O)CO[C@@H]1C[C@@H]2O,1.0,train,../data/images/P-gp/1492.png
1493.0,Cc1ccc(C(=CCN2CCCC2)c2cccc(C=CC(=O)N3CCOCC3)n2)cc1,1.0,train,../data/images/P-gp/1493.png
1494.0,CN1CCN(C2=Nc3cc(Cl)ccc3Nc3ccccc32)CC1,0.0,train,../data/images/P-gp/1494.png
1495.0,COC(=O)CN1C(=O)N(CCCCN2CCN(c3ccccc3)CC2)C2(C1=O)c1ccccc1-c1ccccc12,1.0,train,../data/images/P-gp/1495.png
1496.0,CN1C[C@@](C)(c2cc(F)cc(F)c2)N(C/C=C/c2cnc3c(c2)C[C@@]2(C3)C(=O)Nc3ncccc32)C(=O)C12CCCC2,0.0,train,../data/images/P-gp/1496.png
1497.0,CN[C@@H]1[C@@H](O)[C@@H](O[C@@H]2[C@@H](O)[C@H](O[C@H]3O[C@H](CN)CC[C@H]3N)[C@@H](N)C[C@H]2N)OC[C@@]1(C)O,0.0,train,../data/images/P-gp/1497.png
1498.0,Cc1cc(N)c2cc(NC(=O)C=Cc3ccccc3Cl)ccc2n1,1.0,train,../data/images/P-gp/1498.png
1499.0,O=C1/C(=C/c2ccccc2)CN(C(=O)c2ccc(OCCN3CCOCC3)cc2)C/C1=C\c1ccccc1,1.0,train,../data/images/P-gp/1499.png
1500.0,CN1CCc2c1nc1ccccc1c2NC(=O)C12CC3CC(CC(C3)C1)C2,1.0,train,../data/images/P-gp/1500.png
1501.0,O=C1C=CC(=O)c2cc(Sc3ccccc3)c(=O)ccc21,0.0,train,../data/images/P-gp/1501.png
1502.0,COc1cccc2c1C(=O)c1c(O)c3c(c(O)c1C2=O)C[C@@](O)(C(C)=O)C[C@@H]3OC1CC(N)C(O)C(C)O1,1.0,train,../data/images/P-gp/1502.png
1503.0,CCN(CC)CCC[C@@H](C)Nc1ccnc2cc(Cl)ccc12,1.0,train,../data/images/P-gp/1503.png
1504.0,Nc1ccccc1-c1nc2cc3ccccc3cc2nc1O,1.0,train,../data/images/P-gp/1504.png
1505.0,COc1cc2c(cc1OCCCOC1=C=C=C(c3ccc4c(c3)c3cc(-c5ccc(OCCCOc6cc7c(cc6OC)C(=O)N6CCC[C@H]6C=N7)cc5)ccc3n4S(=O)(=O)c3ccc(C)cc3)C=C1)N=C[C@@H]1CCCN1C2=O,1.0,train,../data/images/P-gp/1505.png
1506.0,CO[C@H]1O[C@H](CO)[C@@H](O)[C@H](O)[C@@H]1O[C@H]1O[C@H](CN)[C@@H](O)[C@H](O)[C@@H]1N,1.0,train,../data/images/P-gp/1506.png
1507.0,Cc1cc(C)nc(NS(=O)(=O)c2ccc(Nc3c4ccccc4nc4c(C(=O)NNCCO)cccc34)cc2)n1,0.0,train,../data/images/P-gp/1507.png
1508.0,CCN(CC)CCN1C(=O)CN=C(c2ccccc2F)c2cc(Cl)ccc21,0.0,train,../data/images/P-gp/1508.png
1509.0,CC1=NN(c2ccc(C)c(C)c2)C(=O)C1=NNc1cccc(-c2cccc(C(=O)O)c2)c1O,0.0,train,../data/images/P-gp/1509.png
1510.0,CCC1CN2CCc3cc(OC)c(OC)cc3C2CC1CC1c2cc(OC)c(OC)cc2CCN1C(=O)C(Cc1c[nH]c2ccccc12)NC(=O)OC(C)(C)C,0.0,train,../data/images/P-gp/1510.png
1511.0,O=c1cc(-c2ccc(O)cc2)oc2cc(O)cc(O)c12,0.0,train,../data/images/P-gp/1511.png
1512.0,C=CCC1NCCC2=C1C(S(=O)(=O)c1ccc(C)cc1)c1ccccc12,0.0,train,../data/images/P-gp/1512.png
1513.0,CC(C)(C(=O)O)c1ccc(C(=O)CCCN2CCC(OC(c3ccccc3)c3ccccc3)CC2)cc1,1.0,train,../data/images/P-gp/1513.png
1514.0,C=C1[C@H](OC(C)=O)CC(=O)C(C)(C)/C=C/[C@@H](C)C(=O)[C@@]2(OC(C)=O)C[C@@](C)(OC(C)=O)[C@H](OC(C)=O)[C@@H]2[C@H]1OC(C)=O,1.0,train,../data/images/P-gp/1514.png
1515.0,CCc1c2c(nc3ccc(O)cc13)-c1cc3c(c(=O)n1C2)COC(=O)[C@]3(O)CC,0.0,train,../data/images/P-gp/1515.png
1516.0,Cc1c(Cl)cccc1NC(=O)CC1Sc2ccccc2NC1=O,0.0,train,../data/images/P-gp/1516.png
1517.0,CCN(CC)CCC(=O)c1ccc(Oc2ccc(Cl)cc2)cc1,0.0,train,../data/images/P-gp/1517.png
1518.0,CC1=CC(=O)c2c(O)cccc2C1=O,0.0,train,../data/images/P-gp/1518.png
1519.0,CC(C)C[C@H]1C(=O)N2CCC[C@H]2[C@]2(O)O[C@@](NC(=O)[C@@H]3C=C4c5cccc6[nH]c(Br)c(c56)C[C@H]4N(C)C3)(C(C)C)C(=O)N12,0.0,train,../data/images/P-gp/1519.png
1520.0,CC(C)=CCCC(C)=CCc1c(O)cc(O)c2c(=O)cc(-c3ccccc3)oc12,0.0,train,../data/images/P-gp/1520.png
1521.0,COC(=O)C1=C(C)NC(C)=C(C(=O)OC)C1c1ccccc1[N+](=O)[O-],0.0,train,../data/images/P-gp/1521.png
1522.0,O=C(N/N=C\c1ccc2ccccc2c1)Nc1ccc([N+](=O)[O-])cc1,0.0,train,../data/images/P-gp/1522.png
1523.0,C[C@@]1(c2cc(F)cc(F)c2)CNC2(CCCC2)C(=O)N1CC(=O)Nc1ccc2c(c1)C[C@@]1(C2)C(=O)Nc2ncccc21,1.0,train,../data/images/P-gp/1523.png
1524.0,CCCNC1=C2CC(C)CC(OC)[C@@H](O)[C@H](C)/C=C(\C)C(OC(N)=O)C(OC)/C=C\C=C(/C)C(=O)NC(=CC1=O)C2=O,1.0,train,../data/images/P-gp/1524.png
1525.0,O=C(O/C=C\OC1CCCC1(c1ccccc1)c1ccccc1)c1ccccc1,0.0,train,../data/images/P-gp/1525.png
1526.0,C=C1[C@H](OCC(C)C)C[C@@H](OC(=O)c2cccnc2)C(C)(C)/C=C/[C@@H](C)C(=O)[C@@]2(OC(C)=O)C[C@H](C)[C@H](OC(C)=O)[C@@H]2[C@H]1OC(C)=O,1.0,train,../data/images/P-gp/1526.png
1527.0,C=C1[C@@H](OC(=O)C(C)C)[C@@H](OC(C)=O)[C@@H](OC(=O)c2cccnc2)C(C)(C)/C=C/[C@@H](C)C(=O)[C@@]2(O)C[C@H](C)[C@H](OC(=O)CC)[C@@H]2[C@H]1OC(C)=O,1.0,train,../data/images/P-gp/1527.png
1528.0,CC(C)[N+]([O-])(CCCNc1c2ccccc2nc2cccc([N+](=O)[O-])c12)C(C)C,1.0,train,../data/images/P-gp/1528.png
1529.0,CCOC(=O)C1=CN(Cc2ccc(OC)cc2)c2ccccc2C1c1ccc(OC)c(OC)c1,1.0,train,../data/images/P-gp/1529.png
1530.0,COc1ccc(-c2cc(-c3ccccc3)[n+](-c3ccc(C)cc3)c(-c3ccccc3)c2)cc1,1.0,train,../data/images/P-gp/1530.png
1531.0,CC(=O)O[C@H]1C[C@]2(C)[C@H]3CC[C@]4(C)[C@@H]([C@@](C)(O)[C@@H](CCC(C)(C)OC(C)=O)OC(C)=O)CC[C@@]4(O)C3=CC(=O)[C@]2(O)C[C@H]1OC(C)=O,0.0,train,../data/images/P-gp/1531.png
1532.0,CN(C)c1ccc(/C=c2/c3ccccc3n3c2c2cc(F)ccc2[n+]3C)cc1,1.0,train,../data/images/P-gp/1532.png
1533.0,CC[N+](C)(CC)CCOc1ccc(C(=O)N2C/C(=C\c3ccc([N+](=O)[O-])cc3)C(=O)/C(=C/c3ccc([N+](=O)[O-])cc3)C2)cc1,0.0,train,../data/images/P-gp/1533.png
1534.0,CC=C(C)C(=O)O[C@H]1C(C)=C[C@]23C(=O)[C@@H](C=C(CO)[C@@H](O)[C@]12O)[C@H]1[C@@H](C[C@H]3C)C1(C)C,1.0,train,../data/images/P-gp/1534.png
1535.0,CC(C)(C1CCN(C(=O)c2cc(F)ccc2S(C)(=O)=O)CC1)S(=O)(=O)c1cccc(C(F)(F)F)c1,0.0,train,../data/images/P-gp/1535.png
1536.0,COc1ccc2nccc(NCCCN3CCN(CCCNc4ccnc5ccc(OC)cc45)CC3)c2c1,1.0,train,../data/images/P-gp/1536.png
1537.0,CN(C)CC[C@H](c1ccc(Br)cc1)c1ccccn1,1.0,train,../data/images/P-gp/1537.png
1538.0,CCOP(=S)(OCC)SCn1nnc2ccccc2c1=O,0.0,train,../data/images/P-gp/1538.png
1539.0,Cc1cc(Cl)ccc1-c1nc(C(=O)NN2CCCCC2)c([S@](C)=O)n1-c1ccc(Cl)cc1,1.0,train,../data/images/P-gp/1539.png
1540.0,CC[C@H]1OC(=O)[C@H](C)[C@@H](O[C@H]2C[C@@](C)(OC)[C@@H](O)[C@H](C)O2)[C@@H](C)[C@H](C)[C@@](O)(O[C@@H]2O[C@H](C)C[C@H](N(C)C)[C@H]2O)C[C@@H](C)CN(C)[C@H](C)[C@@H](O)[C@]1(C)O,1.0,train,../data/images/P-gp/1540.png
1541.0,CNc1nc(Nc2cnn3c2COCC3)ncc1C(F)(F)F,0.0,train,../data/images/P-gp/1541.png
1542.0,COc1cc(NCCCCNC(=N)NC(=N)NC(C)C)c2ncccc2c1,1.0,train,../data/images/P-gp/1542.png
1543.0,NC1=Nc2cc(Cl)ccc2Sc2nc3ccccc3n21,1.0,train,../data/images/P-gp/1543.png
1544.0,CN(C)CCOC(C)(c1ccccc1)c1ccccn1,0.0,train,../data/images/P-gp/1544.png
1545.0,COc1ccc2c[n+](C)c3c4cc(OC)c(OC)cc4ccc3c2c1,1.0,train,../data/images/P-gp/1545.png
1546.0,CCOC(=O)C1=C(C)NC(C)=C(C(=O)OC)C1c1cccc(Cl)c1Cl,0.0,train,../data/images/P-gp/1546.png
1547.0,c1ccc(Nc2ccc(Oc3nccnc3N3CCOCC3)cc2)nc1,1.0,train,../data/images/P-gp/1547.png
1548.0,O=c1[nH]c2cc([N+](=O)[O-])c(Nc3c4ccccc4nc4ccccc34)c([N+](=O)[O-])c2[nH]1,0.0,train,../data/images/P-gp/1548.png
1549.0,O=C(O)[C@H]1C[C@H](Oc2ccc3ccc(=O)oc3c2)[C@H](O)[C@@H](O)[C@H]1O,0.0,train,../data/images/P-gp/1549.png
1550.0,CCC(=O)OCC(=O)[C@@]1(OC(=O)CC)[C@@H](C)C[C@H]2[C@@H]3CCC4=CC(=O)C=C[C@]4(C)[C@@]3(Cl)[C@@H](O)C[C@@]21C,1.0,train,../data/images/P-gp/1550.png
1551.0,O=C(Oc1ccccc1)N1C2C3C4N(C(=O)Oc5ccccc5)C5C(C1[C@]5(CO)[C@H]3c1ccccc1)[C@@H](c1ccccc1)[C@@]24CO,1.0,train,../data/images/P-gp/1551.png
1552.0,CN(Cc1cnc2nc(N)nc(N)c2n1)c1ccc(C(=O)N[C@@H](CCC(=O)O)C(=O)O)cc1,0.0,train,../data/images/P-gp/1552.png
1553.0,COC1=C(C)C(=O)C2=C(C1=O)C1C3CC4=C(C(=O)C(OC)=C(C)C4=O)C(CNC(=O)C(C)O)N3C(C#N)C(C2)N1C,1.0,train,../data/images/P-gp/1553.png
1554.0,CCOC(=O)C(NC(=O)N(C1=NCC(C)S1)C1CCCCC1)(OC)C(F)(F)F,0.0,train,../data/images/P-gp/1554.png
1555.0,COc1c(O)cc(C(=O)O[C@@H]2Cc3c(O)cc(O)cc3O[C@@H]2c2cc(O)c(OC)c(O)c2)cc1O,0.0,train,../data/images/P-gp/1555.png
1556.0,Cc1ccc(N(CC(=O)O)CC(=O)O)c(OCCOc2cc(-c3c4cc(Cl)c(=O)cc-4oc4cc(O)c(Cl)cc34)ccc2N(CC(=O)O)CC(=O)O)c1,0.0,train,../data/images/P-gp/1556.png
1557.0,CC1(O)CC2(O)C=CC3=C(C(=O)c4cccc(O)c4C3=O)C2(O)C(=O)C1O,0.0,train,../data/images/P-gp/1557.png
1558.0,S=P(N1CC1)(N1CC1)N1CC1,0.0,train,../data/images/P-gp/1558.png
1559.0,Cc1cc(I)cc(CN(C)CCCN2CCCCCCC2)c1O,0.0,train,../data/images/P-gp/1559.png
1560.0,C=C(NC(=O)C(=C)NC(=O)c1csc(C2=N[C@@H]3c4csc(n4)[C@@H]4NC(=O)c5csc(n5)[C@H]([C@](C)(O)[C@H](C)O)NC(=O)[C@@H]5CSC(=N5)C(=CC)NC(=O)[C@H]([C@H](C)O)NC(=O)c5csc(n5)[C@@]3(CC2)NC(=O)[C@H](C)NC(=O)C(=C)NC(=O)[C@H](C)NC(=O)[C@H]([C@H](C)CC)N[C@H]2C=Cc3c([C@H](C)O)cc(nc3[C@H]2O)C(=O)O[C@@H]4C)n1)C(N)=O,1.0,train,../data/images/P-gp/1560.png
1561.0,COc1cc2c(cc1OC)CN(CCCC1CCCc3c(OC)cccc31)CC2,1.0,train,../data/images/P-gp/1561.png
1562.0,CCCC(=O)Nc1cc(/C=C/C(=O)N2C[C@@H]3C[C@]34C2=CC(=O)c2[nH]cc(C)c24)n(C)c1,1.0,train,../data/images/P-gp/1562.png
1563.0,COCCCCC(=NOCCN)c1ccc(C(F)(F)F)cc1,0.0,train,../data/images/P-gp/1563.png
1564.0,O=NN(CCCl)C(=O)NCCCl,0.0,train,../data/images/P-gp/1564.png
1565.0,Oc1ccc2ccccc2c1OCc1nnc(CCCCCCCCc2nnc(COc3c(O)ccc4ccccc34)n2Nc2ccccc2)n1Nc1ccccc1,0.0,train,../data/images/P-gp/1565.png
1566.0,CCOC(=O)CCC(NC(=O)c1ccc(Nc2nc3ccccc3nc2-c2cccs2)cc1)C(=O)OCC,0.0,train,../data/images/P-gp/1566.png
1567.0,OC(c1cc(-c2ccc(Cl)cc2)nc2ccccc12)C1CCCCN1,0.0,train,../data/images/P-gp/1567.png
1568.0,Clc1ccc(-c2cc(Cl)c(Cl)c(Cl)c2)cc1Cl,1.0,train,../data/images/P-gp/1568.png
1569.0,CC1=C(C(=O)Nc2ccc(Cl)c(C(=O)OC(C)C)c2)SCCO1,0.0,train,../data/images/P-gp/1569.png
1570.0,COc1ccc2[nH]c([S@@](=O)Cc3ncc(C)c(OC)c3C)nc2c1,1.0,train,../data/images/P-gp/1570.png
1571.0,O=C(c1cc2c(c3ccccc13)NC1(CCCCC1)N=C2C(F)(F)F)C(F)(F)F,0.0,train,../data/images/P-gp/1571.png
1572.0,CCCCCCCCCCCCC(=O)OC(c1cnco1)c1nc(C(O)CC(O)C(O)C(C)O)co1,1.0,train,../data/images/P-gp/1572.png
1573.0,CC(CCN(C)C)=NO,0.0,train,../data/images/P-gp/1573.png
1574.0,COc1cc2c(cc1Cc1c(F)cccc1F)nc(-c1c(F)cccc1F)n2Cc1c(F)cccc1F,0.0,train,../data/images/P-gp/1574.png
1575.0,Cc1c(C(=O)NN2CCCCC2)nc(-c2ccc(Cl)cc2Cl)n1-c1ccc(Cl)cc1,0.0,train,../data/images/P-gp/1575.png
1576.0,C=C1[C@@H](O)[C@@H]2OC3(CC[C@H](C=C[C@@H](C)[C@@H]4CC(C)=C[C@@]5(O[C@H](C[C@@](C)(O)C(=O)O)CC[C@H]5O)O4)O3)CC[C@H]2O[C@@H]1[C@@H](O)C[C@H](C)[C@H]1O[C@@]2(CCCCO2)CC[C@H]1C,1.0,train,../data/images/P-gp/1576.png
1577.0,O=C1c2cccc3cccc(c23)C(=O)N1CCCNCCCCNCCCN1C(=O)c2cccc3cccc(c23)C1=O,1.0,train,../data/images/P-gp/1577.png
1578.0,CCCCN1[C@@H]2CC[C@H]1C[C@@H](OC(c1ccc(F)cc1)c1ccc(F)cc1)C2,1.0,train,../data/images/P-gp/1578.png
1579.0,CC(=O)O[C@@H]1[C@H]2[C@@H]3[C@@H](O)C(=O)[C@H]4C[C@@H]5O[C@@H]5[C@H](OC(C)=O)[C@]4(C)[C@H]3C[C@H](OC(C)=O)[C@]2(C)[C@@H]2[C@@H]1[C@]1(C)C(=C[C@H]2C)OC(=O)[C@@]1(C)O,0.0,train,../data/images/P-gp/1579.png
1580.0,O=C1c2cccc(NCC/N=C/c3ccccc3O)c2C(=O)c2c(NCC/N=C/c3ccccc3O)cccc21,1.0,train,../data/images/P-gp/1580.png
1581.0,Cc1ccnc2c1NC(=O)c1cccnc1N2C1CC1,0.0,train,../data/images/P-gp/1581.png
1582.0,CC[C@]1(O)C[C@H]2C[N@](CCc3c([nH]c4ccccc34)[C@@](C(=O)OC)(c3cc4c(cc3OC)N(C)[C@H]3[C@@](O)(C(N)=O)[C@H](O)[C@]5(CC)C=CCN6CC[C@]43[C@@H]65)C2)C1,1.0,train,../data/images/P-gp/1582.png
1583.0,CCCCCCCCCCCCCC(=O)OC[C@H](COP(=O)(O)OCC[N+](C)(C)C)OC(=O)CCCCCNc1ccc([N+](=O)[O-])c2nonc12,1.0,train,../data/images/P-gp/1583.png
1584.0,C[C@]12CCC(=O)C=C1CC[C@@H]1[C@@H]2CC[C@]2(C)C(=O)CC[C@@H]12,0.0,train,../data/images/P-gp/1584.png
1585.0,Cc1c(C(=O)/C=C/c2ccc(Cl)cc2)[n+]([O-])c2ccccc2[n+]1[O-],1.0,train,../data/images/P-gp/1585.png
1586.0,O=C(c1ccco1)c1c(C(F)(F)F)[n+]([O-])c2cc(C(F)(F)F)ccc2[n+]1[O-],0.0,train,../data/images/P-gp/1586.png
1587.0,Cc1ccccc1N1C(N)=C(C#N)C(C#N)(C#N)C1c1ccccc1,0.0,train,../data/images/P-gp/1587.png
1588.0,COc1cc2[nH]c3c(c2cc1OC)CCN[C@@]31CC[C@@]2(C[C@@H]1OC)C[C@H]1c3c(cc(OC)c(O)c32)CCN1C,0.0,train,../data/images/P-gp/1588.png
1589.0,CCOC(=O)c1ccc(OCc2nc3ccccc3n(C)c2=O)cc1,1.0,train,../data/images/P-gp/1589.png
1590.0,CC(=O)O[C@H]1CC[C@](C)(O)[C@]23OC(C)(C)[C@H]([C@H](OC(=O)/C=C/c4ccccc4)[C@H](OC(=O)c4ccccc4)[C@]12C)[C@H]3OS(C)(=O)=O,0.0,train,../data/images/P-gp/1590.png
1591.0,CCN(CC)CCOc1ccc(C(=O)N2C/C(=C\c3ccc(C)cc3)C(=O)/C(=C/c3ccc(C)cc3)C2)cc1,1.0,train,../data/images/P-gp/1591.png
1592.0,CC[C@@]1(O)C(=O)OCc2c1cc1n(c2=O)Cc2c-1nc1ccccc1c2CCNC(C)C,1.0,train,../data/images/P-gp/1592.png
1593.0,COC(=O)CN1C(=O)N(CCCCN2CCN(c3ccccc3F)CC2)C2(C1=O)c1ccccc1-c1ccccc12,1.0,train,../data/images/P-gp/1593.png
1594.0,COc1ccccc1N1CCN(CC(O)CN2C(=O)N(CC(=O)O)C(=O)C2(c2ccccc2)c2ccccc2)CC1,0.0,train,../data/images/P-gp/1594.png
1595.0,CC(C)CC[C@@H](O)[C@](C)(O)[C@H]1CC[C@@]2(O)C3=CC(=O)[C@@H]4C[C@@H](O)[C@@H](O)C[C@]4(C)[C@H]3CC[C@]12C,0.0,train,../data/images/P-gp/1595.png
1596.0,CC(C)N(C(=O)C(c1cccnc1)C(CNC(=O)NCc1ccccc1F)c1ccccc1)C(C)C,1.0,train,../data/images/P-gp/1596.png
1597.0,CO/N=C1\CC(C)N2C(=O)C(C(C)C)NC(=O)C(NC(=O)c3c4nc5c(C(=O)NC6C(=O)NC(C(C)C)C(=O)N7C(C)CC(O)C7C(=O)N(C)CC(=O)N(C)C(C(C)C)C(=O)OC6C)ccc(C)c5oc-4c(C)c(=O)c3N)C(CO)OC(=O)C(C)N(C)C(=O)CN(C)C(=O)C12,1.0,train,../data/images/P-gp/1597.png
1598.0,Cc1cc2/c(=C\c3ccc(N(C)C)cc3)c3ccccc3n2[n+]1C,1.0,train,../data/images/P-gp/1598.png
1599.0,CO[C@H]1C[C@H](O[C@H]2[C@H](C)O[C@@H](O[C@@H]3/C(C)=C/C[C@@H]4C[C@@H](C[C@]5(C=C[C@H](C)[C@@H](C(C)C)O5)O4)OC(=O)[C@@H]4C=C(C)[C@@H](O)[C@H]5OC/C(=C\C=C\[C@@H]3C)[C@]54O)C[C@@H]2OC)O[C@@H](C)[C@@H]1NC(C)=O,1.0,train,../data/images/P-gp/1599.png
1600.0,CC(=O)Oc1cc2c(cc1OC(C)=O)OCC(c1ccc(C)cc1)C2,0.0,train,../data/images/P-gp/1600.png
1601.0,NCCNc1ccc2ncnc3c2c1C(=O)c1ccccc1-3,0.0,train,../data/images/P-gp/1601.png
1602.0,COc1cc2c3c(n(C)c(=O)c2cc1OC)-c1cc2c(cc1/C3=C\CNCCCN)OCO2,1.0,train,../data/images/P-gp/1602.png
1603.0,C/C1=C\[C@@H]2[C@H](CC[C@]3(CO3)[C@H](OC(=O)N3CCOCC3)[C@H]3[C@@H](OC(=O)N4CCOCC4)[C@@H](C)C[C@]3(O)C1=O)C2(C)C,0.0,train,../data/images/P-gp/1603.png
1604.0,Cc1ccc(/C(=C\CN2CCCC2)c2cccc(/C=C/C(=O)OC(C)C)n2)cc1,1.0,train,../data/images/P-gp/1604.png
1605.0,O=c1c(-c2ccc(O)cc2)coc2cc(O[C@@H]3O[C@H](CO)[C@@H](O)[C@H](O)[C@H]3O)ccc12,0.0,train,../data/images/P-gp/1605.png
1606.0,CC(=O)c1c(-c2ccco2)c(C#N)c(=S)n([C@@H]2O[C@H](CO)[C@@H](O)[C@H](O)[C@H]2O)c1C,0.0,train,../data/images/P-gp/1606.png
1607.0,c1ccc(C2C(=P(c3ccccc3)(c3ccccc3)c3ccccc3)P=PC2[P+](c2ccccc2)(c2ccccc2)c2ccccc2)cc1,1.0,train,../data/images/P-gp/1607.png
1608.0,COc1cc2c(c(OC)c1OC)-c1ccc(OC)c(=O)cc1[C@@H](NC(=S)Nc1ccc3c(c1)C(=O)OC31c3ccc(O)cc3Oc3cc(O)ccc31)CC2,1.0,train,../data/images/P-gp/1608.png
1609.0,Cc1nc2c(Br)cc(Br)cc2c(=O)n1-c1ccccc1NC1OCC(O)C(O)C1O,1.0,train,../data/images/P-gp/1609.png
1610.0,N#Cc1ccc(Oc2nc3ccc(C(F)(F)F)cc3nc2-c2ccccc2)cc1,0.0,train,../data/images/P-gp/1610.png
1611.0,C=C[C@@H]1C[C@]1(NC(=O)[C@@H]1C[C@@H](Oc2cc(-c3ccccc3)nc3cc(OC)ccc23)CN1C(=O)[C@@H](NC(=O)OC(C)(C)C)C(C)(C)C)c1nnc(-c2ccccc2)o1,1.0,train,../data/images/P-gp/1611.png
1612.0,CC1CC[P+](c2ccccc2)(c2ccccc2)c2c1ccc1ccccc21,1.0,train,../data/images/P-gp/1612.png
1613.0,CCCCCCC[C@H]1OC(=O)C[C@H](O)[C@H](Cc2ccccc2)N(C)C(=O)[C@H](C(C)C)OC(=O)[C@H]1C,1.0,train,../data/images/P-gp/1613.png
1614.0,CC(C)(C1CCN(C(=O)c2ccc(S(C)(=O)=O)cc2OC(F)(F)F)CC1)S(=O)(=O)c1cccc(C(F)(F)F)c1,1.0,train,../data/images/P-gp/1614.png
1615.0,CC(C)(O)CC[C@@H](O)[C@@](C)(O)[C@H]1CC[C@@]2(O)C3=CC(=O)[C@]4(O)C[C@@H](O)[C@@H](O)C[C@]4(C)[C@H]3CC[C@]12C,0.0,train,../data/images/P-gp/1615.png
1616.0,NC1=Nc2cc(C(F)(F)F)ccc2Sc2nc3ccccc3n21,1.0,train,../data/images/P-gp/1616.png
1617.0,C[n+]1ccc(-c2cc[n+](C)cc2)cc1,0.0,train,../data/images/P-gp/1617.png
1618.0,COc1cc2c(c3oc(=O)c4c(c13)CCC4=O)[C@H]1C=CO[C@@H]1O2,0.0,train,../data/images/P-gp/1618.png
1619.0,COc1ccc(C(NCCNC(c2ccc(OC)c(OC)c2)c2cc3c(cc2O)OCO3)c2cc3c(cc2O)OCO3)cc1OC,0.0,train,../data/images/P-gp/1619.png
1620.0,COc1cc(Cc2nccc3cc(OC)c(OC)cc23)c(C(C)=O)cc1OC,1.0,train,../data/images/P-gp/1620.png
1621.0,CNCCn1c(=O)c2cc(OC)c(OC)cc2c2cnc3cc4c(cc3c21)OCC4,1.0,train,../data/images/P-gp/1621.png
1622.0,C[C@]12CC[C@H](O)CC1=CC[C@H]1[C@@H]2CC[C@]2(C)C(=O)CC[C@@H]12,1.0,train,../data/images/P-gp/1622.png
1623.0,CCC[C@@H]1CO[C@@](Cn2cncn2)(c2ccc(Cl)cc2Cl)O1,0.0,train,../data/images/P-gp/1623.png
1624.0,COC(=O)C1=C(C(=O)OC)N(c2ccc(OC)cc2[N+](=O)[O-])C(c2ccc(C)cc2)=CC1c1ccc(OC)cc1OC,0.0,train,../data/images/P-gp/1624.png
1625.0,CC(C)=CCC/C(C)=C/CC/C(C)=C/CO,0.0,train,../data/images/P-gp/1625.png
1626.0,C[C@H]1O[C@@H](O[C@H]2[C@@H](O)C[C@H](O[C@H]3[C@@H](O)C[C@H](O[C@H]4CC[C@@]5(C)[C@H](CC[C@@H]6[C@@H]5C[C@@H](O)[C@]5(C)[C@@H](C7=CC(=O)OC7)CC[C@]65O)C4)O[C@@H]3C)O[C@@H]2C)C[C@H](O)[C@@H]1O,1.0,train,../data/images/P-gp/1626.png
1627.0,O=C1/C(=C/c2ccccc2)CN(C(=O)c2ccc(OCCN3CCCCC3)cc2)C/C1=C\c1ccccc1,1.0,train,../data/images/P-gp/1627.png
1628.0,CC1(C)CCC(c2ccc(Cl)cc2)=C(CN2CCN(c3ccc(C(=O)NS(=O)(=O)c4ccc(N[C@H](CCN5CCOCC5)CSc5ccccc5)c(S(=O)(=O)C(F)(F)F)c4)cc3)CC2)C1,1.0,train,../data/images/P-gp/1628.png
1629.0,CC(C)CN(C[C@@H](O)[C@H](Cc1ccccc1)NC(=O)O[C@H]1CCOC1)S(=O)(=O)c1ccc(N)cc1,1.0,train,../data/images/P-gp/1629.png
1630.0,CCCCOc1cc(C(=O)NCCN(CC)CC)c2ccccc2n1,0.0,train,../data/images/P-gp/1630.png
1631.0,CCN(CC)C(=O)Nc1ccc(OCC(O)CNC(C)(C)C)c(C(C)=O)c1,1.0,train,../data/images/P-gp/1631.png
1632.0,C[C@]12CC[C@@H]3c4ccc(O)cc4CC[C@H]3[C@@H]1CC[C@@H]2O[C@@H]1O[C@H](C(=O)O)[C@@H](O)[C@H](O)[C@H]1O,1.0,train,../data/images/P-gp/1632.png
1633.0,CN(C)c1ccc(/C=C/c2cc(-c3ccccc3)[n+](C)n2-c2ccccc2)cc1,1.0,train,../data/images/P-gp/1633.png
1634.0,CCc1c2c(nc3ccc(O[C@@H]4O[C@H](C(=O)O)[C@@H](O)[C@H](O)[C@H]4O)cc13)-c1cc([C@@](O)(CC)C(=O)O)c(CO)c(=O)n1C2,0.0,train,../data/images/P-gp/1634.png
1635.0,CCN(CC)CCOc1ccc(C(=O)N2C/C(=C\c3ccc(Cl)cc3)C(=O)/C(=C/c3ccc(Cl)cc3)C2)cc1,1.0,train,../data/images/P-gp/1635.png
1636.0,O=C(NCCCNCCCCNCCCNC(=O)c1cc(-c2ccccc2)nc2ccccc12)c1cc(-c2ccccc2)nc2ccccc12,1.0,train,../data/images/P-gp/1636.png
1637.0,C[C@@H]1C(=O)O[C@H](C)[C@H]1C[C@@H](O)[C@](C)(O)[C@H]1CC[C@@]2(O)C3=CC(=O)[C@@H]4C[C@@H](O)[C@@H](O)C[C@]4(C)[C@H]3CC[C@]12C,0.0,train,../data/images/P-gp/1637.png
1638.0,O=C(O)CN(CC(=O)O)Cc1cc2c(cc1O)Oc1cc(O)c(CN(CC(=O)O)CC(=O)O)cc1C21OC(=O)c2ccccc21,0.0,train,../data/images/P-gp/1638.png
1639.0,Cc1cc(NCCCCCCCCCC[n+]2c(C)cc(N)c3ccccc32)c2ccccc2n1,1.0,train,../data/images/P-gp/1639.png
1640.0,CCCCCCCCCC=CCCCC[C@@H](O)[C@@H](N)CO,1.0,train,../data/images/P-gp/1640.png
1641.0,Oc1cccc2cc(Br)cnc12,0.0,train,../data/images/P-gp/1641.png
1642.0,CNC(=O)O/N=C/C(C)(C)S(C)(=O)=O,0.0,train,../data/images/P-gp/1642.png
1643.0,CC(C)[C@@H](Nc1ccc(C(F)(F)F)cc1Cl)C(=O)O[C@H](C#N)c1cccc(Oc2ccccc2)c1,0.0,train,../data/images/P-gp/1643.png
1644.0,CCOc1cc(C(=O)O[C@@H]2Cc3c(OC)cc(OC)cc3O[C@@H]2c2cc(OC)c(OC)c(OC)c2)cc(OCC)c1OCC,0.0,train,../data/images/P-gp/1644.png
1645.0,C[C@H](CCc1ccc2c(c1)c(N)c1ccc(N)cc1[n+]2[O-])CC(C)(C)C,1.0,train,../data/images/P-gp/1645.png
1646.0,CC(=O)Nc1ccc2c3c(cc(O)c2c1)N(C(=O)CCCC(=O)N1CC(CCl)c2c1cc(O)c1cc(NC(C)=O)ccc21)CC3CCl,1.0,train,../data/images/P-gp/1646.png
1647.0,COC(=O)[C@H]1[C@@H](OC(=O)c2ccccc2)C[C@H]2CC[C@@H]1N2C,1.0,train,../data/images/P-gp/1647.png
1648.0,CC(=O)c1c(C(F)(F)F)[n+]([O-])c2ccc(Cl)cc2[n+]1[O-],0.0,train,../data/images/P-gp/1648.png
1649.0,COC(=O)c1ccccc1-c1c2ccc(N)cc2[o+]c2cc(N)ccc12,1.0,train,../data/images/P-gp/1649.png
1650.0,Fc1cccc(Cl)c1Cn1c(-c2c(F)cccc2Cl)nc2ccccc21,0.0,train,../data/images/P-gp/1650.png
1651.0,CCN(CC)CCC(=O)N1CC(=Cc2ccccc2)C(=O)C(=Cc2ccccc2)C1,0.0,train,../data/images/P-gp/1651.png
1652.0,Oc1ccc2[nH]cc(CCCCN3CC=C(c4ccccc4)CC3)c2c1,0.0,train,../data/images/P-gp/1652.png
1653.0,COc1cc(/C=C/C=C2\CCC/C(=C\C=C\c3ccc(O)c(OC)c3)C2=O)ccc1O,0.0,train,../data/images/P-gp/1653.png
1654.0,CCn1cc(C(=O)O)c(=O)c2cc(F)c(N3CCNC(C)C3)c(F)c21,0.0,train,../data/images/P-gp/1654.png
1655.0,CN1CSC(=S)N(c2c3ccccc3nc3ccc(Br)cc23)C1,0.0,train,../data/images/P-gp/1655.png
1656.0,CC(C)=CCCC(C)=CCCC(C)=CCSC[C@@H](N)C(=O)O,0.0,train,../data/images/P-gp/1656.png
1657.0,CN(CCc1ccccn1)c1nc(-c2cccc(Br)c2)nc2c1CN(C(=O)Nc1ccccc1)CC2,1.0,train,../data/images/P-gp/1657.png
1658.0,Cc1cc2c(c3c1c1ccccc1n3C)C(=O)C=CC2=O,0.0,train,../data/images/P-gp/1658.png
1659.0,O=C1/C(=C/c2ccccc2)CN(C(=O)CCCCCCC(=O)N2C/C(=C\c3ccccc3)C(=O)/C(=C/c3ccccc3)C2)C/C1=C\c1ccccc1,1.0,train,../data/images/P-gp/1659.png
1660.0,CC(C)NC[C@H](O)COc1ccc(CCNC(=O)NC(C)C)cc1,1.0,train,../data/images/P-gp/1660.png
1661.0,CC(C)C[C@H]1NC(=O)[C@H](Cc2ccccc2)NC(=O)CNC(=O)[C@@H](C)NC(=O)[C@H](Cc2ccc(O)cc2)NC(=O)/C=C\c2ccccc2OC1=O,1.0,train,../data/images/P-gp/1661.png
1662.0,CC[C@H](C[C@@H](O)[C@](C)(O)[C@H]1CC[C@@]2(O)C3=CC(=O)[C@@H]4C[C@@H](O)[C@@H](O)C[C@]4(C)[C@H]3CC[C@]12C)C(C)(C)O,0.0,train,../data/images/P-gp/1662.png
1663.0,Nc1ccc2c(-c3ccccc3)c3ccc(=[NH2+])cc-3sc2c1,1.0,train,../data/images/P-gp/1663.png
1664.0,COc1ccc(CCN(C)CCC[C@](C#N)(c2ccc(OC)c(OC)c2)C(C)C)cc1OC,1.0,train,../data/images/P-gp/1664.png
1665.0,COc1ccc(CCN(C)CC#CCN2C(=O)C3C4c5ccccc5C(c5ccccc54)C3C2=O)cc1OC,1.0,train,../data/images/P-gp/1665.png
1666.0,O=Nc1ccc(O)c2ncccc12,0.0,train,../data/images/P-gp/1666.png
1667.0,Cc1ccc(C(=CCN2CCCC2)c2cccc(C=CC(=O)O)n2)cc1,1.0,train,../data/images/P-gp/1667.png
1668.0,CCC1NC(=O)C(NC(=O)c2ncccc2O)C(C)OC(=O)C(c2ccccc2)NC(=O)C2CC(=O)CCN2C(=O)C(Cc2ccc(N(C)C)cc2)N(C)C(=O)C2CCCN2C1=O,1.0,train,../data/images/P-gp/1668.png
1669.0,COC1OC(COC(=O)c2cc(O)c(O)c(O)c2)C(OC(=O)c2cc(O)c(O)c(O)c2)C(OC(=O)c2cc(O)c(O)c(O)c2)C1OC(=O)c1cc(O)c(O)c(O)c1,0.0,train,../data/images/P-gp/1669.png
1670.0,N#C/C(=C\c1ccccn1)c1nc2ccccc2o1,0.0,train,../data/images/P-gp/1670.png
1671.0,O=C1/C(=C/c2ccccc2)CN(C(=O)c2cccc(C(=O)N3C/C(=C\c4ccccc4)C(=O)/C(=C/c4ccccc4)C3)c2)C/C1=C\c1ccccc1,1.0,train,../data/images/P-gp/1671.png
1672.0,CC(O)(CS(=O)(=O)c1ccc(F)cc1)C(=O)Nc1ccc(C#N)c(C(F)(F)F)c1,1.0,train,../data/images/P-gp/1672.png
1673.0,COc1ccc2c(c1)[C@@H](NC(C)=O)CCc1cc(OC)c(OC)c(OC)c1-2,0.0,train,../data/images/P-gp/1673.png
1674.0,O=C1C(CN2CCCCC2)CCCC1CN1CCCCC1,0.0,train,../data/images/P-gp/1674.png
1675.0,CN(C)c1ccc(/C=c2/c3ccccc3n3c2cc(-c2ccccc2)[n+]3C)cc1,1.0,train,../data/images/P-gp/1675.png
1676.0,Cc1n(Cc2ccc([N+](=O)[O-])cc2)c2c([n+]1-c1ccccc1)C(=O)c1ccccc1C2=O,1.0,train,../data/images/P-gp/1676.png
1677.0,OCCOCCO[P+]1(OCCOCCO)n2c3ccc2/C(c2ccccc2)=C2/C=CC(=N2)/C(c2ccccc2)=c2/ccc(n21)=C(c1ccccc1)C1=N/C(=C\3c2ccccc2)C=C1,1.0,train,../data/images/P-gp/1677.png
1678.0,COC(=O)[C@@H]1C(=O)C=C(Nc2ccc(Cl)cc2)C[C@H]1C,1.0,train,../data/images/P-gp/1678.png
1679.0,CC1(C)CCC[C@@]2(C)C1CC[C@@]1(CO)O[C@H](C3=CC(=O)OC3O)CC12,0.0,train,../data/images/P-gp/1679.png
1680.0,CN(C)CCNc1ccc(C(=O)NCCCN(C)CCCNC(=O)c2ccc(NCCN(C)C)c3c(=O)c4ccccc4[nH]c23)c2[nH]c3ccccc3c(=O)c12,1.0,train,../data/images/P-gp/1680.png
1681.0,Cc1cc(-c2ccc(N=Nc3c(S(=O)(=O)O)cc4cc(S(=O)(=O)O)cc(N)c4c3O)c(C)c2)ccc1N=Nc1c(S(=O)(=O)O)cc2cc(S(=O)(=O)O)cc(N)c2c1O,0.0,train,../data/images/P-gp/1681.png
1682.0,C[C@@H]1O[C@@H](O[C@H]2C[C@](O)([C@H](C)O)Cc3c(O)c4c(c(O)c32)C(=O)c2ccccc2C4=O)C[C@H](N)[C@@H]1O,1.0,train,../data/images/P-gp/1682.png
1683.0,CN(C)CCC(c1ccc(Cl)cc1)c1ccccn1,0.0,train,../data/images/P-gp/1683.png
1684.0,CNS(=O)(=O)Cc1ccc2[nH]cc(CCN(C)C)c2c1,0.0,train,../data/images/P-gp/1684.png
1685.0,CCNC(=O)C(C)(C)n1cc(Nc2ncc(C(F)(F)F)c(NC)n2)c(C)n1,1.0,train,../data/images/P-gp/1685.png
1686.0,CC(C)(O)CC[C@H]1OC(C)(C)O[C@]1(C)[C@H]1CC[C@@]2(O)C3=CC(=O)[C@@H]4C[C@@H](O)CC[C@]4(C)[C@H]3CC[C@]12C,1.0,train,../data/images/P-gp/1686.png
1687.0,CN1C(C(=O)Nc2ccccn2)=C(O)c2ccccc2S1(=O)=O,0.0,train,../data/images/P-gp/1687.png
1688.0,CC(=O)O[C@@H]1C(=O)O[C@@H]2C[C@H]3C(C)=CC(O)C(=O)[C@]3(C)C3[C@]24CO[C@]3(O)[C@H](O)[C@H](C)[C@H]14,1.0,train,../data/images/P-gp/1688.png
1689.0,C=C[C@@H]1C[C@]1(NC(=O)[C@@H]1C[C@@H](Oc2cc(-c3ccccc3)nc3cc(OC)ccc23)CN1C(=O)[C@@H](NC(=O)OC(C)(C)C)C(C)(C)C)C(=O)NNC(=O)c1ccccc1,1.0,train,../data/images/P-gp/1689.png
1690.0,O=P1(N(CCCl)CCCl)NCCCO1,0.0,train,../data/images/P-gp/1690.png
1691.0,COc1ccc(C(=O)O[C@@H]2[C@@H]3[C@@H](OC(=O)c4ccc(OC)cc4)[C@]4(CC[C@H]5[C@@H](/C=C(\C)C(=O)[C@@]3(O)C[C@@H]2C)C5(C)C)CO4)cc1,1.0,train,../data/images/P-gp/1691.png
1692.0,COc1cc2c(cc1OCc1ccccc1)N=C[C@@H]1C/C(=C/C(=O)NCCCN3C(=O)c4cccc5cccc(c45)C3=O)CN1C2=O,1.0,train,../data/images/P-gp/1692.png
1693.0,C[C@H]([C@H](O)CCC(C)(C)O)[C@H]1CC[C@@]2(O)C3=CC(=O)[C@@H]4C[C@@H](O)CC[C@]4(C)[C@H]3CC[C@]12C,0.0,train,../data/images/P-gp/1693.png
1694.0,CC(C)(C)SC1=CCC[C@@H](P(=O)(c2ccccc2)c2ccccc2)[C@@H]2CCC[C@@H]12,0.0,train,../data/images/P-gp/1694.png
1695.0,O=S(=O)(Nc1ccccn1)c1ccc(N=Nc2ccc(O)cc2)cc1,0.0,train,../data/images/P-gp/1695.png
1696.0,COc1ccc2c3c1O[C@H]1[C@@H](OC)C=C[C@H]4[C@@H](C2)N(C)CC[C@@]341,0.0,train,../data/images/P-gp/1696.png
1697.0,CC1(C)N=C(N)N=C(N)N1c1cccc(CCCCc2ccccc2)c1,1.0,train,../data/images/P-gp/1697.png
1698.0,COc1ccc2nc(C)cc(NCCCCCCCCCNc3cc(C)nc4ccc(OC)cc34)c2c1,1.0,train,../data/images/P-gp/1698.png
1699.0,CCN(CC)CCC[C@@H](C)Nc1c2ccc(Cl)cc2nc2ccc(OC)cc12,1.0,train,../data/images/P-gp/1699.png
1700.0,CC(=O)Nc1ccc(OCC(O)CNC(C)C)cc1,0.0,train,../data/images/P-gp/1700.png
1701.0,CN(C)CCC(c1ccccc1)c1ccccn1,0.0,train,../data/images/P-gp/1701.png
1702.0,CCCN1C[C@H](C)N([C@H](c2ccc(C(=O)N(CC)CC)cc2)c2cccc(OC)c2)C[C@H]1C,1.0,train,../data/images/P-gp/1702.png
1703.0,C=CCOc1cc(C(=O)O[C@H]2C(=O)c3c(OC)cc(OC)cc3O[C@@H]2c2cc(OC)c(OC)c(OC)c2)cc(OCC=C)c1OCC=C,1.0,train,../data/images/P-gp/1703.png
1704.0,COc1cc2c(cc1OCCCCCN1CCN(CCCCCOc3cc4c(cc3OC)C(=O)C3CCC[C@H]3C=N4)CC1)N=C[C@@H]1CCCC1C2=O,1.0,train,../data/images/P-gp/1704.png
1705.0,CC1(C)O[C@@H]2C[C@@H]3[C@@H]4C[C@H](F)C5=CC(=O)C=C[C@@]5(C)[C@@H]4[C@@H](O)C[C@]3(C)[C@]2(C(=O)CO)O1,1.0,train,../data/images/P-gp/1705.png
1706.0,O=c1c(-c2ccc(O)cc2)coc2cc(O)ccc12,0.0,train,../data/images/P-gp/1706.png
1707.0,C[C@@]1(NC(=O)c2cc(CN3CCC(C#N)(c4ccccn4)CC3)c3ccccn3c2=O)CCCC[C@H]1O,1.0,train,../data/images/P-gp/1707.png
1708.0,CC(C)[C@H](C)CC[C@@H](C)[C@H]1CC[C@H]2[C@@H]3CC=C4C[C@@H](O)CC[C@]4(C)[C@H]3CC[C@]12C,0.0,train,../data/images/P-gp/1708.png
1709.0,NC12C[C@H]3C[C@@H](C1)C[C@@H](C2)C3,0.0,train,../data/images/P-gp/1709.png
1710.0,Cc1ccc2c(O)c(O)cc(NC(C)CCCN)c2n1,1.0,train,../data/images/P-gp/1710.png
1711.0,COc1cccc2c1C(=O)c1c(O)c3c(c(O)c1C2=O)CC(O)(C(C)=O)CC3OC1CC(n2cc(CCO)nn2)C(O)C(C)O1,0.0,train,../data/images/P-gp/1711.png
1712.0,CC(=O)O[C@]1(C(C)=O)CC[C@H]2[C@@H]3C[C@H](C)C4=CC(=O)CC[C@]4(C)[C@H]3CC[C@@]21C,0.0,train,../data/images/P-gp/1712.png
1713.0,C[N+](C)([O-])CCCNc1c2ccccc2nc2cccc([N+](=O)[O-])c12,1.0,train,../data/images/P-gp/1713.png
1714.0,CO[C@H]([C@H](C)/C=C/N(C)C=O)[C@@H](C)C(=O)CC[C@H](C)[C@H](O)[C@H](C)[C@H]1OC(=O)/C=C/C(C)=C/[C@H](O)[C@H](OC)C[C@@H]2C=CC[C@@H](C[C@H](OC)[C@]3(CO3)[C@@H](OC)C[C@@H](OC)[C@@H]1C)O2,0.0,train,../data/images/P-gp/1714.png
1715.0,C#C[C@]1(O)CC[C@H]2[C@@H]3CCC4=CC(=O)CC[C@@H]4[C@H]3CC[C@@]21C,0.0,train,../data/images/P-gp/1715.png
1716.0,CC(C)C[C@H](NC(=O)c1cc2ccccc2o1)C(=O)N[C@@H](C)C(=O)CNS(=O)(=O)c1ccccn1,1.0,train,../data/images/P-gp/1716.png
1717.0,O=C(O)c1cnc2cc(OCc3ccccc3)ccc2c1O,0.0,train,../data/images/P-gp/1717.png
1718.0,O=C1[C@@H]2[C@H]3c4ccccc4[C@H](c4ccccc43)[C@@H]2C(=O)N1CC#CCN1CCN(C(c2ccc(F)cc2)c2ccc(F)cc2)CC1,1.0,train,../data/images/P-gp/1718.png
1719.0,CCCCCCC[C@H]1OC(=O)CC[C@H](Cc2ccccc2)N(C)C(=O)[C@H](C(C)C)OC(=O)[C@H]1C,1.0,train,../data/images/P-gp/1719.png
1720.0,CN(C)C(=O)N1CC(c2cc(F)ccc2F)=C[C@@]1(CCCN)c1ccccc1,1.0,train,../data/images/P-gp/1720.png
1721.0,C(=NNC1=NCCN1)c1c2ccccc2c(C=NNC2=NCCN2)c2ccccc12,1.0,train,../data/images/P-gp/1721.png
1722.0,CC(C)C(=O)OC1=C(c2cccc3ccccc23)Oc2cc3ccccc3cc2-n2cccc21,0.0,train,../data/images/P-gp/1722.png
1723.0,COc1ccc2c(c1)c[n+](C)c1c3cc(OC)c(OC)cc3ccc21,1.0,train,../data/images/P-gp/1723.png
1724.0,COC(=O)C1=C(C(=O)OC)C(C(=O)OC)C(C(=O)OC)C(C(=O)OC)(C(=O)OC)C(C(=O)OC)=C1C(=O)OC,0.0,train,../data/images/P-gp/1724.png
1725.0,COc1cc(/C=C/C(=O)c2ccccc2O)ccc1OCCCOc1cc2c(cc1OC)C(=O)N1CCC[C@H]1C=N2,1.0,train,../data/images/P-gp/1725.png
1726.0,CS(=O)(=O)N1CCN(Cc2cc3nc(-c4cccc5[nH]ncc45)nc(N4CCOCC4)c3s2)CC1,1.0,train,../data/images/P-gp/1726.png
1727.0,COc1cc(OC)c2c(c1)O[C@H](c1cc(OC)c(OC)c(OC)c1)[C@H](OC(=O)c1cc(OC)c(OC)c(OC)c1)C2,1.0,train,../data/images/P-gp/1727.png
1728.0,Cc1cc(=O)oc2cc(OC/C=C3\CCC(=O)O3)ccc12,0.0,train,../data/images/P-gp/1728.png
1729.0,CC(C)(C)COC(=O)C(C)(C)NC(=O)C(CC(=O)OCc1ccccc1)NC(=O)OCc1ccccc1,0.0,train,../data/images/P-gp/1729.png
1730.0,NC(=O)C[Se]C(=O)c1ccccc1,0.0,train,../data/images/P-gp/1730.png
1731.0,CC(O)c1cc2c(s1)C(=O)c1sccc1C2=O,0.0,train,../data/images/P-gp/1731.png
1732.0,CCOC(=O)c1c(Cl)cccc1-c1ccc([C@@H](C)NC(=O)C2(NC(=O)C(F)(F)F)CC2)c(F)c1,1.0,train,../data/images/P-gp/1732.png
1733.0,c1ccc2c(c1)Sc1ccccc1N2C[C@H]1CN2CCC1CC2,1.0,train,../data/images/P-gp/1733.png
1734.0,O=C(O)c1ccccc1O,0.0,train,../data/images/P-gp/1734.png
1735.0,COc1cc2c(cc1OC)CN(CCCC1CCCc3cc(OC)c(OC)cc31)CC2,1.0,train,../data/images/P-gp/1735.png
1736.0,COc1ccc(OC)c(-c2cc(=O)c3c(OC)c(OC)c(OC)c(OC)c3o2)c1,0.0,train,../data/images/P-gp/1736.png
1737.0,ClC1(Cl)C2(Cl)C3(Cl)C4(Cl)C(Cl)(Cl)C5(Cl)C3(Cl)C1(Cl)C5(Cl)C24Cl,0.0,train,../data/images/P-gp/1737.png
1738.0,CNC(=N)NN=C(C)c1ccc2c(c1)Cc1cc(C(C)=NNC(=N)NC)ccc1-2,1.0,train,../data/images/P-gp/1738.png
1739.0,CCN(CC)CCCNc1nncc2c(C)c3[nH]c4ccccc4c3cc12,1.0,train,../data/images/P-gp/1739.png
1740.0,CCCC[C@@H](C)[C@@H](OC(=O)C[C@@H](CC(=O)O)C(=O)O)[C@H](C[C@@H](C)C[C@H](O)CCCC[C@@H](O)C[C@H](O)[C@H](C)N)OC(=O)C[C@@H](CC(=O)O)C(=O)O,0.0,train,../data/images/P-gp/1740.png
1741.0,COC(=O)[C@H](c1ccccc1Cl)N1CCc2sccc2C1,1.0,train,../data/images/P-gp/1741.png
1742.0,C[C@@H]1CCCC=C[C@@H]2C[C@H](O)C[C@H]2[C@@H](O)C=CC(=O)O1,0.0,train,../data/images/P-gp/1742.png
1743.0,CC(=O)O[C@H]1C(=O)[C@@]2(C)[C@H]([C@H](OC(=O)c3ccccc3)[C@]3(O)C[C@H](OC(=O)[C@H](O)[C@@H](NC(=O)CC(C)C)c4ccccc4)C(C)=C1C3(C)C)[C@]1(OC(C)=O)CO[C@@H]1C[C@@H]2O,1.0,train,../data/images/P-gp/1743.png
1744.0,CN(C)c1nc2c(c(N(C)CCc3ccccn3)n1)CN(C(=O)Nc1ccccc1)CC2,1.0,train,../data/images/P-gp/1744.png
1745.0,CC(=O)Oc1c(-c2ccccc2)oc2ccccc12,0.0,train,../data/images/P-gp/1745.png
1746.0,C/C=C(\C)C(=O)O[C@H]1C=CC(=O)O[C@H]1COC(=O)[C@H](C)O,0.0,train,../data/images/P-gp/1746.png
1747.0,CC[N+](C)(CC)CCOc1ccc(C(=O)N2C/C(=C\c3ccccc3)C(=O)/C(=C/c3ccccc3)C2)cc1,0.0,train,../data/images/P-gp/1747.png
1748.0,CC1(C)N=C(N)N=C(N)N1c1ccc(CCCCc2ccc(Cl)cc2Cl)cc1,1.0,train,../data/images/P-gp/1748.png
1749.0,C[Se]C(=O)c1ccc(C(=O)[Se]C)cc1,1.0,train,../data/images/P-gp/1749.png
1750.0,CC(=O)OC[C@H]1O[C@@H](n2c3c(cc(C#N)c2=S)CCCC3)[C@H](OC(C)=O)[C@@H](OC(C)=O)[C@H]1OC(C)=O,0.0,train,../data/images/P-gp/1750.png
1751.0,NCCNc1c2c(c(NCCN)c3[nH]ccc13)C(=O)c1ccccc1C2=O,1.0,train,../data/images/P-gp/1751.png
1752.0,COc1ncc(C(=O)NC2(C(=O)N[C@H](C)c3ccc(-n4nc(Cl)c5ccccc54)cc3F)CC2)s1,0.0,train,../data/images/P-gp/1752.png
1753.0,COc1cc2c(cc1OC)CN(CC/C=C1\CCCc3c(OC)cccc31)CC2,0.0,train,../data/images/P-gp/1753.png
1754.0,COc1ccc(-c2c3c(n([C@H]4O[C@@H](COC(C)=O)[C@@H](OC(C)=O)[C@@H](OC(C)=O)[C@H]4OC(C)=O)c(=S)c2C#N)CC(C)(C)CC3=O)cc1,0.0,train,../data/images/P-gp/1754.png
1755.0,Cc1nc2n(c(=O)c1CCN1CCC(c3noc4cc(F)ccc34)CC1)CCC[C@@H]2O,1.0,train,../data/images/P-gp/1755.png
1756.0,c1ccc(-c2c(-c3[nH]c4ccccc4c3-c3ccccc3)[nH]c3ccccc23)cc1,0.0,train,../data/images/P-gp/1756.png
1757.0,CCC(=O)C(C[C@@H](C)N(C)C)(c1ccccc1)c1ccccc1,1.0,train,../data/images/P-gp/1757.png
1758.0,Cc1cc(N(C)C)c2ccccc2[n+]1CCCCCCCCCC[n+]1c(C)cc(N(C)C)c2ccccc21,1.0,train,../data/images/P-gp/1758.png
1759.0,C[C@@H](c1ccccc1)C(CC#N)[C@H]1CCC[C@]1(O)C#Cc1ccc2c(c1)OCO2,0.0,train,../data/images/P-gp/1759.png
1760.0,O=C1NC(=O)C(c2ccccc2)(c2ccccc2)C(=O)N1,0.0,train,../data/images/P-gp/1760.png
1761.0,COc1cc2c3c(c1)c1cc(OC)c(OC)cc1c[n+]3CC2,1.0,train,../data/images/P-gp/1761.png
1762.0,COc1ccc(-n2nnnc2C(F)(F)F)cc1CN[C@H]1CCCN[C@H]1c1ccccc1,1.0,train,../data/images/P-gp/1762.png
1763.0,COCOc1cccc2c1[C@@H]1OC(=O)O[C@]13CCC(C)=C(COC2)C3(C)C,1.0,train,../data/images/P-gp/1763.png
1764.0,Oc1ccc2oc3ncc(OCc4ccccc4)c(-c4ccc(Cl)cc4)c3c2c1,1.0,train,../data/images/P-gp/1764.png
1765.0,CN(C)CCCN1c2ccccc2CCc2ccc(Cl)cc21,0.0,train,../data/images/P-gp/1765.png
1766.0,CCOC(=O)c1c(-c2ccc(Cl)cc2)c(C#N)c(=S)n([C@H]2O[C@@H](COC(C)=O)[C@H](OC(C)=O)[C@@H](OC(C)=O)[C@@H]2OC(C)=O)c1C,0.0,train,../data/images/P-gp/1766.png
1767.0,O=C1/C(=C/c2ccccc2)CN(C(=O)C#CC(=O)N2C/C(=C\c3ccccc3)C(=O)/C(=C/c3ccccc3)C2)C/C1=C\c1ccccc1,1.0,train,../data/images/P-gp/1767.png
1768.0,Nc1cccc(OCC2CCCN3CCCCC23)c1,0.0,train,../data/images/P-gp/1768.png
1769.0,COc1ccc(/C=C/C(=O)O[C@H]2Cc3c(OC)cc(OC)cc3O[C@@H]2c2cc(OC)c(OC)c(OC)c2)cc1,1.0,train,../data/images/P-gp/1769.png
1770.0,CCN(CC)C(=S)c1ccc(-c2c3ccc(=[N+](C)C)cc-3sc3c4c5c(cc23)CCCN5CCC4)s1,1.0,train,../data/images/P-gp/1770.png
1771.0,Cc1ccc(C(=CCN2CCCC2)c2cccc(C=CC(=O)N3CCCC3)n2)cc1,1.0,train,../data/images/P-gp/1771.png
1772.0,COCCOC(=O)C1=C(C)NC(C)=C(C(=O)OC(C)C)C1c1cccc([N+](=O)[O-])c1,1.0,train,../data/images/P-gp/1772.png
1773.0,CCN1CCN(c2cc(-c3ccc(F)cc3)c3c(n2)CCCCCC3)CC1,0.0,train,../data/images/P-gp/1773.png
1774.0,COc1cccc2c1C(=O)c1c(O)c3c(c(O)c1C2=O)C[C@@](O)(/C(C)=N/NC(=O)c1ccccc1)C[C@@H]3O[C@H]1C[C@H](N)[C@H](O)[C@H](C)O1,1.0,train,../data/images/P-gp/1774.png
1775.0,CC/C(=C(\c1ccc(O)cc1)c1ccc(OCCN(C)C)cc1)c1ccccc1,1.0,train,../data/images/P-gp/1775.png
1776.0,CN(C)CCn1c(=O)nc2c3c(c([N+](=O)[O-])ccc31)Nc1ccc(O)cc1-2,1.0,train,../data/images/P-gp/1776.png
1777.0,COCO[C@H](CC(=O)OC)[C@H](Cc1ccccc1)N(C)C(=O)OCc1ccccc1,1.0,train,../data/images/P-gp/1777.png
1778.0,COC(=O)C1=C(C)NC(C)=C(C(=O)OCCCN2CCC(c3ccccc3)(c3ccccc3)CC2)[C@@H]1c1cccc([N+](=O)[O-])c1,1.0,train,../data/images/P-gp/1778.png
1779.0,COC(=O)C1(Cc2ccc3c(c2)CCC3)Cc2cc3c(cc2C1)CCC3,0.0,train,../data/images/P-gp/1779.png
1780.0,CSCC[C@H](C=O)NC(=O)[C@H](CC(C)C)NC(=O)[C@H](CC(C)C)NC(C)=O,1.0,train,../data/images/P-gp/1780.png
1781.0,CN1CCCC(OC(=O)c2cc3cc(CCl)ccc3oc2=O)C1,0.0,train,../data/images/P-gp/1781.png
1782.0,O=c1ncccn1[C@@H]1O[C@H](CO)[C@@H](O)[C@H]1O,0.0,train,../data/images/P-gp/1782.png
1783.0,S=c1[nH]cnc2nc[nH]c12,0.0,train,../data/images/P-gp/1783.png
1784.0,N#CC1(c2ccccn2)CCN(Cc2cc(C(=O)O)c(=O)n3ccccc23)CC1,0.0,train,../data/images/P-gp/1784.png
1785.0,C=C1C[C@@H]2C=Nc3cc(OCCCOc4cc5c(cc4OC)C(=O)N4CC(=C)C[C@@H]4C=N5)c(OC)cc3C(=O)N2C1,1.0,train,../data/images/P-gp/1785.png
1786.0,Cc1ccc(/C(=C\CN2CCCC2)c2cccc(/C=C/C(=O)N3CCCC3)n2)cc1,1.0,train,../data/images/P-gp/1786.png
1787.0,Oc1ccc2ccccc2c1Cc1c(O)ccc2ccccc12,0.0,train,../data/images/P-gp/1787.png
1788.0,Cc1cc2c(C(C)C)c(O)c(O)c(C=O)c2c(O)c1-c1c(C)cc2c(C(C)C)c(O)c(O)c(C=O)c2c1O,0.0,train,../data/images/P-gp/1788.png
1789.0,CC(=O)O[C@@H]1[C@H]2[C@H]3[C@H]([C@H](OC(C)=O)[C@H](OC(C)=O)[C@]2(C)[C@@H]2[C@@H]1[C@]1(C)C(=C[C@H]2C)OC(=O)[C@@]1(C)O)[C@]1(C)[C@H](C[C@@H]2O[C@@H]2[C@@H]1OC(C)=O)C(=O)[C@@H]3O,0.0,train,../data/images/P-gp/1789.png
1790.0,C=C1[C@H](OC(C)=O)C[C@@H](OC(=O)c2cccnc2)C(C)(C)/C=C/[C@@H](C)C(=O)[C@@]2(OC(C)=O)C[C@@](C)(OC(=O)c3cccnc3)[C@H](OC(C)=O)[C@@H]2[C@H]1OC(C)=O,1.0,train,../data/images/P-gp/1790.png
1791.0,CC1(C)O[C@@H]2[C@@H](CO[C@]3(COS(N)(=O)=O)OC(C)(C)O[C@@H]23)O1,1.0,train,../data/images/P-gp/1791.png
1792.0,COc1cc([N+](=O)[O-])c([N+](=O)[O-])cc1N,0.0,train,../data/images/P-gp/1792.png
1793.0,COC(=O)C1=CN(CC2=CC(=O)C(C)=CC2=O)C=C(C(=O)OC)C1c1cccc(OC)c1OC,0.0,train,../data/images/P-gp/1793.png
1794.0,COc1ccc2c(c1)C(CCCN1CCc3cc(OC)c(OC)cc3C1)=CCC2,1.0,train,../data/images/P-gp/1794.png
1795.0,CCNc1nc2nn[nH]c2c(=O)[nH]1,0.0,train,../data/images/P-gp/1795.png
1796.0,BrC/C=C/C[P+](c1ccccc1)(c1ccccc1)c1ccccc1,1.0,train,../data/images/P-gp/1796.png
1797.0,CC[C@@]1(C)CC(=O)NC1=O,0.0,train,../data/images/P-gp/1797.png
1798.0,COc1cc(OC)c2c(=O)c(OCCOC(=O)/C=C/c3cc(OC)c(OC)c(OC)c3)c(-c3ccc(OC)c(OC)c3)oc2c1,1.0,train,../data/images/P-gp/1798.png
1799.0,COc1cccc2c1C(=O)c1c(O)c3c(c(O)c1C2=O)CC(O)(C(C)=O)CC3OC1CC(N=[N+]=[N-])C(O)C(C)O1,0.0,train,../data/images/P-gp/1799.png
1800.0,Cc1cccc(NC(=O)N[C@@H]2N=C(c3ccccc3)c3ccccc3N(C)C2=O)c1,1.0,train,../data/images/P-gp/1800.png
1801.0,CC(C)OC(=O)OCOP(=O)(CO[C@H](C)Cn1cnc2c(N)ncnc21)OCOC(=O)OC(C)C,1.0,train,../data/images/P-gp/1801.png
1802.0,COc1cc(O)c2c(c1O)C(=O)C1=C(COC(C)(O)C1)C2=O,0.0,train,../data/images/P-gp/1802.png
1803.0,CCOC(=O)c1sc(NC(=O)COc2cccc(/C=C3\CCc4cc(OC)ccc4C3=O)c2)nc1C,0.0,train,../data/images/P-gp/1803.png
1804.0,COc1cc([C@@H]2c3cc4c(cc3[C@@H](NCCNCCO)[C@H]3COC(=O)[C@H]23)OCO4)cc(OC)c1O,1.0,train,../data/images/P-gp/1804.png
1805.0,CC(=O)O[C@H]1C(=O)[C@@]2(C)[C@H](C(OC(=O)c3ccccc3)[C@]3(O)CC(OC(=O)C(O)[C@@H](NC(=O)C(C)(C)C)c4ccccc4)C(C)=C1C3(C)C)[C@]1(OC(C)=O)CO[C@@H]1C[C@@H]2O,1.0,train,../data/images/P-gp/1805.png
1806.0,CC(=O)Nc1ccc2c3c(cc(O)c2c1)N(C(=O)CCCCCC(=O)N1CC(CCl)c2c1cc(O)c1cc(NC(C)=O)ccc21)CC3CCl,1.0,train,../data/images/P-gp/1806.png
1807.0,COc1cc(CCNC2=CC(=O)c3cccnc3C2=O)ccc1O,0.0,train,../data/images/P-gp/1807.png
1808.0,CCCCCCCCCC(C)=CCCC=C[C@@H](O)[C@@H](N)CO,1.0,train,../data/images/P-gp/1808.png
1809.0,CNC(=O)CC(c1ccccc1)C(C(=O)N(C(C)C)C(C)C)c1cccnc1,1.0,train,../data/images/P-gp/1809.png
1810.0,CS(=O)(=O)c1ccc2c(c1)C(=O)c1c-2n(CCCBr)c(=O)c2cc([N+](=O)[O-])ccc12,0.0,train,../data/images/P-gp/1810.png
1811.0,CCN1C(=CC=Cc2n(CC)c3cc(Cl)c(Cl)cc3[n+]2CC)N(CC)c2cc(Cl)c(Cl)cc21,1.0,train,../data/images/P-gp/1811.png
1812.0,COc1cc2c(cc1OC)CN(CCC=C1CCCCC1)CC2,1.0,train,../data/images/P-gp/1812.png
1813.0,CCc1c2c(nc3ccc(OC(=O)N4CCC(N5CCCCC5)CC4)cc13)-c1cc([C@@](O)(CC)C(=O)O)c(CO)c(=O)n1C2,1.0,train,../data/images/P-gp/1813.png
1814.0,CN(C)c1ccc(-c2c3ccc(=[N+](C)C)cc-3sc3cc(N(C)C)ccc23)cc1,1.0,train,../data/images/P-gp/1814.png
1815.0,O=C(c1ccccc1)C1N=NCC1c1ccc([N+](=O)[O-])cc1,0.0,train,../data/images/P-gp/1815.png
1816.0,CCCSc1ccc2nc(NC(=O)OC)[nH]c2c1,0.0,train,../data/images/P-gp/1816.png
1817.0,CCc1nn(CCCN2CCN(c3cccc(Cl)c3)CC2)c(=O)n1CCOc1ccccc1,0.0,train,../data/images/P-gp/1817.png
1818.0,C=C(CC[C@H](O)[C@@]1(C)CC[C@H](C(C)(C)O)O1)[C@H]1CC[C@H]2O[C@@H]([C@]3(C)CC[C@@H](Br)C(C)(C)O3)CC[C@]2(C)O1,0.0,train,../data/images/P-gp/1818.png
1819.0,Clc1cc2nc([C@@H]3CCCN3c3cc(N4CCO[C@@H](c5ccccc5)C4)ncn3)[nH]c2cc1Cl,0.0,train,../data/images/P-gp/1819.png
1820.0,CC(=O)O[C@]12C[C@H](C)[C@H](OC(=O)c3ccccc3)[C@@H]1/C=C(\C)CC[C@H]1[C@@H](/C=C(\C)C2=O)C1(C)C,1.0,train,../data/images/P-gp/1820.png
1821.0,COc1cc(O)c2c(=O)c(OC(=O)c3cc(OC)c(OC)c(OC)c3)c(-c3ccc(OC)c(OC)c3)oc2c1,1.0,train,../data/images/P-gp/1821.png
1822.0,CCC(C)C1NC(=O)C(NC(=O)c2c3nc4c(C(=O)NC5C(=O)NC(C(C)CC)C(=O)N6CCCC6C(=O)N(C)CC(=O)N(C)C(C(C)C)C(=O)OC5C)ccc(C)c4oc-3c(C)c(=O)c2O)C(C)OC(=O)C(C(C)C)N(C)C(=O)CN(C)C(=O)C2CCCN2C1=O,1.0,train,../data/images/P-gp/1822.png
1823.0,CC(=O)O[C@H]1CC[C@]2(C)O[C@@H]3[C@H]4[C@H](OC(=O)/C=C/c5ccccc5)[C@H](OC(=O)c5ccccc5)[C@@]1(C)[C@]32OC4(C)C,0.0,train,../data/images/P-gp/1823.png
1824.0,CC(=O)O[C@H]1C(=O)[C@@]2(C)C(C(OC(=O)c3ccccc3)[C@]3(O)C[C@H](OC(=O)C(O)[C@@H](NC(=O)c4ccc(Cl)cc4)c4ccccc4)C(C)=C1C3(C)C)[C@]1(OC(C)=O)CO[C@@H]1C[C@@H]2O,1.0,train,../data/images/P-gp/1824.png
1825.0,COc1cccc2c1C(=O)c1c(O)c3c(c(O)c1C2=O)C[C@@](O)(C(=O)CO)C[C@@H]3O[C@H]1C[C@H](N2CCOC[C@H]2C#N)[C@H](O)[C@H](C)O1,0.0,train,../data/images/P-gp/1825.png
1826.0,CN(C)c1cccc(-c2c3ccc(=[N+](C)C)cc-3sc3cc(N(C)C)ccc23)c1,1.0,train,../data/images/P-gp/1826.png
1827.0,C/C(=N\Nc1nc2ccccc2s1)c1cccc[n+]1[O-],0.0,train,../data/images/P-gp/1827.png
1828.0,COc1ccc(C2CN(c3cc(N4CCC[C@H]4c4nc5cc(Cl)c(Cl)cc5[nH]4)ncn3)CCO2)cc1,0.0,train,../data/images/P-gp/1828.png
1829.0,Cc1c2oc3c(C)cc(F)c(C(=O)NC4C(=O)NC(C(C)C)C(=O)N5CCCC5C(=O)N(C)CC(=O)N(C)C(C(C)C)C(=O)OC4C)c3nc-2c(C(=O)NC2C(=O)NC(C(C)C)C(=O)N3CCCC3C(=O)N(C)CC(=O)N(C)C(C(C)C)C(=O)OC2C)c(N)c1=O,1.0,train,../data/images/P-gp/1829.png
1830.0,O=Cc1cc(O)ccc1Br,0.0,train,../data/images/P-gp/1830.png
1831.0,CC(C)(O)CC[C@H]1OC(C)(C)O[C@]1(C)[C@H]1CC[C@@]2(O)C3=CC(=O)[C@H]4C[C@@H](O)CC[C@]4(C)[C@H]3CC[C@]12C,1.0,train,../data/images/P-gp/1831.png
1832.0,COC(=O)O[C@H]1C(=O)[C@]2(C)[C@H]([C@H](OC(=O)c3ccccc3)[C@]34OC(=O)O[C@H]3[C@H](OC(=O)[C@H](O)[C@H](C=C(C)C)NC(=O)OC(C)(C)C)C(C)=C1C4(C)C)[C@]1(OC(C)=O)CO[C@@H]1C[C@@H]2O,1.0,train,../data/images/P-gp/1832.png
1833.0,COc1ccc2c(c1)-c1nn(CCN(C)C)c3ccc(C(=O)NCCN(C)C)c(c13)N2,1.0,train,../data/images/P-gp/1833.png
1834.0,COC12CC[C@@]3(CC1C(C)(C)O)[C@H]1Cc4ccc(O)c5c4[C@@]3(CCN1CC1CC1)C2O5,0.0,train,../data/images/P-gp/1834.png
1835.0,N#Cc1c2c(c(-c3cccs3)n([C@@H]3O[C@H](CO)[C@@H](O)[C@H](O)[C@H]3O)c1=S)CCc1ccccc1-2,0.0,train,../data/images/P-gp/1835.png
1836.0,C[C@H]1COc2c(C3(N)CC3)c(F)cc3c(=O)c(C(=O)O)cn1c23,1.0,train,../data/images/P-gp/1836.png
1837.0,CNC(=O)Oc1ccc(N(C)C)c(C)c1,0.0,train,../data/images/P-gp/1837.png
1838.0,COCC(C#N)NC1CC(OC2CC(O)(C(=O)CO)Cc3c(O)c4c(c(O)c32)C(=O)c2c(OC)cccc2C4=O)OC(C)C1O,1.0,train,../data/images/P-gp/1838.png
1839.0,CN1CC[C@]23c4c5cccc4O[C@H]2[C@@H](O)C2=C(CC2)[C@H]3[C@H]1C5,0.0,train,../data/images/P-gp/1839.png
1840.0,CC(C)(C)NCC(O)COc1ccc(NC(=O)NC2CCCCC2)cc1,1.0,train,../data/images/P-gp/1840.png
1841.0,COC(=O)c1c(C)nc(C)c(N=O)c1-c1ccccc1C(F)(F)F,0.0,train,../data/images/P-gp/1841.png
1842.0,CC(C)C[C@@H]1NC(=O)[C@@H](Cc2ccccc2)NC1=O,0.0,train,../data/images/P-gp/1842.png
1843.0,C=C1C(=O)OCC2C(C(=O)O)=CC3C(C)C(C)=CC123,0.0,train,../data/images/P-gp/1843.png
1844.0,C[n+]1c(C=CC=C2N(Cc3ccc(CCl)cc3)c3cc(Cl)c(Cl)cc3N2Cc2ccc(CCl)cc2)oc2ccccc21,1.0,train,../data/images/P-gp/1844.png
1845.0,CC(=O)[C@H]1CC[C@H](CC(=O)N2CCC([C@H]3c4ccc(Br)cc4Cc4cc(Cl)cc(Br)c43)CC2)CC1,0.0,train,../data/images/P-gp/1845.png
1846.0,C[C@]12CC[C@@H]3c4ccc(O)cc4CC[C@H]3[C@@H]1CCC2=O,1.0,train,../data/images/P-gp/1846.png
1847.0,CCOc1ccc(Cc2cc([C@@H]3O[C@H](CO)[C@@H](O)[C@H](O)[C@H]3O)ccc2Cl)cc1,1.0,train,../data/images/P-gp/1847.png
1848.0,Cc1ccc(S(=O)(=O)Nc2ccccc2C=O)cc1,0.0,train,../data/images/P-gp/1848.png
1849.0,O=C1/C(=C/c2ccccc2)CN(C(=O)CCSCCS(=O)(=O)O)C/C1=C\c1ccccc1,0.0,train,../data/images/P-gp/1849.png
1850.0,CCCCCCC[C@@H]1CC(=O)O[C@@H](C(C)C)C(=O)N(C)[C@@H](Cc2ccccc2)[C@H](OCOC)CC(=O)O1,1.0,train,../data/images/P-gp/1850.png
1851.0,C[C@@H](NC(=O)C1(NC(=O)C(F)(F)F)CC1)c1ccc(-c2cccc(F)c2C(F)(F)F)cc1F,1.0,train,../data/images/P-gp/1851.png
1852.0,Cn1c(O)c(C(=O)Nc2ccc([N+](=O)[O-])cc2)c(=O)n(C)c1=S,0.0,train,../data/images/P-gp/1852.png
1853.0,O=C(O)Cc1cc(N=Nc2ccc(S(=O)(=O)Nc3ccccn3)cc2)ccc1O,0.0,train,../data/images/P-gp/1853.png
1854.0,CC(C)C[C@H](NC(=O)[C@H](Cc1c[nH]c2ccccc12)NC(=O)[C@H](CC(C)C)NC(=O)[C@H](Cc1c[nH]c2ccccc12)NC(=O)[C@@H](NC(=O)[C@@H](NC(=O)[C@@H](NC(=O)[C@@H](CC(C)C)NC(=O)[C@@H](C)NC(=O)CNC(=O)[C@@H](NC=O)C(C)C)C(C)C)C(C)C)C(C)C)C(=O)N[C@@H](Cc1c[nH]c2ccccc12)C(=O)NCCO,1.0,train,../data/images/P-gp/1854.png
1855.0,O=C(CCl)c1ccc([N+](=O)[O-])o1,0.0,train,../data/images/P-gp/1855.png
1856.0,COC(=O)Nc1nc2cc(C(=O)c3ccccc3)ccc2[nH]1,0.0,train,../data/images/P-gp/1856.png
1857.0,CC(C)CC[C@H]1OC(C)(C)O[C@]1(C)[C@H]1CC[C@@]2(O)C3=CC(=O)[C@@H]4C[C@H]5OC(C)(C)O[C@H]5C[C@]4(C)C3=CC[C@]12C,1.0,train,../data/images/P-gp/1857.png
1858.0,CCCN(CCC)S(=O)(=O)c1ccc(C(=O)O)cc1,0.0,train,../data/images/P-gp/1858.png
1859.0,CC(C)(C)NCC(O)COc1ccccc1C#N,1.0,train,../data/images/P-gp/1859.png
1860.0,CC[C@H]1CN2CCc3cc(OC)c(OC)cc3[C@@H]2C[C@@H]1C[C@H]1NCCc2cc(O)c(OC)cc21,1.0,train,../data/images/P-gp/1860.png
1861.0,CCCCCCCCCCNC(=O)CCC(NC(=O)c1ccc(N(C)Cc2cnc3nc(N)nc(N)c3n2)cc1)C(=O)NCCCCCCCCCC,1.0,train,../data/images/P-gp/1861.png
1862.0,CCc1c2c(nc3ccc(OC(=O)N4CCC(N5CCCCC5)CC4)cc13)-c1cc3c(c(=O)n1C2)COC(=O)[C@]3(O)CC,1.0,train,../data/images/P-gp/1862.png
1863.0,O=C1N/C(=N/N=C\C(O)C(O)C(O)C(O)CO)N/C1=C\c1ccc(Cl)cc1,1.0,train,../data/images/P-gp/1863.png
1864.0,Oc1ccc2c3c1O[C@H]1[C@@H](O)CC[C@@]4(O)[C@@H](C2)N(CC2CCC2)CC[C@]314,1.0,train,../data/images/P-gp/1864.png
1865.0,O=C(N[C@@H]1CC[C@@]2(O)[C@H]3Cc4ccc(O)c5c4[C@@]2(CCN3CC2CC2)[C@H]1O5)c1ccncc1,1.0,train,../data/images/P-gp/1865.png
1866.0,CCN(CC)C(=O)c1ccc(-c2c3ccc(=[N+](C)C)cc-3sc3cc4c(cc23)C(C)(C)CCN4C)s1,1.0,train,../data/images/P-gp/1866.png
1867.0,O=[N+]([O-])/C(C(Cl)=C(Cl)Cl)=C(\N1CCCCC1)n1cncn1,0.0,train,../data/images/P-gp/1867.png
1868.0,Cc1cc2c3ccccc3ccc2[n+]2ccccc12,1.0,train,../data/images/P-gp/1868.png
1869.0,N#CC1=C(C#N)/C(=C(\C#N)C(C#N)C#N)N=C1N,0.0,train,../data/images/P-gp/1869.png
1870.0,COc1cccc2c1CCC/C2=C\CCN1CCCCC1,1.0,train,../data/images/P-gp/1870.png
1871.0,O=NN(CCCl)C(=O)NC1CCCCC1,0.0,train,../data/images/P-gp/1871.png
1872.0,CC(=O)O[C@H]1C(=O)[C@@]2(C)[C@H]([C@H](OC(=O)c3ccccc3)[C@]3(O)C[C@H](OC(=O)[C@H](O)[C@@H](NC(=O)c4ccc(N(C)C)cc4)c4ccccc4)C(C)=C1C3(C)C)[C@]1(OC(C)=O)CO[C@@H]1C[C@@H]2O,1.0,train,../data/images/P-gp/1872.png
1873.0,NCCCCCCNS(=O)(=O)c1cccc2c(Cl)cccc12,0.0,train,../data/images/P-gp/1873.png
1874.0,C=C[C@@H]1C[C@]1(NC(=O)[C@@H]1C[C@@H](Oc2cc(-c3ccccc3)nc3cc(OC)ccc23)CN1C(=O)[C@@H](NC(=O)OC(C)(C)C)C(C)(C)C)C(=O)NS(=O)(=O)c1ccccc1,1.0,train,../data/images/P-gp/1874.png
1875.0,O=C(O)c1cc(CN2CCN(c3ccc(Br)cc3)CC2)c2ccccn2c1=O,0.0,train,../data/images/P-gp/1875.png
1876.0,CCCCCCCCCCCCCCCC[N+](C)(CCO)Cc1c[nH]cn1,1.0,train,../data/images/P-gp/1876.png
1877.0,N#Cc1cc2c(n([C@H]3O[C@@H](CO)[C@H](O)[C@@H](O)[C@@H]3O)c1=S)CCC2,0.0,train,../data/images/P-gp/1877.png
1878.0,CN/C(=N\S(=O)(=O)c1ccc(Cl)cc1)N1C[C@H](c2ccccc2)C(c2ccc(Cl)cc2)=N1,0.0,train,../data/images/P-gp/1878.png
1879.0,CN1CCN(c2ccc3nc(C4=C(O)C(=O)c5c(nc(CCl)n5C)C4=O)[nH]c3n2)CC1,1.0,train,../data/images/P-gp/1879.png
1880.0,C[C@H]1C[C@@H]2[C@H]([C@@H](O)C[C@@]3(C)[C@H]2CC[C@]3(O)C(=O)CO)[C@@]2(C)C=CC(=O)C=C12,1.0,train,../data/images/P-gp/1880.png
1881.0,COC(=O)CN1C(=O)N(CCCN2CCN(c3ccccc3)CC2)C(c2ccccc2)(c2ccccc2)C1=O,1.0,train,../data/images/P-gp/1881.png
1882.0,CN(C)CC/C=C1\c2ccccc2Sc2ccc(Cl)cc21,0.0,train,../data/images/P-gp/1882.png
1883.0,O=C1/C(=C/c2ccccc2)CN(C(=O)CCC(=O)N2C/C(=C\c3ccccc3)C(=O)/C(=C/c3ccccc3)C2)C/C1=C\c1ccccc1,1.0,train,../data/images/P-gp/1883.png
1884.0,CC(C)=CC(=O)O[C@H]1[C@H]2OC(=O)C[C@H]3[C@@H](C)[C@@H](O)[C@@]4(O)OC[C@@]23C4[C@]2(C)[C@H](O)[C@H](O)C=C(C)[C@@H]12,1.0,train,../data/images/P-gp/1884.png
1885.0,C[C@@H](NC(=O)C1(NC(=O)c2cncnc2)CC1)c1ccc(-n2nc(Cl)c3ccccc32)cc1F,1.0,train,../data/images/P-gp/1885.png
1886.0,CC[C@@H](C)[C@H]1O[C@]2(CC[C@@H]1C)C[C@@H]1C[C@@H](C/C=C(\C)[C@@H](O[C@@H]3CO[C@@H](C)[C@H](O[C@H]4C[C@H](OC)[C@@H](O)[C@H](C)O4)[C@H]3OC)[C@@H](C)/C=C/C=C3\CO[C@H]4[C@H](O)C(C)=C[C@@H](C(=O)O1)[C@]34O)O2,1.0,train,../data/images/P-gp/1886.png
1887.0,CCCCCCCCCCCCCC=C[C@@H](O)[C@@H](N)CO,0.0,train,../data/images/P-gp/1887.png
1888.0,N=C(N)NCCCC(NCc1c2ccccc2nc2ccccc12)C(=O)O,0.0,train,../data/images/P-gp/1888.png
1889.0,Oc1ccc2c3c1O[C@H]1c4[nH]c5ccccc5c4C[C@@]4(O)[C@H](C2)N(CC2CC2)CCC314,1.0,train,../data/images/P-gp/1889.png
1890.0,COC1CC(O[C@H]2CC[C@@]3(C)[C@@H](CC[C@]4(O)[C@@H]3CC[C@]3(C)[C@@H](C(C)=O)[C@H](OC(=O)CC(C)C)[C@@H](OC(=O)c5ccccc5)[C@@]34O)C2)OC(C)C1OC1CC(OC)C(OC2OC(C)C(O)C(OC)C2O)C(C)O1,0.0,train,../data/images/P-gp/1890.png
1891.0,CCOC/C=C/c1ccc(-c2nc(-c3ccc(NC(C)C)cc3)c(-c3ccc(NC(C)C)cc3)[nH]2)cc1,0.0,train,../data/images/P-gp/1891.png
1892.0,COc1ccc2[nH]cc(C3C4CCC(C4)C3NCc3cccc(CNC4C5CCC(C5)C4c4c[nH]c5ccc(OC)cc45)c3)c2c1,0.0,train,../data/images/P-gp/1892.png
1893.0,CC(C)(O)CC[C@@H](OC(=O)c1ccccc1)[C@](C)(O)[C@H]1CC[C@@]2(O)C3=CC(=O)[C@@H]4C[C@@H](O)[C@@H](O)C[C@]4(C)[C@H]3CC[C@]12C,1.0,train,../data/images/P-gp/1893.png
1894.0,CCOC(=O)C1(Cc2ccccc2)C=CN(C(=O)c2ccccc2)C=C1,0.0,train,../data/images/P-gp/1894.png
1895.0,CN(C)C(=O)N1CC(c2cc(F)ccc2F)=C[C@@]1(CCCNCCF)c1ccccc1,1.0,train,../data/images/P-gp/1895.png
1896.0,COc1cc(/C=C(\C#N)c2nc3ccccc3o2)ccc1O,0.0,train,../data/images/P-gp/1896.png
1897.0,COC(=O)c1c(F)cccc1-c1ccc([C@H](C)NC(=O)C2(NC(=O)C(F)(F)F)CC2)c(F)c1,1.0,train,../data/images/P-gp/1897.png
1898.0,O=C(O)c1cc(C(=O)O)c2c(n1)c(O)c(O)c1cc(C(=O)O)[nH]c12,1.0,train,../data/images/P-gp/1898.png
1899.0,C[C@]12CCC(=O)C[C@@H]1CC[C@@H]1[C@@H]2CC[C@]2(C)[C@@H](O)CC[C@@H]12,1.0,train,../data/images/P-gp/1899.png
1900.0,CN(C)CC/C=C1\c2ccccc2COc2ccccc21,0.0,train,../data/images/P-gp/1900.png
1901.0,CN(CCc1ccccn1)c1nc(-c2ccncc2)nc2c1CN(C(=O)Nc1ccccc1)CC2,1.0,train,../data/images/P-gp/1901.png
1902.0,Cn1c(=O)c(COc2cccc(Nc3ccccc3)c2)nc2ccccc21,0.0,train,../data/images/P-gp/1902.png
1903.0,CN1CCc2c1nc1cc(Br)ccc1c2N,0.0,train,../data/images/P-gp/1903.png
1904.0,CN1C(=O)COc2c(C(=O)N[C@@H]3CN4CCC3CC4)cc(Cl)cc21,1.0,train,../data/images/P-gp/1904.png
1905.0,COc1ccc(-c2c3ccc(=[N+](C)C)cc-3[se]c3cc(N(C)C)ccc23)cc1OC,1.0,train,../data/images/P-gp/1905.png
1906.0,CCN(CC)CC(=O)Nc1c(C(N)=O)nnn1Cc1cc(Cl)c(C(=O)c2ccc(Cl)cc2)c(Cl)c1,0.0,train,../data/images/P-gp/1906.png
1907.0,COc1cc2c(c(OC)c1OC)-c1ccc(OC)c(=O)cc1[C@@H](NC(=O)C(F)(F)F)CC2,1.0,train,../data/images/P-gp/1907.png
1908.0,CC(=O)O[C@H]1CC[C@@]2(C)[C@@H](C1)C(=O)C=C1[C@@H]2CC[C@]2(C)[C@@H]([C@H](C)[C@@H](CCC(C)(C)O)OC(C)=O)CC[C@@]12O,0.0,train,../data/images/P-gp/1908.png
1909.0,COc1cc(OC)c2c(c1)O[C@H](c1cc(OC)c(OC)c(OC)c1)[C@H](OC(=O)c1ccc(F)c(NC(=O)c3cc(OC)c(OC)c(OC)c3)c1)C2,1.0,train,../data/images/P-gp/1909.png
1910.0,CN(C)C/C=C(/c1ccc(Br)cc1)c1cccnc1,0.0,train,../data/images/P-gp/1910.png
1911.0,CC(=NNC(=S)N(C)CCN(C)C(=S)NN=C(C)c1ccccn1)c1ccccn1,0.0,train,../data/images/P-gp/1911.png
1912.0,C[C@@H](NC(=O)C1(NC(=O)c2ccc(Br)nc2)CC1)c1ccc(-n2nc(Cl)c3ccccc32)cc1F,1.0,train,../data/images/P-gp/1912.png
1913.0,O=c1cc(-c2ccccc2)oc2cc(O)c(O)c(O)c12,0.0,train,../data/images/P-gp/1913.png
1914.0,O=C1Nc2ccc(Cl)cc2[C@@](C#CC2CC2)(C(F)(F)F)O1,0.0,train,../data/images/P-gp/1914.png
1915.0,C[C@H]1CP(=O)(c2ccccc2)C[C@H](C)C1=C(Cl)Cl,1.0,train,../data/images/P-gp/1915.png
1916.0,O=[N+]([O-])c1ccc2c(Nc3ccccc3-c3ccccc3Nc3c4ccccc4nc4cc([N+](=O)[O-])ccc34)c3ccccc3nc2c1,0.0,train,../data/images/P-gp/1916.png
1917.0,CCC(C)(CCN1CCC(F)(F)CC1)N(Cc1cc2ccccc2n(C)c1=O)C(=O)C1CCCCC1,0.0,train,../data/images/P-gp/1917.png
1918.0,Cc1ccc([N+](=O)[O-])c2c(NCCC[N+](C)(C)[O-])c3ccccc3nc12,1.0,train,../data/images/P-gp/1918.png
1919.0,CC[C@H](CO)Nc1nc(NCc2ccccc2)c2ncn(C(C)C)c2n1,1.0,train,../data/images/P-gp/1919.png
1920.0,C/C=C(/C)C(=O)O[C@H]1C(C)=C[C@]23C(=O)[C@@H](C=C(CO)[C@@H](O)[C@]12O)[C@H]1[C@@H](C[C@H]3C)C1(C)C,1.0,train,../data/images/P-gp/1920.png
