idx,smiles,Lipo,group,img_path
0.0,NC(=O)c1cccc(C[C@@H]2C[C@H]3CC[C@@H](C2)N3Cc2ccccc2)c1,-0.8948134244280986,train,../data/images/Lipo/0.png
1.0,O=C(NC[C@@H](O)CN1CCC(Oc2ccc(Cl)c(Cl)c2)CC1)c1cc(=O)[nH]c2ccccc12,1.075489881266751,train,../data/images/Lipo/1.png
2.0,CNC1=Nc2ncccc2C(c2cccs2)=NC1c1cccs1,0.3688410163550961,train,../data/images/Lipo/2.png
3.0,O=C(NCC12CC3CC(CC(C3)C1)C2)c1cc(CN2CC3CNCC(C2)O3)ccc1Cl,-0.5290187178855948,train,../data/images/Lipo/3.png
4.0,CNC(=O)c1cc(C(=O)c2ccc(Cl)cc2)c(Br)[nH]1,0.7595762710709525,train,../data/images/Lipo/4.png
5.0,Cc1cc(NC(=O)c2nnc(Nc3ccccc3F)o2)ccc1N1CCOCC1,1.5077927162715283,train,../data/images/Lipo/5.png
6.0,C[C@H]([C@H](O)c1ccc(O)cc1)N1CCC(O)(c2ccccc2)CC1,-1.061083745583782,train,../data/images/Lipo/6.png
7.0,Cn1c(SCc2c(Cl)cccc2Cl)nnc1-c1ccc2nonc2c1,0.967414172515557,train,../data/images/Lipo/7.png
8.0,O=C(Nc1cccc(-c2nnn[nH]2)c1)c1cc(F)cc2[nH]cnc12,-1.5765217411664012,train,../data/images/Lipo/8.png
9.0,NC(=O)c1ccc(=O)n(Cc2ccc(F)c(F)c2)c1,-0.67866200692571,train,../data/images/Lipo/9.png
10.0,O=C1C(=O)c2cc(-c3ccsc3)ccc2-c2ccccc21,0.7595762710709525,train,../data/images/Lipo/10.png
11.0,O=C(O)c1ccc(-c2nnn(Cc3ccccc3F)n2)cc1,-1.568208225108617,train,../data/images/Lipo/11.png
12.0,Cc1cn([C@H]2CCCN(Cc3ccc(C(=O)O)c(Oc4cccc(Cl)c4)c3)C2)c(=O)[nH]c1=O,-2.274857090020272,train,../data/images/Lipo/12.png
13.0,c1ccc(CC2NCCc3ccccc32)cc1,-0.24635917192093298,train,../data/images/Lipo/13.png
14.0,N#Cc1ccccc1COc1cc(OCCCN2CCCC2)ccc1C(=O)Nc1cccc(O)c1,0.1277490506793549,train,../data/images/Lipo/14.png
15.0,CC(C)(C)OC(=O)N1CCC(c2ncc(OCc3ccc(S(C)(=O)=O)cc3)cn2)CC1,0.510170789337427,train,../data/images/Lipo/15.png
16.0,O=c1[nH]c(-c2ccccc2)nc2cc(Cl)ccc12,0.9341601082844202,train,../data/images/Lipo/16.png
17.0,OC[C@H]1C[C@@H](n2nnc3c(N[C@@H]4C[C@H]4c4ccc(F)c(F)c4)nc(SCCC(F)(F)F)nc32)[C@H](O)[C@@H]1O,1.4994792002137443,train,../data/images/Lipo/17.png
18.0,COCCC(=O)N[C@@H](C)c1ccc(Nc2ncc3cc(-c4ccncc4)ccc3n2)cc1,0.7180086907820314,train,../data/images/Lipo/18.png
19.0,CC(=O)Nc1ccc(O)cc1,-1.609775805397538,train,../data/images/Lipo/19.png
20.0,Cc1ccccc1C(=O)NCC12CC3CC(CC(C3)C1)C2,1.7405711658894856,train,../data/images/Lipo/20.png
21.0,Cc1ccc(-c2ccc(F)cc2COc2ccc(CCC(=O)O)cc2)cc1,0.8759654958799311,train,../data/images/Lipo/21.png
22.0,Cc1ccc(CO)cc1N(C)c1ccnc(Nc2cc(N3CCCCC3)cc(N3CCOCC3)c2)n1,1.674063037427212,train,../data/images/Lipo/22.png
23.0,O=C(c1ccc(C(=C2CCN(Cc3cscn3)CC2)c2cccc3cccnc23)cc1)N1CCOCC1,-0.05514830259189676,train,../data/images/Lipo/23.png
24.0,O=S(=O)(NCC(c1ccccc1)N1CCCCCC1)c1ccc(Br)s1,1.1087439454978878,train,../data/images/Lipo/24.png
25.0,O=C(CSc1ccccc1)N1CCN(C(=O)c2ccco2)CC1,-0.48745113759667397,train,../data/images/Lipo/25.png
26.0,Cc1ccc2cc(C)c3nnc(SCC(=O)N4CCN(C(=O)c5ccco5)CC4)n3c2c1,0.09449498644821819,train,../data/images/Lipo/26.png
27.0,Cc1ccc(-c2ncc[nH]2)cc1NC(=O)c1ccc(OCc2ccccn2)cc1,0.6847546265508947,train,../data/images/Lipo/27.png
28.0,CO[C@H]1CC[C@]2(CC1)Cc1ccc(OCC(C)C)cc1C21N=C(C)C(N)=N1,1.0089817528044778,train,../data/images/Lipo/28.png
29.0,FC(F)(F)c1nnc2ccc(NCn3nnc4ccccc43)nn12,0.1277490506793549,train,../data/images/Lipo/29.png
30.0,O=C(c1cccc(Cc2nnc(O)c3ccccc23)c1)N1CCOCC1,-0.9862621010637246,train,../data/images/Lipo/30.png
31.0,Cn1c(N)nc(CCc2ccc3ccccc3c2)cc1=O,0.42703562875958556,train,../data/images/Lipo/31.png
32.0,Cn1cc(C#N)cc1-c1c2c(=O)n(CCO)c(=O)n(CC3CC3)c2nn1Cc1ccnc2ccc(Cl)cc12,0.6764411104931107,train,../data/images/Lipo/32.png
33.0,COc1cc(Nc2cc(Oc3cc(C)c(C)nc3-c3ccccn3)ccn2)cc(OC)c1OC,0.8593384637643627,train,../data/images/Lipo/33.png
34.0,N#Cc1cccc(S(=O)(=O)NC(=O)N2CCC(N3CCC(Oc4ccc(Cl)c(Cl)c4)CC3)CC2)c1,-0.31286730038320626,train,../data/images/Lipo/34.png
35.0,CCN1CCCC1CNC(=O)c1cc(S(N)(=O)=O)ccc1OC,-2.8152356337762434,train,../data/images/Lipo/35.png
36.0,COc1cc(O)ccc1/C=C1\CCCN=C1c1cccnc1,0.011359825870376712,train,../data/images/Lipo/36.png
37.0,CNC(=O)C1(N2CCCCC2=O)CCN(CC[C@H](CN(C)C(=O)c2c(OC)c(C#N)cc3ccccc23)c2ccc(Cl)c(Cl)c2)CC1,0.4935437572218586,train,../data/images/Lipo/37.png
38.0,CCCCCOC(=O)Nc1nc(=O)n([C@@H]2O[C@H](C)[C@@H](O)[C@H]2O)cc1F,-1.2606081309706025,train,../data/images/Lipo/38.png
39.0,Nc1ccccc1NC(=O)c1ccc(C2CCN(Cc3ccc(C(=O)NC4CC4)cc3)CC2)cc1,0.10280850250600256,train,../data/images/Lipo/39.png
40.0,COc1cc2ncc(C(N)=O)c(Nc3cccc(F)c3F)c2cc1OC,0.5267978214529954,train,../data/images/Lipo/40.png
41.0,Cc1ccc(C#N)cc1-c1cc(C(F)(F)F)ccc1OCC(=O)O,-1.6929109659753796,train,../data/images/Lipo/41.png
42.0,Cc1ccccc1-n1c(Cn2cnc3c(N)ncnc32)nc2cccc(C)c2c1=O,0.3439004681817437,train,../data/images/Lipo/42.png
43.0,NC(=O)c1ccc(-c2cc3c(N[C@H]4CCCNC4)ncc(C(N)=O)c3s2)cc1,-1.5848352572241853,train,../data/images/Lipo/43.png
44.0,CCN(C(=O)NCc1ccc(F)cc1)C1CCN(CCC(c2ccccc2)c2ccccc2)CC1,1.4246575556936865,train,../data/images/Lipo/44.png
45.0,O=C1NC(=O)C(Cc2ccc3ccccc3c2)S1,0.18594366308384438,train,../data/images/Lipo/45.png
46.0,O=C(NCC1CCCCCC1)c1cc(-c2cccnc2N2CCC(C(=O)O)CC2)ccc1Cl,0.2857058557772542,train,../data/images/Lipo/46.png
47.0,CN(CCOc1ccccc1-c1cc(C(N)=O)c(NC(N)=O)s1)Cc1ccccc1,1.0588628491511827,train,../data/images/Lipo/47.png
48.0,O=c1[nH]n(Cc2ccsc2)c(=O)c2c(=O)c3ccc(Cl)cc3[nH]c12,-0.8948134244280986,train,../data/images/Lipo/48.png
49.0,C[C@H](CO)Nc1nc(SCc2cccc(F)c2F)nc2nc(N)cnc12,0.5849924338574849,train,../data/images/Lipo/49.png
50.0,O=S(=O)(NCCNc1ncccn1)c1cccc2cnccc12,-1.3104892273173077,train,../data/images/Lipo/50.png
51.0,O=C(c1ccc(-c2nn[nH]n2)cc1)N1CCC(N2CCC(Oc3ccc(Cl)c(Cl)c3)CC2)CC1,-0.5456457500011632,train,../data/images/Lipo/51.png
52.0,CONC(=O)c1cnc(N2CCC(NC(=O)c3[nH]c(C)c(Cl)c3Cl)CC2)s1,0.7595762710709525,train,../data/images/Lipo/52.png
53.0,c1ccc(Nc2ccnc(Nc3ccccc3)n2)cc1,1.557673812618233,train,../data/images/Lipo/53.png
54.0,COc1cc2c(Nc3ncc(CC(=O)Nc4cccc(F)c4)s3)ncnc2cc1OCCCN1CCC(CO)CC1,0.5849924338574849,train,../data/images/Lipo/54.png
55.0,CC[C@H](CO)Nc1nc(SCc2ccccc2)nc2[nH]c(=O)sc12,0.8593384637643627,train,../data/images/Lipo/55.png
56.0,CC(C)NCC(O)COc1cccc2[nH]ccc12,-1.9173758995355525,train,../data/images/Lipo/56.png
57.0,CCOc1cc2nnc(C(N)=O)c(Nc3ccc(F)cc3F)c2cc1N1CCN(C)CC1,0.3688410163550961,train,../data/images/Lipo/57.png
58.0,COc1cccc(Nc2c(C(N)=O)cnc3c(C)cc(S(=O)(=O)c4cccc(C(=O)N(C)C)c4)cc23)c1,0.41872211270180115,train,../data/images/Lipo/58.png
59.0,O=C(c1ccc(OCCCc2c[nH]cn2)cc1)C1CC1,0.4104085966440172,train,../data/images/Lipo/59.png
60.0,CC1(c2nc(N3CCOCC3)ncc2C(=O)N[C@H]2C3CC4CC2C[C@](O)(C4)C3)CC1,-0.15491049528530695,train,../data/images/Lipo/60.png
61.0,Nc1scc2c(C(=O)NC3CC3)nn(-c3ccc(F)cc3)c(=O)c12,0.510170789337427,train,../data/images/Lipo/61.png
62.0,CCN(C(=O)Cc1ccc(S(N)(=O)=O)cc1)C1CCN(CCC(c2ccccc2)c2ccccc2)CC1,0.17763014702606003,train,../data/images/Lipo/62.png
63.0,CCOc1noc2cc(OCCC3CCN(c4ccc(C)nn4)CC3)ccc12,1.6990035856005647,train,../data/images/Lipo/63.png
64.0,CCC(c1nc2ccsc2c(=O)n1Cc1ccccc1)N(CCCN)C(=O)c1ccc(C(C)C)cc1,0.4436626608751539,train,../data/images/Lipo/64.png
65.0,Cc1cc2cc3c(C)cc(=O)oc3c(C)c2o1,1.0671763652089672,train,../data/images/Lipo/65.png
66.0,Cc1nc2ncnn2c(O)c1CCOC(=O)c1ccccc1F,-0.9945756171215088,train,../data/images/Lipo/66.png
67.0,COc1cc(C(=O)NCc2ccc(OCCN(C)C)cc2)cc(OC)c1OC,-1.2024135185661131,train,../data/images/Lipo/67.png
68.0,C1CCc2c(c3c(N4CCCC4)nc(N4CCCC4)nc3n2CCN2CCOCC2)C1,1.1752520739601613,train,../data/images/Lipo/68.png
69.0,Cc1nccc(-c2ccc(-c3nc4ccncc4c(O)c3C#N)cc2)c1Cl,-0.15491049528530695,train,../data/images/Lipo/69.png
70.0,CCCCC(CC)CNC(=O)c1cc(-n2ncc(=O)[nH]c2=O)ccc1Cl,0.18594366308384438,train,../data/images/Lipo/70.png
71.0,CCN(C(=O)Cc1ccc(S(C)(=O)=O)cc1)C1CCN(CC[C@H](c2ccc(S(C)(=O)=O)cc2)c2cc(F)c(F)c(F)c2)CC1,0.3023328878928226,train,../data/images/Lipo/71.png
72.0,Nc1nc(-c2ccccc2)ns1,0.011359825870376712,train,../data/images/Lipo/72.png
73.0,O=C(c1ccc(-c2noc(=O)[nH]2)cc1)N1CCC(N2CCC(Oc3ccc(Cl)c(Cl)c3)CC2)CC1,0.04461389010151345,train,../data/images/Lipo/73.png
74.0,O=S(=O)(Nc1cc(F)ccc1F)c1ccc(Cl)cc1,0.5933059499152689,train,../data/images/Lipo/74.png
75.0,Cc1ncsc1CCOCCCS(=O)(=O)CCNCCc1ccc(O)c2nc(O)sc12,-0.6204673945212209,train,../data/images/Lipo/75.png
76.0,C=CCn1c(=O)c2c(-c3cncn3C)n(Cc3ccnc4ccc(Cl)cc34)nc2n(CC2CC2)c1=O,1.1918791060757297,train,../data/images/Lipo/76.png
77.0,O=S(=O)(Nc1cccc2[nH]ncc12)c1cccs1,-0.4043159770188323,train,../data/images/Lipo/77.png
78.0,CS(=O)(=O)c1cccc(Nc2nccc(Nc3cccc4c3OCC4)n2)c1,0.6764411104931107,train,../data/images/Lipo/78.png
79.0,Nc1ccc(OCc2ccccc2)cc1,0.011359825870376712,train,../data/images/Lipo/79.png
80.0,Cc1sc2c(c1C)C(c1ccc(Cl)cc1)=N[C@@H](CC(=O)OC(C)(C)C)c1nnc(C)n1-2,1.358149427231413,train,../data/images/Lipo/80.png
81.0,O=C(NC1Cc2ccccc2N(CCO)C1=O)c1cc2cc(Cl)sc2[nH]1,0.7180086907820314,train,../data/images/Lipo/81.png
82.0,N#CC1(NC(=O)[C@@H]2CCCC[C@H]2C(=O)N2CCN(c3ccc(F)cc3)CC2)CC1,-0.05514830259189676,train,../data/images/Lipo/82.png
83.0,COc1ccc2nc(C)cc(-n3cc(CN4CCN(C(C)=O)CC4)nn3)c2c1,-0.7368566193301993,train,../data/images/Lipo/83.png
84.0,CS(=O)(=O)NC(=O)CCCc1c(-c2ccc(F)cc2)[nH]c2ccc(C#N)cc12,-0.5705862981745158,train,../data/images/Lipo/84.png
85.0,CS(=O)(=O)c1ccc([C@@H](C[C@H]2CCC(=O)C2)C(=O)Nc2cnccn2)cc1Cl,-0.6620349748101418,train,../data/images/Lipo/85.png
86.0,O=C(c1cccc(Cl)c1Cl)N1CCN(c2ccccn2)CC1,0.6598140783775424,train,../data/images/Lipo/86.png
87.0,COc1cc(N2CCN(C(C)=O)CC2)ccc1Nc1ncc(C#N)c(-c2cnc3ccccn23)n1,0.510170789337427,train,../data/images/Lipo/87.png
88.0,Cc1ccc(NC(=O)c2cccc(N3CCOCC3)c2)cc1-n1cnc2ccc(N3CCN(C)CC3)cc2c1=O,0.41872211270180115,train,../data/images/Lipo/88.png
89.0,COCCN1CCN(CC(=O)Nc2ccc(-c3cccn4c(=O)cc(N5CCOCC5)nc34)c3sc4ccccc4c23)CC1,0.8427114316487944,train,../data/images/Lipo/89.png
90.0,C[C@H]1O[C@@H](n2cnc3c(N)nc(OCC4CC45CC5)nc32)[C@H](O)[C@H]1Cl,1.2417602024224348,train,../data/images/Lipo/90.png
91.0,CN(C)C(=O)N[C@H]1CC[C@H](CCN2CCN(c3ccc(Cl)cc3)CC2)CC1,0.5184843053952114,train,../data/images/Lipo/91.png
92.0,CCN1CCOC(C(=O)N2CCN(C(=O)Nc3ccc(Cl)c(Cl)c3)CC2)C1,-0.07177533470746512,train,../data/images/Lipo/92.png
93.0,COc1cc2ncc(C(N)=O)c(Nc3ccccc3Cl)c2cc1OC,0.5849924338574849,train,../data/images/Lipo/93.png
94.0,CCC(CC)C[C@H](c1ccc(C(=O)O)c(Oc2cccc(Cl)c2)c1)N1CCC[C@H](n2cc(C)c(=O)[nH]c2=O)C1,-0.42094300913440064,train,../data/images/Lipo/94.png
95.0,NC(=O)c1cc(C(N)=O)n(-c2cccc(-c3cc(C(F)(F)F)ccc3C(F)(F)F)c2)n1,1.0089817528044778,train,../data/images/Lipo/95.png
96.0,C[C@](N)(Cc1ccccc1)c1ccccc1,-0.4043159770188323,train,../data/images/Lipo/96.png
97.0,Cc1cc2cc(C)c3nnc(SCC(=O)N4CCN(C(=O)c5ccco5)CC4)n3c2cc1C,0.510170789337427,train,../data/images/Lipo/97.png
98.0,Cc1ncc(-c2ccnc(Nc3ccc(C(=O)NC4CC4)cc3)n2)n1C(C)C,0.7263222068398157,train,../data/images/Lipo/98.png
99.0,CC(C)Cn1c(=O)n(C)c(=O)c2c(SC(C)C)c(Cc3ccccc3C(F)(F)F)sc21,1.8569603906984637,train,../data/images/Lipo/99.png
100.0,Nc1ccc(N=Nc2ccccc2)c(N)n1,0.8593384637643627,train,../data/images/Lipo/100.png
101.0,COc1ccc(Cl)cc1C(=O)Nc1nc2ccccc2[nH]1,1.5493602965604492,train,../data/images/Lipo/101.png
102.0,CC(C)N1CCN[C@@H](CN2CCN(C(=O)Nc3ccc(Cl)c(Cl)c3)CC2)C1,-0.22141862374758042,train,../data/images/Lipo/102.png
103.0,Cc1cc(Cl)ccc1OC1CCN(C[C@H](O)CNC(=O)c2c[nH]c(=O)cc2C(F)(F)F)CC1,0.15268959885270766,train,../data/images/Lipo/103.png
104.0,COc1cc(Oc2ccnc3ccc(F)cc23)ccc1CC(=O)Nc1noc(C)c1C,1.557673812618233,train,../data/images/Lipo/104.png
105.0,N#Cc1ccc(-c2ccc(S(=O)(=O)Nc3cccc(N)n3)cc2)cc1,0.011359825870376712,train,../data/images/Lipo/105.png
106.0,O=C(NO)C1COC(c2ccc(F)c(C(F)(F)F)c2)=N1,-0.5456457500011632,train,../data/images/Lipo/106.png
107.0,Cc1c(Sc2ccc(Cl)cc2)c2c(S(C)(=O)=O)cccc2n1CC(=O)O,-1.3354297754906599,train,../data/images/Lipo/107.png
108.0,Cc1c(Sc2ccc(Cl)cc2)c2ccc(Cl)cc2n1CC(=O)O,0.26907882366168584,train,../data/images/Lipo/108.png
109.0,O=C(O)Cc1csc(-c2ccc(Cl)cc2)n1,-2.000511060113394,train,../data/images/Lipo/109.png
110.0,Cc1ccc(-n2nc(C(C)(C)C)cc2NC(=O)Nc2ccc(OCCN3CCOCC3)c3ccccc23)cc1,1.9151550031029532,train,../data/images/Lipo/110.png
111.0,CN[C@@H](C)C(=O)N[C@H](C(=O)N[C@H]1CCN(CCCc2ccccc2)C1)C1CCCCC1,-0.2380456558631488,train,../data/images/Lipo/111.png
112.0,O=C(CCN1CCCCC1)Nc1ccc(-c2cccn3c(=O)cc(N4CCOCC4)nc23)c2sc3ccccc3c12,0.5933059499152689,train,../data/images/Lipo/112.png
113.0,CC(C)n1c(=O)n(C)c(=O)c2c(C(=O)N3CCS(=O)(=O)C3)c(Cc3ccccc3C(F)(F)F)sc21,0.3023328878928226,train,../data/images/Lipo/113.png
114.0,CC(=O)N1CCOc2nc(OCc3ccccc3)ccc21,0.17763014702606003,train,../data/images/Lipo/114.png
115.0,CSc1nc2cc(Cl)ccc2[nH]1,0.8593384637643627,train,../data/images/Lipo/115.png
116.0,CN1CCN(S(=O)(=O)c2ccc(-c3cnc(N)c(C(=O)Nc4cccnc4)n3)cc2F)CC1,0.3937815645284488,train,../data/images/Lipo/116.png
117.0,Cc1ncc(-c2ccnc(Nc3ccc(N4CCN(C(=O)CN(C)C)CC4)cc3)n2)n1C(C)C,0.9341601082844202,train,../data/images/Lipo/117.png
118.0,N#Cc1ccc2ccc(=O)n(CCN3CC[C@@H](NCc4cc5c(cn4)OCCO5)[C@@H](O)C3)c2c1,-1.4435054842418544,train,../data/images/Lipo/118.png
119.0,COc1ccccc1OCC(O)CO,-1.618089321455322,train,../data/images/Lipo/119.png
120.0,CCOC(=O)Nc1cccc([C@@H](c2ccc(C(=O)N(C)CC)cc2)N2CCN(Cc3c[nH]c(C)n3)CC2)c1,-0.06346181864968113,train,../data/images/Lipo/120.png
121.0,Cc1c(CCC(=O)O)c(=O)oc2c(C)c(O)ccc12,-2.0670191885756672,train,../data/images/Lipo/121.png
122.0,COCCOCCOc1ccc(-c2cc(C(N)=O)c(NC(N)=O)s2)cc1,0.019673341928160712,train,../data/images/Lipo/122.png
123.0,COc1ccc(CN(CCN(C)C)c2ccccn2)cc1,-0.6620349748101418,train,../data/images/Lipo/123.png
124.0,COc1ccc2ncc(=O)n(CCN3CC[C@H](NCc4cc5c(cn4)OCCO5)[C@H](O)C3)c2c1,-1.1774729703927607,train,../data/images/Lipo/124.png
125.0,O=C(NCC12CC3CC(CC(C3)C1)C2)c1cccc(Cl)c1Cl,1.815392810409543,train,../data/images/Lipo/125.png
126.0,CC(C)c1nc2ccccc2n1-c1nc(N2CCOCC2)c2nc(OC3CN(C4CCS(=O)(=O)CC4)C3)n(C)c2n1,0.5933059499152689,train,../data/images/Lipo/126.png
127.0,O=c1c(-c2ccc(O)c(O)c2)coc2cc(O)ccc12,-0.25467268797871717,train,../data/images/Lipo/127.png
128.0,Cc1ncc(-c2ccnc(Nc3ccc(C(=O)NCCN(C)C)c(F)c3)n2)n1C(C)C,-0.1881645595164437,train,../data/images/Lipo/128.png
129.0,CC[C@H](NC(=O)c1c(S(C)(=O)=O)c(-c2ccccc2)nc2ccccc12)c1ccccc1,0.8177708834754416,train,../data/images/Lipo/129.png
130.0,NS(=O)(=O)c1nc2ccccc2s1,-0.6952890390412784,train,../data/images/Lipo/130.png
131.0,CNCCC=C1c2ccccc2CCc2ccccc21,-0.5040781697122423,train,../data/images/Lipo/131.png
132.0,O=C(N[C@H]1CN2CCC1CC2)c1ccc(-c2ccccc2)s1,-0.2380456558631488,train,../data/images/Lipo/132.png
133.0,N#CC1(NC(=O)[C@@H]2CCCC[C@H]2C(=O)N2CCN(c3nc4ncccc4s3)CC2)CC1,-0.6537214587523577,train,../data/images/Lipo/133.png
134.0,C[C@@H]1CN(C(=O)OC(C)(C)C#N)CCN1c1ncc(OCc2ccncc2C#N)cn1,0.09449498644821819,train,../data/images/Lipo/134.png
135.0,COc1ccc(-c2cc3c(C)nc(N)nc3n([C@H]3CC[C@H](OCCO)CC3)c2=O)cn1,0.011359825870376712,train,../data/images/Lipo/135.png
136.0,CN1CCN(C(=O)c2cc3cc(Cl)ccc3[nH]2)CC1,0.17763014702606003,train,../data/images/Lipo/136.png
137.0,Cc1cc(OC2CCN(CC3CCN([C@@](C)(Cc4ccc(F)cc4)C(=O)O)CC3)CC2)ccc1Cl,-0.0884023668230335,train,../data/images/Lipo/137.png
138.0,CNc1cccc(CCOc2ccc(C[C@H](NC(=O)c3c(Cl)cccc3Cl)C(=O)O)cc2)n1,-1.9423164477089048,train,../data/images/Lipo/138.png
139.0,CCNC(=O)OC[C@@H](C)N(c1cc(Cl)ccc1CO)S(=O)(=O)c1ccc(Cl)cc1,1.0089817528044778,train,../data/images/Lipo/139.png
140.0,O=C(NCCCCCCNCCc1ccc(O)c2nc(O)sc12)Nc1ccccc1,-0.770110683561336,train,../data/images/Lipo/140.png
141.0,Cc1c(C(=O)Nc2ccccc2)sc2ncnc(O)c12,-0.04683478653411276,train,../data/images/Lipo/141.png
142.0,CNc1nc(C)c(-c2nc(Nc3cccc(N4CCCN(C(C)=O)CC4)c3)ncc2C#N)s1,0.8427114316487944,train,../data/images/Lipo/142.png
143.0,COc1ccc(-c2cc(N)n3ncc(C#N)c3n2)cc1,0.19425717914162838,train,../data/images/Lipo/143.png
144.0,CC(=O)[C@H]1CC[C@H]2[C@@H]3C[C@H](C)C4=CC(=O)CC[C@]4(C)[C@H]3[C@@H](O)C[C@]12C,0.8842790119377151,train,../data/images/Lipo/144.png
145.0,O=C(O)c1cccc(-c2ccc3c(C(=O)NCC45CC6CC(CC(C6)C4)C5)c(Cl)ccc3n2)c1,0.5434248535685637,train,../data/images/Lipo/145.png
146.0,NC(=O)c1cnc(N[C@H]2CCCNC2)c2cc(-c3ccc(F)c(F)c3)sc12,-0.013580722302976024,train,../data/images/Lipo/146.png
147.0,COC(=O)[C@H](Cc1ccc([N+](=O)[O-])cc1)NC(=O)c1cccc2ccccc12,1.158625041844593,train,../data/images/Lipo/147.png
148.0,CCN(C(=O)Cc1ccc(S(C)(=O)=O)cc1)C1CCN(CC[C@H](c2ccc(S(C)(=O)=O)cc2)c2cc(F)cc(Cl)c2)CC1,0.4353491448173695,train,../data/images/Lipo/148.png
149.0,Cc1cc(=O)[nH]c2sc(C(=O)c3ccc(Br)cc3)c(N)c12,0.31895992000839096,train,../data/images/Lipo/149.png
150.0,Cc1nnc2n1-c1ccc(Cl)cc1C(c1ccccc1)=NC2,-0.17153752740087533,train,../data/images/Lipo/150.png
151.0,COc1ccc(C)c(N(C)c2ccnc(Nc3cc(N4CCOCC4)cc(N4CCOCC4)c3)n2)c1,0.826084399533226,train,../data/images/Lipo/151.png
152.0,CCc1ccccc1-c1ccc(-c2nc3ccncc3c(O)c2C#N)cc1,1.0921169133823194,train,../data/images/Lipo/152.png
153.0,N#C/C(=C(\N)Sc1ccc(N)cc1)c1ccccc1C(F)(F)F,1.0089817528044778,train,../data/images/Lipo/153.png
154.0,Cc1ncccc1Oc1ncnc(OC2C3COCC2CN(C(=O)OC(C)C)C3)c1C,0.7595762710709525,train,../data/images/Lipo/154.png
155.0,COc1cc(OC)c(S(=O)(=O)N(c2ccccc2)c2ccccc2)cc1NC(=O)CCC(=O)O,-2.4826949914648764,train,../data/images/Lipo/155.png
156.0,CC(C)NC(=O)c1ccc2c(Nc3ccc(Cl)cc3)nc(N3CCOCC3)nc2c1,0.4935437572218586,train,../data/images/Lipo/156.png
157.0,CN(C(=O)c1ccncc1)C1CCN(CCC(c2ccccc2)c2ccccc2)CC1,0.510170789337427,train,../data/images/Lipo/157.png
158.0,Cn1cnc(-c2ccccc2)c1-c1cc2c(N)ncnc2s1,0.6265600141464056,train,../data/images/Lipo/158.png
159.0,Cc1ccc(CO)cc1N(C)c1ccnc(Nc2cc(N3CCOCC3)cc(S(C)(=O)=O)c2)n1,0.5933059499152689,train,../data/images/Lipo/159.png
160.0,Cc1nc(C(=O)[C@@H](C)Oc2ccc(SCCCCCc3ccccc3)cc2)sc1CCCC(=O)O,1.158625041844593,train,../data/images/Lipo/160.png
161.0,Cc1cccc(Oc2cc(CN3CCC[C@H](n4cc(C)c(=O)[nH]c4=O)C3)ccc2C(=O)O)c1,-2.4993220235804445,train,../data/images/Lipo/161.png
162.0,O=C1N=C(O)NC1(c1ccccc1)c1ccccc1,0.18594366308384438,train,../data/images/Lipo/162.png
163.0,O=C(c1cccc(Cc2n[nH]c(=O)c3ccccc23)c1)N1CCN(c2ncccn2)CC1,-0.04683478653411276,train,../data/images/Lipo/163.png
164.0,O=C(NCc1ccccc1Cl)c1cccnc1Oc1ccccc1,1.2417602024224348,train,../data/images/Lipo/164.png
165.0,NC1(c2ccc(-c3c(-c4ccccc4)ccn4ccnc34)cc2)CCC1,-0.15491049528530695,train,../data/images/Lipo/165.png
166.0,O=S(=O)(Nc1cccnc1)c1ccccc1,-1.1192783579882715,train,../data/images/Lipo/166.png
167.0,Cn1cc(C#N)cc1-c1c2c(=O)n(C)c(=O)n(CC3CC3)c2nn1Cc1ccnc2ccc(Cl)cc12,1.2334466863646505,train,../data/images/Lipo/167.png
168.0,CCN(C(=O)Cc1ccc(S(C)(=O)=O)cc1)C1CCN(CCC(c2ccccc2)N2CCN(c3cccc(F)c3)CC2)CC1,0.8510249477065783,train,../data/images/Lipo/168.png
169.0,O=C(NO)c1ccc(NS(=O)(=O)c2ccccc2)cc1,-1.194100002508329,train,../data/images/Lipo/169.png
170.0,COc1ccc(-c2cc3c(N[C@H]4CCCNC4)ncc(C(N)=O)c3s2)cc1,-0.30455378432542207,train,../data/images/Lipo/170.png
171.0,C[C@H]1CN(Cc2cc(Cl)ccc2OCC(=O)O)CCN1C(=O)Cc1ccc(Cl)cc1,-0.811678263850257,train,../data/images/Lipo/171.png
172.0,O=C(CN1CCOCC1)Nc1ccc(-c2cccc3c(=O)cc(N4CCOCC4)oc23)cc1-c1ccccc1,1.0089817528044778,train,../data/images/Lipo/172.png
173.0,CC(C)C[C@H](NC(=O)N1CCOCC1)C(=O)NCC#N,-1.7511055783798688,train,../data/images/Lipo/173.png
174.0,CCCNCC(O)COc1ccccc1C(=O)CCc1ccccc1,-0.38768894490326394,train,../data/images/Lipo/174.png
175.0,CC1CC(OC(=O)C(O)c2ccccc2)CC(C)(C)C1,0.10280850250600256,train,../data/images/Lipo/175.png
176.0,Nc1nc2ccc(Cl)cc2c2nc(-c3ccco3)nn12,1.49116568415596,train,../data/images/Lipo/176.png
177.0,CC(C)Oc1cc(OCCCN2CCCC2)cc2ncnc(Nc3c(Cl)ccc4c3OCO4)c12,0.7595762710709525,train,../data/images/Lipo/177.png
178.0,Nc1nc(Nc2ccc(S(N)(=O)=O)cc2)nn1C(=O)c1c(F)cccc1F,-0.2629862040365012,train,../data/images/Lipo/178.png
179.0,Cc1cc(N)c2cc(NC(=O)CCC(=O)Nc3ccc4nc(C)cc(N)c4c3)ccc2n1,-0.6620349748101418,train,../data/images/Lipo/179.png
180.0,O=c1[nH]c2c(O)ccc([C@@H](O)CNCCc3cccc(CNCc4ccccc4Cl)c3)c2s1,-0.2796132361520695,train,../data/images/Lipo/180.png
181.0,COc1cccc2c1c(NS(=O)(=O)c1ccc(Cl)s1)nn2Cc1cccc(CNC(=O)[C@@H]2COCCN2)c1,-0.4791376215388898,train,../data/images/Lipo/181.png
182.0,COc1cc2nnc(C(N)=O)c(Nc3cccc(Cl)c3F)c2cc1N1CCN(C)CC1,0.1360625667371393,train,../data/images/Lipo/182.png
183.0,COc1cccc2sc(NC(=O)c3ccccc3)nc12,1.4745386520403916,train,../data/images/Lipo/183.png
184.0,COc1ccc(N(C(=O)c2ccccc2)C(C)C(=O)NC2CCCC2)c(OC)c1,0.6930681426086791,train,../data/images/Lipo/184.png
185.0,O=C(COc1ccc(OCCNCC(O)COc2ccccc2)cc1)NCCO,-1.4684460324152069,train,../data/images/Lipo/185.png
186.0,Oc1c2ncc3ccccc3c2nn1-c1ccccc1,-1.1525324222194082,train,../data/images/Lipo/186.png
187.0,O=C(Cc1ccc(F)c(C(F)(F)F)c1)Nc1cccc2c(=O)n([C@@H]3CNC[C@H]3O)ccc12,-0.7119160711568467,train,../data/images/Lipo/187.png
188.0,Nc1nc(Nc2ccc3nc(-c4ccc(F)cc4)cc(N)c3c2)cc(-c2cccc(Cl)c2)n1,0.2607653076039019,train,../data/images/Lipo/188.png
189.0,CNc1ncnc2c(CNc3cc(NC(=O)c4ccc5c(c4)OCCO5)ccc3C)cccc12,1.5077927162715283,train,../data/images/Lipo/189.png
190.0,O=C(NS(=O)(=O)c1ccc(NCCSc2ccccc2)c([N+](=O)[O-])c1)c1ccc(N2CCNCC2)cc1,-1.850867771073279,train,../data/images/Lipo/190.png
191.0,CCn1c(SCC(=O)Nc2c(C#N)cnn2-c2ccccc2)nnc1-c1cccs1,-0.07177533470746512,train,../data/images/Lipo/191.png
192.0,COc1ccc2nc(C)cc(OCC(=O)Nc3ccccc3OC)c2c1,1.4246575556936865,train,../data/images/Lipo/192.png
193.0,O=C(NCc1ccncc1)c1ccc(Oc2ccc(C#C[C@]3(O)CN4CCC3CC4)cc2)cc1,0.19425717914162838,train,../data/images/Lipo/193.png
194.0,Cc1cn([C@H]2CCCN(S(=O)(=O)c3ccc(C(N)=O)c(Oc4cccc(Cl)c4)c3)C2)c(=O)[nH]c1=O,-0.1881645595164437,train,../data/images/Lipo/194.png
195.0,COc1cc2c(Nc3cnc(NC(=O)c4ccccc4)nc3)ncnc2cc1OCCCN1CCOCC1,0.42703562875958556,train,../data/images/Lipo/195.png
196.0,COC(Cn1c(=O)[nH]c2c(=O)n(CC(=O)NC(C(=O)C(F)(F)F)C(C)C)c(-c3ccccc3)cc2c1=O)OC,-0.5207052018278107,train,../data/images/Lipo/196.png
197.0,CNc1cnc(-c2ccc(F)cc2)n(CC(=O)NC(C(=O)C(F)(F)F)C(C)C)c1=O,-0.2712997200942854,train,../data/images/Lipo/197.png
198.0,Cc1[nH]c(C(=O)NC2CCN(c3ncc(C(=O)O)s3)CC2)c(Cl)c1Cl,-1.800986674726574,train,../data/images/Lipo/198.png
199.0,COc1cc(Nc2cc(Oc3ccc(C)nc3)ccn2)cc(OC)c1OC,0.8510249477065783,train,../data/images/Lipo/199.png
200.0,Nc1nccc(-c2c[nH]c3ccccc23)n1,-0.42094300913440064,train,../data/images/Lipo/200.png
201.0,N#Cc1ccc(Cl)cc1O[C@H](CCN)c1ccccc1,-1.1857864864505447,train,../data/images/Lipo/201.png
202.0,O=C(Nc1cccc2cccnc12)c1ccc(N2C(=O)[C@@H]3[C@H](C2=O)[C@@H]2C=C[C@H]3C2)cc1,0.9092195601110674,train,../data/images/Lipo/202.png
203.0,NC(=O)Nc1sc(-c2ccsc2)cc1C(=O)N[C@H]1CCCNC1,-0.9363810047170195,train,../data/images/Lipo/203.png
204.0,Cc1cc2n[nH]c(=O)n2c2cc(-c3ccco3)ccc12,-0.09671588288081787,train,../data/images/Lipo/204.png
205.0,CCN(CC)C(C)C(=O)c1ccccc1,-0.8366188120236094,train,../data/images/Lipo/205.png
206.0,CC(=O)N1CCOc2cc(COc3ccccc3)cnc21,0.510170789337427,train,../data/images/Lipo/206.png
207.0,Cc1ccc(NC(=O)c2ccc(C#N)cc2)cc1-n1cnc2ccc(N3CCN(C)CC3)cc2c1=O,0.4519761769329379,train,../data/images/Lipo/207.png
208.0,N#CCc1c[nH]c2ccc(OCc3ccccc3)cc12,1.2667007505957872,train,../data/images/Lipo/208.png
209.0,CCCNC(=O)c1cc2c(-n3ccc(C(F)(F)F)n3)c(-c3cncc(C(=O)O)c3)cnc2[nH]1,-2.474381475407092,train,../data/images/Lipo/209.png
210.0,C[C@@H](C#N)NC(=O)[C@@H]1CCCC[C@H]1C(=O)N1CCc2[nH]c3ccc(F)cc3c2C1,1.0921169133823194,train,../data/images/Lipo/210.png
211.0,O=CNc1cc([C@@H](O)CNCCc2ccc(NC[C@H](O)c3ccccc3)cc2)ccc1O,-1.800986674726574,train,../data/images/Lipo/211.png
212.0,CC#Cc1cncc(-c2cccc(C3(C4CC4)N=C(C)C(N)=N3)c2)c1,0.9258465922266358,train,../data/images/Lipo/212.png
213.0,Cc1cc(N)c2cc(NC(=O)CC(=O)Nc3ccc4nc(C)cc(N)c4c3)ccc2n1,-0.6952890390412784,train,../data/images/Lipo/213.png
214.0,CC1(c2c(C(=O)NC3C4CC5CC(C4)CC3C5)cnn2-c2ccc(C(=O)O)cc2)CC1,-0.8948134244280986,train,../data/images/Lipo/214.png
215.0,C[C@@H]1CN(Cc2nnc(-c3cc(-c4cccc5[nH]ccc45)cc4[nH]ncc34)o2)C[C@H](C)O1,1.5161062323293124,train,../data/images/Lipo/215.png
216.0,Cc1noc(C)c1CCC1CCN(S(=O)(=O)CC2(N(O)C=O)CCC(F)(F)CC2)CC1,-0.07177533470746512,train,../data/images/Lipo/216.png
217.0,COc1cc(CCc2cc(Nc3ccnc(NCc4cc(C)no4)n3)n[nH]2)cc(OC)c1,0.7595762710709525,train,../data/images/Lipo/217.png
218.0,C[C@@H](COCCCS(=O)(=O)CCNCCc1ccc(O)c2nc(O)sc12)c1ccccc1,0.11112201856378655,train,../data/images/Lipo/218.png
219.0,Clc1ccc2ncc(-c3cccc(NC4CNC4)n3)n2c1,-0.8283052959658253,train,../data/images/Lipo/219.png
220.0,Cc1nn(-c2ccc(F)cc2)c(NS(=O)(=O)c2ccc(C#N)cc2)c1C(=O)N[C@@H](C)C(C)(C)C,-1.4435054842418544,train,../data/images/Lipo/220.png
221.0,C[C@@H](NC1=CC(=O)NCC1)c1ccc(Nc2ncc3cc(-c4ccncc4)ccc3n2)cc1,0.6930681426086791,train,../data/images/Lipo/221.png
222.0,CN[C@@H](C)C(=O)N[C@H](C(=O)N[C@H]1CCCN(CCc2ccc(Br)cc2)C1)C(C)(C)C,0.6099329820308372,train,../data/images/Lipo/222.png
223.0,O=C(NC[C@@H](O)CN1CCC(Oc2ccc(Cl)c(Cl)c2)CC1)c1cnnc2ccccc12,0.9092195601110674,train,../data/images/Lipo/223.png
224.0,CS(=O)(=O)N1CCc2c(-c3cnc(N)nc3)nc(N3CCOCC3)nc21,-0.8199917799080412,train,../data/images/Lipo/224.png
225.0,Nc1nc(-c2ccccc2)nc2c1nc(O)n2Cc1ccccc1,1.6408089731960753,train,../data/images/Lipo/225.png
226.0,COc1ccc2nc(C)cc(N3CC(CNC(=O)C4CC4)OC3=O)c2c1,-0.5290187178855948,train,../data/images/Lipo/226.png
227.0,Cc1cc(S(=O)(=O)N2CCN(C)CC2)ccc1-c1cnc(N)c(C(=O)Nc2cccnc2)n1,0.3439004681817437,train,../data/images/Lipo/227.png
228.0,CC(C)C(NC(=O)Cn1c(-c2ccccc2)ccc(NS(=O)(=O)NCc2ccccc2)c1=O)C(=O)C(F)(F)F,0.31895992000839096,train,../data/images/Lipo/228.png
229.0,OC1(c2ccc(Cl)cc2)CCN(Cc2c[nH]c3ccccc23)CC1,0.052927406159297447,train,../data/images/Lipo/229.png
230.0,O=C(Nc1ccc(S(=O)(=O)N2CCOCC2)cc1)c1cc(Cl)ccc1NS(=O)(=O)c1ccc(Cl)s1,0.6930681426086791,train,../data/images/Lipo/230.png
231.0,COc1ccc(Nc2cc(Oc3cc(C)c(C)nc3-c3ccccn3)ccn2)cc1,1.1004304294401035,train,../data/images/Lipo/231.png
232.0,CN1CCCC1CCOC(C)(c1ccccc1)c1ccc(Cl)cc1,0.7096951747242474,train,../data/images/Lipo/232.png
233.0,CC#Cc1ccnc(-c2cc(C3(C4CC4)N=C(C)C(N)=N3)ccc2O)c1,1.1752520739601613,train,../data/images/Lipo/233.png
234.0,COCc1ccoc1C(=O)N(c1ccc(OC)cc1OC)C(C(=O)NC[C@@H](C)O)c1ccccc1F,-0.17153752740087533,train,../data/images/Lipo/234.png
235.0,c1ccc(-c2ccc(COc3ccc4c(c3)CCC(CCN3CCCCC3)C4)cc2)cc1,0.9258465922266358,train,../data/images/Lipo/235.png
236.0,Cc1ccc(COC(=O)N2CCC(CNc3ncccn3)CC2)cc1,1.1752520739601613,train,../data/images/Lipo/236.png
237.0,C[C@@H]1N[S@](=O)(c2cccc(-c3cccc(C#N)c3)c2)=NC1=O,-1.4850730645307753,train,../data/images/Lipo/237.png
238.0,N=C(NCc1ccc(Cl)cc1)SCCCc1c[nH]cn1,-0.8781863923125304,train,../data/images/Lipo/238.png
239.0,CC(C(=O)N1CCc2ccccc2C1)N1C(=O)c2ccccc2C1=O,0.23582475943054948,train,../data/images/Lipo/239.png
240.0,COc1ccc2c3c1OC1C(O)C=CC4C(C2)N(C)CCC341,-1.1525324222194082,train,../data/images/Lipo/240.png
241.0,Cc1ccc(S(=O)(=O)NC(=O)NN2CCCCCC2)cc1,-1.8093001907843582,train,../data/images/Lipo/241.png
242.0,Cc1ccc(S(=O)(=O)Nc2c(C(=O)N[C@@H](C)C(C)(C)C)c(C)nn2C(C)C)cc1,-1.0112026492370771,train,../data/images/Lipo/242.png
243.0,O=C(Oc1ccccc1O)c1cccc2ccccc12,1.8403333585828956,train,../data/images/Lipo/243.png
244.0,O=C(NC[C@@H](O)CN1CCC(Oc2ccc(Cl)c(Cl)c2)CC1)c1c[nH]nc1C1CC1,0.8011438513598732,train,../data/images/Lipo/244.png
245.0,Clc1cccc2[nH]ncc12,0.2607653076039019,train,../data/images/Lipo/245.png
246.0,CC(O)(C(=O)Nc1ccc(S(=O)(=O)c2ccncc2)cc1)C(F)(F)F,-0.03020775441854439,train,../data/images/Lipo/246.png
247.0,Cc1ccc2nc(NCCN)c3ncc(C)n3c2c1,-1.0860242937571347,train,../data/images/Lipo/247.png
248.0,N#Cc1cccc(-c2nc(-c3ccccn3)no2)c1,0.011359825870376712,train,../data/images/Lipo/248.png
249.0,C[C@H](C#N)NC(=O)[C@@H]1CCCC[C@H]1C(=O)N1CCc2[nH]c3ccc(F)cc3c2C1,0.7595762710709525,train,../data/images/Lipo/249.png
250.0,Cc1ncc(-c2ccnc(Nc3ccc(C(=O)N4CCN(C)CC4)cc3)n2)n1C(C)C,-0.07177533470746512,train,../data/images/Lipo/250.png
251.0,COc1cc2c(cc1-c1c(C)noc1C)ncc1[nH]c(=O)n([C@H](C)c3ccccn3)c12,0.8011438513598732,train,../data/images/Lipo/251.png
252.0,CN(C)CCOc1cc(NS(=O)(=O)c2c(Cl)cc(C(F)(F)F)cc2Cl)ccc1Cl,0.6681275944353267,train,../data/images/Lipo/252.png
253.0,O=C(Nc1cccc(O)c1)c1ccc(OCCCN2CCCC2)cc1OCc1cccc(F)c1,0.8011438513598732,train,../data/images/Lipo/253.png
254.0,Nc1ccc(OCCc2ccccc2)cc1,0.4353491448173695,train,../data/images/Lipo/254.png
255.0,FC(F)(F)c1cc(CO[C@H]2CCCN[C@H]2c2ccccc2)cc(C(F)(F)F)c1,1.1752520739601613,train,../data/images/Lipo/255.png
256.0,O=C(NCc1ccccc1Cl)c1ccccc1Oc1ccccc1,1.158625041844593,train,../data/images/Lipo/256.png
257.0,CCS(=O)(=O)c1ccc(Oc2c(C)n(CC(=O)O)c3ccc(C(F)(F)F)cc23)cc1,-1.5765217411664012,train,../data/images/Lipo/257.png
258.0,CC(C)C(=O)Nc1ccc([N+](=O)[O-])c(C(F)(F)F)c1,1.0588628491511827,train,../data/images/Lipo/258.png
259.0,O=C1NC(=O)/C(=C/c2ccc3c(c2)OC(F)(F)O3)S1,0.510170789337427,train,../data/images/Lipo/259.png
260.0,C[C@@H](Oc1cccc2ncnc(Nc3ccc(OCc4ccccn4)c(Cl)c3)c12)C(=O)N(C)C,1.2334466863646505,train,../data/images/Lipo/260.png
261.0,COc1ccc(Cc2nccc3cc(OC)c(OC)cc23)cc1OC,0.5184843053952114,train,../data/images/Lipo/261.png
262.0,Cn1c(=O)c2[nH]cnc2n(C)c1=O,-1.8924353513621996,train,../data/images/Lipo/262.png
263.0,CNC(=O)c1ccc(CN2CCC(c3ccc(C(=O)Nc4ccccc4N)cc3)CC2)cc1,-0.16322401134309114,train,../data/images/Lipo/263.png
264.0,CCCCNc1nc(SCCC)nc2c1nnn2[C@@H]1C[C@H](CO)[C@@H](O)[C@H]1O,0.7346357228975998,train,../data/images/Lipo/264.png
265.0,NCC(O)(c1ccccc1)c1ccccc1,-1.0693972616415663,train,../data/images/Lipo/265.png
266.0,Cc1ncc(-c2ccnc(Nc3ccc(F)cc3)n2)n1C(C)C,1.1918791060757297,train,../data/images/Lipo/266.png
267.0,N=C(N)Nc1cc(Cl)nc(-c2ccccc2)n1,-0.021894238360760022,train,../data/images/Lipo/267.png
268.0,CS(=O)(=O)N1CCC(NC(=O)NC23CC4CC(CC(C4)C2)C3)CC1,0.42703562875958556,train,../data/images/Lipo/268.png
269.0,N[C@@H]1CCCN(c2c(Cl)cccc2/C=C2\SC(=O)NC2=O)C1,-0.17985104345865952,train,../data/images/Lipo/269.png
270.0,CC(C)(C)OC(=O)NCCCSC[C@H]1O[C@@H](n2cnc3c(N)ncnc32)[C@H](O)[C@@H]1O,-0.8199917799080412,train,../data/images/Lipo/270.png
271.0,CC(C)Cn1c(=O)n(C)c(=O)c2c(C(=O)N3C[C@H](O)CO3)c(Cc3ccnc4ccccc34)sc21,-0.03852127047632839,train,../data/images/Lipo/271.png
272.0,Cc1cc(Nc2ccccc2)n(CCC#N)n1,0.09449498644821819,train,../data/images/Lipo/272.png
273.0,N#CC1(NC(=O)[C@@H]2CCCC[C@H]2C(=O)N2CCc3[nH]c4c(Cl)cccc4c3C2)CC1,1.166938557902377,train,../data/images/Lipo/273.png
274.0,Cc1cc(Nc2ccnc(NCc3cc(C4CC4)no3)n2)n[nH]1,0.2607653076039019,train,../data/images/Lipo/274.png
275.0,O=[N+]([O-])c1ccc2c(c1)N(c1cccc[n+]1[O-])CC(C(F)F)(C(F)F)O2,0.8427114316487944,train,../data/images/Lipo/275.png
276.0,C[C@@H](NC(=O)C1CCNCC1)c1ccc(Nc2ncc3cc(-c4ccncc4)ccc3n2)cc1,-1.4850730645307753,train,../data/images/Lipo/276.png
277.0,N=C(N)Nc1ccc(C(=O)Oc2ccccc2)cc1,-1.99219754405561,train,../data/images/Lipo/277.png
278.0,N#C[C@]1(NC(=O)[C@@H](N)Cc2cccs2)C[C@H]1c1ccccc1,-0.5705862981745158,train,../data/images/Lipo/278.png
279.0,C[C@H](NC1=NC(=O)C(C)(C(F)(F)F)S1)c1ccccc1F,0.7595762710709525,train,../data/images/Lipo/279.png
280.0,COc1cc2c(Nc3c(Cl)ccc4c3OCO4)ncnc2cc1OCCCN1CCCCC1,-0.11334291499638623,train,../data/images/Lipo/280.png
281.0,Oc1nc2ccccc2c(O)c1-c1ccccc1,-1.2107270346238974,train,../data/images/Lipo/281.png
282.0,CC(C)c1noc(N2CCN(c3ncc(OCc4ccncc4C#N)cn3)[C@H](C)C2)n1,0.7595762710709525,train,../data/images/Lipo/282.png
283.0,CSc1ccc(-c2nc(-c3ccc(F)cc3)c(-c3ccncc3)[nH]2)cc1,0.6515005623197583,train,../data/images/Lipo/283.png
284.0,COc1ccc2ccc(=O)n(CCN3CCC(NCc4cc5c(cn4)OCCO5)CC3)c2n1,-0.8532458441391778,train,../data/images/Lipo/284.png
285.0,CNc1cccc(CCOc2ccc(C[C@H](NC(=O)c3c(F)cccc3Cl)C(=O)O)cc2)n1,-2.1667813812690775,train,../data/images/Lipo/285.png
286.0,C[C@H](NC(=O)c1cccnc1Oc1ccccc1)c1ccccc1,0.6016194659730532,train,../data/images/Lipo/286.png
287.0,CC(=O)N(C)c1ccccc1,-0.9031269404858828,train,../data/images/Lipo/287.png
288.0,Cc1cc(C)c(C(=O)N[C@@H](Cc2ccc(OCCCNc3ccccn3)cc2)C(=O)O)c(C)c1,-1.4102514200107177,train,../data/images/Lipo/288.png
289.0,Cc1oc(S(C)(=O)=O)cc1-c1c2c(=O)n(C)c(=O)n(CC3CC3)c2nn1Cc1cn(C)c2ccc(Cl)cc12,1.906841487045169,train,../data/images/Lipo/289.png
290.0,C[C@@H](O)[C@@H](CO)Nc1nc(SCc2cccc(F)c2F)nc2nc(N)sc12,0.5351113375107798,train,../data/images/Lipo/290.png
291.0,CC(C)Oc1cc(-c2cccc3c(=O)cc(N4CCOCC4)oc23)ccc1NC(=O)CN1CCOCC1,0.6764411104931107,train,../data/images/Lipo/291.png
292.0,Cn1sc(=O)c2cc(S(N)(=O)=O)ccc21,-1.568208225108617,train,../data/images/Lipo/292.png
293.0,CCCNC(=O)c1nnc2c(-c3cnc(OC)nc3OC)cccc2c1N,0.892592527995499,train,../data/images/Lipo/293.png
294.0,O=c1[nH]cnc2[nH]ncc12,-2.1667813812690775,train,../data/images/Lipo/294.png
295.0,O=C(Nc1ccc(Cl)nc1)c1ccc(F)c(Cl)c1,1.208506138191298,train,../data/images/Lipo/295.png
296.0,CC(C)(C)Cn1c(CN2C(=O)CC3(CCNCC3)C2=O)cc2cnc(C#N)nc21,-1.194100002508329,train,../data/images/Lipo/296.png
297.0,CN1CCN(CC/C=C2/c3ccccc3Sc3ccc(S(=O)(=O)N(C)C)cc32)CC1,0.8094573674176576,train,../data/images/Lipo/297.png
298.0,CC(=O)Nc1ccc(CNc2[nH]nc3ccnc(Oc4ccccc4)c23)cc1,0.7013816586664631,train,../data/images/Lipo/298.png
299.0,O=C(O)Cc1ccccc1Nc1c(Cl)cccc1Cl,-0.9197539726014512,train,../data/images/Lipo/299.png
300.0,CC(C)(c1cc(N2CCOCC2)nc(-c2cccc3[nH]ccc23)n1)S(C)(=O)=O,0.38546804847066446,train,../data/images/Lipo/300.png
301.0,CNCC[C@@H](Oc1ccc(C(F)(F)F)cc1)c1ccccc1,-0.1881645595164437,train,../data/images/Lipo/301.png
302.0,COc1cc2c(c(OC)c1OC)-c1ccc(OC)c(=O)cc1C(NC(C)=O)CC2,-0.8864999083703144,train,../data/images/Lipo/302.png
303.0,CCCCC[C@H](c1ccc(C(=O)O)c(Oc2cccc(Br)c2)c1)N1CCC[C@H](n2cc(C)c(=O)[nH]c2=O)C1,-0.4126294930766165,train,../data/images/Lipo/303.png
304.0,C[C@H](CO)Nc1nc(SCc2cccc(F)c2F)nc2[nH]c(=O)c(=O)[nH]c12,0.2441382754883335,train,../data/images/Lipo/304.png
305.0,CNC1=Nc2ncccc2C(c2ccns2)=NC1c1cccs1,-0.03020775441854439,train,../data/images/Lipo/305.png
306.0,CC1(COc2cc(-c3cccc4c(=O)cc(N5CCOCC5)oc34)ccc2NC(=O)CN2CCOCC2)COC1,0.011359825870376712,train,../data/images/Lipo/306.png
307.0,CC1COc2c(N3CCN(C)CC3)c(F)cc3c(=O)c(C(=O)O)cn1c23,-2.1917219294424304,train,../data/images/Lipo/307.png
308.0,COc1ccc(S(=O)(=O)Nc2ccccn2)cc1,-1.0943378098149188,train,../data/images/Lipo/308.png
309.0,Cn1cc[nH]c1=S,-2.1667813812690775,train,../data/images/Lipo/309.png
310.0,CC(C)[N+](C)(CCOC(=O)C1c2ccccc2Oc2ccccc21)C(C)C,-1.6513433856864588,train,../data/images/Lipo/310.png
311.0,COCCNc1nc(NCc2ccccc2F)c2sccc2n1,1.0089817528044778,train,../data/images/Lipo/311.png
312.0,Cc1ccc2nc(CCNCCCO)ccc2c1NC(=O)CC12CC3CC(CC(C3)C1)C2,-0.8366188120236094,train,../data/images/Lipo/312.png
313.0,O=c1[nH]ccc2nc(-c3ccc(CN4CCC(c5n[nH]c(-c6ccccn6)n5)CC4)cc3)c(-c3ccccc3)cc12,1.4246575556936865,train,../data/images/Lipo/313.png
314.0,CC(NC(=O)C1(N)CCN(c2ncnc3[nH]ccc23)CC1)c1ccccc1,-0.013580722302976024,train,../data/images/Lipo/314.png
315.0,COC[C@H](C)Oc1cc(Oc2ccc(Cl)cc2)cc(C(=O)Nc2ccc(C(=O)O)cn2)c1,-0.4126294930766165,train,../data/images/Lipo/315.png
316.0,COc1cccc(COCC(O)CN2CCC(C(N)=O)CC2)c1,-2.233289509731351,train,../data/images/Lipo/316.png
317.0,CCOC(=O)c1ccc(OCCC2CN(c3ccc(C)nn3)CCO2)cc1,0.42703562875958556,train,../data/images/Lipo/317.png
318.0,CC(CN(C)C)CN1c2ccccc2CCc2ccccc21,0.6348735302041899,train,../data/images/Lipo/318.png
319.0,CCC(c1nc2ccsc2c(=O)n1Cc1ccccc1)N(CCCN)C(=O)c1ccc(C)cc1,-0.31286730038320626,train,../data/images/Lipo/319.png
320.0,C[C@@H]1CN(C(=O)OC(C)(C)C)CCN1c1ncc(OCC2CCN(S(C)(=O)=O)CC2)cn1,1.0921169133823194,train,../data/images/Lipo/320.png
321.0,Cc1cccc2c3c([nH]c12)CCN(C(=O)[C@@H]1CCCC[C@H]1C(=O)NC1(C#N)CC1)C3,0.6681275944353267,train,../data/images/Lipo/321.png
322.0,COc1cc2ncnc(Nc3ccc(F)c(Cl)c3)c2cc1OCCN1CCCC1,0.9092195601110674,train,../data/images/Lipo/322.png
323.0,O=C1CCC(=O)N1C(CCc1ccncc1)COc1ccc(-c2cccc([N+](=O)[O-])c2)cc1,1.408030523578118,train,../data/images/Lipo/323.png
324.0,Cc1ccccc1C(OCCN(C)C)c1ccccc1,-0.5955268463478683,train,../data/images/Lipo/324.png
325.0,CN(C)C(=O)[C@H](Cc1ccccc1)NC(=O)c1cc2sccc2[nH]1,0.7595762710709525,train,../data/images/Lipo/325.png
326.0,COc1cc2c(cc1OC)C(=O)C(CC1CCN(Cc3ccccc3)CC1)C2,0.18594366308384438,train,../data/images/Lipo/326.png
327.0,N#Cc1c(-c2ccccc2)nc(SCCc2ccccc2)[nH]c1=O,-0.39600246096104813,train,../data/images/Lipo/327.png
328.0,O=c1c2ccccc2nc2n1CCO2,-1.3188027433750915,train,../data/images/Lipo/328.png
329.0,Nc1ccc2cn[nH]c2c1,-1.385310871837365,train,../data/images/Lipo/329.png
330.0,CC(=O)N[C@H](C)c1ccc(Nc2ncc3cc(-c4ccncc4)c(C)cc3n2)cc1,1.0505493330933988,train,../data/images/Lipo/330.png
331.0,O=C(CCc1ccccc1O)Nc1ccccc1,0.4353491448173695,train,../data/images/Lipo/331.png
332.0,CC(=O)NC[C@H]1CN(c2ccc(-n3ccc(C#N)c3)c(F)c2)C(=O)O1,-0.48745113759667397,train,../data/images/Lipo/332.png
333.0,CCCCN(CCNCCc1ccc(O)c2[nH]c(=O)sc12)C(=O)CCOCCc1ccccc1,0.6764411104931107,train,../data/images/Lipo/333.png
334.0,Cc1sc(CN2CCNCC2)cc1C(=O)NCC12CC3CC(CC(C3)C1)C2,0.3023328878928226,train,../data/images/Lipo/334.png
335.0,C#Cc1cccc(Nc2ncnc3cc(OCCOC)c(OCCOC)cc23)c1,0.967414172515557,train,../data/images/Lipo/335.png
336.0,Oc1nc(-c2ccccc2)c(-c2ccccc2)o1,1.0256087849200461,train,../data/images/Lipo/336.png
337.0,CC1(C)[C@@H]2CC[C@@]1(CS(=O)(=O)N1CCN(c3ccc(C(F)(F)F)cn3)CC1)C(=O)C2,1.3415223951158446,train,../data/images/Lipo/337.png
338.0,C[C@H]1CN(Cc2cc(Cl)ccc2OC(C)(C)C(=O)O)CCN1S(=O)(=O)c1ccccc1,-1.3686838397217966,train,../data/images/Lipo/338.png
339.0,Cc1cc(CCCOc2c(Cl)cc(C3=NCCO3)cc2Cl)on1,1.2750142666535715,train,../data/images/Lipo/339.png
340.0,C#CCN(C)C(C)Cc1ccccc1,-0.021894238360760022,train,../data/images/Lipo/340.png
341.0,O=C(O)CCCS(=O)(=O)c1cccc(C(=O)N2CCC(N3CCC(Oc4ccc(Cl)c(Cl)c4)CC3)CC2)c1,-1.2689216470283864,train,../data/images/Lipo/341.png
342.0,Nc1cc2n[nH]c(=O)n2c2cc(-c3ccco3)ccc12,0.2441382754883335,train,../data/images/Lipo/342.png
343.0,CCNc1nc(C#N)nc(Nc2ccccc2)n1,0.7678897871287366,train,../data/images/Lipo/343.png
344.0,CNC(=O)c1ccc(N2C(=S)N(c3ccc(C#N)c(C(F)(F)F)c3)C(=O)C23CCC3)cc1F,0.9258465922266358,train,../data/images/Lipo/344.png
345.0,Cc1oc(-c2ccc(Cl)cc2)cc1C(=O)O,-0.4292565251921848,train,../data/images/Lipo/345.png
346.0,NC1(C(=O)NC(c2ccccc2)c2ccc(Cl)cc2)CCN(c2ncnc3[nH]ccc23)CC1,1.5909278768493698,train,../data/images/Lipo/346.png
347.0,C[C@@H](Oc1cccc2ncnc(Nc3ccc4c(cnn4Cc4ccccn4)c3)c12)C(=O)N1CCOCC1,0.5267978214529954,train,../data/images/Lipo/347.png
348.0,CNC(=O)c1nc(-c2ccc(Cl)c(S(=O)(=O)Nc3cccc(F)c3F)c2)cnc1N,0.510170789337427,train,../data/images/Lipo/348.png
349.0,Cc1ccc2c(c1)c(-c1ccnc3c(F)cccc13)c(C)n2CC(=O)O,-1.376997355779581,train,../data/images/Lipo/349.png
350.0,O=C(c1ccccc1)c1ccc2n1CCC2C(=O)O,-2.590770700216071,train,../data/images/Lipo/350.png
351.0,Cc1ccsc1Cn1[nH]c(=O)c2[nH]c3cc(Cl)ccc3c(=O)c2c1=O,-0.861559360196962,train,../data/images/Lipo/351.png
352.0,Cc1sc(N2CCN(C)CC2)nc1CCOc1ccc(C[C@H](Nc2ccccc2C(=O)c2ccccc2)C(=O)O)cc1,0.3272734360661753,train,../data/images/Lipo/352.png
353.0,O=C(Nc1nccs1)c1ccccc1,0.20257069519941276,train,../data/images/Lipo/353.png
354.0,CCn1cc(NC(=O)Cc2ccc(Oc3ccnc4cc(F)ccc34)cc2OC)cn1,1.4495981038670391,train,../data/images/Lipo/354.png
355.0,Cc1c(NC(=O)N2CCOCC2)ccc2c1c1ccccc1n2C(C)C,1.0921169133823194,train,../data/images/Lipo/355.png
356.0,Oc1ccc(-c2csc(-c3ccc(O)cc3)n2)cc1,1.2583872345380032,train,../data/images/Lipo/356.png
357.0,COc1cc(-c2ccncc2)cc2cnc(Nc3ccc([C@@H](C)NC(C)=O)cc3)nc12,0.4519761769329379,train,../data/images/Lipo/357.png
358.0,O=C(O)CCCc1ccc(N(CCCl)CCCl)cc1,-0.5955268463478683,train,../data/images/Lipo/358.png
359.0,Cc1cnc(Oc2ccc(-n3ccnc3)cc2)nc1Oc1ccc2c(c1)OCO2,1.1419980097290245,train,../data/images/Lipo/359.png
360.0,CC(C)n1c(=O)n(C)c(=O)c2cn(Cc3cccc4ccccc34)cc21,1.4828521680981759,train,../data/images/Lipo/360.png
361.0,O=c1cc(N2CCOCC2)oc2cc(O)ccc12,-0.9862621010637246,train,../data/images/Lipo/361.png
362.0,Clc1ccc2c(c1Nc1ncnc3cc(OCCN4CCCC4)cc(OC4CCOCC4)c13)OCO2,0.3439004681817437,train,../data/images/Lipo/362.png
363.0,CC[C@H](NC(=O)c1c(O)c(-c2ccccc2)nc2ccccc12)c1ccccc1,1.4329710717514708,train,../data/images/Lipo/363.png
364.0,Cc1cc(CNc2ncc(Br)c(Nc3cc(C)[nH]n3)n2)on1,0.6099329820308372,train,../data/images/Lipo/364.png
365.0,O=C(Cc1ccc(Cl)c(C(F)(F)F)c1)Nc1cccc2c(=O)n(CCO)ccc12,0.9757276885733409,train,../data/images/Lipo/365.png
366.0,Nc1ccc(-c2nc3ccc(O)cc3s2)cc1,0.8427114316487944,train,../data/images/Lipo/366.png
367.0,N=S(=O)(O)Cc1noc2ccccc12,-1.3603703236640126,train,../data/images/Lipo/367.png
368.0,O=C(O)c1ccc2[nH]c(C(F)(F)F)nc2c1,-2.715473441082833,train,../data/images/Lipo/368.png
369.0,Cc1cccc(Cn2ccn3c(=O)cc(N4CCOCC4)nc23)c1,0.510170789337427,train,../data/images/Lipo/369.png
370.0,O=C(Oc1ccccc1)N1CCOCC1,-0.7368566193301993,train,../data/images/Lipo/370.png
371.0,Cn1c(N)nc(CCc2cccc(-c3ccccc3)c2)cc1=O,1.3415223951158446,train,../data/images/Lipo/371.png
372.0,CCN(CC)CCOC(=O)c1ccc(N)cc1,-1.8176137068421423,train,../data/images/Lipo/372.png
373.0,O=c1[nH]c2c(O)ccc([C@@H](O)CNCCCSCCNCCc3cccc(Cl)c3)c2s1,-0.9363810047170195,train,../data/images/Lipo/373.png
374.0,OCC(CO)Nc1nc(SCc2cccc(F)c2F)nc2nc(NC3CC3)sc12,0.7678897871287366,train,../data/images/Lipo/374.png
375.0,Nc1nc(Nc2ccc3nc(-c4ccc(F)cc4)cc(N)c3c2)cc(-c2ccc(C(F)(F)F)cc2)n1,-0.537332233943379,train,../data/images/Lipo/375.png
376.0,CCCCOc1nc(N)c2[nH]c(=O)n(Cc3cccc(CC(=O)OC)c3)c2n1,1.3082683308847078,train,../data/images/Lipo/376.png
377.0,CCc1nc2c(N)nc3ccccc3c2n1CC(C)(C)O,-0.670348490867926,train,../data/images/Lipo/377.png
378.0,COc1cc(Nc2nc(N[C@@H](C)c3ncc(F)cn3)ncc2Br)n[nH]1,0.3439004681817437,train,../data/images/Lipo/378.png
379.0,CCN(C(=O)Cc1ccc(S(C)(=O)=O)cc1)C1CCN(CC[C@@H](c2ccccc2)N2CCN(S(=O)(=O)CC(F)(F)F)CC2)CC1,-0.32118081644099045,train,../data/images/Lipo/379.png
380.0,N#Cc1ccc2cccc(O)c2n1,-0.31286730038320626,train,../data/images/Lipo/380.png
381.0,CCC(c1nc2sccc2c(=O)n1Cc1ccccc1)N(CCCN)C(=O)c1ccc(C)cc1,-0.10502939893860186,train,../data/images/Lipo/381.png
382.0,Nc1c2c(nc3ccccc13)CCCC2,-1.5017000966463436,train,../data/images/Lipo/382.png
383.0,COc1ccc([C@]2(C#N)CC[C@@H](C(=O)O)CC2)cc1OC1CCCC1,-1.1857864864505447,train,../data/images/Lipo/383.png
384.0,O=C(Nc1ccc(F)cc1)c1ccc(Cl)[n+]([O-])c1,-0.670348490867926,train,../data/images/Lipo/384.png
385.0,CC(NCC(O)c1ccc([N+](=O)[O-])cc1)C12CC3CC(CC(C3)C1)C2,1.1170574615556719,train,../data/images/Lipo/385.png
386.0,CC(=O)N1CCN(CC(O)COc2ccc(Br)cc2)CC1,-0.48745113759667397,train,../data/images/Lipo/386.png
387.0,Cc1nnsc1C(=O)Nc1ccccc1,-1.0112026492370771,train,../data/images/Lipo/387.png
388.0,C[C@H](CO)Nc1nc(SCc2cccc(F)c2F)nc2[nH]c(=O)ccc12,0.9757276885733409,train,../data/images/Lipo/388.png
389.0,CNc1c(Br)cnc2[nH]c(-c3ccc(S(C)(=O)=O)cc3)nc12,0.5766789177997005,train,../data/images/Lipo/389.png
390.0,Cn1cc(C#N)cc1-c1c2c(=O)n(CC#N)c(=O)n(CC3CC3)c2nn1Cc1ccnc2ccc(Cl)cc12,0.9507871403999886,train,../data/images/Lipo/390.png
391.0,COCCNS(=O)(=O)c1ccc(Nc2nccc(-c3cnc4cccnn34)n2)cc1,0.510170789337427,train,../data/images/Lipo/391.png
392.0,C[C@H]1CCCN1CCc1cc2cc(-c3ccc(C#N)cc3)ccc2o1,0.8842790119377151,train,../data/images/Lipo/392.png
393.0,CC(C)Cn1c(=O)n(C)c(=O)c2c(SC3CCCCC3)c(Cc3ccccc3C(F)(F)F)sc21,1.6241819410805065,train,../data/images/Lipo/393.png
394.0,Clc1ccc2nsnc2c1NC1=NCCN1,-1.2273540667394658,train,../data/images/Lipo/394.png
395.0,C[C@@H]1CN(C(=O)OC(C)(C)C)CCN1c1ncc(OCc2ccc(C#N)cc2)cn1,0.5849924338574849,train,../data/images/Lipo/395.png
396.0,Cc1cc(Cl)ccc1OC1CCN(C[C@H](O)CNC(=O)c2c[nH]c(=O)c3cc(S(C)(=O)=O)ccc23)CC1,0.19425717914162838,train,../data/images/Lipo/396.png
397.0,CNCc1cccc(-c2ccc3c(N4CCOCC4)nc(N4C[C@@H](C)O[C@@H](C)C4)nc3n2)c1,-0.770110683561336,train,../data/images/Lipo/397.png
398.0,O=C(NCC12CC3CC(CC(C3)C1)C2)c1cc(-n2ncc(=O)[nH]c2=O)ccc1Cl,-0.07177533470746512,train,../data/images/Lipo/398.png
399.0,N#CC1(NC(=O)[C@@H]2CCCC[C@H]2C(=O)N2CCN(c3nc4c(s3)COCC4)CC2)CC1,-0.6370944266367893,train,../data/images/Lipo/399.png
400.0,O=C1c2ccc(O)cc2C(=O)N1c1ccc(O)cc1,-0.32118081644099045,train,../data/images/Lipo/400.png
401.0,CCC(NC(=O)c1ccc(C)cc1)c1nc2ccsc2c(=O)n1Cc1ccccc1,1.6241819410805065,train,../data/images/Lipo/401.png
402.0,CC1=C(CC(=O)O)c2cc(F)ccc2/C1=C\c1ccc([S+](C)[O-])cc1,-1.8259272228999262,train,../data/images/Lipo/402.png
403.0,CC[C@H](NC(=O)c1c([S+](C)[O-])c(-c2ccccc2)nc2cc(Br)ccc12)c1ccccc1,0.826084399533226,train,../data/images/Lipo/403.png
404.0,O=C(CSc1ccccc1)N1CCN(c2ccccc2)CC1,0.8427114316487944,train,../data/images/Lipo/404.png
405.0,CN(C)C(=O)C(CCN1CCC(O)(c2ccc(Cl)cc2)CC1)(c1ccccc1)c1ccccc1,1.0671763652089672,train,../data/images/Lipo/405.png
406.0,CCOC(=O)c1ccc(OC(=O)CCCCCN=C(N)N)cc1,0.18594366308384438,train,../data/images/Lipo/406.png
407.0,Cc1cn([C@H]2CCCN(S(=O)(=O)c3cccc(Oc4ccccc4)c3)C2)c(=O)[nH]c1=O,0.11112201856378655,train,../data/images/Lipo/407.png
408.0,OC(CN1CCOCC1)c1ccccc1,-0.9862621010637246,train,../data/images/Lipo/408.png
409.0,CN[C@@H](C)C(=O)N[C@H](C(=O)N[C@H]1CCCN(CCc2cccc(F)c2)C1)C1CCCCC1,0.37715453241288044,train,../data/images/Lipo/409.png
410.0,CCCC(=O)Nc1ccc(Cl)c(-c2nc3ncccc3o2)c1,0.9840412046311253,train,../data/images/Lipo/410.png
411.0,O=C(COCc1ccncc1)N1CCC(c2ccc(Cl)cc2)CC1,0.46028969299072225,train,../data/images/Lipo/411.png
412.0,CC(=O)OCCn1c(Sc2nc3cccc(Cl)c3s2)nc2c(N)ncnc21,0.8094573674176576,train,../data/images/Lipo/412.png
413.0,COc1ccc2ncc(=O)n(CCN3CC[C@@H](NCc4ccc5c(n4)NC(=O)CO5)[C@@H](OC)C3)c2c1,-1.3936243878951493,train,../data/images/Lipo/413.png
414.0,O=C(Nc1ccc(N2CCOCC2)cn1)c1nnc(Nc2ccccc2F)o1,0.17763014702606003,train,../data/images/Lipo/414.png
415.0,COc1ccc(-c2nc3c(NCCCNC(=O)C4(CN)CC4)c(Br)cnc3[nH]2)cc1,-0.2380456558631488,train,../data/images/Lipo/415.png
416.0,Cc1nnc(NS(=O)(=O)c2ccc(N)cc2)s1,-2.923311342527438,train,../data/images/Lipo/416.png
417.0,O=c1[nH]c2c(O)ccc([C@@H](O)CNCCc3cccc(CNCCc4c(Cl)cccc4Cl)c3)c2s1,0.8011438513598732,train,../data/images/Lipo/417.png
418.0,Cn1c(C#N)ccc1-c1ccc2c(c1)C(C)(C)OC(=O)N2,0.5517383696263481,train,../data/images/Lipo/418.png
419.0,O=C(Cc1ccccc1)Nc1nccs1,0.2607653076039019,train,../data/images/Lipo/419.png
420.0,CS(=O)(=O)c1ccc2c(C(=O)NC[C@@H](O)CN3CCC(Oc4ccc(C#N)c(Cl)c4)CC3)c[nH]c(=O)c2c1,-0.6454079426945735,train,../data/images/Lipo/420.png
421.0,O=C1COc2ccc(CNC3CCN(CCN4C(=O)COc5ccc(F)cc54)CC3)nc2N1,-1.0693972616415663,train,../data/images/Lipo/421.png
422.0,NC1(C(=O)NC(c2ccc(Cl)cc2)C2CC2)CCN(c2ncnc3[nH]ccc23)CC1,1.0089817528044778,train,../data/images/Lipo/422.png
423.0,Cc1cc(N)c2cc(NC(=O)CCCCC(=O)Nc3ccc4nc(C)cc(N)c4c3)ccc2n1,-1.376997355779581,train,../data/images/Lipo/423.png
424.0,C[C@@](Cc1ccc(O)c(O)c1)(NN)C(=O)O,-2.3995598308870347,train,../data/images/Lipo/424.png
425.0,CSc1ccc(OCc2ccccc2)c(/C=C/c2ccc(C(=O)O)cn2)c1,0.21919772731498113,train,../data/images/Lipo/425.png
426.0,CCCc1c(OCCCSc2ccc(CC(=O)O)cc2Cl)ccc(C(=O)CC)c1O,1.1503115257868086,train,../data/images/Lipo/426.png
427.0,CS(=O)(=O)c1cccc(Nc2nccc(Nc3c(Cl)ccc4c3OCO4)n2)c1,0.7845168192443049,train,../data/images/Lipo/427.png
428.0,O=C(NCc1ccccn1)c1ccc(Oc2ccccc2)cc1,0.42703562875958556,train,../data/images/Lipo/428.png
429.0,O=S(=O)(CCCOCCNc1ccccc1)CCNCCc1ccc(O)c2nc(O)sc12,-0.17153752740087533,train,../data/images/Lipo/429.png
430.0,Cc1cc(Nc2ncc(F)c(N[C@H]3[C@@H](C(N)=O)[C@@H]4C=C[C@H]3C4)n2)ccc1N1CCN(C)CC1,0.5933059499152689,train,../data/images/Lipo/430.png
431.0,O=C(O)C1Cc2c([nH]c3ccccc23)C(c2ccccc2)N1,-1.1691594543349764,train,../data/images/Lipo/431.png
432.0,COc1cc2c(Nc3c(Cl)ccc4c3OCO4)ncnc2cc1OCC1CCN(C)CC1,-0.2962402682676379,train,../data/images/Lipo/432.png
433.0,CCN1CCN(Cc2cnc(-c3ccc(C(=O)Nc4ccccc4N)cc3)c(C)c2)CC1,-0.8199917799080412,train,../data/images/Lipo/433.png
434.0,Cc1ccc(NC(=O)c2cncs2)cc1-n1cnc2ccc(N3CCN(C)CC3)cc2c1=O,-0.06346181864968113,train,../data/images/Lipo/434.png
435.0,COc1ccc(CNC(=O)CSc2nc3cccnc3s2)cc1,0.2607653076039019,train,../data/images/Lipo/435.png
436.0,CCc1cc(OCc2ccc(-c3ccccc3-c3nn[nH]n3)cc2)c2c(n1)CCCC2,-0.4043159770188323,train,../data/images/Lipo/436.png
437.0,CC(C)C(NC(=O)Cn1c(-c2ccccc2)ccc(NS(=O)(=O)c2ccccc2)c1=O)C(=O)C(F)(F)F,0.061240922217081446,train,../data/images/Lipo/437.png
438.0,CC[C@@H](c1ccc(C(=O)O)c(Oc2cccc(Cl)c2)c1)N1CCC[C@H](n2cc(C)c(=O)[nH]c2=O)C1,-1.6347163535708904,train,../data/images/Lipo/438.png
439.0,CCOC(=O)c1ccc(COCC2CCN(c3ccc(C)nn3)CC2)cc1,0.4104085966440172,train,../data/images/Lipo/439.png
440.0,COc1cc2ncnc(NCc3cccc(C)c3)c2cc1OC,1.0921169133823194,train,../data/images/Lipo/440.png
441.0,CCn1c(=O)c2c(=O)cc(O)oc2c2ccccc21,-0.8781863923125304,train,../data/images/Lipo/441.png
442.0,CC(C)C[C@H](N[C@@H](c1ccc(-c2ccc(S(C)(=O)=O)cc2)cc1)C(F)(F)F)C(=O)NCC#N,0.8759654958799311,train,../data/images/Lipo/442.png
443.0,CN1CCN(C(=O)[C@@H]2CCCC[C@H]2C(=O)NCC#N)CC1,-1.9007488674199842,train,../data/images/Lipo/443.png
444.0,CC(C)OC(=O)N1CCC(Oc2ncnc3c2CCN3c2ccc(S(C)(=O)=O)cc2F)CC1,1.0089817528044778,train,../data/images/Lipo/444.png
445.0,Cc1cccc(Nc2nnc(C(=O)Nc3ccc(N4CCOCC4)nc3)o2)c1,1.0256087849200461,train,../data/images/Lipo/445.png
446.0,CCOC(=O)c1c(C)n(Cc2ccco2)c2ccc(O)cc12,1.0921169133823194,train,../data/images/Lipo/446.png
447.0,CCOc1ncc(C)c2c1[C@H](c1ccc(C#N)cc1OC)C(C(N)=O)=C(C)N2,0.26907882366168584,train,../data/images/Lipo/447.png
448.0,COc1cc(C(CO)CO)ccc1Nc1ncc(Cl)c(-c2cnc3ccccn23)n1,0.7595762710709525,train,../data/images/Lipo/448.png
449.0,Cc1ncc(-c2ccc([C@H]3CC[C@H](CC(=O)O)CC3)cc2)nc1C(N)=O,-0.9862621010637246,train,../data/images/Lipo/449.png
450.0,COc1cc(C(=O)c2cc(Cl)ccc2N)cc(OC)c1OC,0.9923547206889093,train,../data/images/Lipo/450.png
451.0,Cc1c(-c2ccc3c(c2)OCO3)c(=O)n(C[C@H](N)c2ccccc2)c(=O)n1Cc1c(F)cccc1F,0.4020950805862328,train,../data/images/Lipo/451.png
452.0,Cc1cn([C@H]2CCCN(S(=O)(=O)c3ccc(O)c(Oc4cc(F)cc(Cl)c4)c3)C2)c(=O)[nH]c1=O,0.1360625667371393,train,../data/images/Lipo/452.png
453.0,Cc1cc2n[nH]c(=O)n2c2cc(-c3ccc(C(=O)N4CCOCC4)cc3)ccc12,0.48523024116407465,train,../data/images/Lipo/453.png
454.0,CN(c1ccnc(Nc2cc(N3CCOCC3)cc(N3CCOCC3)c2)n1)c1cccc2[nH]ncc12,0.8676519798221467,train,../data/images/Lipo/454.png
455.0,CCO[C@@H]1OC(=O)C[C@@H]1NC(=O)[C@@H]1CCCN2C(=O)CC[C@H](NC(=O)c3nccc4ccccc34)C(=O)N12,-0.8532458441391778,train,../data/images/Lipo/455.png
456.0,Cc1ccc(N2CC(COc3ccc(-c4noc(C)n4)cc3)C2)nn1,0.36052750029731206,train,../data/images/Lipo/456.png
457.0,COC(=O)c1cccc(Cn2[nH]c(=O)c3[nH]c4cc(Cl)ccc4c(=O)c3c2=O)c1,-0.9031269404858828,train,../data/images/Lipo/457.png
458.0,COc1ccc2nc(C)cc(-n3cc(CNC(C)=O)nn3)c2c1,-0.48745113759667397,train,../data/images/Lipo/458.png
459.0,CS(=O)(=O)C1(c2cc(N3CCOCC3)nc(-c3cccc4[nH]ccc34)n2)CC1,0.011359825870376712,train,../data/images/Lipo/459.png
460.0,CNC(=O)[C@H]1CCCN1Cc1cc2c(Nc3cccc(Cl)c3F)ncnc2cc1OC,1.2168196542490821,train,../data/images/Lipo/460.png
461.0,COCCOc1ccc(C(=O)Nc2cc(NC(=O)c3cccc(N(C)C)c3)ccc2C)cc1,0.46028969299072225,train,../data/images/Lipo/461.png
462.0,O=C(NCC1CCCCN1)c1cc(OCC(F)(F)F)ccc1OCC(F)(F)F,-0.8781863923125304,train,../data/images/Lipo/462.png
463.0,NC1CCc2cc(OC(=O)c3ccccc3)c(OC(=O)c3ccccc3)cc2C1,0.3439004681817437,train,../data/images/Lipo/463.png
464.0,Cc1sc(N)nc1-c1ccccc1,0.4686032090485063,train,../data/images/Lipo/464.png
465.0,CC(C)Cn1c(=O)n(C)c(=O)c2c(C(=O)N3CC[C@@H](O)C3)c(Cc3cncc4ccccc34)sc21,-0.37106191278769557,train,../data/images/Lipo/465.png
466.0,Cc1cccc(C)c1OC[C@@H](C)N,-1.3188027433750915,train,../data/images/Lipo/466.png
467.0,CCCc1c(OCc2cccc(NC(=O)Cc3ccccc3C(=O)O)c2)ccc(C(C)=O)c1O,0.6348735302041899,train,../data/images/Lipo/467.png
468.0,COc1c(C#N)cc2ccccc2c1C(=O)N(C)C[C@@H](CCN1CCC(c2ccc(O)cc2[S+](C)[O-])CC1)c1ccc(Cl)c(Cl)c1,1.0921169133823194,train,../data/images/Lipo/468.png
469.0,CCC(CO)NCCNC(CC)CO,-2.9981329870474953,train,../data/images/Lipo/469.png
470.0,CCC(=O)NCC[C@@H]1CCc2ccc3c(c21)CCO3,0.31895992000839096,train,../data/images/Lipo/470.png
471.0,N#Cc1ccc2c(c1)NC(=O)C2c1ncnc2cc(OCCCN3CCOCC3)ccc12,0.6681275944353267,train,../data/images/Lipo/471.png
472.0,CC1(C)CNC(=O)c2sc(N3CCOCC3)nc2C1,-0.7451701353879835,train,../data/images/Lipo/472.png
473.0,C[C@H](Nc1ccc2ncn(-c3cc(C4CC4)[nH]n3)c2n1)c1ncc(F)cn1,0.46028969299072225,train,../data/images/Lipo/473.png
474.0,CCN(C(=O)Cc1ccc(S(C)(=O)=O)cc1)C1CCN(CCC(c2ccccc2)N2CCN(c3ccccc3)CC2)CC1,0.4020950805862328,train,../data/images/Lipo/474.png
475.0,C[C@@H](NC(=O)[C@H]1CCCNC1)c1ccc(Nc2ncc3cc(-c4ccncc4)ccc3n2)cc1,-0.4126294930766165,train,../data/images/Lipo/475.png
476.0,Cc1ccc(S(=O)(=O)Nc2c(C(=O)NCc3ccccc3)cnn2-c2ccccc2)cc1,-0.2380456558631488,train,../data/images/Lipo/476.png
477.0,Cc1ccc(CO)cc1N(C)c1ccnc(Nc2cc(C(=O)N3CCOCC3)cc(N3CCOCC3)c2)n1,0.011359825870376712,train,../data/images/Lipo/477.png
478.0,O=c1[nH]c2c(O)ccc([C@@H](O)CNCCc3cccc(CNCCc4ccccc4F)c3)c2s1,-0.9363810047170195,train,../data/images/Lipo/478.png
479.0,Cc1ccc(NC(=O)c2ccoc2)cc1-n1cnc2ccc(N3CCN(C)CC3)cc2c1=O,0.20257069519941276,train,../data/images/Lipo/479.png
480.0,CC(C)[C@@H]1N=C(c2ccccc2)c2ccccc2NC1=O,0.7180086907820314,train,../data/images/Lipo/480.png
481.0,Cc1cc(-c2ccc(N3C[C@H](Cn4ccnn4)OC3=O)cc2F)on1,-0.16322401134309114,train,../data/images/Lipo/481.png
482.0,CN1Cc2c(N)cccc2[C@H](c2ccccc2)C1,-0.06346181864968113,train,../data/images/Lipo/482.png
483.0,CC(C)(C)OC(=O)N1CCN(c2ncc(OCc3ccncc3C#N)cn2)CC1,0.5184843053952114,train,../data/images/Lipo/483.png
484.0,Cc1ccc(S(=O)(=O)Nc2c(C(=O)N[C@@H](C)C(C)(C)C)c(C(F)(F)F)nn2-c2ccccc2)cc1,0.1360625667371393,train,../data/images/Lipo/484.png
485.0,Oc1cccc2ccccc12,0.2607653076039019,train,../data/images/Lipo/485.png
486.0,O=C(O)COc1ccc(C(F)(F)F)cc1-c1ccccc1-c1ccccc1,-0.670348490867926,train,../data/images/Lipo/486.png
487.0,CCOc1ccc(-c2cnc3n2CCCCC3)cc1,0.6847546265508947,train,../data/images/Lipo/487.png
488.0,O=C(Nc1cccc(-c2nnn[nH]2)c1)c1cc(O)cc(C(F)(F)F)c1,-1.1525324222194082,train,../data/images/Lipo/488.png
489.0,Cc1c(Sc2ccc(Cl)cc2)c2cc(-c3ccccc3)ccc2n1CC(=O)O,1.2583872345380032,train,../data/images/Lipo/489.png
490.0,Cc1cc2n[nH]c(=O)n2c2cc(-c3cccnc3)ccc12,0.4436626608751539,train,../data/images/Lipo/490.png
491.0,CCN(C(=O)Cc1ccc(S(C)(=O)=O)cc1)C1CCN(CC[C@@H](c2ccccc2)N2CCN(S(=O)(=O)C(F)(F)F)CC2)CC1,0.5600518856841321,train,../data/images/Lipo/491.png
492.0,O=S(=O)(c1ccccc1-c1ccc(CNC2CCOCC2)cc1)N1CCCC1,-0.6537214587523577,train,../data/images/Lipo/492.png
493.0,Cn1c(-c2ccccc2)cc2onc(-c3ccncc3)c2c1=O,0.8177708834754416,train,../data/images/Lipo/493.png
494.0,CN(C)CCCN1c2ccccc2CCc2ccccc21,0.25245179154611785,train,../data/images/Lipo/494.png
495.0,O=C1C(CC[S+]([O-])c2ccccc2)C(=O)N(c2ccccc2)N1c1ccccc1,-2.2416030257891353,train,../data/images/Lipo/495.png
496.0,O=C(O)c1ccccc1CN1CCC(CN2CCC(Oc3ccc(Cl)c(Cl)c3)CC2)CC1,0.2441382754883335,train,../data/images/Lipo/496.png
497.0,C=CCc1cc(NC(C)=O)ccc1OCCCNC(C)C,-1.8259272228999262,train,../data/images/Lipo/497.png
498.0,CCN(C(=O)Cc1ccc(S(C)(=O)=O)cc1)C1CCN(CC[C@@H](c2cc(F)cc(F)c2)N2CCN(S(C)(=O)=O)CC2)CC1,-0.7784241996191202,train,../data/images/Lipo/498.png
499.0,O=C1CN(C(=O)c2ccco2)c2ccccc2N1,-0.811678263850257,train,../data/images/Lipo/499.png
500.0,c1ccc(OCC2CNCCO2)cc1,-1.6513433856864588,train,../data/images/Lipo/500.png
501.0,O=C1COc2ccc(CNC3CCN(CCN4C(=O)COc5ccc(Cl)cc54)CC3)nc2N1,-0.7119160711568467,train,../data/images/Lipo/501.png
502.0,CN(C)C(=O)N[C@H]1CC[C@H](CCN2CCN(c3cccc(Cl)c3Cl)CC2)CC1,1.1752520739601613,train,../data/images/Lipo/502.png
503.0,COc1cc(-c2c(F)ccc3c(N)c(C(=O)NC4CC4)nnc23)c(OC)nn1,0.4686032090485063,train,../data/images/Lipo/503.png
504.0,Cn1cc(C(=O)NC[C@@H](O)CN2CCC(Oc3ccc(Cl)c(Cl)c3)CC2)c(C(F)(F)F)cc1=O,0.4769167251062903,train,../data/images/Lipo/504.png
505.0,CN[C@@H](C)C(=O)N[C@H](C(=O)N[C@H]1CCCN(CCc2ccc(O)cc2)C1)C(C)(C)C,-1.1774729703927607,train,../data/images/Lipo/505.png
506.0,COc1cc2c(Nc3ccc(F)c(Cl)c3)c(C(N)=O)cnc2cc1OCCN(C)CCO,0.8427114316487944,train,../data/images/Lipo/506.png
507.0,O=C(/C=C/c1c(C(=O)O)[nH]c2cc(Cl)cc(Cl)c12)Nc1ccccc1,-0.5539592660589474,train,../data/images/Lipo/507.png
508.0,OC(Cn1cncn1)(Cn1cncn1)c1ccc(F)cc1F,-1.4185649360685018,train,../data/images/Lipo/508.png
509.0,O=C(NCc1ccncn1)c1ccc(Oc2ccc(C#C[C@@]3(O)CN4CCC3CC4)cc2)cc1,-0.346121364614343,train,../data/images/Lipo/509.png
510.0,CNC(=O)c1ccc2c(=O)cc(-c3cccnc3)[nH]c2c1,-0.9779485850059404,train,../data/images/Lipo/510.png
511.0,CCC[C@@H](c1ccc(C(=O)O)c(Oc2cccc(Cl)c2)c1)N1CCC[C@H](n2cc(C)c(=O)[nH]c2=O)C1,-1.4019379039529334,train,../data/images/Lipo/511.png
512.0,Cc1nc(C)c(-c2ccc3c(c2)CC[C@]32CC[C@@H](CC(=O)O)CC2)nc1C(N)=O,-0.5705862981745158,train,../data/images/Lipo/512.png
513.0,COc1ccccc1N1CCN(CCN(C(=O)C2CCCCC2)c2ccccn2)CC1,0.6764411104931107,train,../data/images/Lipo/513.png
514.0,O=C(CCc1ccccc1)c1ccccc1,1.3165818469424924,train,../data/images/Lipo/514.png
515.0,Cn1c(N)nc(CCc2cccc(-c3cccnc3)c2)cc1=O,0.2607653076039019,train,../data/images/Lipo/515.png
516.0,N#Cc1nc(NC2CCCCC2)c(N)c(N2CCOCC2)n1,0.5184843053952114,train,../data/images/Lipo/516.png
517.0,O=S(=O)(Nc1nccs1)c1cc(Cl)ccc1Cl,-0.8698728762547462,train,../data/images/Lipo/517.png
518.0,Cc1ccc(S(=O)(=O)NC(=O)N2CCC(N3CCC(Oc4ccc(Cl)cc4Cl)CC3)CC2)cc1,-0.5539592660589474,train,../data/images/Lipo/518.png
519.0,Cc1ccc(OCC(=O)O)c(-n2nc3ccccc3n2)c1,-2.515949055696013,train,../data/images/Lipo/519.png
520.0,C[C@H](CO)Nc1nc(SCc2ccco2)nc2[nH]c(=O)sc12,0.019673341928160712,train,../data/images/Lipo/520.png
521.0,CO[C@H]1CC[C@]2(CC1)Cc1ccc(-c3cc(Cl)cc(C#N)c3)cc1C21N=C(C)C(N)=N1,1.3415223951158446,train,../data/images/Lipo/521.png
522.0,CO[C@H]1CC[C@]2(CC1)Cc1ccc(-c3cncc(Br)c3)cc1C21N=C(C)C(N)=N1,1.0089817528044778,train,../data/images/Lipo/522.png
523.0,CC(C)(CO)Nc1nc(SCc2cccc(F)c2F)nc2nc(N)sc12,0.9840412046311253,train,../data/images/Lipo/523.png
524.0,Cn1c(C#N)ccc1-c1cc(F)c2c(c1)C(C)(C)C(=O)N2,0.8510249477065783,train,../data/images/Lipo/524.png
525.0,c1ccc(Nc2[nH]nnc2-c2ccccc2)cc1,0.9840412046311253,train,../data/images/Lipo/525.png
526.0,CN1CCN(C2=Nc3cc(Cl)ccc3Nc3ccccc32)CC1,0.7429492389553841,train,../data/images/Lipo/526.png
527.0,Clc1ccc([C@]23CNC[C@H]2C3)cc1Cl,-0.1881645595164437,train,../data/images/Lipo/527.png
528.0,O=c1c(-c2ccc(O)cc2)coc2cc(O)ccc12,0.22751124337276513,train,../data/images/Lipo/528.png
529.0,COc1ccccc1CNCc1ccc(CCNC[C@H](O)c2ccc(O)c3[nH]c(=O)sc23)cc1,-1.6929109659753796,train,../data/images/Lipo/529.png
530.0,CN(C)C(=O)C1(N2CCCCC2=O)CCN(CC[C@H](CN(C)C(=O)c2cc(C#N)cc3ccccc23)c2ccc(Cl)c(Cl)c2)CC1,0.27739233971947025,train,../data/images/Lipo/530.png
531.0,Nc1nc(N)nc(-c2cccc(C(F)(F)F)c2)n1,0.17763014702606003,train,../data/images/Lipo/531.png
532.0,CCOc1ccccc1-c1ccc(-c2nc3ccncc3c(O)c2C#N)cc1,0.6764411104931107,train,../data/images/Lipo/532.png
533.0,CC(C)CNc1nc(C#N)nc(N2CC(O)C2)c1N,-0.15491049528530695,train,../data/images/Lipo/533.png
534.0,Cc1ccc(C(=O)NC2CCN(c3cc(C(N)=O)cc(Cl)n3)CC2)[nH]1,0.37715453241288044,train,../data/images/Lipo/534.png
535.0,CC[C@H]1CN(Cc2cc(Cl)ccc2OCC(=O)O)CCN1S(=O)(=O)c1ccccc1,-1.4518190002996385,train,../data/images/Lipo/535.png
536.0,O=C(OCC(O)CO)c1ccccc1Nc1ccnc2cc(Cl)ccc12,1.0921169133823194,train,../data/images/Lipo/536.png
537.0,O=C(Nc1cccc(Cl)c1)c1ccccn1,1.0089817528044778,train,../data/images/Lipo/537.png
538.0,Cn1c(CN2CCN(c3ccc(Cl)cc3)CC2)nc2ccccc21,1.1253709776134562,train,../data/images/Lipo/538.png
539.0,[O-][S+](c1ccccc1)c1ccc2nnnn2n1,-1.1608459382771923,train,../data/images/Lipo/539.png
540.0,NC1(C(=O)NC(CCO)c2ccc(Cl)cc2)CCN(c2ncnc3[nH]ccc23)CC1,0.2607653076039019,train,../data/images/Lipo/540.png
541.0,COc1ccccc1OCC(O)COC(N)=O,-1.518327128761912,train,../data/images/Lipo/541.png
542.0,Cc1nn(C)c2ccc(N3CCN(C(=O)[C@@H]4CCCC[C@H]4C(=O)NC4(C#N)CC4)[C@H](C)C3)cc12,0.510170789337427,train,../data/images/Lipo/542.png
543.0,O=C1CN=C(c2ccccc2Cl)c2cc([N+](=O)[O-])ccc2N1,1.2750142666535715,train,../data/images/Lipo/543.png
544.0,Cc1nc(C(=O)N2CCCC3(CCN(Cc4ccc(Cl)cc4)CC3)C2)cs1,-1.2855486791439548,train,../data/images/Lipo/544.png
545.0,N#Cc1cnn(-c2ccccc2)c1NC(=O)c1ccccc1F,-0.4043159770188323,train,../data/images/Lipo/545.png
546.0,Cc1cnc2c(N[C@H](C)CO)nc(SCc3cccc(F)c3F)nc2n1,1.1336844936712402,train,../data/images/Lipo/546.png
547.0,CN1CCN(C(=O)c2cc3ccccc3[nH]2)CC1,-0.4043159770188323,train,../data/images/Lipo/547.png
548.0,Nc1nc2nc(-c3cccs3)cc(C(F)(F)F)n2n1,-0.14659697922752296,train,../data/images/Lipo/548.png
549.0,O=C(NCC12CC3CC(CC(C3)C1)C2)c1cc(N2CCNCC2)ccc1Cl,-0.346121364614343,train,../data/images/Lipo/549.png
550.0,CNC(=O)c1snnc1-c1ccccc1,-0.7950512317346886,train,../data/images/Lipo/550.png
551.0,CS(=O)(=O)Cc1cc(N2CCOCC2)nc(-c2cnc3[nH]ccc3c2)n1,-0.22141862374758042,train,../data/images/Lipo/551.png
552.0,CC(C)Cn1c(=O)n(C)c(=O)c2c(C(=O)N3C[C@H](O)CO3)c(Cc3ccccc3C(F)(F)F)sc21,0.8011438513598732,train,../data/images/Lipo/552.png
553.0,CCN(CC)S(=O)(=O)c1ccc(NC(=O)C(C)(O)C(F)(F)F)cc1,0.3688410163550961,train,../data/images/Lipo/553.png
554.0,C[C@H]1CN(Cc2cc(Cl)ccc2CC(=O)O)CCN1S(=O)(=O)Cc1ccccc1,-0.8864999083703144,train,../data/images/Lipo/554.png
555.0,COc1ccccc1O[C@@H](c1ccccc1)[C@@H]1CNCCO1,-1.0693972616415663,train,../data/images/Lipo/555.png
556.0,Cc1ccc(NC(=O)c2cscn2)cc1-n1cnc2ccc(N3CCN(C)CC3)cc2c1=O,-0.10502939893860186,train,../data/images/Lipo/556.png
557.0,C[C@@H](NC(=O)C1CCCCN1C)c1ccc(Nc2ncc3cc(-c4ccncc4)ccc3n2)cc1,0.9591006564577725,train,../data/images/Lipo/557.png
558.0,NS(=O)(=O)c1cc2c(cc1C(F)(F)F)NC(Cc1ccccc1)NS2(=O)=O,-0.3378078485565588,train,../data/images/Lipo/558.png
559.0,COC(=O)c1nc2c(N[C@H](C)CO)nc(SCc3cccc(F)c3F)nc2[nH]c1=O,0.25245179154611785,train,../data/images/Lipo/559.png
560.0,COCC(C)n1nc(C)c(C(=O)N[C@@H](C)C(C)(C)C)c1NS(=O)(=O)c1ccc(C)cc1,-1.3104892273173077,train,../data/images/Lipo/560.png
561.0,CN(C)CC(O)COc1ccc(Nc2cc(N(CC#N)c3cc(Cl)ccc3Cl)ncn2)cc1,-0.07177533470746512,train,../data/images/Lipo/561.png
562.0,CC(C)CC(N(C)C)C1(c2ccc(Cl)cc2)CCC1,1.1752520739601613,train,../data/images/Lipo/562.png
563.0,Cc1ccc(NC(=O)c2ccnc(N3CCOCC3)c2)cc1NC(=O)c1ccc(OCc2ccccn2)cc1,1.0671763652089672,train,../data/images/Lipo/563.png
564.0,O=S(=O)(CCCOCCSc1ccccc1)CCNCCc1ccc(O)c2nc(O)sc12,0.4104085966440172,train,../data/images/Lipo/564.png
565.0,CN(CCNC[C@H](O)c1ccc(O)c2[nH]c(=O)sc12)C(=O)CCOCCc1ccccc1,-0.811678263850257,train,../data/images/Lipo/565.png
566.0,CN(C)CCNc1cc(-c2ccccc2)nc2cc(-c3ccc(F)cc3)nn12,1.9234685191607372,train,../data/images/Lipo/566.png
567.0,COc1ccnc(CCc2nc3c(C)ccnc3[nH]2)c1,-0.07177533470746512,train,../data/images/Lipo/567.png
568.0,Cn1c(=O)n(Cc2ccc(C(=O)O)cc2)c(=O)c2cc(C#CCc3ccccc3)ccc21,0.2607653076039019,train,../data/images/Lipo/568.png
569.0,O=C1C(=O)c2cc(-c3ccccc3F)ccc2-c2ccccc21,0.6099329820308372,train,../data/images/Lipo/569.png
570.0,Cc1ccc(NC(=O)c2ccno2)cc1-n1cnc2ccc(N3CCN(C)CC3)cc2c1=O,-0.3627483967299114,train,../data/images/Lipo/570.png
571.0,N#Cc1ccc(C(=O)Nc2ccc(-n3ccnc3)nc2)cc1,0.011359825870376712,train,../data/images/Lipo/571.png
572.0,COC(=O)N1CCN(C(=O)Cc2ccc(Cl)c(Cl)c2)[C@H](CN2CCCC2)C1,-0.11334291499638623,train,../data/images/Lipo/572.png
573.0,Cc1ccc(S(=O)(=O)c2ccccc2)cc1,0.46028969299072225,train,../data/images/Lipo/573.png
574.0,CC(C)Cn1c(=O)n(C)c(=O)c2c(C(=O)N3CC[C@@H](O)C3)c(Cc3ccnc4ccc(F)cc34)sc21,-0.1964780755742279,train,../data/images/Lipo/574.png
575.0,Cc1cc(Oc2ccnc(Nc3cccc(N4CCOCC4)c3)c2)c(-c2ccccn2)nc1C,0.9009060440532835,train,../data/images/Lipo/575.png
576.0,COC(=O)CCCCCCC(=O)Nc1ccc2c(c1)-c1ccccc1C(=O)C2=O,0.3439004681817437,train,../data/images/Lipo/576.png
577.0,COCCCc1cc(Nc2ccnc(NCc3cc(C)no3)n2)n[nH]1,-0.12165643105417023,train,../data/images/Lipo/577.png
578.0,COc1cc(N2CCN(C(C)=O)CC2)ccc1Nc1ncc(Cl)c(-c2cnc3c(F)cc(F)cn23)n1,0.8427114316487944,train,../data/images/Lipo/578.png
579.0,O=C1/C(=N\O)c2ccccc2N1Cc1ccccc1[N+](=O)[O-],-0.09671588288081787,train,../data/images/Lipo/579.png
580.0,CC[C@H](C)C(=O)O[C@H]1C[C@@H](C)C=C2C=C[C@H](C)[C@H](CC[C@@H](O)C[C@@H](O)CC(=O)O)[C@H]21,-0.9280674886592353,train,../data/images/Lipo/580.png
581.0,CC(C)C(NC(=O)Cn1c(-c2ccccc2)ccc(NC(=O)NCc2ccncc2)c1=O)C(=O)C(F)(F)F,-0.021894238360760022,train,../data/images/Lipo/581.png
582.0,COc1ccc(CNC(=O)Nc2ncc([N+](=O)[O-])s2)cc1,0.5933059499152689,train,../data/images/Lipo/582.png
583.0,CN[C@H]1CCN(C(=O)c2ccc(Nc3nccc(-c4cnc(C)n4C(C)C)n3)cc2)C1,-0.8033647477924728,train,../data/images/Lipo/583.png
584.0,NC1(C(=O)NC(CO)c2ccc(Cl)cc2)CCN(c2ncnc3[nH]ccc23)CC1,0.17763014702606003,train,../data/images/Lipo/584.png
585.0,O=C(Nc1cc(-c2ccncc2)c[nH]c1=O)[C@H](Cc1ccccc1)NC1(c2ccccn2)CC1,1.0422358170356143,train,../data/images/Lipo/585.png
586.0,OC(CCN1CCCC1)(c1ccccc1)C1CCCCC1,-0.3378078485565588,train,../data/images/Lipo/586.png
587.0,Cc1c(Cl)ccc(OC2CCN(C[C@H](O)CNC(=O)c3c[nH]c(=O)cc3C(F)(F)F)CC2)c1Cl,0.7928303353020892,train,../data/images/Lipo/587.png
588.0,Cc1ccc(C(=O)N2CC3CNCC(C2)O3)cc1NC(=O)CC12CC3CC(CC(C3)C1)C2,-0.05514830259189676,train,../data/images/Lipo/588.png
589.0,Fc1ccc(CNc2ncc(Br)c(Nc3cc(C4CC4)[nH]n3)n2)cc1,1.7405711658894856,train,../data/images/Lipo/589.png
590.0,O=S(=O)(c1ccccc1)C1(c2cc(N3CCOCC3)nc(-c3cccc4[nH]ccc34)n2)CC1,1.0089817528044778,train,../data/images/Lipo/590.png
591.0,Cc1nc(-c2ccc(CN3CCC(n4c(=O)[nH]c5ccccc54)CC3)cc2)c(-c2ccccc2)[nH]c1=O,1.3415223951158446,train,../data/images/Lipo/591.png
592.0,CCSc1c(Cc2ccccc2C(F)(F)F)sc2c1c(=O)n(C)c(=O)n2CC(C)C,1.9151550031029532,train,../data/images/Lipo/592.png
593.0,CCN(CC)CCCC(C)Nc1c2ccc(Cl)cc2nc2ccc(OC)cc12,-0.013580722302976024,train,../data/images/Lipo/593.png
594.0,CN1C(=O)CC(c2ccccc2)C1=O,-1.2522946149128182,train,../data/images/Lipo/594.png
595.0,COc1ccc(N2CCN(C(=O)[C@@H]3CCCC[C@H]3C(=O)NC3(C#N)CC3)[C@H](C)C2)cc1OC,-0.2796132361520695,train,../data/images/Lipo/595.png
596.0,CN(C)C/C=C/C(=O)Nc1cc2c(Nc3ccc(F)c(Cl)c3)ncnc2cc1O[C@H]1CCOC1,1.2583872345380032,train,../data/images/Lipo/596.png
597.0,OC(CCN1CCCCC1)(c1ccccc1)C1CC2C=CC1C2,0.25245179154611785,train,../data/images/Lipo/597.png
598.0,COc1cnc(-c2ccccn2)nc1NC(C)C,-0.14659697922752296,train,../data/images/Lipo/598.png
599.0,c1ccc(C2OC3(CCNCC3)c3ccccc32)cc1,-1.194100002508329,train,../data/images/Lipo/599.png
600.0,C[C@]12CC[C@@H]3c4ccc(O)cc4CC[C@H]3[C@@H]1CCC2=O,1.0089817528044778,train,../data/images/Lipo/600.png
601.0,CCCC(=O)Nc1ccc(OCC(O)CNC(C)C)c(C(C)=O)c1,-2.0420786404023152,train,../data/images/Lipo/601.png
602.0,O=S(=O)(Nc1nccs1)c1ccc(O)cc1,-1.518327128761912,train,../data/images/Lipo/602.png
603.0,COc1cc2ncnc(Nc3ccc(F)c(Cl)c3)c2cc1OCCN(C)C,0.892592527995499,train,../data/images/Lipo/603.png
604.0,Cc1ccc(S(=O)(=O)Nc2c(C(=O)N[C@@H](C)C(C)(C)C)c(C)nn2C2CCOCC2)cc1,-1.4019379039529334,train,../data/images/Lipo/604.png
605.0,Cc1ccc(F)c(Nc2ccnc(Nc3ccc(OCC(O)CN(C)C)cc3)n2)c1,-0.07177533470746512,train,../data/images/Lipo/605.png
606.0,O=C(O)COc1cccc(C(=O)N2CCC(N3CCC(Oc4ccc(Cl)c(Cl)c4)CC3)CC2)c1,-0.911440456543667,train,../data/images/Lipo/606.png
607.0,COc1ccc2c(c1)N(CCN1CCC(NCc3cc4c(cn3)OCCO4)CC1)C(=O)CS2,-0.3378078485565588,train,../data/images/Lipo/607.png
608.0,CCC1(c2cccc(O)c2)CCCCN(C)C1,-1.1525324222194082,train,../data/images/Lipo/608.png
609.0,Cc1c(O[C@H]2C[C@H]3CC[C@@H](C2)N3Cc2ccccc2)cccc1C(N)=O,-0.48745113759667397,train,../data/images/Lipo/609.png
610.0,O=S(=O)(CCCNCCc1ccc(O)c2nc(O)sc12)NCCOCCc1cccc(Cl)c1,-0.22141862374758042,train,../data/images/Lipo/610.png
611.0,N#CC1(NC(=O)[C@@H]2CCCC[C@H]2C(=O)N2CCc3oc4ccccc4c3C2)CC1,0.6847546265508947,train,../data/images/Lipo/611.png
612.0,Cc1ccc2c(c1)c(-c1ccnc3c(C#N)cccc13)c(C)n2CC(=O)O,-1.385310871837365,train,../data/images/Lipo/612.png
613.0,CO[C@H]1CN(CCn2c(=O)ccc3ccc(C#N)cc32)CC[C@H]1NCc1cc2c(cn1)OCCO2,-1.2938621952017393,train,../data/images/Lipo/613.png
614.0,O=C(c1ccc(F)cc1)C1CCN(C(=O)N2CCOCC2)CC1,-0.4791376215388898,train,../data/images/Lipo/614.png
615.0,CCCc1cc(Nc2nc(NCc3cc(C)no3)ncc2Br)n[nH]1,1.2001926221335137,train,../data/images/Lipo/615.png
616.0,Cc1cccc([C@H](C)c2c[nH]cn2)c1C,0.501857273279643,train,../data/images/Lipo/616.png
617.0,CS(=O)(=O)c1ccc(C(=O)Nc2ccc(F)cc2)c[n+]1[O-],-1.1192783579882715,train,../data/images/Lipo/617.png
618.0,CCN(C(=O)Cc1ccc(S(C)(=O)=O)cc1)C1CCN(CCC(c2ccccc2)C2CCN(Cc3ccccc3)CC2)CC1,0.18594366308384438,train,../data/images/Lipo/618.png
619.0,Cc1ccc2[nH]ccc2c1-c1nc(N2CCOCC2)cc(C2(S(C)(=O)=O)CC2)n1,-0.4043159770188323,train,../data/images/Lipo/619.png
620.0,NC1(C(=O)NC(Cc2ccccc2)c2ccc(Cl)cc2)CCN(c2ncnc3[nH]ccc23)CC1,1.5909278768493698,train,../data/images/Lipo/620.png
621.0,CCCN(C)c1nc(N2CCC[C@@H](CC(=O)O)C2)ccc1C(=O)NC1CCCCC1,0.07786795433264981,train,../data/images/Lipo/621.png
622.0,COC(=O)c1ccc(C(C)n2[nH]c(=O)c3[nH]c4cc(Cl)ccc4c(=O)c3c2=O)cc1,-0.7368566193301993,train,../data/images/Lipo/622.png
623.0,CN(C/C=C/C#CC(C)(C)C)Cc1cccc2ccccc12,0.5351113375107798,train,../data/images/Lipo/623.png
624.0,N#Cc1ccc(-c2csc(Nc3ccc(O)cc3)n2)cc1,1.5909278768493698,train,../data/images/Lipo/624.png
625.0,Cc1ccc(CO)cc1N(C)c1ccnc(Nc2cc(N3CCCC3)cc(N3CCOCC3)c2)n1,1.3415223951158446,train,../data/images/Lipo/625.png
626.0,Cc1cccc(C(N)=O)c1NC(=O)c1ccccc1,-0.911440456543667,train,../data/images/Lipo/626.png
627.0,O=C(CCCN1CCC(O)(c2ccc(Cl)cc2)CC1)c1ccc(F)cc1,0.4020950805862328,train,../data/images/Lipo/627.png
628.0,CC(C)[C@@H](CN1CC[C@@](C)(c2cccc(O)c2)[C@@H](C)C1)NC(=O)[C@H]1Cc2ccc(O)cc2CN1,0.169316630968276,train,../data/images/Lipo/628.png
629.0,CNCc1ccc(-c2[nH]c3cc(F)cc4c3c2CCNC4=O)cc1,-0.8449323280813936,train,../data/images/Lipo/629.png
630.0,Cc1oncc1C(=O)Nc1ccc(C(F)(F)F)cc1,1.4246575556936865,train,../data/images/Lipo/630.png
631.0,Cc1ccc(-c2csc3ncnc(O)c23)cc1,0.33558695212395934,train,../data/images/Lipo/631.png
632.0,CNCC[C@@H](Oc1cc(OC)ccc1C#N)c1ccccc1,-1.0943378098149188,train,../data/images/Lipo/632.png
633.0,Cc1cn([C@H]2CCCN(S(=O)(=O)c3ccc(CO)c(Oc4cccc(Cl)c4)c3)C2)c(=O)[nH]c1=O,0.41872211270180115,train,../data/images/Lipo/633.png
634.0,C[C@@](O)(C(=O)Nc1ccc(S(=O)(=O)NCCN2CCOCC2)cc1Cl)C(F)(F)F,-0.03852127047632839,train,../data/images/Lipo/634.png
635.0,COc1ccnc(NC2CCN(C(=O)c3ccc(C#N)cc3)CC2)c1,-0.37937542884547976,train,../data/images/Lipo/635.png
636.0,CCN(C(=O)Cc1ccc(S(C)(=O)=O)cc1)C1CCN(CC[C@@H](c2ccccc2)C2CCN(S(=O)(=O)C(F)(F)F)CC2)CC1,1.0006682367466937,train,../data/images/Lipo/636.png
637.0,COc1cccc([C@@H](C)NCCCc2ccccc2Cl)c1,0.6764411104931107,train,../data/images/Lipo/637.png
638.0,O=C(O)c1[nH]c2ccccc2c1CCCOc1cccc2ccccc12,0.4686032090485063,train,../data/images/Lipo/638.png
639.0,O=C1OCCN1N=Cc1ccc([N+](=O)[O-])o1,-1.9173758995355525,train,../data/images/Lipo/639.png
640.0,Cc1cc(C)cc(-c2c(O)nc3cc(Cl)c(C(=O)Nc4ccncn4)cc3c2OCCC2CCCCN2)c1,-0.4043159770188323,train,../data/images/Lipo/640.png
641.0,O=c1[nH]n(C(c2ccncc2)C2CC2)c(=O)c2c(O)c3ccc(Cl)cc3nc12,-1.2356675827972499,train,../data/images/Lipo/641.png
642.0,O=C(NCCN1CCCC1)c1ccc(Nc2ncc3cc(-c4ccncc4)ccc3n2)cc1,0.169316630968276,train,../data/images/Lipo/642.png
643.0,C=CCN(C(=O)NCc1ccc(OC)cc1)C1CCN(CCC(c2ccccc2)c2ccccc2)CC1,1.1752520739601613,train,../data/images/Lipo/643.png
644.0,NC(Cc1ccccc1)c1ccccc1,-0.7202295872146309,train,../data/images/Lipo/644.png
645.0,O=C1Nc2ccccc2B(O)N1c1ccccc1,-0.6537214587523577,train,../data/images/Lipo/645.png
646.0,COc1ccc(Cl)c(C(=O)NCC23CC4CC(CC(C4)C2)C3)c1,1.8320198425251109,train,../data/images/Lipo/646.png
647.0,O=C(CC1CCN(Cc2ccn(-c3ccc(C(F)(F)F)cc3)c2)CC1)NC(c1ccc(F)cc1)c1ccc(=O)[nH]c1,0.7096951747242474,train,../data/images/Lipo/647.png
648.0,CCOc1ccc2oc(C(=O)NC(CCSC)c3nc4cnccc4[nH]3)c(C)c2c1,1.7655117140628376,train,../data/images/Lipo/648.png
649.0,N#Cc1c(-c2ccc(-c3ccccc3OC(F)(F)F)cc2)nc2ccncc2c1O,1.0505493330933988,train,../data/images/Lipo/649.png
650.0,O=C(CCCc1ccncc1)N1CCN(c2ccc(Cl)cc2Cl)CC1,1.4495981038670391,train,../data/images/Lipo/650.png
651.0,COc1ccc(OC)c(-c2c(F)ccc3c(N)c(C(=O)NC4CC4)nnc23)c1,1.0671763652089672,train,../data/images/Lipo/651.png
652.0,C[S+]([O-])CCN1C(=O)C(NC(=O)c2cc3cc(Cl)sc3[nH]2)Cc2ccccc21,0.8177708834754416,train,../data/images/Lipo/652.png
653.0,COc1ccc(OC(F)(F)F)cc1CN[C@H]1CCCN[C@H]1c1ccccc1,0.5933059499152689,train,../data/images/Lipo/653.png
654.0,CCOc1nc2cccc(C(=O)O)c2n1Cc1ccc(-c2ccccc2-c2nnn[nH]2)cc1,-1.568208225108617,train,../data/images/Lipo/654.png
655.0,C[C@@H]1CN[C@@H](C2CC2)C(=O)N(C)[C@H](C)C(=O)N[C@H](Cc2ccc(F)cc2)C(=O)NCCCc2ccccc2O1,0.9258465922266358,train,../data/images/Lipo/655.png
656.0,c1ccc(Nc2ccnc3ccccc23)cc1,0.4935437572218586,train,../data/images/Lipo/656.png
657.0,CC(C)(C)OC(=O)N1CCN(c2ncc(OCc3c(F)cncc3F)cn2)CC1,1.2583872345380032,train,../data/images/Lipo/657.png
658.0,Cc1cnc(Nc2ccc(OCC(O)CN(C)C)cc2)nc1Nc1ccccc1,-0.15491049528530695,train,../data/images/Lipo/658.png
659.0,Cc1c2c(=O)n(-c3ccccc3Cl)[nH]c2cc(=O)n1Cc1ccccn1,-1.6513433856864588,train,../data/images/Lipo/659.png
660.0,NC1(Cc2ccc(Cl)cc2)CCN(c2ncnc3[nH]ccc23)CC1,0.4436626608751539,train,../data/images/Lipo/660.png
661.0,CC(C)(C)OC(=O)N1C[C@@H]2CC[C@H]1CN2c1ncc(OCc2ccc(S(C)(=O)=O)cc2)cn1,1.0089817528044778,train,../data/images/Lipo/661.png
662.0,CS(=O)(=O)c1ccc([C@@H](CC2CCCC2)C(=O)Nc2nccs2)cc1,1.3914034914625497,train,../data/images/Lipo/662.png
663.0,COc1ccc(CC(=O)NC(N/C(=N/C#N)Nc2ccccc2C)C(C)(C)C)cc1OC,0.2441382754883335,train,../data/images/Lipo/663.png
664.0,COc1cc(OC)c(S(=O)(=O)N2c3ccccc3CCC2C)cc1NC(=O)COC(C)=O,-0.09671588288081787,train,../data/images/Lipo/664.png
665.0,Cc1oc(CN2CCNCC2)cc1C(=O)NCC12CC3CC(CC(C3)C1)C2,-0.961321552890372,train,../data/images/Lipo/665.png
666.0,Nc1cc2n[nH]c(=O)n2c2cc(-c3ccsc3)ccc12,0.826084399533226,train,../data/images/Lipo/666.png
667.0,O=C(NC[C@@H](O)CN1CCC(Oc2ccc(Cl)c(Cl)c2)CC1)c1c[nH]c(=O)c2cc(S(=O)(=O)NCCO)ccc12,-0.10502939893860186,train,../data/images/Lipo/667.png
668.0,C1=CCC(c2ccc3ccccc3c2)CNC1,-0.4541970733655374,train,../data/images/Lipo/668.png
669.0,CCS(=O)(=O)c1cccc(-c2cc(C(F)(F)F)ccc2OCC(=O)O)c1,-2.366305766655898,train,../data/images/Lipo/669.png
670.0,NC(=O)c1ccc(O[C@H]2C[C@H]3CC[C@@H](C2)N3Cc2ccccc2)nc1,-0.7784241996191202,train,../data/images/Lipo/670.png
671.0,Nc1nc2cc3c(cc2s1)CCN(Cc1cnc[nH]1)CC3,-1.9173758995355525,train,../data/images/Lipo/671.png
672.0,O=C(O)c1ccc(NC(=O)c2cc(OCc3ccccc3)cc(OCc3ccccc3)c2)nc1,0.42703562875958556,train,../data/images/Lipo/672.png
673.0,Cc1cnc2nc(SCc3cccc(F)c3F)nc(N[C@H](C)CO)c2n1,1.0921169133823194,train,../data/images/Lipo/673.png
674.0,Cc1ncc(-c2ccnc(Nc3ccc(C(N)=O)cc3)n2)n1C(C)C,0.169316630968276,train,../data/images/Lipo/674.png
675.0,CN1CCOc2cc(OC(=O)c3ccccc3)cnc21,0.9258465922266358,train,../data/images/Lipo/675.png
676.0,NC(=O)c1cccc(O[C@H]2C[C@H]3CC[C@@H](C2)N3Cc2ccccc2)c1,-0.4791376215388898,train,../data/images/Lipo/676.png
677.0,COc1ccccc1C(C#N)NC(=O)[C@@H]1CCCC[C@H]1C(=O)N1CCN(Cc2ccc(F)cc2)CC1,1.1503115257868086,train,../data/images/Lipo/677.png
678.0,CC(C)COc1cc(-c2cccc3c(=O)cc(N4CCOCC4)oc23)ccc1NC(=O)CN1CCOCC1,1.3415223951158446,train,../data/images/Lipo/678.png
679.0,Cc1nc(C)c(-c2ccc3c(c2)CC[C@]32CC[C@H](C(=O)O)CC2)nc1C(N)=O,-0.7368566193301993,train,../data/images/Lipo/679.png
680.0,COc1cc2ncnc(Nc3ccc(Cl)c(O)c3)c2cc1OC,0.9258465922266358,train,../data/images/Lipo/680.png
681.0,COc1cccc(CNc2nc(NC(C)C)nc3ccsc23)c1OC,1.2583872345380032,train,../data/images/Lipo/681.png
682.0,Nc1ccc(S(=O)(=O)N2CCCC2)cc1,-1.002889133179293,train,../data/images/Lipo/682.png
683.0,Cc1ccc(S(=O)(=O)Nc2c(C(=O)NC3CCCCC3)cnn2-c2ccccc2)cc1,-1.1525324222194082,train,../data/images/Lipo/683.png
684.0,COc1cc(F)ccc1-c1cncc(CNC(=O)c2cnccn2)c1,0.2607653076039019,train,../data/images/Lipo/684.png
685.0,CSc1ncccc1C(=O)NCCc1ccc(Cl)cc1,0.9341601082844202,train,../data/images/Lipo/685.png
686.0,N#Cc1cc(Cl)ccc1O[C@H](CCN)c1ccccc1,-1.061083745583782,train,../data/images/Lipo/686.png
687.0,O=C(Nc1cccc(NC(=O)c2ccccc2)n1)c1ccccc1,1.5244197483870963,train,../data/images/Lipo/687.png
688.0,Cc1nc(C)c(-c2ccc(C34CCC(CC(=O)O)(CC3)CC4)cc2)nc1C(N)=O,-0.48745113759667397,train,../data/images/Lipo/688.png
689.0,Nc1cc2n[nH]c(=O)n2c2cc(-c3cccs3)ccc12,0.892592527995499,train,../data/images/Lipo/689.png
690.0,CC(N)(COP(=O)(O)O)C(=O)O,0.2607653076039019,train,../data/images/Lipo/690.png
691.0,CCCNC(=O)c1nnc2c(-c3ccc(OC)cc3OC)c(F)ccc2c1N,1.1087439454978878,train,../data/images/Lipo/691.png
692.0,O=C(Nc1ccc(N2CCOCC2)nc1)c1nnc(Nc2cccc(F)c2)o1,0.8427114316487944,train,../data/images/Lipo/692.png
693.0,Cc1ccc(NC(=O)c2ccnc(N3CCOCC3)c2)cc1Nc1ccnc(OCCCN(C)C)n1,-0.7368566193301993,train,../data/images/Lipo/693.png
694.0,CC(=O)NC[C@H]1CN(c2ccc(-n3cc(C#N)nn3)c(F)c2)C(=O)O1,-1.1525324222194082,train,../data/images/Lipo/694.png
695.0,N#Cc1cccc(-c2cccc(C(=O)O)c2)c1,-1.568208225108617,train,../data/images/Lipo/695.png
696.0,Cc1ccc(Oc2cccc(CN3CCCC(n4cc(C)c(=O)[nH]c4=O)C3)c2)cc1,0.9923547206889093,train,../data/images/Lipo/696.png
697.0,CN[C@@H](C)C(=O)N[C@H](C(=O)N[C@H]1CCCN(CCc2ccccn2)C1)C(C)(C)C,-2.274857090020272,train,../data/images/Lipo/697.png
698.0,CCC(c1nc2nccnc2c(=O)n1Cc1ccccc1)N(CCCN)C(=O)c1ccc(C)cc1,-1.934002931651121,train,../data/images/Lipo/698.png
699.0,NC(=O)C(NC(=O)C1(N)CCN(c2ncnc3[nH]ccc23)CC1)c1ccc(Cl)cc1,0.011359825870376712,train,../data/images/Lipo/699.png
700.0,CC(C)C[C@H](CO)Nc1nc(SCc2ccncc2)nc2nc(N)sc12,0.5933059499152689,train,../data/images/Lipo/700.png
701.0,CCn1nc(C)c(C(=O)N[C@@H](C)C(C)(C)C)c1NS(=O)(=O)c1ccc(C)cc1,-1.0278296813526455,train,../data/images/Lipo/701.png
702.0,CCCc1cc(C2=N[C@@H](C(=O)NO)CO2)cc(OC)c1OC,-0.4126294930766165,train,../data/images/Lipo/702.png
703.0,Cc1ccc2c(c1)c(-c1ccnc3c(C(F)(F)F)cccc13)c(C)n2CC(=O)O,-0.7617971675035519,train,../data/images/Lipo/703.png
704.0,Cc1cc(NS(=O)(=O)c2ccc(N)cc2)no1,-2.2831706060780563,train,../data/images/Lipo/704.png
705.0,Cn1c(-c2ccncc2)cc2onc(-c3ccccc3)c2c1=O,0.3522139842395277,train,../data/images/Lipo/705.png
706.0,c1ccc(-c2n[nH]c(-c3ccncc3)n2)nc1,-0.5872133302900842,train,../data/images/Lipo/706.png
707.0,COc1cc(NC(=O)Nc2cccc(CNC(=O)O[C@H]3CCOC3)c2)ccc1-c1cnco1,1.1752520739601613,train,../data/images/Lipo/707.png
708.0,CC(C)(C)C(=O)Nc1ccc2c(c1)C(=O)C(=O)c1ccccc1-2,0.5351113375107798,train,../data/images/Lipo/708.png
709.0,NCc1nc2ccccc2[nH]1,-1.4850730645307753,train,../data/images/Lipo/709.png
710.0,COc1cc(OC)c(S(=O)(=O)NCc2ccccc2N2CCCCC2)cc1NC(=O)CCC(=O)O,-2.416186863002603,train,../data/images/Lipo/710.png
711.0,Cc1nc(C(=O)N2CCOC3(CCN(Cc4ccc(Cl)cc4)CC3)C2)cs1,-0.013580722302976024,train,../data/images/Lipo/711.png
712.0,Cc1ccc(CO)cc1N(C)c1ccnc(Nc2cc(N3CCOCC3)cc(N3CCN(C)CC3)c2)n1,0.3522139842395277,train,../data/images/Lipo/712.png
713.0,CC(C)Oc1cc(-n2cnc3cnc(N[C@@H](C)c4ncc(F)cn4)nc32)n[nH]1,0.18594366308384438,train,../data/images/Lipo/713.png
714.0,COc1cc2ncc(C(N)=O)c(Nc3cc(F)ccc3F)c2cc1OC,0.5933059499152689,train,../data/images/Lipo/714.png
715.0,CC(O)(C(=O)Nc1ccc(S(=O)(=O)c2ccccc2)cc1)C(F)(F)F,0.6598140783775424,train,../data/images/Lipo/715.png
716.0,Cc1c(Sc2ccc(Cl)cc2)c2cc(Cl)ccc2n1C(C)C(=O)O,1.1419980097290245,train,../data/images/Lipo/716.png
717.0,Cc1cn([C@H]2CCCN(Cc3ccc(C(=O)O)c(Oc4cccc(C(F)(F)F)c4)c3)C2)c(=O)[nH]c1=O,-2.1335273170379407,train,../data/images/Lipo/717.png
718.0,COc1cc2ncnc(Nc3cccc(Cl)c3F)c2cc1OC1CCN(C)CC1,0.4436626608751539,train,../data/images/Lipo/718.png
719.0,Cc1c(OCC(F)(F)F)ccnc1C[S+]([O-])c1nc2ccccc2[nH]1,0.42703562875958556,train,../data/images/Lipo/719.png
720.0,Cc1ccnc2nc(C(=O)Nc3nccs3)nn12,-1.5598947090508328,train,../data/images/Lipo/720.png
721.0,CC[C@H](C)[C@H](N)C1=N[C@H](C(=O)N[C@@H](CC(C)C)C(=O)N[C@H](CCC(=O)O)C(=O)N[C@H](C(=O)N[C@H]2CCCCNC(=O)[C@H](CC(N)=O)NC(=O)[C@@H](CC(=O)O)NC(=O)[C@H](Cc3cnc[nH]3)NC(=O)[C@@H](Cc3ccccc3)NC(=O)[C@H]([C@@H](C)CC)NC(=O)[C@@H](CCCN)NC2=O)[C@@H](C)CC)CS1,-2.2000354455002142,train,../data/images/Lipo/721.png
722.0,N#CC1(NC(=O)[C@@H]2CCCC[C@H]2C(=O)N2CCN(c3nc(-c4ccccc4)cs3)CC2)CC1,1.0921169133823194,train,../data/images/Lipo/722.png
723.0,N#Cc1cccc(C[C@@H](C(=O)O)N2CCC(CN3CCC(Oc4ccc(Cl)c(Cl)c4)CC3)CC2)c1,0.061240922217081446,train,../data/images/Lipo/723.png
724.0,CN[C@@H](C)C(=O)N[C@H](C(=O)N[C@H]1CCCN(S(=O)(=O)c2ccccc2)C1)C(C)(C)C,-1.0693972616415663,train,../data/images/Lipo/724.png
725.0,Cc1ccc(CO)cc1N(C)c1ccnc(Nc2cc(CN3CCOCC3)cc(N3CCOCC3)c2)n1,0.6764411104931107,train,../data/images/Lipo/725.png
726.0,NC(=O)c1cc(F)cc(O[C@H]2C[C@H]3CC[C@@H](C2)N3Cc2ccccc2)c1,-0.03852127047632839,train,../data/images/Lipo/726.png
727.0,C[C@@H](NC1=CC(=O)CCC1)c1ccc(Nc2ncc3cc(-c4ccncc4)ccc3n2)cc1,0.8177708834754416,train,../data/images/Lipo/727.png
728.0,CC(=O)Nc1ccc2cnn(-c3cc(NC4CC4)n4ncc(C#N)c4n3)c2c1,1.0422358170356143,train,../data/images/Lipo/728.png
729.0,COc1ccc(NC(=O)c2ccnc(N)n2)cc1,-0.38768894490326394,train,../data/images/Lipo/729.png
730.0,O=C(Nc1cccc(-c2nnn[nH]2)c1)c1cc(C(F)(F)F)cc2[nH]cnc12,-0.9031269404858828,train,../data/images/Lipo/730.png
731.0,CCS(=O)(=O)c1ccc(-c2cc(Cl)ccc2OCC(=O)O)cc1,-2.4660679593493082,train,../data/images/Lipo/731.png
732.0,O=C(N[C@H](CO)[C@H](O)c1ccc([N+](=O)[O-])cc1)C(Cl)Cl,-0.861559360196962,train,../data/images/Lipo/732.png
733.0,O=C(Nc1ncc(F)s1)C(CC1CCOCC1)c1ccc(S(=O)(=O)C2CC2)cc1,0.9258465922266358,train,../data/images/Lipo/733.png
734.0,O=C(NCC12CC3CC(CC(C3)C1)C2)c1ccccc1Br,1.6324954571382913,train,../data/images/Lipo/734.png
735.0,CCOc1ccc(-c2cnc3n2CCC3)cc1,0.38546804847066446,train,../data/images/Lipo/735.png
736.0,CC[C@@H](CO)Nc1nc(SCc2ccccc2)nc2nc(N)sc12,0.6681275944353267,train,../data/images/Lipo/736.png
737.0,COc1cc(OC)c(S(=O)(=O)N2c3ccccc3Oc3ccccc32)cc1NC(=O)CCC(=O)O,-2.258230057904704,train,../data/images/Lipo/737.png
738.0,C[C@@H]1CN(c2ccccc2)CCN1C(=O)[C@@H]1CCCC[C@H]1C(=O)NC1(C#N)CC1,0.1360625667371393,train,../data/images/Lipo/738.png
739.0,Nc1nnc(Cc2ccc(Cl)cc2)s1,0.1277490506793549,train,../data/images/Lipo/739.png
740.0,Cc1nc2ncnn2c(O)c1CCOC(=O)c1c(F)cccc1F,-1.6845974499175953,train,../data/images/Lipo/740.png
741.0,O=C(c1cccc(Cc2n[nH]c(=O)c3ccccc23)c1)N1CCN(c2ccccn2)CC1,0.14437608279492328,train,../data/images/Lipo/741.png
742.0,O=C(NS(=O)(=O)c1ccc(Cl)cc1)N1CCC(N2CCC(Oc3ccc(Cl)c(Cl)c3)CC2)CC1,0.33558695212395934,train,../data/images/Lipo/742.png
743.0,C=C[C@H]1CN2CC[C@H]1C[C@@H]2[C@@H](O)c1ccnc2ccc(OC)cc12,0.019673341928160712,train,../data/images/Lipo/743.png
744.0,COc1ccc(N2CCN(C(=O)[C@@H]3CCCC[C@H]3C(=O)NC3(C#N)CC3)CC2)cc1OC,-0.6537214587523577,train,../data/images/Lipo/744.png
745.0,COc1ccc(NC(=O)c2nnc(Nc3ccccc3F)o2)cn1,0.8427114316487944,train,../data/images/Lipo/745.png
746.0,COc1ccc(CNCc2cccc(CCNC[C@H](O)c3ccc(O)c4[nH]c(=O)sc34)c2)cc1,-1.102651325872703,train,../data/images/Lipo/746.png
747.0,CCC(c1nc2ccsc2c(=O)n1Cc1ccccc1)N(CCCN)C(=O)c1ccc(C)nc1,0.31064640395060694,train,../data/images/Lipo/747.png
748.0,NC(=O)c1cnc2[nH]c(-c3ccc(OCCN4CCCCC4)cc3)nc2c1NCCCNC(=O)C1CCC1,0.2441382754883335,train,../data/images/Lipo/748.png
749.0,CC(=O)Nc1nc(CCc2ccc(NC(=N)N)cc2)cs1,-2.4993220235804445,train,../data/images/Lipo/749.png
750.0,CNc1cccc(CCCc2ccc(C[C@H](NC(=O)c3c(Cl)cccc3Cl)C(=O)O)s2)n1,-1.1691594543349764,train,../data/images/Lipo/750.png
751.0,N=C(N)Nc1ccc(C(=O)Oc2ccc([N+](=O)[O-])cc2)cc1,-1.4019379039529334,train,../data/images/Lipo/751.png
752.0,C#CCN(c1ccnc(Nc2ccc(OCC(O)CN(C)C)cc2)n1)c1cc(Cl)ccc1Cl,0.8427114316487944,train,../data/images/Lipo/752.png
753.0,CC(C)(N)C(=O)N[C@H](COCc1ccccc1)C(=O)N1CCC2(CC1)CN(S(C)(=O)=O)c1ccccc12,-0.6537214587523577,train,../data/images/Lipo/753.png
754.0,FC(F)(F)c1nnc2ccc(N3CCCCCC3)nn12,0.9175330761688518,train,../data/images/Lipo/754.png
755.0,CN1CCC(n2cc(-c3cnc(N)c(-c4nc5ccc(F)cc5o4)c3)cn2)CC1,0.967414172515557,train,../data/images/Lipo/755.png
756.0,CC(C)Oc1cc(OCCN2CCOCC2)cc2ncnc(Nc3c(Cl)ccc4c3OCO4)c12,1.2417602024224348,train,../data/images/Lipo/756.png
757.0,Cc1ccc(NC(=O)c2cccc(C(F)(F)F)c2)cc1NC(=O)c1cccnc1,0.7678897871287366,train,../data/images/Lipo/757.png
758.0,Cc1cn([C@H]2CCCN([C@H](C)c3ccc(C(=O)O)c(Oc4cccc(Cl)c4)c3)C2)c(=O)[nH]c1=O,-2.0670191885756672,train,../data/images/Lipo/758.png
759.0,COc1ccc(-c2cc(Nc3ccn(C)n3)n3ncc(C#N)c3n2)cc1,0.6515005623197583,train,../data/images/Lipo/759.png
760.0,NC(=O)Nc1sc(-c2ccc(CN3CCCCC3)cc2)cc1C(N)=O,-0.3627483967299114,train,../data/images/Lipo/760.png
761.0,Cc1ccc(NC(=O)[C@H]2CCCN2S(=O)(=O)c2cccc3cccnc23)c(C)c1,1.4246575556936865,train,../data/images/Lipo/761.png
762.0,CCN(CCO)CCCOc1cc2ncnc(Nc3cc(CC(=O)Nc4cccc(F)c4)[nH]n3)c2cc1OC,-0.05514830259189676,train,../data/images/Lipo/762.png
763.0,Cc1cn([C@H]2CCCN([C@@H](CC(C)(C)C)c3ccc(C(=O)O)c(Oc4cccc(Br)c4)c3)C2)c(=O)[nH]c1=O,-0.8864999083703144,train,../data/images/Lipo/763.png
764.0,O=c1cc(-c2cccnc2)[nH]c2cc(Cc3ccccc3)ccc12,1.0588628491511827,train,../data/images/Lipo/764.png
765.0,C[C@H](Nc1nc(NC[C@@H](O)CO)c(Cl)c(Nc2cc(C3CC3)[nH]n2)n1)c1ccc(F)cc1,1.0006682367466937,train,../data/images/Lipo/765.png
766.0,Cc1ncc(-c2ccnc(Nc3ccc(C(N)=O)c(F)c3)n2)n1C(C)C,0.510170789337427,train,../data/images/Lipo/766.png
767.0,O=C(Oc1ccc(Br)cc1)N1CCN2CCC1CC2,-0.5040781697122423,train,../data/images/Lipo/767.png
768.0,COc1cc(N2CCCN(C)CC2)c2[nH]c(C(=O)Nc3ccc(N4CCOCC4)cc3)cc(=O)c2c1,-0.07177533470746512,train,../data/images/Lipo/768.png
769.0,CC1CN(C(=O)c2cc3ccccc3[nH]2)CCN1,-1.0361431974104298,train,../data/images/Lipo/769.png
770.0,Oc1ccc(CCc2ccc(O)cc2)cc1,0.9258465922266358,train,../data/images/Lipo/770.png
771.0,O=C(c1ccc(F)cc1)C1CCN(C(=O)NCc2ccccc2)CC1,0.8011438513598732,train,../data/images/Lipo/771.png
772.0,Nc1nc(NCc2ccccc2)nc2c1nc(O)n2Cc1ccccc1,1.2500737184802189,train,../data/images/Lipo/772.png
773.0,CC(=O)c1cn(Cc2ccccc2)c(=O)n(Cc2ccc(F)cc2)c1=O,0.8427114316487944,train,../data/images/Lipo/773.png
774.0,Cc1cnc(NS(=O)(=O)c2ccccc2)c(C)n1,-1.8425542550154945,train,../data/images/Lipo/774.png
775.0,CCn1c(=O)ccc2cnc(Nc3ccc(OC)c(OC)c3)nc21,0.42703562875958556,train,../data/images/Lipo/775.png
776.0,COc1cc(OC)c(S(=O)(=O)N2c3ccccc3CC2C)cc1NC(C)=O,-0.1964780755742279,train,../data/images/Lipo/776.png
777.0,Nc1nc(-c2ccccc2)cs1,0.20257069519941276,train,../data/images/Lipo/777.png
778.0,CCOC(=O)[C@H](CCc1ccccc1)N[C@@H](C)C(=O)N1[C@H](C(=O)O)C[C@@H]2CCC[C@@H]21,-2.1584678652112936,train,../data/images/Lipo/778.png
779.0,CC(C)Oc1ccc2c(=O)c(-c3ccccc3)coc2c1,1.5659873286760178,train,../data/images/Lipo/779.png
780.0,N#Cc1nc(Nc2ccccc2)c(N)c(N2CCOCC2)n1,0.4436626608751539,train,../data/images/Lipo/780.png
781.0,CN(C)CCCNS(=O)(=O)c1ccc(Nc2nccc(-c3cnc4cccnn34)n2)cc1,-0.6537214587523577,train,../data/images/Lipo/781.png
782.0,O=C(NCCSCc1ccccc1)c1ccccc1,0.9258465922266358,train,../data/images/Lipo/782.png
783.0,COc1cc(N2CC3COCC(C2)N3)ccc1Nc1ncc(Cl)c(-c2cnc3ccccn23)n1,0.6764411104931107,train,../data/images/Lipo/783.png
784.0,CC(C)C(=O)Nc1nc(-c2ccccn2)cc2ccccc12,0.42703562875958556,train,../data/images/Lipo/784.png
785.0,C[C@@H](C(=O)NCCN1CCCC1)c1ccc(OS(=O)(=O)C(F)(F)F)cc1,-0.4541970733655374,train,../data/images/Lipo/785.png
786.0,C[C@]12CCC(=O)C=C1CC[C@@H]1[C@@H]2C(=O)C[C@@]2(C)[C@H]1CC[C@]2(O)C(=O)CO,-0.6537214587523577,train,../data/images/Lipo/786.png
787.0,CN(C)CCOc1ccc(-c2cc(C(N)=O)c(NC(N)=O)s2)cc1,-0.8532458441391778,train,../data/images/Lipo/787.png
788.0,CN(C)CCCNC(=O)c1nc(Cl)c(N)nc1N,-2.64896531262056,train,../data/images/Lipo/788.png
789.0,CNc1nc2nc(SCc3cccc(F)c3F)nc(N[C@H](C)CO)c2s1,1.2583872345380032,train,../data/images/Lipo/789.png
790.0,O=C(NO)[C@@H](Cc1ccc2ccccc2c1)NS(=O)(=O)c1ccc2ccccc2c1,0.8676519798221467,train,../data/images/Lipo/790.png
791.0,Cc1nccn1CCC(C(N)=O)(c1ccccc1)c1ccccc1,-0.32949433249877463,train,../data/images/Lipo/791.png
792.0,CC(=O)NC1CC2CCCC(C1)N2C(=O)Nc1ccc(Cl)c(C(F)(F)F)c1,0.501857273279643,train,../data/images/Lipo/792.png
793.0,COc1ccc(C(=O)NCCN2CCN(Cc3ccc(Cl)c(Cl)c3)CC2)cc1Cl,1.29164129876914,train,../data/images/Lipo/793.png
794.0,Cc1ccc(S(=O)(=O)N2N=Cc3ccccc3B2O)cc1,-1.7760461265532215,train,../data/images/Lipo/794.png
795.0,CC1(c2ccc(Cl)c(Cl)c2)CC(=O)NC(N)=N1,-0.49576465365445815,train,../data/images/Lipo/795.png
796.0,CC(C)C(NC(=O)Cn1c(-c2cccc(C(=O)O)c2)ccc(NC(=O)OCc2ccccc2)c1=O)C(=O)C(F)(F)F,-0.8199917799080412,train,../data/images/Lipo/796.png
797.0,COc1cc(N2CCN(C(C)=O)CC2)ccc1Nc1ncc(Cl)c(-c2cnc3c(C)cccn23)n1,0.8427114316487944,train,../data/images/Lipo/797.png
798.0,O=C(Cn1cnc2ccccc21)c1ccc(Br)cc1,0.8593384637643627,train,../data/images/Lipo/798.png
799.0,O=C1CCOc2nc(OCc3ccccc3)ccc21,0.7595762710709525,train,../data/images/Lipo/799.png
800.0,NC(=O)c1ccc(N(C(N)=O)c2c(F)cccc2F)nc1-c1ccc(F)cc1F,-0.48745113759667397,train,../data/images/Lipo/800.png
801.0,O=C(O)[C@H](Cc1ccc(F)cc1)N1CCC(CN2CCC(Oc3ccc(Cl)cc3)CC2)CC1,-0.2380456558631488,train,../data/images/Lipo/801.png
802.0,CC(=O)NC[C@H]1CN(c2ccc(-n3ccnc3)c(F)c2)C(=O)O1,-1.2356675827972499,train,../data/images/Lipo/802.png
803.0,CN(C)CCCN1c2ccccc2CCc2ccc(Cl)cc21,0.9757276885733409,train,../data/images/Lipo/803.png
804.0,CN1CCN(CCCN2c3ccccc3Sc3ccc(Cl)cc32)CC1,1.4412845878092548,train,../data/images/Lipo/804.png
805.0,O=C(O)COc1ccc(Br)cc1-c1ccccc1,-1.6929109659753796,train,../data/images/Lipo/805.png
806.0,Cn1c(N)nc(CCc2ccccc2)cc1=O,-0.15491049528530695,train,../data/images/Lipo/806.png
807.0,CCCCCCN1CC[C@]2(C)c3cc(O)ccc3CC1[C@@H]2C,0.2607653076039019,train,../data/images/Lipo/807.png
808.0,CN[C@@H](C)C(=O)N[C@H](C(=O)N[C@H]1CCCN(CCc2ccc(OC)cc2)C1)C(C)(C)C,-0.6121538784634367,train,../data/images/Lipo/808.png
809.0,COc1cc(O)c(C(CC(=O)N2CC(C)CC(C)C2)c2ccc3c(c2)OCO3)c(OC)c1,1.7571981980050535,train,../data/images/Lipo/809.png
810.0,O=C(CCc1ccncc1)Nc1ccc(C(=O)c2ccccc2)cc1,1.0089817528044778,train,../data/images/Lipo/810.png
811.0,Cc1cc(Cn2[nH]c(=O)c3[nH]c4cc(Cl)ccc4c(=O)c3c2=O)oc1C,-0.9862621010637246,train,../data/images/Lipo/811.png
812.0,CC(=O)Nc1cc2c(ccn2-c2cc(NC3CC3)n3ncc(C#N)c3n2)cc1C,0.3937815645284488,train,../data/images/Lipo/812.png
813.0,c1ccc(Nc2ncnc3ccccc23)cc1,0.6265600141464056,train,../data/images/Lipo/813.png
814.0,O=C(CN1C(=O)C(NC(=O)c2cc3cc(Cl)sc3[nH]2)Cc2ccccc21)NCCO,0.7180086907820314,train,../data/images/Lipo/814.png
815.0,O=C1CCCc2nc(C#Cc3ccccc3)ccc21,1.1170574615556719,train,../data/images/Lipo/815.png
816.0,O=C(O)c1ccc(-n2ncc(C(=O)NC3C4CC5CC(C4)CC3C5)c2C2CCCC2)cc1,-0.38768894490326394,train,../data/images/Lipo/816.png
817.0,CC(C)N(CCCNC(=O)Nc1ccc(C(C)(C)C)cc1)C[C@H]1O[C@@H](n2cnc3c(N)ncnc32)[C@H](O)[C@@H]1O,0.011359825870376712,train,../data/images/Lipo/817.png
818.0,O=C(CC12CC3CC(CC(C3)C1)C2)Nc1cccc2c(=O)n(C(CO)CO)ccc12,0.36052750029731206,train,../data/images/Lipo/818.png
819.0,O=C(Cc1ccc2c(n1)NCCC2)Nc1ccc(C[C@H](NC(=O)c2c(Cl)cccc2Cl)C(=O)O)cc1,-2.341365218482545,train,../data/images/Lipo/819.png
820.0,O=c1cc(-c2ccccc2)oc2ccc(O)cc12,1.1752520739601613,train,../data/images/Lipo/820.png
821.0,NC(=O)c1cccnc1Oc1ccccc1,-0.8781863923125304,train,../data/images/Lipo/821.png
822.0,CC(C)c1ccc2oc3nc(N)c(C(=O)O)cc3c(=O)c2c1,-0.9031269404858828,train,../data/images/Lipo/822.png
823.0,C[C@@H]1CN(c2ncc(F)cn2)CCN1c1ncc(OCc2ccncc2C#N)cn1,1.0089817528044778,train,../data/images/Lipo/823.png
824.0,Cc1cc(C#N)oc1-c1c2c(=O)n(C)c(=O)n(CC3CC3)c2nn1Cc1ccnc2ccc(Cl)cc12,1.7904522622361903,train,../data/images/Lipo/824.png
825.0,O=C([C@H]1CCCCN1)N1CCN(c2nc(NCc3ccc(Cl)cc3Cl)c3cccnc3n2)CC1,0.06955443827486582,train,../data/images/Lipo/825.png
826.0,Cc1ccc(S(=O)(=O)N2N=Cc3oc(C)cc3B2O)cc1,-2.0503921564600995,train,../data/images/Lipo/826.png
827.0,COCCN(c1ccnc(Nc2cc(N3CCOCC3)cc(N3CCOCC3)c2)n1)c1cc(CO)ccc1C,0.510170789337427,train,../data/images/Lipo/827.png
828.0,CNC1CCN(c2ccc(NC(=O)c3ccc(-c4ccccc4)cc3)cn2)C1,0.1360625667371393,train,../data/images/Lipo/828.png
829.0,Cc1cc(Nc2cnc(C#N)c(N[C@@H](C)c3ncc(F)cn3)n2)n[nH]1,-0.1881645595164437,train,../data/images/Lipo/829.png
830.0,CC[C@H](N)C(=O)N[C@H](C#N)Cc1ccc(-c2ccccc2)cc1,0.3439004681817437,train,../data/images/Lipo/830.png
831.0,COc1ccccc1CN(C(C)=O)c1cnccc1Oc1ccccc1,0.6764411104931107,train,../data/images/Lipo/831.png
832.0,CS(=O)(=O)c1ccc2nc(N3CCN(C(=O)[C@@H]4CCCC[C@H]4C(=O)NC4(C#N)CC4)CC3)sc2c1,-0.5788998142323,train,../data/images/Lipo/832.png
833.0,Cc1ccc(C)c(OCCCC(C)(C)C(=O)O)c1,-1.2190405506816815,train,../data/images/Lipo/833.png
834.0,COc1cc(OC)c(S(=O)(=O)N2c3ccccc3CCC2C)cc1NC(=O)Cc1ccnc(F)c1,0.25245179154611785,train,../data/images/Lipo/834.png
835.0,CCN1C(=O)NC(c2ccccc2)C1=O,-0.9862621010637246,train,../data/images/Lipo/835.png
836.0,Cc1cc(C(N)=O)ccc1O[C@H]1C[C@H]2CC[C@@H](C1)N2Cc1ccccc1,0.03630037404372908,train,../data/images/Lipo/836.png
837.0,CCC(=O)O[C@H]1CC[C@H]2[C@@H]3CCC4=CC(=O)CC[C@]4(C)[C@H]3CC[C@]12C,0.9258465922266358,train,../data/images/Lipo/837.png
838.0,COc1c(C)c2c(c(O)c1C/C=C(\C)CCC(=O)OCCN1CCOCC1)C(=O)OC2,0.061240922217081446,train,../data/images/Lipo/838.png
839.0,Cn1c(CN2CCC(c3ccccc3)CC2)nc2ccccc21,1.1752520739601613,train,../data/images/Lipo/839.png
840.0,CCNC(=O)c1ccc(CN2CCC(c3ccc(C(=O)Nc4ccccc4N)cc3)CC2)cc1,0.04461389010151345,train,../data/images/Lipo/840.png
841.0,CC1(C)Cc2c(-c3ccccc3)c(-c3ccc(Cl)cc3)c(CC(=O)O)n2C1,0.7346357228975998,train,../data/images/Lipo/841.png
842.0,CCCc1c(OCCCOc2ccc3c(=O)cc(C(=O)O)oc3c2CCC)ccc(C(C)=O)c1O,0.6764411104931107,train,../data/images/Lipo/842.png
843.0,CN[C@@H](C)C(=O)N[C@H](C(=O)N[C@H]1CCN(C(=O)c2ccccc2)C1)C1CCCCC1,-1.1359053901038398,train,../data/images/Lipo/843.png
844.0,COc1ccc(S(=O)(=O)Nc2ccc(/C=C/C(=O)Nc3ccccc3N)cc2)cc1OC,0.31064640395060694,train,../data/images/Lipo/844.png
845.0,CC(C)(C)NC(=O)[C@@H]1CN(Cc2cccnc2)CCN1C[C@@H](O)C[C@@H](Cc1ccccc1)C(=O)N[C@H]1c2ccccc2C[C@H]1O,0.5933059499152689,train,../data/images/Lipo/845.png
846.0,COc1ccc(N(C(=O)c2occc2C)C(C(=O)NC[C@@H](C)O)c2ccccc2F)c(OC)c1,-0.12165643105417023,train,../data/images/Lipo/846.png
847.0,CC[C@H](NC(=O)c1c(CN(C)C)c(-c2ccccc2)nc2ccccc12)c1ccccc1,1.6574360053116433,train,../data/images/Lipo/847.png
848.0,O=c1cc(N2CCOCC2)nc2ccccn12,-0.9862621010637246,train,../data/images/Lipo/848.png
849.0,O=C(Nc1ccc(N2CCOCC2)cc1)c1nnc(NC(=O)C2(c3ccc(Cl)cc3)CCC2)o1,0.8427114316487944,train,../data/images/Lipo/849.png
850.0,CC(O)(C(=O)Nc1ccc(S(=O)(=O)Nc2ccccc2)cc1)C(F)(F)F,0.7346357228975998,train,../data/images/Lipo/850.png
851.0,Cc1ccc(NC(=O)c2ccnc(N3CCOCC3)c2)cc1Nc1ccnc(N(C)C2CCN(C)CC2)n1,-0.32118081644099045,train,../data/images/Lipo/851.png
852.0,CCN(CC)S(=O)(=O)c1ccc(NC(=O)[C@@](C)(O)C(F)(F)F)c(Cl)c1,1.2251331703068664,train,../data/images/Lipo/852.png
853.0,Cc1nc(-c2ccc(CN3CCC(N(C)C(=O)Cc4ccc(-n5cnnn5)cc4)CC3)cc2)no1,-0.07177533470746512,train,../data/images/Lipo/853.png
854.0,CSc1ccc(OCc2ccccc2)c(C(=O)Nc2ccc(C(=O)O)cn2)c1,-0.48745113759667397,train,../data/images/Lipo/854.png
855.0,O=C(c1ccc(C(=C2CCN(Cc3cscn3)CC2)c2cccc3cccnc23)cc1)N1CCCC1,0.4686032090485063,train,../data/images/Lipo/855.png
856.0,CN1C2CC(OC(=O)C(CO)c3ccccc3)CC1C1OC12,-1.6762839338598112,train,../data/images/Lipo/856.png
857.0,O=c1[nH]c2c(O)ccc([C@@H](O)CNCCc3cccc(CNCCCc4ccccc4)c3)c2s1,-0.8948134244280986,train,../data/images/Lipo/857.png
858.0,Oc1ncnc2scc(-c3ccccc3)c12,-0.09671588288081787,train,../data/images/Lipo/858.png
859.0,Cc1cnc(NC(=O)Cc2ccccc2)s1,0.5933059499152689,train,../data/images/Lipo/859.png
860.0,Cc1cc2c(F)c(Oc3ncnn4cc(OC[C@@H](C)OC(=O)[C@H](C)N)c(C)c34)ccc2[nH]1,0.83439791559101,train,../data/images/Lipo/860.png
861.0,COc1ccc(-c2nc3c(NCC4CCNCC4)c(Br)cnc3[nH]2)cc1,-0.6869755229834942,train,../data/images/Lipo/861.png
862.0,CC(C)NCC(O)COc1nccs1,-2.6240247644472072,train,../data/images/Lipo/862.png
863.0,O=C(O)CCc1ccc(OCc2cc(Cl)ccc2-c2ccccc2)cc1,0.8593384637643627,train,../data/images/Lipo/863.png
864.0,CN(C(=O)Cc1ccc(Cl)c(Cl)c1)C(CN1CCCC1)c1ccccc1,0.9923547206889093,train,../data/images/Lipo/864.png
865.0,CN(CCOc1ccc(C[C@H](Nc2ccccc2C(=O)c2ccccc2)C(=O)O)cc1)c1nc2ccccc2o1,0.23582475943054948,train,../data/images/Lipo/865.png
866.0,CC(C)Oc1cc(OCCc2cccnc2)cc(C(=O)Nc2ccc(C(=O)O)cn2)c1,-1.144218906161624,train,../data/images/Lipo/866.png
867.0,OCC[C@]1(c2ccc(Cl)c(Cl)c2)CCCNC1,-1.3104892273173077,train,../data/images/Lipo/867.png
868.0,CCCc1nc2c(C)cc(-c3nc4ccccc4n3C)cc2n1Cc1ccc(-c2ccccc2C(=O)O)cc1,0.019673341928160712,train,../data/images/Lipo/868.png
869.0,NC(=O)Nc1sc(-c2ccc(OCCN3CCCCC3)cc2)cc1C(N)=O,-0.8199917799080412,train,../data/images/Lipo/869.png
870.0,COc1ccc(-c2cc(O)nc(N)n2)cc1,-0.5539592660589474,train,../data/images/Lipo/870.png
871.0,O=c1[nH]nc(Cc2ccccc2)c2ccccc12,0.510170789337427,train,../data/images/Lipo/871.png
872.0,CCc1[nH]nc(NC(=O)Cc2ncc(Oc3ccnc4cc(OC)c(OC)cc34)cc2OC)c1C,0.501857273279643,train,../data/images/Lipo/872.png
873.0,Cc1[nH]c(/C=C2\C(=O)Nc3ccc(F)cc32)c(C)c1C(=O)NC[C@H](O)CN1CCOCC1,0.02798685798594508,train,../data/images/Lipo/873.png
874.0,C[C@@H](NCc1ccccc1-c1ccc(CCNC[C@H](O)c2ccc(O)c3[nH]c(=O)sc23)cc1)c1ccccc1,0.07786795433264981,train,../data/images/Lipo/874.png
875.0,Cc1nc(CSc2ccc(Cl)cc2)cc(N2CCOCC2)n1,0.9923547206889093,train,../data/images/Lipo/875.png
876.0,Nc1nc(N)c2nc(-c3ccccc3)c(N)nc2n1,-0.8532458441391778,train,../data/images/Lipo/876.png
877.0,N#C[C@@H]1CCCN1C(=O)CNC12CC3CC(CC(O)(C3)C1)C2,-2.216662477615783,train,../data/images/Lipo/877.png
878.0,C[S+]([O-])c1ccc(-c2nc(-c3ccc(F)cc3)c(-c3ccncc3)[nH]2)cc1,0.9591006564577725,train,../data/images/Lipo/878.png
879.0,COc1cc(OC2CCN(C)CC2)c2c(Nc3cccc4c3OCCO4)ncnc2c1,0.061240922217081446,train,../data/images/Lipo/879.png
880.0,COc1ccc(CCN2CN=C(SCc3ccc(Cl)cc3)NC2)cc1OC,0.18594366308384438,train,../data/images/Lipo/880.png
881.0,NC1=NN(c2cccc(C(F)(F)F)c2)CC1,0.3023328878928226,train,../data/images/Lipo/881.png
882.0,CCCSc1ccc2nc(NC(=O)OC)[nH]c2c1,0.8759654958799311,train,../data/images/Lipo/882.png
883.0,CS(=O)(=O)N1CCOc2cc(COc3ccccc3)cnc21,0.17763014702606003,train,../data/images/Lipo/883.png
884.0,Cc1ncc2n1-c1ccc(Cl)cc1C(c1ccccc1F)=NC2,1.0089817528044778,train,../data/images/Lipo/884.png
885.0,CCNC(=O)C[C@@H]1N=C(c2ccc(Cl)cc2)c2cc(OC)ccc2-n2c(C)nnc21,0.22751124337276513,train,../data/images/Lipo/885.png
886.0,Nc1c(C(=O)NC2CC2)nnc2c(-c3ncccn3)cccc12,-0.5705862981745158,train,../data/images/Lipo/886.png
887.0,Nc1ccccc1NC(=O)c1ccccn1,-0.9862621010637246,train,../data/images/Lipo/887.png
888.0,CC(Nc1ncnc2ccccc12)c1ccccc1,1.0089817528044778,train,../data/images/Lipo/888.png
889.0,Cc1ncc(-c2nc(Nc3ccc(C(=O)N4CC[C@H](N(C)C)C4)cc3)ncc2F)n1C(C)C,-0.021894238360760022,train,../data/images/Lipo/889.png
890.0,CCSc1ccc(-c2cc(C(F)(F)F)ccc2OCC(=O)O)cc1,-0.537332233943379,train,../data/images/Lipo/890.png
891.0,Cc1cc(Cl)ccc1OC1CCN(C[C@H](O)CNC(=O)c2c[nH]nc2C(F)(F)F)CC1,0.6930681426086791,train,../data/images/Lipo/891.png
892.0,CS(=O)(=O)c1ccccc1C(=O)NCC(O)CNC1CCN(Cc2ccc(Cl)c(Cl)c2)CC1,-0.811678263850257,train,../data/images/Lipo/892.png
893.0,O=C(O)[C@H](Cc1ccccc1)N1CCC(CN2CCC(Oc3ccc(Cl)c(Cl)c3)CC2)CC1,0.2607653076039019,train,../data/images/Lipo/893.png
894.0,C[C@H](CN(C)C(=O)CO)Oc1cccc2ncnc(Nc3ccc(OCc4ccccn4)c(Cl)c3)c12,0.8593384637643627,train,../data/images/Lipo/894.png
895.0,O=C(C1CCCCC1)N1CC(=O)N2CCc3ccccc3C2C1,0.20257069519941276,train,../data/images/Lipo/895.png
896.0,Cc1ccc(S(=O)(=O)Nc2c(C(=O)NC3CCOCC3)c(C)nn2-c2ccccc2)cc1,-1.6845974499175953,train,../data/images/Lipo/896.png
897.0,COc1cc2ncc(C(N)=O)c(Nc3cccc(Cl)c3F)c2cc1OC,1.1752520739601613,train,../data/images/Lipo/897.png
898.0,C[C@@H]1COCCN1c1cc(C2(S(C)(=O)=O)CC2)nc(-c2cccc3[nH]ccc23)n1,0.42703562875958556,train,../data/images/Lipo/898.png
899.0,Nc1[nH]ncc1-c1cc(Cl)ccc1Oc1cc(F)c(S(=O)(=O)Nc2cscn2)cc1Cl,0.09449498644821819,train,../data/images/Lipo/899.png
900.0,CCN(C(=O)Cc1ccc(S(C)(=O)=O)cc1)C1CCN(CCC(c2ccccc2)c2ccc(NC(=O)C(C)(C)C)cc2)CC1,0.6598140783775424,train,../data/images/Lipo/900.png
901.0,Cc1ccc(C(=O)NC2CC2)cc1-c1ccc(C(=O)NCC2CC2)nc1,0.9757276885733409,train,../data/images/Lipo/901.png
902.0,Cc1c(N)cccc1Cn1ccc(OCCc2cccs2)cc1=O,0.4935437572218586,train,../data/images/Lipo/902.png
903.0,COc1cccc(NC(=O)CC23CC4CC(CC(C4)C2)C3)c1C,1.682376553484996,train,../data/images/Lipo/903.png
904.0,COc1ccc(/C=C2\SC(=S)NC2=O)cc1OC,-0.6370944266367893,train,../data/images/Lipo/904.png
905.0,Cc1ccccc1CCOCCCS(=O)(=O)CCNCCc1ccc(O)c2nc(O)sc12,0.5434248535685637,train,../data/images/Lipo/905.png
906.0,CCN(C)C(=O)c1ccc([C@H](c2cccc(NC(=O)C3CCC3)c2)N2CCN(Cc3cccnc3)CC2)cc1,0.9009060440532835,train,../data/images/Lipo/906.png
907.0,O=C(NC[C@@H](O)CN1CCC(Oc2ccc(Cl)c(Cl)c2)CC1)c1c[nH]c(=O)c2ccccc12,1.0256087849200461,train,../data/images/Lipo/907.png
908.0,O=c1c2ccccc2oc2cc(O)cc(O)c12,1.0006682367466937,train,../data/images/Lipo/908.png
909.0,COCCS(=O)(=O)N1CCN(c2ccc(Nc3nccc(-c4cnc(C)n4C(C)C)n3)cc2)CC1,0.4686032090485063,train,../data/images/Lipo/909.png
910.0,CCCCNC(=O)NS(=O)(=O)c1ccc(C)cc1,-1.4518190002996385,train,../data/images/Lipo/910.png
911.0,CC(C)C(=O)NCCNCC(O)COc1ccc(O)cc1,-1.9423164477089048,train,../data/images/Lipo/911.png
912.0,COc1cc2ncnc(N3CC[C@@H](Oc4cnc5ccccc5n4)C3)c2cc1OC,1.541046780502665,train,../data/images/Lipo/912.png
913.0,NC(=O)c1cc(-c2ccccc2)sc1N,0.42703562875958556,train,../data/images/Lipo/913.png
914.0,COc1ccc2[nH]c(C(=O)N3CCN(C)CC3)cc2c1,-0.4708241054811056,train,../data/images/Lipo/914.png
915.0,CCCCc1nc2c(N)nc3ccccc3c2n1CC(C)C,1.358149427231413,train,../data/images/Lipo/915.png
916.0,O=C(O)CC(=O)N[C@@H]1c2ccccc2C[C@H]1NC(=O)c1cc2sc(Cl)c(Cl)c2[nH]1,-0.8366188120236094,train,../data/images/Lipo/916.png
917.0,Cc1ccccc1-n1c(Cn2nc(-c3ccc(O)c(F)c3)c3c(N)ncnc32)nc2cccc(C)c2c1=O,1.1336844936712402,train,../data/images/Lipo/917.png
918.0,O=C(O)c1ccccc1O,-2.9482518907007904,train,../data/images/Lipo/918.png
919.0,COc1ccc(-c2csc(N(CCCN3CCOCC3)C(=O)c3ccco3)n2)cc1,0.9591006564577725,train,../data/images/Lipo/919.png
920.0,CCOc1ccccc1N1CCN(Cc2c[nH]nc2-c2ccc(F)cc2)CC1,0.9923547206889093,train,../data/images/Lipo/920.png
921.0,Cc1nc(N)c2nc(O)n(Cc3ccccc3)c2n1,-0.12165643105417023,train,../data/images/Lipo/921.png
922.0,O=S(=O)(NCC(c1ccccc1)N1CCCCCC1)c1ccc(F)c(F)c1,0.5434248535685637,train,../data/images/Lipo/922.png
923.0,NC1(c2ccc(-c3nc4ccccc4cc3-c3ccccc3)cc2)CCC1,1.1752520739601613,train,../data/images/Lipo/923.png
924.0,CC(C)c1ncc(NC(=O)OCc2ccccc2)c(=O)n1CC(=O)NC(C(=O)C(F)(F)F)C(C)C,0.3688410163550961,train,../data/images/Lipo/924.png
925.0,O=S(=O)(NCC(c1ccccc1)N1CCCCCC1)c1cccc(Cl)c1,1.0006682367466937,train,../data/images/Lipo/925.png
926.0,O=C(N[C@@H](Cc1ccc(OCCc2ccc3c(n2)NCCO3)cc1)C(=O)O)c1c(Cl)cccc1Cl,-1.9672569958822577,train,../data/images/Lipo/926.png
927.0,CN[C@@H](C)C(=O)N[C@H](C(=O)N[C@H]1CCCN(CCc2ccc(C)cc2)C1)C(C)(C)C,-0.11334291499638623,train,../data/images/Lipo/927.png
928.0,Cc1oc(S(C)(=O)=O)cc1-c1c2c(=O)n(C)c(=O)n(CC3CC3)c2nn1Cc1ccnc2ccc(Cl)cc12,0.8427114316487944,train,../data/images/Lipo/928.png
929.0,COc1cc2ncnc(Nc3ccc(F)c(Cl)c3)c2cc1NC(=O)/C=C/CN1CCCCC1,1.5909278768493698,train,../data/images/Lipo/929.png
930.0,Cc1ccc(-n2c(C)cc(C(=O)NS(=O)(=O)c3ccc(C)cc3)c2C)cc1,0.2607653076039019,train,../data/images/Lipo/930.png
931.0,CCc1c(C(=O)NC2C3CC4CC(C3)CC2C4)cnn1-c1ccc(C(=O)O)cc1,-1.0693972616415663,train,../data/images/Lipo/931.png
932.0,O=C(Nc1ccc(N2CCOCC2)cc1)c1nnc(Nc2ccccc2)o1,0.8011438513598732,train,../data/images/Lipo/932.png
933.0,COc1ccnc(NC2CCN(C(=O)c3ccccc3)CC2)c1,-0.10502939893860186,train,../data/images/Lipo/933.png
934.0,NC(=O)c1ccccc1O,-0.911440456543667,train,../data/images/Lipo/934.png
935.0,O=C(c1ccc(OCCN2CCCCC2)cc1)c1c(-c2ccc(O)cc2)sc2cc(O)ccc12,1.6158684250227224,train,../data/images/Lipo/935.png
936.0,CC(C)C(NC(=O)Cn1c(C2CCCCC2)ncc(NC(=O)OCc2ccccc2)c1=O)C(=O)C(F)(F)F,0.5683654017419165,train,../data/images/Lipo/936.png
937.0,Cc1ccc(NC(=O)c2cccc(N(C)S(C)(=O)=O)c2)cc1NC(=O)c1ccc2ncccc2c1,0.510170789337427,train,../data/images/Lipo/937.png
938.0,CNC(=O)c1ccccc1Sc1ccc2c(/C=C/c3ccccn3)n[nH]c2c1,1.3415223951158446,train,../data/images/Lipo/938.png
939.0,Cc1ncc(-c2ccnc(Nc3ccc(C#N)cc3)n2)n1C(C)C,1.1918791060757297,train,../data/images/Lipo/939.png
940.0,Cc1ccc(-c2ncc(C)n2C)cc1NC(=O)c1ccc(OCc2ccccn2)cc1,0.4020950805862328,train,../data/images/Lipo/940.png
941.0,COc1cc(Nc2ncnc(Nc3c(Cl)ccc4c3OCO4)n2)cc(OC)c1OC,0.6847546265508947,train,../data/images/Lipo/941.png
942.0,CCC(CC)NC(=O)c1cnn(-c2ccccc2)c1NS(=O)(=O)C1CCCC1,-1.2439810988550342,train,../data/images/Lipo/942.png
943.0,CCC(CC)NC(=O)c1cn(-c2ccccc2)nc1NS(=O)(=O)c1ccc(C)cc1,0.26907882366168584,train,../data/images/Lipo/943.png
944.0,Cc1ccc(CCOCCNS(=O)(=O)CCCNCCc2ccc(O)c3nc(O)sc23)cc1,-0.09671588288081787,train,../data/images/Lipo/944.png
945.0,N#CCNC(=O)[C@@H]1CCCC[C@H]1C(=O)N1CCN(c2ccccc2)CC1,-0.3627483967299114,train,../data/images/Lipo/945.png
946.0,COc1cc(N2CCN(C(C)=O)CC2)ccc1Nc1ncc(Cl)c(-c2cnc3c(N)cccn23)n1,1.0089817528044778,train,../data/images/Lipo/946.png
947.0,COc1ccc(N(C(=O)c2ccoc2Cl)C(C(=O)NC[C@@H](C)O)c2ccccc2F)c(OC)c1,0.14437608279492328,train,../data/images/Lipo/947.png
948.0,C=C(CC)C(=O)c1ccc(OCC(=O)O)c(Cl)c1Cl,-1.800986674726574,train,../data/images/Lipo/948.png
949.0,COc1cc(OC)nc(-n2ncc(Cl)c(Cl)c2=O)n1,-0.6537214587523577,train,../data/images/Lipo/949.png
950.0,O=C(C1CCN(c2nnc(-n3cccc3)s2)CC1)N1CCN(Cc2ccc3c(c2)OCO3)CC1,0.2607653076039019,train,../data/images/Lipo/950.png
951.0,Cc1cn([C@H]2CCCN([C@H](CC3CCOCC3)c3ccc(C(=O)O)c(Oc4cccc(Cl)c4)c3)C2)c(=O)[nH]c1=O,-2.0254516082867466,train,../data/images/Lipo/951.png
952.0,Nc1ncnc2c1ncn2[C@@H]1O[C@H](CSCCCNC(=O)NCc2ccccc2)[C@@H](O)[C@H]1O,-1.0693972616415663,train,../data/images/Lipo/952.png
953.0,COc1ccc(C(=O)C2CCN(C(=O)c3ccco3)CC2)cc1,0.19425717914162838,train,../data/images/Lipo/953.png
954.0,Cc1cc(Nc2nc(N[C@@H](C)c3ccc(F)cn3)c(C#N)nc2C)n[nH]1,0.3522139842395277,train,../data/images/Lipo/954.png
955.0,COc1cc(Nc2nc(N[C@@H](C)c3ncc(F)cn3)ncc2Cl)n[nH]1,0.2857058557772542,train,../data/images/Lipo/955.png
956.0,Cc1cc(-c2ccc(Cl)c(C(=O)NCC3(O)CCCCCC3)c2)n[nH]1,1.017295268862262,train,../data/images/Lipo/956.png
957.0,COc1cc(N2CCN(C)CC2)c2nc(C(=O)Nc3ccc(N4CCOCC4)cc3)cc(N(C)C)c2c1,0.9258465922266358,train,../data/images/Lipo/957.png
958.0,COc1ccc(-c2cccc3c(N)c4c(nc23)CN(C2CCC2)C4=O)c(C)n1,1.4412845878092548,train,../data/images/Lipo/958.png
959.0,COC[C@H](C)Oc1cc(Oc2cc(F)cc(F)c2)cc(C(=O)Nc2ccc(C(=O)O)cn2)c1,-0.6869755229834942,train,../data/images/Lipo/959.png
960.0,Cc1ncc(-c2ccnc(Nc3ccc(S(=O)(=O)CCCN4CCOCC4)cc3)n2)n1C(C)C,0.20257069519941276,train,../data/images/Lipo/960.png
961.0,CC(C)Cn1c(=O)n(C)c(=O)c2c(C(=O)N(C)C)c(Cc3ccccc3C(F)(F)F)sc21,0.5933059499152689,train,../data/images/Lipo/961.png
962.0,COCCCCC(=NOCCN)c1ccc(C(F)(F)F)cc1,-0.5290187178855948,train,../data/images/Lipo/962.png
963.0,Cc1cc(Nc2nc(N[C@@H](C)c3ncc(F)cn3)ncc2C)n[nH]1,-0.3627483967299114,train,../data/images/Lipo/963.png
964.0,COC1=CC(c2cc3ccccc3[nH]2)=N/C1=C\c1[nH]c(C)cc1C,0.3023328878928226,train,../data/images/Lipo/964.png
965.0,OC1(c2ccc(F)cc2)CCN(c2ccc3nnc(C(F)(F)F)n3n2)CC1,1.0921169133823194,train,../data/images/Lipo/965.png
966.0,Cc1nc(C)c(-c2ccc([C@H]3CC[C@H](Cc4nnn[nH]4)CC3)cc2)nc1C(N)=O,-0.6537214587523577,train,../data/images/Lipo/966.png
967.0,Nc1nc(N)c2cc(Br)ccc2n1,-0.3378078485565588,train,../data/images/Lipo/967.png
968.0,OCC[C@@]1(c2ccc(Cl)c(Cl)c2)CCCNC1,-1.3021757112595231,train,../data/images/Lipo/968.png
969.0,O=C(Cc1ccc(O)cc1)c1ccc(O)cc1O,0.29401937183503857,train,../data/images/Lipo/969.png
970.0,COc1ccc(N(C(C)=O)C(C(=O)NC2CCCC2)c2ccccc2F)c(OC)c1,0.5184843053952114,train,../data/images/Lipo/970.png
971.0,O=C(NCC12CC3CC(CC(C3)C1)C2)c1cc(CN2CCNCC2)ccc1Cl,-0.2879267522098537,train,../data/images/Lipo/971.png
972.0,N#CC1(NC(=O)[C@@H]2CCCC[C@H]2C(=O)N2CCc3[nH]c4cc(F)ccc4c3C2)CC1,0.6681275944353267,train,../data/images/Lipo/972.png
973.0,Cc1ccc2[nH]c(C(=O)N3CCN(C)CC3)cc2c1,0.02798685798594508,train,../data/images/Lipo/973.png
974.0,CNC1=Nc2ncccc2C(c2ccco2)=NC1c1cccs1,-0.2796132361520695,train,../data/images/Lipo/974.png
975.0,OCCN(CCO)c1nc(N2CCCCC2)c2nc(N(CCO)CCO)nc(N3CCCCC3)c2n1,1.4828521680981759,train,../data/images/Lipo/975.png
976.0,CC(C)(C)OC(=O)N1CCN(c2cnc(OCc3ccc(S(C)(=O)=O)cc3)cn2)CC1,1.0089817528044778,train,../data/images/Lipo/976.png
977.0,O=C(Nc1ccccc1)c1ccc(OCCCN2CCCC2)cc1OCc1cccc(F)c1,1.2334466863646505,train,../data/images/Lipo/977.png
978.0,CC[C@H](NC(=O)c1c([S+](C)[O-])c(-c2ccccc2)nc2cc(F)ccc12)c1ccccc1,1.1918791060757297,train,../data/images/Lipo/978.png
979.0,O=C(O)c1ccc(-n2ncc(C(=O)NC3C4CC5CC(C4)CC3C5)c2C(F)(F)F)cc1,-0.5705862981745158,train,../data/images/Lipo/979.png
980.0,CCS(=O)(=O)Nc1cccc2c1c(Oc1ccc(Cl)cc1)c(C)n2CC(=O)O,-2.0587056725178834,train,../data/images/Lipo/980.png
981.0,CC(=O)Nc1ccc2c(c1)c(Sc1ccc(Cl)cc1)c(C)n2CC(=O)O,-1.6513433856864588,train,../data/images/Lipo/981.png
982.0,Cc1ccc(C[C@@H](C(=O)O)N2CCC(CN3CCC(Oc4ccc(Cl)c(Cl)c4)CC3)CC2)cc1,0.6847546265508947,train,../data/images/Lipo/982.png
983.0,CN(C(=O)Cc1ccc(S(C)(=O)=O)cc1)[C@@H]1CCN(Cc2ccc(C(F)(F)F)cc2)C[C@@H]1F,0.42703562875958556,train,../data/images/Lipo/983.png
984.0,COc1ccc(/C=C2/CCc3ccccc3C2=O)cc1CN1CCOCC1,1.3415223951158446,train,../data/images/Lipo/984.png
985.0,FC(F)c1nc2ccccc2n1-c1nc(N2CCOCC2)nc(N2CCOCC2)n1,0.7096951747242474,train,../data/images/Lipo/985.png
986.0,COc1cccc2c(O)cc(-c3ccccc3)nc12,0.09449498644821819,train,../data/images/Lipo/986.png
987.0,COc1ccc2nc(NC(=O)CCc3ccc(OC)c(OC)c3)sc2c1,1.1503115257868086,train,../data/images/Lipo/987.png
988.0,Cc1ccccc1NC(=O)CCS(=O)(=O)c1ccc(Br)s1,0.42703562875958556,train,../data/images/Lipo/988.png
989.0,COc1cc2ncnc(Nc3cc(NC(=O)c4cccc(N(C)C)c4)ccc3Cl)c2cc1OC,1.7239441337739168,train,../data/images/Lipo/989.png
990.0,NC(=O)c1cccc(O[C@H]2C[C@H]3CC[C@@H](C2)N3Cc2ccccc2)n1,-0.39600246096104813,train,../data/images/Lipo/990.png
991.0,CCCC(=O)C1(c2ccccc2)CCN(C(=O)[C@@H](Cc2ccc(OC)cc2)NC(=O)[C@@H](N)Cc2cncn2C)CC1,0.26907882366168584,train,../data/images/Lipo/991.png
992.0,Cc1nc(C)c(-c2ccc3c(c2)CC[C@]32CC[C@@H](c3nnn[nH]3)CC2)nc1C(N)=O,-0.6537214587523577,train,../data/images/Lipo/992.png
993.0,CC(=O)N1CCN(CCOc2cc(OC(C)C)c3c(Nc4c(F)ccc5c4OCO5)ncnc3c2)CC1,0.7263222068398157,train,../data/images/Lipo/993.png
994.0,O=C(COCc1ccncc1)N1CCC(c2ccc(Cl)cc2Cl)CC1,0.3688410163550961,train,../data/images/Lipo/994.png
995.0,CCOc1ccc(Oc2ccc(S(=O)(=O)NC(=O)c3cccc(-c4ccc(Cl)c(Cl)c4)c3)cc2)cc1,0.6265600141464056,train,../data/images/Lipo/995.png
996.0,c1csc(Cn2nnnc2CN2CCN(c3nc4ccccc4s3)CC2)c1,1.2168196542490821,train,../data/images/Lipo/996.png
997.0,O=C(c1ccc(Cl)cc1)C1CCN(C(=O)c2ccc(F)cc2)CC1,1.0838033973245356,train,../data/images/Lipo/997.png
998.0,CN(C)CC(O)COc1ccc(Nc2nccc(N(CC#N)c3cc(Cl)ccc3Cl)n2)cc1,0.17763014702606003,train,../data/images/Lipo/998.png
999.0,CS(=O)(=O)Cc1cc(N2CCOCC2)nc(-c2cccc3cc[nH]c23)n1,0.510170789337427,train,../data/images/Lipo/999.png
1000.0,COc1cc2c(Nc3ccc(Cl)cc3F)ncnc2cc1OC[C@@H]1CCCN(C)C1,0.5933059499152689,train,../data/images/Lipo/1000.png
1001.0,Cn1cnc([N+](=O)[O-])c1Sc1ncnc2nc[nH]c12,-1.6596569017442429,train,../data/images/Lipo/1001.png
1002.0,CCNc1nc(N)c(C(=O)c2ccc(Cl)s2)s1,1.2001926221335137,train,../data/images/Lipo/1002.png
1003.0,CCCSc1ncccc1C(=O)N(C)[C@H]1[C@@H]2CC3C[C@H]1C[C@@](O)(C3)C2,0.2441382754883335,train,../data/images/Lipo/1003.png
1004.0,CCOc1ccc2oc(C(=O)NC(CCSC)c3nc4ncccc4[nH]3)c(C)c2c1,1.6990035856005647,train,../data/images/Lipo/1004.png
1005.0,O=c1[nH]c2c(O)ccc([C@@H](O)CNCCSCCCNCCc3cccc(C(F)(F)F)c3)c2s1,-0.811678263850257,train,../data/images/Lipo/1005.png
1006.0,CN(C)c1cccc2c(S(=O)(=O)Nc3cnccn3)cccc12,-1.0693972616415663,train,../data/images/Lipo/1006.png
1007.0,CS(=O)(=O)n1c2ccccc2c2cc(NC(=O)CCc3ccncc3)ccc21,1.0089817528044778,train,../data/images/Lipo/1007.png
1008.0,O=C(c1ccc(F)cc1)N1CCC[C@H](c2nc(-c3ccc(F)cc3)no2)C1,1.2833277827113556,train,../data/images/Lipo/1008.png
1009.0,Cn1c(CN2CCN(c3cccc(Cl)c3)CC2)nc2ccccc21,1.299954814826924,train,../data/images/Lipo/1009.png
1010.0,COC[C@H](C)Oc1cc(Oc2ccc(S(C)(=O)=O)cc2)cc(C(=O)Nc2ccc(C(=O)O)cn2)c1,-2.1584678652112936,train,../data/images/Lipo/1010.png
1011.0,C[C@@H]1NC(C)(C)CO[C@@]1(O)c1cccc(Cl)c1,-0.4126294930766165,train,../data/images/Lipo/1011.png
1012.0,O=C(Nc1ccc(Cl)c(S(=O)(=O)N2CCNCC2)c1O)Nc1cccc(F)c1Cl,0.3439004681817437,train,../data/images/Lipo/1012.png
1013.0,CN[C@@H](C)C(=O)N[C@H](C(=O)N[C@H]1CCCN(Cc2ccccc2)C1)C1CCCCC1,-0.14659697922752296,train,../data/images/Lipo/1013.png
1014.0,Cc1cc(C)c2c(N)c(C(=O)NCc3ccccc3)sc2n1,1.017295268862262,train,../data/images/Lipo/1014.png
1015.0,COc1ccccc1C(=O)Nc1nc2ccccc2[nH]1,0.5933059499152689,train,../data/images/Lipo/1015.png
1016.0,CCCC1CCCCC(N)=N1,-0.9031269404858828,train,../data/images/Lipo/1016.png
1017.0,O=C(O)COc1ccc(Cl)cc1C1CCCCC1,-1.0444567134682137,train,../data/images/Lipo/1017.png
1018.0,CCc1c(C(=O)C(N)=O)c2c(OCC(N)=O)cccc2n1Cc1ccccc1,-0.07177533470746512,train,../data/images/Lipo/1018.png
1019.0,CS(=O)(=O)C1(c2cc(N3CCOCC3)nc(-c3cccc4[nH]ccc34)n2)CCNCC1,-1.2356675827972499,train,../data/images/Lipo/1019.png
1020.0,O=C(O)c1cccc(CN2CCC(CN3CCC(Oc4ccc(Cl)c(Cl)c4)CC3)CC2)c1,-0.770110683561336,train,../data/images/Lipo/1020.png
1021.0,Cc1ccc(OC(=O)N2CCN3CCC2CC3)cc1,-0.9696350689481562,train,../data/images/Lipo/1021.png
1022.0,CN(C)CCOC(C)(c1ccccc1)c1ccccn1,-1.983884027997826,train,../data/images/Lipo/1022.png
1023.0,O=C(N[C@@H](Cc1ccc(OCCNc2ccccn2)cc1)C(=O)O)c1c(Cl)cccc1Cl,-2.216662477615783,train,../data/images/Lipo/1023.png
1024.0,Cc1ncc(-c2nc(Nc3ccc(C(=O)N(C)C)cc3)ncc2F)n1C(C)C,0.48523024116407465,train,../data/images/Lipo/1024.png
1025.0,CCc1[nH]c2nc(Sc3cnc4ccc[n+]([O-])c4c3)nc(N3C[C@@H]4[C@@H](N)[C@@H]4C3)c2c1Cl,0.09449498644821819,train,../data/images/Lipo/1025.png
1026.0,COc1cc2nc(N3CCN(C(=O)C4CCCO4)CC3)nc(N)c2cc1OC,-1.0693972616415663,train,../data/images/Lipo/1026.png
1027.0,CC(=O)Nc1ccc2nc(-c3cccc(F)c3)cc(O)c2c1,0.18594366308384438,train,../data/images/Lipo/1027.png
1028.0,O=C(c1scc2c1CCCC2)N1CCCCC1,0.8094573674176576,train,../data/images/Lipo/1028.png
1029.0,COCC(=O)N1CCC(n2cc(-c3cnc(N)c(-c4nc5ccccc5o4)c3)cn2)CC1,1.0089817528044778,train,../data/images/Lipo/1029.png
1030.0,O=C(Nc1nccs1)[C@H](CC1CCOCC1)c1ccc(S(=O)(=O)C2CC2)cc1,0.3023328878928226,train,../data/images/Lipo/1030.png
1031.0,CC1CCN(C(=O)c2scc3c2OCCO3)CC1,0.061240922217081446,train,../data/images/Lipo/1031.png
1032.0,C=CC(=O)Nc1ccc2ncnc(Nc3cccc(C)c3)c2c1,1.2583872345380032,train,../data/images/Lipo/1032.png
1033.0,Cc1noc2cc(N3CCN(C(=O)[C@@H]4CCCC[C@H]4C(=O)NC4(C#N)CC4)[C@H](C)C3)ccc12,0.4020950805862328,train,../data/images/Lipo/1033.png
1034.0,CC[C@H](NC(=O)c1c(CC[S+](C)[O-])c(-c2ccccc2)nc2ccccc12)c1ccccc1,0.8011438513598732,train,../data/images/Lipo/1034.png
1035.0,CCC(CC)NC(=O)c1c(C)nn(-c2ccccc2)c1NS(=O)(=O)c1ccc(C)cc1,-0.6952890390412784,train,../data/images/Lipo/1035.png
1036.0,CCOC(=O)c1ccc(N)cc1,-0.2962402682676379,train,../data/images/Lipo/1036.png
1037.0,CC(C)C(NC(=O)Cn1c(-c2cccnc2)ncc(NC(=O)OCc2ccccc2)c1=O)C(=O)C(F)(F)F,-0.03020775441854439,train,../data/images/Lipo/1037.png
1038.0,COc1ccccc1Nc1cc(Oc2cc(C)c(C)nc2-c2ccccn2)ccn1,0.9840412046311253,train,../data/images/Lipo/1038.png
1039.0,O=C(O)c1ccc(N2CCC(CN3CCC(Oc4ccc(Cl)c(Cl)c4)CC3)CC2)cc1,0.10280850250600256,train,../data/images/Lipo/1039.png
1040.0,COc1ncc(C)cc1-c1cccc2c(N)c(C(=O)NC3CC3)nnc12,1.0089817528044778,train,../data/images/Lipo/1040.png
1041.0,Cc1c(Sc2ccc(Cl)cc2)c2cccc(Cl)c2n1CC(=O)O,-0.15491049528530695,train,../data/images/Lipo/1041.png
1042.0,Cc1c(F)ccc2c1c(Sc1ccc(Cl)cc1)c(C)n2CC(=O)O,0.03630037404372908,train,../data/images/Lipo/1042.png
1043.0,CNC(=O)c1cc(-c2ccccc2)sc1NC(N)=O,0.83439791559101,train,../data/images/Lipo/1043.png
1044.0,OC[C@H]1C[C@@H](n2nnc3c(N[C@@H]4C[C@H]4c4ccccc4)nc(SCCC(F)(F)F)nc32)[C@H](O)[C@@H]1O,1.557673812618233,train,../data/images/Lipo/1044.png
1045.0,C[C@@H](CO)Oc1cc(Oc2ccc(S(C)(=O)=O)cc2)cc(C(=O)Nc2nccs2)c1,0.3688410163550961,train,../data/images/Lipo/1045.png
1046.0,CCCN(CCC)CCc1cccc2c1CC(=O)N2,-1.1857864864505447,train,../data/images/Lipo/1046.png
1047.0,CCCC(=O)Nc1ccc2c(c1)C(=O)C(=O)c1ccccc1-2,0.5184843053952114,train,../data/images/Lipo/1047.png
1048.0,NC(=O)Nc1sc(-c2ccc(F)cc2)cc1C(=O)N[C@H]1CCCNC1,-0.3544348806721272,train,../data/images/Lipo/1048.png
1049.0,CCC1=C(C)CN(C(=O)NCCc2ccc(S(=O)(=O)NC(=O)N[C@H]3CC[C@H](C)CC3)cc2)C1=O,-0.37937542884547976,train,../data/images/Lipo/1049.png
1050.0,COCCNC(=O)c1ccc(Nc2ncc3cc(-c4ccncc4)ccc3n2)cc1C,0.4935437572218586,train,../data/images/Lipo/1050.png
1051.0,CCNC(=O)Nc1nc2cc(-c3cccnc3)ccc2[nH]1,0.1277490506793549,train,../data/images/Lipo/1051.png
1052.0,Cc1cc(F)ccc1OC1CCN(CC2CCN([C@@](C)(Cc3ccc(F)cc3)C(=O)O)CC2)CC1,-0.15491049528530695,train,../data/images/Lipo/1052.png
1053.0,CN[C@@H](C)C(=O)N[C@H](C(=O)N[C@H]1CCCN(CCc2ccccc2)C1)C1CCCCC1,-0.4458835573077532,train,../data/images/Lipo/1053.png
1054.0,Cc1cn([C@H]2CCCN(S(=O)(=O)c3ccc(C(=O)O)c(Oc4cccc(Cl)c4)c3)C2)c(=O)[nH]c1=O,-2.881743762238517,train,../data/images/Lipo/1054.png
1055.0,C[C@H](CO)Nc1nc(SCc2ccccc2F)nc2nc(N)sc12,0.7762033031865209,train,../data/images/Lipo/1055.png
1056.0,Cc1cc(C)c(CNC(=O)c2cc(C3CC3)nc3c2cnn3C(C)C)c(O)n1,1.3415223951158446,train,../data/images/Lipo/1056.png
1057.0,O=C(NCc1ccncc1)c1ccc(Oc2ccc(C#CC3(O)CN4CCC3CC4)cc2)cc1,0.2441382754883335,train,../data/images/Lipo/1057.png
1058.0,C[C@H](c1nc2ncccc2c(=O)n1-c1ccc(Cl)cc1)N(CC1CCS(=O)(=O)CC1)C(=O)Cc1ccc(C(F)(F)F)c(F)c1,0.5933059499152689,train,../data/images/Lipo/1058.png
1059.0,COc1ccc(S(=O)(=O)NC(=O)N2CCC(N3CCC(Oc4ccc(Cl)c(Cl)c4)CC3)CC2)cc1,-0.6620349748101418,train,../data/images/Lipo/1059.png
1060.0,CN1CCN2c3ncccc3Cc3ccccc3C2C1,0.5267978214529954,train,../data/images/Lipo/1060.png
1061.0,COc1ccc2ncc(F)c(CCN3CCC(NCc4ccc5c(n4)NC(=O)CO5)CC3)c2n1,-0.3378078485565588,train,../data/images/Lipo/1061.png
1062.0,COc1ccc(S(=O)(=O)N2CCC[C@H](n3cc(C)c(=O)[nH]c3=O)C2)cc1Oc1cccc(Cl)c1,0.4519761769329379,train,../data/images/Lipo/1062.png
1063.0,CN(C(=O)Cc1ccc(-n2cnnn2)cc1)[C@@H]1CCN(Cc2ccc(C(F)(F)F)cn2)C[C@@H]1F,-0.07177533470746512,train,../data/images/Lipo/1063.png
1064.0,CC(C)c1ccc(NC(=O)NCCCSC[C@H]2O[C@@H](n3cnc4c(N)ncnc43)[C@H](O)[C@@H]2O)cc1,0.2607653076039019,train,../data/images/Lipo/1064.png
1065.0,Cc1ncc(-c2ccnc(Nc3ccc(N(C)C)cc3)n2)n1C(C)C,1.1004304294401035,train,../data/images/Lipo/1065.png
1066.0,CNCC[C@@H](Oc1cc(C(F)(F)F)ccc1C#N)c1ccccc1,-0.7368566193301993,train,../data/images/Lipo/1066.png
1067.0,COc1ccc(Cl)cc1NC(=O)Nc1cnccn1,1.2001926221335137,train,../data/images/Lipo/1067.png
1068.0,CCCCC(CC)CNC(=O)c1ccc2c(c1)c(Cc1ccc(C(=O)NS(=O)(=O)c3ccccc3C)cc1OC)cn2C,1.2251331703068664,train,../data/images/Lipo/1068.png
1069.0,Cc1[nH]c2nc(NCc3ccc(Cl)cc3)nn2c(=O)c1Cc1ccccc1,1.2583872345380032,train,../data/images/Lipo/1069.png
1070.0,O=C(COc1ccccc1)c1ccccc1,0.5683654017419165,train,../data/images/Lipo/1070.png
1071.0,CS(=O)(=O)c1ccc(-c2cnc(N)c(-c3ccc(C(F)(F)F)nc3)c2)cc1,0.17763014702606003,train,../data/images/Lipo/1071.png
1072.0,Cc1c(-c2ccc(O)cc2)c(=O)oc2cc(O)ccc12,0.510170789337427,train,../data/images/Lipo/1072.png
1073.0,Fc1cccc(C(COCc2cc(C(F)(F)F)cc(C(F)(F)F)c2)N2CCNCC2)c1,0.8427114316487944,train,../data/images/Lipo/1073.png
1074.0,Cc1oc(-c2ccccc2)cc1C(=O)Nc1cccc(C(=O)O)c1,-0.46251058942332157,train,../data/images/Lipo/1074.png
1075.0,COCCOc1cc(Nc2nccc(N(C)c3cc(CO)ccc3C)n2)cc(N2CCOCC2)c1,0.9258465922266358,train,../data/images/Lipo/1075.png
1076.0,COc1cc2ncnc(Nc3ccc(F)c(Cl)c3)c2cc1OCCCN1CCCC1,0.7845168192443049,train,../data/images/Lipo/1076.png
1077.0,Cc1ccc(S(=O)(=O)Nc2c(C(=O)N[C@@H](C)C(C)(C)C)c(C)nn2CC(F)(F)F)cc1,-1.0444567134682137,train,../data/images/Lipo/1077.png
1078.0,Cc1ccc(NC(=O)c2ccccc2F)cc1-n1cnc2ccc(N3CCN(C)CC3)cc2c1=O,0.4686032090485063,train,../data/images/Lipo/1078.png
1079.0,N#Cc1ccc(C[C@@H](C(=O)O)N2CCC(CN3CCC(Oc4ccc(Cl)c(Cl)c4)CC3)CC2)cc1,-0.013580722302976024,train,../data/images/Lipo/1079.png
1080.0,c1ccc2ncccc2c1,-0.08008885076524949,train,../data/images/Lipo/1080.png
1081.0,COC[C@H](C)Oc1cc(Oc2ccccc2)cc(C(=O)Nc2ccc(C(=O)O)cn2)c1,-1.0278296813526455,train,../data/images/Lipo/1081.png
1082.0,C[C@H]1O[C@@H](n2cnc3c(N)nc(O[C@H]4CC[C@H](C)CC4)nc32)[C@H](O)[C@@H]1O,0.1360625667371393,train,../data/images/Lipo/1082.png
1083.0,CCCN(CCNCCc1ccc(O)c2[nH]c(=O)sc12)C(=O)CCOCCc1ccccc1,0.03630037404372908,train,../data/images/Lipo/1083.png
1084.0,COc1ccc2ncc(=O)n(CCN3CC[C@@H](NCc4cc5c(cn4)OCCO5)[C@H](O)C3)c2c1,-1.0693972616415663,train,../data/images/Lipo/1084.png
1085.0,CCN(CC)C(=O)c1ccc(C(=C2CCNCC2)c2ccc(Cl)c(Cl)c2)cc1,0.17763014702606003,train,../data/images/Lipo/1085.png
1086.0,Cc1ccc(S(=O)(=O)Nc2c(C(=O)N[C@@H](C)C(C)(C)C)c(C)nn2C2CCN(C)CC2)cc1,-1.1525324222194082,train,../data/images/Lipo/1086.png
1087.0,Cc1cn(C2CCCN(Cc3cccc(Oc4ccc(Cl)cc4)c3)C2)c(=O)[nH]c1=O,0.9923547206889093,train,../data/images/Lipo/1087.png
1088.0,O=C(O)COc1ccc([N+](=O)[O-])cc1-c1ccccc1,-2.3912463148292504,train,../data/images/Lipo/1088.png
1089.0,O=C(c1ccc(CCC(COc2ccc(-c3cccc([N+](=O)[O-])c3)cc2)N2C(=O)CCCC2=O)cc1)N1CCCC1,0.10280850250600256,train,../data/images/Lipo/1089.png
1090.0,COc1ccc2nc(C)cc(OCC(=O)NCc3ccccc3)c2c1,0.8427114316487944,train,../data/images/Lipo/1090.png
1091.0,O=c1[nH]c2c(O)ccc([C@@H](O)CNCCCSCCNCCc3ccccc3Cl)c2s1,-0.9945756171215088,train,../data/images/Lipo/1091.png
1092.0,Cn1cnc(-c2ccccc2)c1C#Cc1ccnc(N)n1,0.6265600141464056,train,../data/images/Lipo/1092.png
1093.0,COc1ccc(C(=O)NCc2cn(-c3cc(C)nc4ccc(OC)cc34)nn2)cc1,1.0921169133823194,train,../data/images/Lipo/1093.png
1094.0,CC(C)(C)NC(=O)C(c1ccncc1)N(Cc1ccco1)C(=O)c1ccc(-c2ccccc2)[nH]1,1.6158684250227224,train,../data/images/Lipo/1094.png
1095.0,O=C1Nc2ccc(S(=O)(=O)N3CCC[C@H]3COc3ccccc3)cc2C1=O,0.42703562875958556,train,../data/images/Lipo/1095.png
1096.0,Oc1ncnc2onc(-c3ccc(F)cc3)c12,-0.17985104345865952,train,../data/images/Lipo/1096.png
1097.0,Nc1ncccc1NCc1cccc(-c2cccnc2)c1,0.6764411104931107,train,../data/images/Lipo/1097.png
1098.0,CN(C)c1ccc(S(=O)(=O)NC(=O)N2CCC(N3CCC(Oc4ccc(Cl)c(Cl)c4)CC3)CC2)cc1,-0.4043159770188323,train,../data/images/Lipo/1098.png
1099.0,CCNC(=O)c1cc2c(-n3ccc(C(F)(F)F)n3)c(-c3cnc(OC)c(-c4n[nH]c(=O)o4)c3)cnc2[nH]1,0.11112201856378655,train,../data/images/Lipo/1099.png
1100.0,CC(=O)Nc1ccc(S(=O)(=O)Nc2ccccn2)cc1,-1.618089321455322,train,../data/images/Lipo/1100.png
1101.0,CC(C)[C@H](NC(=O)C[C@H](NC(=O)/C=C/c1ccccc1)c1ccccc1)C(=O)[C@@H]1C(=O)NC(=O)[C@H]1C,-0.2297321398053646,train,../data/images/Lipo/1101.png
1102.0,Oc1ncc(NCc2ccccc2)c(O)n1,-1.1359053901038398,train,../data/images/Lipo/1102.png
1103.0,Cn1cc(-c2cccc(C[C@H](NC(=O)c3cc(C(C)(C)C)nn3C)C(=O)NCC#N)c2)cn1,0.3439004681817437,train,../data/images/Lipo/1103.png
1104.0,CN1CCN(CCCOc2ccc(-c3cc(-c4ccc(F)cc4)no3)cc2)CC1,1.349835911173629,train,../data/images/Lipo/1104.png
1105.0,CC(C)Cn1c(=O)n(C)c(=O)c2c(C(=O)N3CC[C@@H](O)C3)c(Cc3ccccc3C(F)(F)F)sc21,0.46028969299072225,train,../data/images/Lipo/1105.png
1106.0,CC(=O)Nc1ccc2c(c1)c(-c1cc(NC3CC3)n3ncc(C#N)c3n1)cn2C,0.6265600141464056,train,../data/images/Lipo/1106.png
1107.0,COc1cc(N2CCN(C(C)=O)CC2)ccc1Nc1ncc(Cl)c(-c2cnc3ccccn23)n1,1.2168196542490821,train,../data/images/Lipo/1107.png
1108.0,Cc1ccc(-c2ccc(S(=O)(=O)N3CCC[C@H]3C(=O)N3CC[C@@H](N)C3)cc2F)o1,-0.8199917799080412,train,../data/images/Lipo/1108.png
1109.0,CC(=O)Nc1ccccc1C,-0.9862621010637246,train,../data/images/Lipo/1109.png
1110.0,COc1cc2ncnc(Nc3ccc(OCc4ccccn4)c(C)c3)c2cc1OC,1.1752520739601613,train,../data/images/Lipo/1110.png
1111.0,NS(=O)(=O)c1ccc2c(c1)C1C=CCC1C(c1cccc3ccccc13)N2,-0.2380456558631488,train,../data/images/Lipo/1111.png
1112.0,CCN1CCC[C@@H](C(=O)N2CCN(C(=O)Nc3ccc(Cl)c(Cl)c3)CC2)C1,-0.48745113759667397,train,../data/images/Lipo/1112.png
1113.0,O=c1[nH]n(C(c2ccccc2)c2ccncc2)c(=O)c2c(O)c3ccc(Cl)cc3nc12,-0.9031269404858828,train,../data/images/Lipo/1113.png
1114.0,Cc1nc2ccc(Cl)cn2c1-c1ccnc(N)n1,0.25245179154611785,train,../data/images/Lipo/1114.png
1115.0,Cc1ccnc(NCc2ccccc2O)c1,0.967414172515557,train,../data/images/Lipo/1115.png
1116.0,O=C(NCc1ccnc2ccccc12)c1ccc(Oc2ccc(C#C[C@]3(O)CN4CCC3CC4)cc2)cc1,1.408030523578118,train,../data/images/Lipo/1116.png
1117.0,CCC(CC)NC(=O)c1nnn(-c2ccccc2)c1NS(=O)(=O)c1ccc(C)cc1,-1.4351919681840701,train,../data/images/Lipo/1117.png
1118.0,CC(C)Cn1c(=O)n(C)c(=O)c2c(C(=O)N3CC[C@@H](O)C3)c(Oc3cccc4ccccc34)sc21,0.5683654017419165,train,../data/images/Lipo/1118.png
1119.0,COc1ccc(NC(=O)CSc2nnc(C)n2-c2ccc(C)cc2)cc1,0.6265600141464056,train,../data/images/Lipo/1119.png
1120.0,CC(=O)NC[C@H]1CN(c2ccc(N3Cc4cccnc4C3)c(F)c2)C(=O)O1,0.5766789177997005,train,../data/images/Lipo/1120.png
1121.0,NC(=O)C1CCCCC1,-1.0693972616415663,train,../data/images/Lipo/1121.png
1122.0,CSc1nc(C(N)=O)c(N)s1,-0.811678263850257,train,../data/images/Lipo/1122.png
1123.0,COCCOc1cc2ncc(C(N)=O)c(Nc3ccc(C)cc3F)c2cc1N1CCN(C)CC1,0.04461389010151345,train,../data/images/Lipo/1123.png
1124.0,Cc1ncc(-c2ccnc(Nc3ccc(C(=O)NCCO)cc3)n2)n1C(C)C,-0.08008885076524949,train,../data/images/Lipo/1124.png
1125.0,COc1ccc2ncc(=O)n(CCN3CC[C@@H](NCc4ccc5c(n4)NC(=O)CO5)[C@@H](O)C3)c2c1,-1.5100136127041277,train,../data/images/Lipo/1125.png
1126.0,Cc1cn([C@H]2CCCN([C@H](CC(C)C)c3ccc(C(=O)O)c(Oc4cccc(Cl)c4)c3)C2)c(=O)[nH]c1=O,-1.061083745583782,train,../data/images/Lipo/1126.png
1127.0,COc1cc(F)ccc1-c1cncc(C2CCCN2)c1,-0.9031269404858828,train,../data/images/Lipo/1127.png
1128.0,Cc1ccc(NC(=O)c2cccc(N(C)C)c2)cc1C(=O)Nc1cccnc1,0.6847546265508947,train,../data/images/Lipo/1128.png
1129.0,CN(C)CCCN1c2ccccc2Sc2ccccc21,0.31064640395060694,train,../data/images/Lipo/1129.png
1130.0,CN1CCN(c2ccc3ncc(C(N)=O)c(Nc4ccc(F)cc4F)c3c2)CC1,0.09449498644821819,train,../data/images/Lipo/1130.png
1131.0,CC(C)C(NC(=O)Cn1c(-c2ccccc2)ccc(NC(=O)NCc2ccc[n+]([O-])c2)c1=O)C(=O)C(F)(F)F,-0.5872133302900842,train,../data/images/Lipo/1131.png
1132.0,O=c1cc(N2CCOCC2)nc2c3ccccc3ccn12,0.4935437572218586,train,../data/images/Lipo/1132.png
1133.0,C[C@@H](O)[C@H](NC(=O)c1ccc(C#Cc2ccc(CN3CCOCC3)cc2)cc1)C(=O)NO,-0.1299699471119546,train,../data/images/Lipo/1133.png
1134.0,CN1c2ccccc2C(NCCCCCCC(=O)O)c2ccc(Cl)cc2S1(=O)=O,-0.7119160711568467,train,../data/images/Lipo/1134.png
1135.0,CC(=O)NC[C@H]1CN(c2ccc(N3CCN(c4cnccn4)CC3)c(F)c2)C(=O)O1,-0.5788998142323,train,../data/images/Lipo/1135.png
1136.0,O=c1cc(N2CCOCC2)oc2c(-c3cccc4c5c(sc34)CCCC5)cccc12,1.5909278768493698,train,../data/images/Lipo/1136.png
1137.0,COc1cccc2c(-c3c(C)n(CC(=O)O)c4ccc(C)cc34)ccnc12,-1.4102514200107177,train,../data/images/Lipo/1137.png
1138.0,CC(O)c1ccc2c(c1)N(CCN1CCC(NCc3ccc4c(n3)NC(=O)CO4)CC1)C(=O)CO2,-1.609775805397538,train,../data/images/Lipo/1138.png
1139.0,CS(=O)(=O)c1cccc(Nc2nccc(Nc3cccc4[nH]ncc34)n2)c1,0.6016194659730532,train,../data/images/Lipo/1139.png
1140.0,O=S(=O)(NCC(c1ccccc1)N1CCCCCC1)c1ccc(C(F)(F)F)cc1,1.7488846819472694,train,../data/images/Lipo/1140.png
1141.0,CCn1cc(C(=O)O)c(=O)c2ccc(C)nc21,-1.9007488674199842,train,../data/images/Lipo/1141.png
1142.0,Fc1ccc([C@@H]2CCNC[C@H]2COc2ccc3c(c2)OCO3)cc1,-0.3378078485565588,train,../data/images/Lipo/1142.png
1143.0,CC(C)C(NC(=O)Cn1c(-c2ccccc2)ccc(NS(=O)(=O)C(F)(F)F)c1=O)C(=O)C(F)(F)F,-0.9779485850059404,train,../data/images/Lipo/1143.png
1144.0,Cc1ccc(Cl)c(Nc2ccccc2C(=O)O)c1Cl,0.11943553462157092,train,../data/images/Lipo/1144.png
1145.0,N[C@@H](Cc1c[nH]c2ccccc12)C(=O)O,-2.715473441082833,train,../data/images/Lipo/1145.png
1146.0,Cc1ccc(/C(=C\CN2CCCC2)c2ccccn2)cc1,-0.25467268797871717,train,../data/images/Lipo/1146.png
1147.0,CC(=O)N[C@@H]1CCN(c2ccc(Nc3ncc(F)c(-c4cnc(C)n4C(C)C)n3)cc2)C1,0.9258465922266358,train,../data/images/Lipo/1147.png
1148.0,NC12CC3CC(CC(C3)C1)C2,-2.6323382805049915,train,../data/images/Lipo/1148.png
1149.0,O=c1[nH]c2c(O)ccc([C@@H](O)CNCCCSCCOCCc3cccc4ccccc34)c2s1,0.7762033031865209,train,../data/images/Lipo/1149.png
1150.0,CS(=O)(=O)N1CCN(Cc2cc3nc(-c4cccc5[nH]ncc45)nc(N4CCOCC4)c3s2)CC1,0.9258465922266358,train,../data/images/Lipo/1150.png
1151.0,CCC(C)(CC)C[C@H](c1ccc(C(=O)O)c(Oc2cccc(Br)c2)c1)N1CCC[C@H](n2cc(C)c(=O)[nH]c2=O)C1,-0.17985104345865952,train,../data/images/Lipo/1151.png
1152.0,O=C(O)c1ccccc1Cn1nnc(-c2cccc(OCc3ccc4ccccc4n3)c2)n1,-0.07177533470746512,train,../data/images/Lipo/1152.png
1153.0,CCC1(C)CC(=O)NC1=O,-1.6264028375131063,train,../data/images/Lipo/1153.png
1154.0,N#Cc1cccc(-c2cc(Cl)ccc2OCC(=O)O)c1,-2.0254516082867466,train,../data/images/Lipo/1154.png
1155.0,NC(=O)c1ccc(=O)n(Cc2ccc(Cl)cc2Cl)c1,0.14437608279492328,train,../data/images/Lipo/1155.png
1156.0,Clc1ccc(C2(c3ccc(-c4cn[nH]c4)cc3)CCNCC2)cc1,-0.5622727821167316,train,../data/images/Lipo/1156.png
1157.0,Oc1cccc2nc(-c3ccccc3)cc(O)c12,0.9840412046311253,train,../data/images/Lipo/1157.png
1158.0,Nc1nc(CCc2cccc(Br)c2)cc(=O)[nH]1,0.27739233971947025,train,../data/images/Lipo/1158.png
1159.0,CCN(CCCOCCOCCc1ccccc1)CCc1ccc(O)c2nc(O)sc12,0.21919772731498113,train,../data/images/Lipo/1159.png
1160.0,NC1(c2ccc(-c3c(-c4ccccc4)ccc4ccnn34)cc2)CCC1,0.5933059499152689,train,../data/images/Lipo/1160.png
1161.0,CCN(C(=O)Cc1ccc(S(C)(=O)=O)cc1)C1CCN(CC[C@@H](c2cccc(C(F)(F)F)c2)C2CCN(S(C)(=O)=O)CC2)CC1,-0.2380456558631488,train,../data/images/Lipo/1161.png
1162.0,Cc1ccc(CO)cc1N(c1ccnc(Nc2cc(N3CCOCC3)cc(N3CCOCC3)c2)n1)C(C)C,1.4246575556936865,train,../data/images/Lipo/1162.png
1163.0,CCc1nc2ccc(C(=O)NCc3ccc4c(c3)OCO4)cn2c1N(C)Cc1cccs1,1.5909278768493698,train,../data/images/Lipo/1163.png
1164.0,CCCSc1ncccc1C(=O)NC1CCCCC1,0.8759654958799311,train,../data/images/Lipo/1164.png
1165.0,CCN(CC)S(=O)(=O)c1ccc(-c2cc(C(F)(F)F)ccc2OCC(=O)O)cc1,-1.2606081309706025,train,../data/images/Lipo/1165.png
1166.0,O=C(O)CCc1ccc(OCc2cccc(Oc3ccccc3)c2)cc1,0.23582475943054948,train,../data/images/Lipo/1166.png
1167.0,COc1ncc(-c2ccc3nccc(-c4ccnnc4)c3c2)cc1NS(=O)(=O)c1ccc(F)cc1F,0.2607653076039019,train,../data/images/Lipo/1167.png
1168.0,O=c1c(-c2ccc3c(c2)OCO3)coc2cc(O)cc(O)c12,1.0921169133823194,train,../data/images/Lipo/1168.png
1169.0,CC(O)C(C)OC(=O)[C@@H]1CC2c3cccc4c3c(cn4C(C)C)CC2N(C)C1,0.510170789337427,train,../data/images/Lipo/1169.png
1170.0,Cc1cc(=O)[nH]c2ccccc12,-0.2380456558631488,train,../data/images/Lipo/1170.png
1171.0,O=C1C(=O)c2ccc([N+](=O)[O-])cc2-c2ccccc21,0.31064640395060694,train,../data/images/Lipo/1171.png
1172.0,CC(C)C(NC(=O)Cn1c(-c2ccccc2)ncc(NC(=O)OCc2ccccc2)c1=O)C(=O)C(F)(F)F,-0.05514830259189676,train,../data/images/Lipo/1172.png
1173.0,COc1ccc(C(CNC(=O)Nc2ccccc2)N2CCN(C)CC2)cc1,-0.5705862981745158,train,../data/images/Lipo/1173.png
1174.0,CO[C@H]1CN(CCn2c(=O)ccc3ccc(C#N)cc32)CC[C@@H]1NCc1cc2c(cn1)OCCO2,-0.9446945207748036,train,../data/images/Lipo/1174.png
1175.0,O=C(O)c1[nH]c2cc(Cl)cc(Cl)c2c1/C=C1\CCN(c2ccccc2)C1=O,-0.2796132361520695,train,../data/images/Lipo/1175.png
1176.0,C[C@@H](Oc1cccc2ncnc(Nc3ccc4c(cnn4Cc4ccccn4)c3)c12)C(=O)N(C)C,0.5849924338574849,train,../data/images/Lipo/1176.png
1177.0,FC(F)(F)c1cc(COCC(c2ccccc2)N2CCNCC2)cc(C(F)(F)F)c1,0.5933059499152689,train,../data/images/Lipo/1177.png
1178.0,CNC(=O)c1ccc(Nc2ncc(F)c(-c3cnc(C)n3C(C)C)n2)cc1F,0.9341601082844202,train,../data/images/Lipo/1178.png
1179.0,CC(=O)NC(C)c1ccc(Nc2ncc3cc(-c4ccncc4)ccc3n2)cc1,0.7595762710709525,train,../data/images/Lipo/1179.png
1180.0,COc1cc2ncnc(Nc3ccc(F)c(Cl)c3)c2cc1OCCN1CCN(C)CC1,0.9258465922266358,train,../data/images/Lipo/1180.png
1181.0,CCC[C@H]1CN(Cc2cc(Cl)ccc2OCC(=O)O)CCN1S(=O)(=O)c1ccccc1,-0.9696350689481562,train,../data/images/Lipo/1181.png
1182.0,CN1CCCC(n2nc(Cc3ccc(Cl)cc3)c3ccccc3c2=O)CC1,0.22751124337276513,train,../data/images/Lipo/1182.png
1183.0,COC(=O)N1CCN(C(=O)Cc2ccc(Cl)c(Cl)c2)[C@@H](CN2CCCC2)C1,-0.17985104345865952,train,../data/images/Lipo/1183.png
1184.0,CC(C)(C)OC(=O)N1CCN(c2ncc(OCc3ccncc3)cn2)CC1,1.0089817528044778,train,../data/images/Lipo/1184.png
1185.0,CCCCSc1nc(N)c2ncn(Cc3c(F)ccc(C)c3F)c2n1,0.6764411104931107,train,../data/images/Lipo/1185.png
1186.0,Cc1cc(NC(=O)Nc2ccc(Cl)cc2)n(-c2ccccc2)n1,1.6324954571382913,train,../data/images/Lipo/1186.png
1187.0,Cc1c(Sc2ccc(Cl)cc2)c2cc(F)ccc2n1CC(=O)O,-0.2879267522098537,train,../data/images/Lipo/1187.png
1188.0,Cc1ccc(Nc2nccc(N(C)c3ccc4c(C)n(C)nc4c3)n2)cc1S(N)(=O)=O,0.9258465922266358,train,../data/images/Lipo/1188.png
1189.0,Cc1cccc(NS(=O)(=O)c2cccc3nonc23)c1,0.6764411104931107,train,../data/images/Lipo/1189.png
1190.0,CN1C(=O)CN=C(c2ccccc2F)c2cc([N+](=O)[O-])ccc21,-0.07177533470746512,train,../data/images/Lipo/1190.png
1191.0,CC1(COc2ccc3c(c2)ncn3-c2ccc3cccc(N4CCC(N)CC4)c3n2)COC1,-0.16322401134309114,train,../data/images/Lipo/1191.png
1192.0,Cc1cc2n[nH]c(=O)n2c2cc(-c3ccc[nH]3)ccc12,0.9175330761688518,train,../data/images/Lipo/1192.png
1193.0,CCc1cccc2c(C#N)cn(CC(=O)NCCOC)c12,-0.1964780755742279,train,../data/images/Lipo/1193.png
1194.0,CC(NC(=O)c1cc(O)nc2ccccc12)c1ccccc1,0.011359825870376712,train,../data/images/Lipo/1194.png
1195.0,COC1/C=C/OC2(C)Oc3c(C)c(O)c4c(c3C2=O)C(=O)C=C(NC(=O)/C(C)=C\C=C\C(C)C(O)C(C)C(O)C(C)C(OC(C)=O)C1C)C4=O,-1.2356675827972499,train,../data/images/Lipo/1195.png
1196.0,c1ccc(-c2ccc(C3CN4CCC3CC4)cc2)cc1,-0.3544348806721272,train,../data/images/Lipo/1196.png
1197.0,O=c1[nH]c([C@@H]2CCCN2)nc2c1oc1ccc(Br)cc12,0.003046309812592344,train,../data/images/Lipo/1197.png
1198.0,CCOC(=O)Nc1ccc2c(c1)N(C(=O)CCN1CCOCC1)c1ccccc1S2,0.7595762710709525,train,../data/images/Lipo/1198.png
1199.0,O=C(O)COc1ccccc1N1CCC(CN2CCC(Oc3ccc(Cl)c(Cl)c3)CC2)CC1,-0.15491049528530695,train,../data/images/Lipo/1199.png
1200.0,CCn1cc(NC(=O)Cc2ccc(Oc3ccnc4cc(OC)c(OC)cc34)cc2OC)cn1,1.0256087849200461,train,../data/images/Lipo/1200.png
1201.0,Brc1cc(Br)cc(COC[C@H](c2ccccc2)N2CCNCC2)c1,0.510170789337427,train,../data/images/Lipo/1201.png
1202.0,Cc1noc(C)c1CCC1CCN(S(=O)(=O)CC2(N(O)C=O)CCOCC2)CC1,-1.0693972616415663,train,../data/images/Lipo/1202.png
1203.0,CC[C@H](c1ccc(C(=O)O)c(Oc2cccc(Cl)c2)c1)N1CCC[C@H](n2cc(C)c(=O)[nH]c2=O)C1,-1.6347163535708904,train,../data/images/Lipo/1203.png
1204.0,CCO/N=C(\c1ccc(Br)cc1)C1CCN(C2(C)CCN(C(=O)c3c(C)cc[n+]([O-])c3C)CC2)CC1,-0.03852127047632839,train,../data/images/Lipo/1204.png
1205.0,Cc1ccc(NC(=O)[C@@H]2CCCN2S(=O)(=O)c2cccc3cccnc23)c(C)c1,1.3415223951158446,train,../data/images/Lipo/1205.png
1206.0,O=c1cc(N2CCOCC2)nc2n(Cc3cccc4ccccc34)ccn12,0.9258465922266358,train,../data/images/Lipo/1206.png
1207.0,COc1cc(-c2ccc(Nc3ccccc3C(=O)O)c(OC)c2)ccc1Nc1ccccc1C(=O)O,-0.32118081644099045,train,../data/images/Lipo/1207.png
1208.0,COc1cc(N2CC[C@@H](N(C)C)C2)c2[nH]c(C(=O)Nc3ccc(N4CCOCC4)cc3)cc(=O)c2c1,0.42703562875958556,train,../data/images/Lipo/1208.png
1209.0,N#Cc1nc(NC2CCOC2)c(N)c(N2CCOCC2)n1,-0.48745113759667397,train,../data/images/Lipo/1209.png
1210.0,CC(c1ccccc1)C(Cc1nc2ccccc2[nH]1)c1nc2ccccc2[nH]1,1.906841487045169,train,../data/images/Lipo/1210.png
1211.0,CN1CCC[C@H]1c1ccccn1,-1.4518190002996385,train,../data/images/Lipo/1211.png
1212.0,COc1cc(-c2nn[nH]n2)ccc1Cn1ccc2ccc(NC(=O)OC3CCCC3)cc21,0.42703562875958556,train,../data/images/Lipo/1212.png
1213.0,O=S(=O)(Cc1c(F)cccc1F)N1CCN(c2ncccc2C(F)(F)F)CC1,1.4246575556936865,train,../data/images/Lipo/1213.png
1214.0,C[C@]12N[C@H](Cc3ccccc31)c1ccccc12,-0.48745113759667397,train,../data/images/Lipo/1214.png
1215.0,NC(=O)c1cccc(OC2CCN(CC3CC3)CC2)c1,-1.4102514200107177,train,../data/images/Lipo/1215.png
1216.0,Cc1cc(C)nc(SCC(N)=O)n1,-1.6264028375131063,train,../data/images/Lipo/1216.png
1217.0,Cc1c(S(=O)(=O)c2ccc(Cl)cc2)c2c(NS(C)(=O)=O)cccc2n1CC(=O)O,-2.507635539638229,train,../data/images/Lipo/1217.png
1218.0,O=C(O)C[C@H]1CC[C@H](c2ccc(NC(=O)c3nnc(Nc4ccccc4F)o3)cc2)CC1,0.2441382754883335,train,../data/images/Lipo/1218.png
1219.0,COc1ncccc1-c1cccc2c(N)c3c(nc12)CN(C1CCC1)C3=O,0.892592527995499,train,../data/images/Lipo/1219.png
1220.0,CN1CCN(S(=O)(=O)c2ccc(-c3cnc(N)c(C(=O)Nc4cnccc4CN4CCCC4)n3)cc2)CC1,0.9092195601110674,train,../data/images/Lipo/1220.png
1221.0,NS(=O)(=O)c1cc(C(=O)O)cc(N2CCCC2)c1Oc1ccccc1,-2.5990842162738548,train,../data/images/Lipo/1221.png
1222.0,CC1C(=O)Nc2ccccc2N1C(=O)c1ccccc1,-0.06346181864968113,train,../data/images/Lipo/1222.png
1223.0,CNc1cccc(CCOc2ccc(C[C@H](NC(=O)c3c(Cl)cccc3Cl)C(=O)O)cc2C)n1,-1.5349541608774802,train,../data/images/Lipo/1223.png
1224.0,CCCSc1c(C(=O)NC2CCCCC2)cnn1[C@H]1CC[C@H](C(=O)O)CC1,-0.961321552890372,train,../data/images/Lipo/1224.png
1225.0,Cc1c(-c2ccccc2)oc2c(C(=O)OCCN3CCCCC3)cccc2c1=O,1.0256087849200461,train,../data/images/Lipo/1225.png
1226.0,O=C(O)CSc1c[nH]c2ccccc12,-2.9066843104118694,train,../data/images/Lipo/1226.png
1227.0,Cc1c(Cl)ccc(OC2CCN(C[C@H](O)CNC(=O)c3c[nH]c(=O)c4cc(S(C)(=O)=O)ccc34)CC2)c1Cl,0.5351113375107798,train,../data/images/Lipo/1227.png
1228.0,O=c1[nH]c2c(O)ccc([C@@H](O)CNCCCSCCNCCc3cccc(Cl)c3Cl)c2s1,-0.37106191278769557,train,../data/images/Lipo/1228.png
1229.0,CC(C)Cn1c(=O)n(C)c(=O)c2c(C(=O)N3CCCC3)c(Cc3ccccc3C(F)(F)F)sc21,1.3415223951158446,train,../data/images/Lipo/1229.png
1230.0,O=C(NC1CCCC1)C(c1ccncc1)N(Cc1ccco1)C(=O)c1ccc(-c2ccccc2)[nH]1,1.8070792943517588,train,../data/images/Lipo/1230.png
1231.0,Clc1ccc(C(c2ccccc2)N2CCNCC2)cc1,-0.20479159163201208,train,../data/images/Lipo/1231.png
1232.0,O=C(Nc1ccccc1)c1cc(Cl)ccc1O,0.5933059499152689,train,../data/images/Lipo/1232.png
1233.0,Cc1ccc(C(=O)c2cc(O)c(O)c([N+](=O)[O-])c2)cc1,-1.2024135185661131,train,../data/images/Lipo/1233.png
1234.0,O=C1CCOc2nc(COc3ccccc3)ccc21,0.09449498644821819,train,../data/images/Lipo/1234.png
1235.0,O=C(NC[C@@H](O)CN1CCC(Oc2ccc(Cl)c(Cl)c2)CC1)c1cn2cc(F)ccc2n1,0.9507871403999886,train,../data/images/Lipo/1235.png
1236.0,O=c1n(CCCN2CCN(c3cccc(Cl)c3)CC2)nc2ccccn12,0.4020950805862328,train,../data/images/Lipo/1236.png
1237.0,Cn1c2ccccc2c2cc(NC(=O)CCc3ccncc3)ccc21,1.3415223951158446,train,../data/images/Lipo/1237.png
1238.0,CN(C(=O)Cc1ccc(-n2cnnn2)cc1)[C@@H]1CCN(Cc2ccc(C(F)(F)F)cc2)C[C@@H]1F,0.9258465922266358,train,../data/images/Lipo/1238.png
1239.0,CCCc1c(OCCCCSCC(=O)O)ccc(C(C)=O)c1O,-0.7368566193301993,train,../data/images/Lipo/1239.png
1240.0,NC1(C(=O)N[C@@H](CCN2CCCCC2)c2ccc(Cl)cc2)CCN(c2ncnc3[nH]ccc23)CC1,0.17763014702606003,train,../data/images/Lipo/1240.png
1241.0,Oc1ccc(C(c2ccc(O)cc2)C(Cl)(Cl)Cl)cc1,1.3914034914625497,train,../data/images/Lipo/1241.png
1242.0,Cc1cc2n[nH]c(=O)n2c2ccccc12,0.1360625667371393,train,../data/images/Lipo/1242.png
1243.0,Cc1ccc(CNC(=O)C2CCCN2S(=O)(=O)c2ccc(F)cc2)cc1,0.5933059499152689,train,../data/images/Lipo/1243.png
1244.0,Nc1nc(OC2CCCC2)nc2c1ncn2[C@@H]1O[C@H](CO)[C@H](Cl)[C@H]1O,-0.021894238360760022,train,../data/images/Lipo/1244.png
1245.0,O=S(=O)(CCCOCCc1nccc2ccccc12)CCNCCc1ccc(O)c2nc(O)sc12,0.1360625667371393,train,../data/images/Lipo/1245.png
1246.0,CC(C)N1CCN(Cc2cnc(-c3cc(-c4cccc5[nH]ccc45)cc4[nH]ncc34)o2)CC1,1.0838033973245356,train,../data/images/Lipo/1246.png
1247.0,Clc1cccc(Cl)c1/C(=C/n1cncn1)OC1CCCCCC1,1.5909278768493698,train,../data/images/Lipo/1247.png
1248.0,CC(=O)[C@H]1CC[C@H]2[C@@H]3CCC4=CC(=O)CC[C@]4(C)[C@H]3CC[C@]12C,1.4579116199248232,train,../data/images/Lipo/1248.png
1249.0,CC1(C)C(=O)N(c2ccc(SC(F)(F)F)cc2)C(=O)N1Cc1ccnc(N2CCOCC2)c1,1.2833277827113556,train,../data/images/Lipo/1249.png
1250.0,CCCS(=O)(=O)c1ccc(Nc2nccc(-c3cnc(C)n3C(C)C)n2)cc1,0.9840412046311253,train,../data/images/Lipo/1250.png
1251.0,CCC(c1ccccn1)n1[nH]c(=O)c2nc3cc(Cl)ccc3c(O)c2c1=O,-1.1525324222194082,train,../data/images/Lipo/1251.png
1252.0,Cc1ccc2c(c1)c(Sc1ccccc1Cl)c(C)n2CC(=O)O,-0.39600246096104813,train,../data/images/Lipo/1252.png
1253.0,CCc1cccc2c3c([nH]c12)C(CC)(CC(=O)O)OCC3,-1.4102514200107177,train,../data/images/Lipo/1253.png
1254.0,O=C1c2ccc(O)cc2C(=O)N1c1ccccc1,0.09449498644821819,train,../data/images/Lipo/1254.png
1255.0,C[C@H](Cc1cccc(CC(=O)NC23CC4CC(CC(C4)C2)C3)c1)NC[C@H](O)c1ccc(O)c(CO)c1,0.17763014702606003,train,../data/images/Lipo/1255.png
1256.0,CCOC(=O)c1ccc(CCN2CCN(c3ccc(C)nn3)CC2)cc1,0.3272734360661753,train,../data/images/Lipo/1256.png
1257.0,CNC(=O)c1c(F)cccc1Nc1nc(Nc2cc3c(cc2OC)CCN3C(=O)CN(C)C)nc2[nH]ccc12,0.3522139842395277,train,../data/images/Lipo/1257.png
1258.0,Cc1ccnc(NS(=O)(=O)c2ccc(N)cc2)n1,-2.2416030257891353,train,../data/images/Lipo/1258.png
1259.0,Cc1[nH]c(/C=C2\C(=O)Nc3ccc(F)cc32)c(C)c1C(=O)NCCN(C)C,-0.3627483967299114,train,../data/images/Lipo/1259.png
1260.0,CCOC(=O)C1(c2ccccc2)CCN(C)CC1,-0.6537214587523577,train,../data/images/Lipo/1260.png
1261.0,CC1(c2ccc(Cl)cc2)CCN(C(=O)COCc2ccncc2)CC1,0.501857273279643,train,../data/images/Lipo/1261.png
1262.0,Cc1ncc(-c2nc(Nc3ccc(C(=O)NC4CCN(C)CC4)c(F)c3)ncc2F)n1C(C)C,0.18594366308384438,train,../data/images/Lipo/1262.png
1263.0,COc1cc(N2CCN(C(N)=O)CC2)ccc1Nc1ncc(Cl)c(-c2cnc3ccccn23)n1,0.9258465922266358,train,../data/images/Lipo/1263.png
1264.0,Cn1ncc(Cl)c1-c1cc(C(=O)N[C@H](CN)Cc2cccc(F)c2)sc1Cl,0.6681275944353267,train,../data/images/Lipo/1264.png
1265.0,CNC(=O)c1ccc(Nc2nccc(-c3cnc(C4CC4)n3C(C)C)n2)cc1,0.48523024116407465,train,../data/images/Lipo/1265.png
1266.0,CC(Cc1ccc(O)cc1)NCC(O)c1cc(O)cc(O)c1,-1.8674948031888474,train,../data/images/Lipo/1266.png
1267.0,CCN(C(=O)NCc1c(F)cccc1F)C1CCN(CCC(c2ccccc2)c2ccccc2)CC1,1.7571981980050535,train,../data/images/Lipo/1267.png
1268.0,COc1ccc2ncc(C#N)c(CCN3CCC(NCc4cc5c(cn4)OCS5)CC3)c2c1,0.3023328878928226,train,../data/images/Lipo/1268.png
1269.0,Nc1cc2n[nH]c(=O)n2c2cc(-c3ccc[nH]3)ccc12,0.09449498644821819,train,../data/images/Lipo/1269.png
1270.0,NNCCc1ccccc1,-1.8259272228999262,train,../data/images/Lipo/1270.png
1271.0,N#Cc1cnn(-c2ccccc2)c1NC(=O)CN1CCOCC1,-1.4019379039529334,train,../data/images/Lipo/1271.png
1272.0,COC(=O)COc1ccc(C(=O)Nc2ccc(F)cc2)cn1,0.20257069519941276,train,../data/images/Lipo/1272.png
1273.0,CN(C(=O)Cc1ccc(-n2cnnn2)cc1)C1CCN(Cc2ccc(C(F)(F)F)cn2)CC1,-0.2380456558631488,train,../data/images/Lipo/1273.png
1274.0,C[C@@H](NC1=CC(=O)CC1)c1ccc(Nc2ncc3cc(-c4ccncc4)ccc3n2)cc1,0.8427114316487944,train,../data/images/Lipo/1274.png
1275.0,CC(C)(C)OC(=O)N1CCN(c2ncc(OCc3ccc(S(C)(=O)=O)cc3)nn2)CC1,0.6182464980886215,train,../data/images/Lipo/1275.png
1276.0,CCCc1c(C(=O)Nc2cc(C)on2)cnn1-c1ccccc1,1.2583872345380032,train,../data/images/Lipo/1276.png
1277.0,Cn1c(N)nc(CCc2ccc3cc[nH]c3c2)cc1=O,-0.07177533470746512,train,../data/images/Lipo/1277.png
1278.0,O=C(c1ccccc1)C(O)c1ccccc1,-0.04683478653411276,train,../data/images/Lipo/1278.png
1279.0,COCC[C@H](Oc1ncnc2c1cnn2-c1ccccc1Cl)C(=O)Nc1ccc(C)cn1,1.1752520739601613,train,../data/images/Lipo/1279.png
1280.0,CCC(C)Nc1nc(C#N)nc(N2CCOCC2)c1N,0.510170789337427,train,../data/images/Lipo/1280.png
1281.0,COc1cc2ncnc(Nc3cccc(O)c3)c2cc1OC,0.3439004681817437,train,../data/images/Lipo/1281.png
1282.0,Cc1cc2nc(NC(=N)N)nc(C)c2cc1C,-1.2356675827972499,train,../data/images/Lipo/1282.png
1283.0,COc1ccc2ncc(=O)n(CCN3CCC(NCc4cc5c(cn4)OCCO5)CC3)c2n1,-1.1275918740460555,train,../data/images/Lipo/1283.png
1284.0,CNC(=C[N+](=O)[O-])NCCSCc1ccc(CN(C)C)o1,-2.607397732331639,train,../data/images/Lipo/1284.png
1285.0,N#Cc1cccnc1-c1ccc(C(=O)Nc2ccccc2N)cc1,-0.5040781697122423,train,../data/images/Lipo/1285.png
1286.0,Nc1ncc(NC(=O)c2cc(NC(=O)c3cccc(C(F)(F)F)c3)ccc2Cl)cc1Cl,0.892592527995499,train,../data/images/Lipo/1286.png
1287.0,COc1cnc(-c2ccccn2)nc1N(C)C,-0.2380456558631488,train,../data/images/Lipo/1287.png
1288.0,COc1ccc(-n2sc3ccccc3c2=O)cc1,0.6930681426086791,train,../data/images/Lipo/1288.png
1289.0,Cc1ccc(CO)cc1N(C)c1ccnc(Nc2cc(N3CCCOCC3)cc(N3CCOCC3)c2)n1,0.9258465922266358,train,../data/images/Lipo/1289.png
1290.0,O=C(O)c1cc(-c2ccc(F)cc2F)ccc1O,-1.327116259432876,train,../data/images/Lipo/1290.png
1291.0,O=C(NCC12CC3CC(CC(C3)C1)C2)c1cc(OCCCNCCCO)ccc1Cl,-0.6454079426945735,train,../data/images/Lipo/1291.png
1292.0,Oc1nc2cc(Cl)cc(Cl)c2c(O)c1-c1ccccc1,-0.48745113759667397,train,../data/images/Lipo/1292.png
1293.0,CN(C)c1nc(Cc2ccc(NC(=O)c3ccc(C(F)(F)F)cc3)cc2)nc(N(C)C)c1CC(=O)O,-0.6038403624056525,train,../data/images/Lipo/1293.png
1294.0,O=C1Nc2ccc(Cl)cc2C(c2ccccc2Cl)=NC1O,0.16100311491049166,train,../data/images/Lipo/1294.png
1295.0,CNC(=O)c1[nH]cnc1C(=O)Nc1ccc(OC)cc1,0.011359825870376712,train,../data/images/Lipo/1295.png
1296.0,O=c1nc(NCc2ccccc2)sn1Cc1ccccc1,0.6847546265508947,train,../data/images/Lipo/1296.png
1297.0,COc1cc2ncnc(Nc3cccc(Cl)c3F)c2cc1OC1CCN(CC(N)=O)CC1,0.7595762710709525,train,../data/images/Lipo/1297.png
1298.0,Cn1cncc1-c1c2c(=O)n(C)c(=O)n(CC3CC3)c2nn1Cc1ccnc2ccc(Cl)cc12,0.41872211270180115,train,../data/images/Lipo/1298.png
1299.0,COc1cccc(Nc2nc(NCC3CCCO3)c3ccccc3n2)c1,1.4246575556936865,train,../data/images/Lipo/1299.png
1300.0,CCN(C(=O)Cc1ccc(S(C)(=O)=O)cc1)C1CCN(CCC(c2ccccc2)c2ccc(S(C)(=O)=O)cc2)CC1,-0.37937542884547976,train,../data/images/Lipo/1300.png
1301.0,Oc1ccc(-c2nc3ccccc3nc2-c2ccc(O)cc2)cc1,0.42703562875958556,train,../data/images/Lipo/1301.png
1302.0,C[C@@](N)(Cc1ccccc1)c1ccccc1,-0.4043159770188323,train,../data/images/Lipo/1302.png
1303.0,CC(=O)Nc1cccc(OCc2cnc(Cl)s2)c1,0.16100311491049166,train,../data/images/Lipo/1303.png
1304.0,O=C(Nc1ccc([N+](=O)[O-])cc1O)Nc1ccccc1Br,1.4246575556936865,train,../data/images/Lipo/1304.png
1305.0,N#Cc1ccc(C(=O)N2CCC3(CC2)N=C(N)c2c(F)ccc(F)c2N3)cn1,-1.1608459382771923,train,../data/images/Lipo/1305.png
1306.0,COc1ccccc1CCNCc1ccc(CCNC[C@H](O)c2ccc(O)c3[nH]c(=O)sc23)cc1,-1.1525324222194082,train,../data/images/Lipo/1306.png
1307.0,Nc1nc2ccc(F)cc2s1,0.011359825870376712,train,../data/images/Lipo/1307.png
1308.0,CNc1c(Br)cnc2[nH]c(-c3ccc(OCCN4CCCCC4)cc3)nc12,0.31064640395060694,train,../data/images/Lipo/1308.png
1309.0,CCCSc1c(C(=O)NC2CCCCC2)cnn1[C@H]1CC[C@@H](C(=O)O)CC1,-0.6620349748101418,train,../data/images/Lipo/1309.png
1310.0,COc1ccc(Cc2c(N)n[nH]c2N)cc1,-1.6513433856864588,train,../data/images/Lipo/1310.png
1311.0,Nc1ccc2[nH]c(Cc3ccc(Oc4ccccc4)cc3)nc2c1,1.3415223951158446,train,../data/images/Lipo/1311.png
1312.0,NC(=O)Nc1cc(-c2ccccc2)sc1C(N)=O,0.20257069519941276,train,../data/images/Lipo/1312.png
1313.0,NC(Cc1c[nH]c2ccccc12)C(=O)O,-2.790295085602891,train,../data/images/Lipo/1313.png
1314.0,Cc1ccc(-c2c[nH]cn2)cc1NC(=O)c1ccc(OCc2ccccn2)cc1,0.5184843053952114,train,../data/images/Lipo/1314.png
1315.0,CCNC(=O)c1cc2c(-n3ccc(C(F)(F)F)n3)c(-c3cc(-c4n[nH]c(=O)o4)cnc3OC)cnc2[nH]1,0.6016194659730532,train,../data/images/Lipo/1315.png
1316.0,Cc1ccccc1S(=O)(=O)NC(=O)N1CCC(N2CCC(Oc3ccc(Cl)c(Cl)c3)CC2)CC1,-0.39600246096104813,train,../data/images/Lipo/1316.png
1317.0,O=C(NC1CCCCC1)c1cccnc1Sc1ccccc1,0.6847546265508947,train,../data/images/Lipo/1317.png
1318.0,Nc1ccnc(-c2cccnc2)n1,-1.4518190002996385,train,../data/images/Lipo/1318.png
1319.0,Cc1ccc(-c2cccc(-c3nn[nH]n3)c2)cc1,-0.7368566193301993,train,../data/images/Lipo/1319.png
1320.0,Cc1sc2ncnc(SCC(=O)N3CCN(C(=O)c4ccco4)CC3)c2c1C,0.42703562875958556,train,../data/images/Lipo/1320.png
1321.0,COc1ccc(OC)c(CNc2n[nH]c3ccnc(Oc4ccccc4)c23)c1,1.7156306177161327,train,../data/images/Lipo/1321.png
1322.0,Nc1ncc(-c2cnn(C3CCNCC3)c2)cc1-c1nc2ccccc2o1,-0.2796132361520695,train,../data/images/Lipo/1322.png
1323.0,CCCSc1nc2ccc(NC(=O)CCC(=O)O)cc2s1,-1.4019379039529334,train,../data/images/Lipo/1323.png
1324.0,O=C(Nc1ccc(Cl)c(Cl)c1)N1CCN(C[C@@H]2CCCN(Cc3ccccc3)C2)CC1,1.7239441337739168,train,../data/images/Lipo/1324.png
1325.0,O=C(c1cc(Cc2n[nH]c(=O)c3ccccc23)ccc1F)N1CCN(C(=O)C2CCCO2)CC1,-1.0693972616415663,train,../data/images/Lipo/1325.png
1326.0,O=C(Nc1nc2ccccc2n1CCN1CCOCC1)c1cccc([N+](=O)[O-])c1,0.9258465922266358,train,../data/images/Lipo/1326.png
1327.0,CO[C@@H](C(=O)N1Cc2n[nH]c(NC(=O)c3ccc(N4CCN(C)CC4)cc3)c2C1)c1ccccc1,-0.15491049528530695,train,../data/images/Lipo/1327.png
1328.0,Nc1nc(Nc2ccc(F)c(Cl)c2)c2nc[nH]c2n1,0.4686032090485063,train,../data/images/Lipo/1328.png
1329.0,CNCCCC12CCC(c3ccccc31)c1ccccc12,-1.0777107776993504,train,../data/images/Lipo/1329.png
1330.0,CC(C)OC(=O)c1cn(Cc2c(F)cccc2F)c2sc(-c3ccc(NC(=O)C(C)C)cc3)c(CN(C)Cc3ccccc3)c2c1=O,1.0921169133823194,train,../data/images/Lipo/1330.png
1331.0,O=C(Nc1ccc(N2CCOCC2)nc1)c1nnc(Nc2ccc(F)c(F)c2)o1,0.5933059499152689,train,../data/images/Lipo/1331.png
1332.0,COc1ccc(CN2CCc3c([nH]c4ccccc34)C2)cc1OC,0.7595762710709525,train,../data/images/Lipo/1332.png
1333.0,CCNC(=O)c1cc2c(-n3ccc(C(F)(F)F)n3)c(-c3cncc(-c4n[nH]c(=O)o4)c3)cnc2[nH]1,-0.4458835573077532,train,../data/images/Lipo/1333.png
1334.0,CC[S+]([O-])c1ncccc1C1(O)CCN(CC23CC(c4ccccc42)c2ccccc23)CC1,-0.15491049528530695,train,../data/images/Lipo/1334.png
1335.0,Cc1cc(Nc2nc(N[C@@H](C)c3ncc(F)cn3)nc(N3CCOCC3)c2Cl)n[nH]1,0.3522139842395277,train,../data/images/Lipo/1335.png
1336.0,N=C(N)Nc1nc2ccccc2o1,-0.2297321398053646,train,../data/images/Lipo/1336.png
1337.0,CC(C)Cn1c(=O)n(C)c(=O)c2c(-c3ccncc3)n(Cc3cccc4ccccc34)nc21,1.7571981980050535,train,../data/images/Lipo/1337.png
1338.0,O=c1ccc(=O)c2ccccc2[nH]1,-0.9696350689481562,train,../data/images/Lipo/1338.png
1339.0,CCN(C(=O)Cc1ccc(S(C)(=O)=O)cc1)C1CCN(CC[C@@H](c2cccc(F)c2)C2CCN(S(C)(=O)=O)CC2)CC1,-0.6204673945212209,train,../data/images/Lipo/1339.png
1340.0,Nc1ccc2nc(-c3ccc(O)cc3)sc2c1,0.7595762710709525,train,../data/images/Lipo/1340.png
1341.0,Nc1nc(N)c2cc(NCc3ccc(Cl)c(Cl)c3)ccc2n1,0.02798685798594508,train,../data/images/Lipo/1341.png
1342.0,O=C(NCC12CC3CC(CC(C3)C1)C2)c1cc(CC2CCNCC2)ccc1Cl,-0.5788998142323,train,../data/images/Lipo/1342.png
1343.0,CCC(CC)CNC(=O)c1ccc2c(c1)c(Cc1ccc(C(=O)NS(=O)(=O)c3ccccc3C)cc1OC)cn2C,0.42703562875958556,train,../data/images/Lipo/1343.png
1344.0,COc1cc2ncnc(Nc3cccc(Cl)c3F)c2cc1CN1C[C@H](OC)C[C@@H]1C(N)=O,0.7512627550131682,train,../data/images/Lipo/1344.png
1345.0,COc1c(C)cnc(Cn2cnc3c(Cl)nc(N)nc32)c1C,-0.4292565251921848,train,../data/images/Lipo/1345.png
1346.0,CN1CCN(C(=O)OC2c3nccnc3C(=O)N2c2ccc(Cl)cn2)CC1,-0.9031269404858828,train,../data/images/Lipo/1346.png
1347.0,O=C(CN1C(=O)C(NC(=O)c2cc3cc(Cl)sc3[nH]2)Cc2ccccc21)NC(CO)CO,0.3522139842395277,train,../data/images/Lipo/1347.png
1348.0,C=CCNC(=O)c1cc([N+](=O)[O-])cc2c(=O)[nH]c(Nc3ccc(Cl)c(Cl)c3)nc12,0.42703562875958556,train,../data/images/Lipo/1348.png
1349.0,CC(C)NC(=O)c1cc2c(-n3ccc(C(F)(F)F)n3)c(-c3cncc(C(=O)O)c3)cnc2[nH]1,-2.3330517024247612,train,../data/images/Lipo/1349.png
1350.0,CC1(C)N=C(N)N=C(N)N1c1ccc(Oc2ccc(Cl)cc2)c(Cl)c1,-1.1608459382771923,train,../data/images/Lipo/1350.png
1351.0,COC(=O)c1ccc(Cn2[nH]c(=O)c3[nH]c4cc(Cl)ccc4c(=O)c3c2=O)cc1,-0.8449323280813936,train,../data/images/Lipo/1351.png
1352.0,CCCSc1ncccc1C(=O)N1CCCC1c1ccncc1,-0.1964780755742279,train,../data/images/Lipo/1352.png
1353.0,CN(C)CCCn1c2c(c3ccccc31)CCCCCC2,0.643187046261974,train,../data/images/Lipo/1353.png
1354.0,Cc1ccc(S(=O)(=O)Nc2c(C(=O)NC(C)C(C)(C)C)c(C)nn2-c2ccccc2)cc1,-0.811678263850257,train,../data/images/Lipo/1354.png
1355.0,CN1CCN([C@H]2C[C@@H](c3nc(-c4ccc5ccc(-c6ccccc6)nc5c4)c4c(N)nccn43)C2)CC1,0.8427114316487944,train,../data/images/Lipo/1355.png
1356.0,Cc1ccc(NC(=O)N2CCN(C[C@@H]3CCCN(C4CC4)C3)CC2)cc1Cl,0.9840412046311253,train,../data/images/Lipo/1356.png
1357.0,Nc1ccn([C@@H]2O[C@H](CO)[C@@H](O)C2(F)F)c(=O)n1,-3.064641115509769,train,../data/images/Lipo/1357.png
1358.0,COc1cc(Nc2cc(Nc3c(Cl)ccc4c3OCO4)ncn2)cc(OC)c1OC,0.7346357228975998,train,../data/images/Lipo/1358.png
1359.0,Nc1ncnc2c1c(COc1cccc(Cl)c1)nn2C1CCOCC1,0.8177708834754416,train,../data/images/Lipo/1359.png
1360.0,CC(CN1c2ccccc2Sc2ccccc21)N(C)C,0.4020950805862328,train,../data/images/Lipo/1360.png
1361.0,CCCNc1nc(N2CCC[C@@H](CC(=O)O)C2)ccc1C(=O)NC1CCCCC1,0.11943553462157092,train,../data/images/Lipo/1361.png
1362.0,COc1cc(Nc2c(C#N)cnc3cc(OCCCN4CCN(C)CC4)c(OC)cc23)c(Cl)cc1Cl,1.0921169133823194,train,../data/images/Lipo/1362.png
1363.0,Cc1cc(CNc2ncc(Cl)c(Nc3cc(C)[nH]n3)n2)on1,0.4104085966440172,train,../data/images/Lipo/1363.png
1364.0,COc1cccc(C(=O)Nc2ccc(C)c(-n3cnc4ccc(N5CCN(C)CC5)cc4c3=O)c2)c1,0.7429492389553841,train,../data/images/Lipo/1364.png
1365.0,O=C(O)CCC(=O)N1CCC(c2nc(-c3cccs3)no2)CC1,-2.8734302461807326,train,../data/images/Lipo/1365.png
1366.0,O=C(O)c1ccc2c(c1)nc(Nc1cccc(Cl)c1)c1ccncc12,-0.7451701353879835,train,../data/images/Lipo/1366.png
1367.0,CN(C)CC/C=C1\c2ccccc2Sc2ccc(Cl)cc21,1.0256087849200461,train,../data/images/Lipo/1367.png
1368.0,COc1ccc(COC(=O)N2CCC(CNc3ncccn3)CC2)cc1,0.7928303353020892,train,../data/images/Lipo/1368.png
1369.0,CSCc1cc(N2CCOCC2)nc(-c2ccccc2)n1,0.892592527995499,train,../data/images/Lipo/1369.png
1370.0,O=c1cc(N2CCOCC2)oc2c(-c3cccc(-c4ccsc4)c3)cccc12,1.674063037427212,train,../data/images/Lipo/1370.png
1371.0,Cc1ncc(-c2ccnc(Nc3ccc(N4CCN(C(=O)[C@H](C)O)CC4)cc3)n2)n1C(C)C,-0.03020775441854439,train,../data/images/Lipo/1371.png
1372.0,O=C(Nc1ccc(N2CCOCC2)cc1)c1nnc(Nc2ccccc2F)o1,0.7180086907820314,train,../data/images/Lipo/1372.png
1373.0,Cc1cnc(Nc2ccc(OCCN3CCCC3)cc2)nc1Nc1cccc(S(=O)(=O)NC(C)(C)C)c1,-0.06346181864968113,train,../data/images/Lipo/1373.png
1374.0,COCCNC(=O)c1cccc(Nc2ncc3cc(-c4ccncc4)ccc3n2)c1,0.8510249477065783,train,../data/images/Lipo/1374.png
1375.0,O=C(Nc1ccc(Cl)c(Cl)c1)N1CCN(C[C@@H]2CCCN(C3CC3)C2)CC1,1.1503115257868086,train,../data/images/Lipo/1375.png
1376.0,CCCNC(=O)NS(=O)(=O)c1ccc(Cl)cc1,-2.09195973674902,train,../data/images/Lipo/1376.png
1377.0,Cc1ncc(-c2nc(Nc3ccc(C(=O)NC4CCN(C)CC4)cc3)ncc2F)n1C(C)C,-0.04683478653411276,train,../data/images/Lipo/1377.png
1378.0,COc1ccc2c(Oc3ccc(CC(=O)Nc4n[nH]c(C)c4C)c(OC)c3)ccnc2c1,1.3248953630002762,train,../data/images/Lipo/1378.png
1379.0,Cn1c(=O)c2c(ncn2C)n(C)c1=O,-1.8425542550154945,train,../data/images/Lipo/1379.png
1380.0,COc1cc2c(Nc3cc(CC(=O)Nc4cccc(F)c4F)[nH]n3)ncnc2cc1OCCCN(CCO)CC(C)C,1.1835655900179454,train,../data/images/Lipo/1380.png
1381.0,O=c1cc(OCc2ccccc2)ccn1-c1ccc2c(cnn2CCN2CCCC2)c1,-0.15491049528530695,train,../data/images/Lipo/1381.png
1382.0,CCCCC1=NC2(CCCC2)C(=O)N1Cc1ccc(-c2ccccc2-c2nn[nH]n2)cc1,-0.7451701353879835,train,../data/images/Lipo/1382.png
1383.0,CC(=O)Nc1cccc(S(=O)(=O)Nc2ccc(-c3ccccc3)n(CC(=O)NC(C(=O)C(F)(F)F)C(C)C)c2=O)c1,0.20257069519941276,train,../data/images/Lipo/1383.png
1384.0,COc1cc(Nc2nccc(N(C)c3cc(CO)ccc3C)n2)cc(N2CCOCC2)c1,1.4246575556936865,train,../data/images/Lipo/1384.png
1385.0,Cc1ccc(CN2[C@@H]3CC[C@H]2C[C@H](Oc2cccc(C(N)=O)c2)C3)s1,0.21088421125719675,train,../data/images/Lipo/1385.png
1386.0,C[C@H]1COCCN1c1cc(CS(C)(=O)=O)nc(-c2ccc3[nH]ccc3c2)n1,0.16100311491049166,train,../data/images/Lipo/1386.png
1387.0,CC(C)(C)NS(=O)(=O)c1cncc(-c2ccc3nc(NC(=O)NCC(=O)N4CCCC4)nn3c2)c1,-0.67866200692571,train,../data/images/Lipo/1387.png
1388.0,COc1cc(F)ccc1-c1cncc(CNC(=O)C2CC2)c1,0.5933059499152689,train,../data/images/Lipo/1388.png
1389.0,CSc1ncccc1C(=O)NCc1ccc(C)cc1,0.4353491448173695,train,../data/images/Lipo/1389.png
1390.0,O=C(O)c1ccc2cccc(O)c2n1,0.9258465922266358,train,../data/images/Lipo/1390.png
1391.0,CN[C@@H](C)C(=O)N[C@H](C(=O)N[C@H]1CCCCN(Cc2ccccc2)C1)C1CCCCC1,-0.05514830259189676,train,../data/images/Lipo/1391.png
1392.0,O=C(O)c1ccc(Nc2ncc3c(n2)-c2ccc(Cl)cc2C(c2c(F)cccc2F)=NC3)cc1,0.3272734360661753,train,../data/images/Lipo/1392.png
1393.0,O=C(O)c1cc2cc(OCc3ccccc3)ccc2[nH]1,-1.4850730645307753,train,../data/images/Lipo/1393.png
1394.0,Cc1ncc([N+](=O)[O-])n1CCO,-1.909062383477768,train,../data/images/Lipo/1394.png
1395.0,O=C(Nc1ccccc1F)NC1N=C(c2ccccc2)c2ccccc2NC1=O,1.3415223951158446,train,../data/images/Lipo/1395.png
1396.0,CC(=O)N[C@H](C)c1ccc(Nc2ncc3cc(-c4ccncc4)cc(C)c3n2)cc1,1.0588628491511827,train,../data/images/Lipo/1396.png
1397.0,CN(C)C(=O)N[C@H]1CC[C@H](CN2[C@@H]3CC[C@H]2C[C@@H](Oc2cccc(C(N)=O)c2)C3)CC1,-1.8758083192466313,train,../data/images/Lipo/1397.png
1398.0,CCn1c2nc(=O)n(C)c(=O)c-2cc2ccccc21,-0.9031269404858828,train,../data/images/Lipo/1398.png
1399.0,CNS(=O)(=O)CCc1ccc2[nH]cc(C3CCN(C)CC3)c2c1,-1.4185649360685018,train,../data/images/Lipo/1399.png
1400.0,COc1cc(-n2cnc3cc(-c4ccc(Cl)cc4)sc3c2=O)ccc1OC[C@H](OP(=O)(O)O)C1CC1,-1.850867771073279,train,../data/images/Lipo/1400.png
1401.0,NC1(c2ccc(-c3ncc4ccncc4c3-c3ccccc3)cc2)CCC1,0.011359825870376712,train,../data/images/Lipo/1401.png
1402.0,CN(C)CCCN1c2ccccc2Sc2ccc(C(F)(F)F)cc21,1.166938557902377,train,../data/images/Lipo/1402.png
1403.0,C[C@H]1O[C@@H](n2cnc3c(N)nc(OCC4CCC(F)(F)CC4)nc32)[C@H](O)[C@@H]1O,-0.38768894490326394,train,../data/images/Lipo/1403.png
1404.0,CCN1CCN(C(=O)c2cc3ccccc3[nH]2)CC1,-0.1964780755742279,train,../data/images/Lipo/1404.png
1405.0,O=c1[nH]c2c(O)ccc([C@@H](O)CNCCCOCCNCCc3cccc(Cl)c3)c2s1,-1.8425542550154945,train,../data/images/Lipo/1405.png
1406.0,COCCNCc1cncc(-c2ccc(F)cc2OC)n1,-0.4791376215388898,train,../data/images/Lipo/1406.png
1407.0,O=C(OCCN1CCCCC1)c1c[nH]c2ccccc12,-0.15491049528530695,train,../data/images/Lipo/1407.png
1408.0,CN[C@@H](C)C(=O)N[C@H](C(=O)N[C@H]1CCCN(CCCc2ccccc2)C1)C1CCCCC1,0.3439004681817437,train,../data/images/Lipo/1408.png
1409.0,Clc1ccccc1-c1cnn[nH]1,0.4104085966440172,train,../data/images/Lipo/1409.png
1410.0,CCN(CC)C(=O)c1ccc(C2=CC3(CCNCC3)Oc3cccc(O)c32)cc1,-1.3686838397217966,train,../data/images/Lipo/1410.png
1411.0,Cc1ncc(-c2nc(Nc3ccc(C(=O)NCCN(C)C)c(F)c3)ncc2F)n1C(C)C,0.061240922217081446,train,../data/images/Lipo/1411.png
1412.0,N#Cc1ccc2[nH]c(-c3ccc(F)cc3)c(CCCC(=O)NS(N)(=O)=O)c2c1,-0.1964780755742279,train,../data/images/Lipo/1412.png
1413.0,O=C(O)c1ccc(-c2ccc(Cl)c(C(=O)NCC34CC5CC(CC(C5)C3)C4)c2)cc1,0.2441382754883335,train,../data/images/Lipo/1413.png
1414.0,NC(=O)c1ccc(Br)cc1,-0.3627483967299114,train,../data/images/Lipo/1414.png
1415.0,O=C1O[C@@H](COc2ccon2)CN1c1ccc(C2=CCOCC2)c(F)c1,0.3522139842395277,train,../data/images/Lipo/1415.png
1416.0,Cc1c(Sc2ccc(Cl)cc2)c2cc(Cl)ccc2n1CC(=O)O,0.5683654017419165,train,../data/images/Lipo/1416.png
1417.0,CC[C@H](C)[C@@H](CO)NS(=O)(=O)c1ccc(Cl)s1,0.42703562875958556,train,../data/images/Lipo/1417.png
1418.0,CCCCN(CCNC[C@H](O)c1ccc(O)c2[nH]c(=O)sc12)C(=O)CCOCCc1ccccc1,0.26907882366168584,train,../data/images/Lipo/1418.png
1419.0,CNC(=O)c1cc(-c2nc(N3CCOCC3)cc(C3(S(C)(=O)=O)CC3)n2)c2cc[nH]c2c1,-0.4043159770188323,train,../data/images/Lipo/1419.png
1420.0,NC(=O)Nc1cc(-c2cccc(F)c2F)sc1C(=O)N[C@H]1CCCNC1,-0.7202295872146309,train,../data/images/Lipo/1420.png
1421.0,Cc1c(Sc2ccc(Cl)cc2)c2c(Cl)cccc2n1CC(=O)O,-0.03020775441854439,train,../data/images/Lipo/1421.png
1422.0,CCC(c1nc2ccsc2c(=O)n1Cc1ccc(Cl)cc1)N(CCCN)C(=O)c1ccc(C)cc1,0.11112201856378655,train,../data/images/Lipo/1422.png
1423.0,CC(C)N1CCN(C(=O)NCc2ccc(Cl)c(Cl)c2)CC1,0.4686032090485063,train,../data/images/Lipo/1423.png
1424.0,Cn1c(-c2ccc(O)nc2)nc2ccccc21,-0.8199917799080412,train,../data/images/Lipo/1424.png
1425.0,Cc1cc(Oc2cc(S(=O)(=O)N3CCC[C@H](n4cc(C)c(=O)[nH]c4=O)C3)ccc2O)ccc1Cl,0.17763014702606003,train,../data/images/Lipo/1425.png
1426.0,COc1ccc(-c2nc3c(NCCCNC(C)=O)c(Br)cnc3[nH]2)cc1,0.9092195601110674,train,../data/images/Lipo/1426.png
1427.0,FC(F)(F)c1cc(COCC(c2cccc(Cl)c2)N2CCNCC2)cc(C(F)(F)F)c1,1.674063037427212,train,../data/images/Lipo/1427.png
1428.0,Cc1ccc(C(=O)NC2CCC2)cc1-n1cnc2ccc(N3CCN(C)CC3)cc2c1=O,0.052927406159297447,train,../data/images/Lipo/1428.png
1429.0,NC(=O)c1cccc(S[C@H]2C[C@H]3CC[C@@H](C2)N3Cc2ccccc2)c1,0.02798685798594508,train,../data/images/Lipo/1429.png
1430.0,CN[C@@H](C)C(=O)N[C@H](C(=O)N[C@H]1CCCN(C(=O)c2ccccc2)C1)C1CCCCC1,-1.0943378098149188,train,../data/images/Lipo/1430.png
1431.0,CCN1CCN(C(=O)c2cc3cc(Cl)ccc3[nH]2)CC1,0.7928303353020892,train,../data/images/Lipo/1431.png
1432.0,O=C(Nc1cccc(O)c1)c1ccc(OCCCN2CCCC2)cc1OCc1ccccc1,0.7346357228975998,train,../data/images/Lipo/1432.png
1433.0,C[C@H](CO)Nc1nc(SCc2cccc(F)c2F)nc2nc(NS(C)(=O)=O)sc12,-1.0527702295259982,train,../data/images/Lipo/1433.png
1434.0,CS(=O)(=O)c1ccc(C(=O)Nc2ccc(Cl)c(-c3ccccn3)c2)c(Cl)c1,0.5434248535685637,train,../data/images/Lipo/1434.png
1435.0,COc1cc(CO)cc(N(C)c2ccnc(Nc3cc(N4CCOCC4)cc(N4CCOCC4)c3)n2)c1,0.6764411104931107,train,../data/images/Lipo/1435.png
1436.0,COc1ccnc(CSc2nc3ccccc3[nH]2)c1,0.5849924338574849,train,../data/images/Lipo/1436.png
1437.0,CC(C)C(NC(=O)Cn1c(-c2ccccc2)ccc(NC=O)c1=O)C(=O)C(F)(F)F,-0.2879267522098537,train,../data/images/Lipo/1437.png
1438.0,CN[C@@H](C)[C@H](O)c1ccccc1,-2.7736680534873224,train,../data/images/Lipo/1438.png
1439.0,C[C@@H]1CN(Cc2cc(Cl)ccc2OCC(=O)O)C[C@H](C)N1C(=O)Cc1ccccc1,-1.2356675827972499,train,../data/images/Lipo/1439.png
1440.0,CO[C@@H]1CN(CCn2c(=O)ccc3ccc(C#N)cc32)CC[C@H]1NCc1ccc2c(n1)NC(=O)CO2,-1.144218906161624,train,../data/images/Lipo/1440.png
1441.0,Cc1onc(C(N)=O)c1C(=O)Nc1nccs1,-0.46251058942332157,train,../data/images/Lipo/1441.png
1442.0,Cc1nc(C)c(-c2ccc([C@H]3CC[C@@H](CC(=O)O)CC3)c(F)c2)nc1C(N)=O,-0.8199917799080412,train,../data/images/Lipo/1442.png
1443.0,C=CC(=O)Nc1ccc(OC)cc1,-0.42094300913440064,train,../data/images/Lipo/1443.png
1444.0,Cc1cc2c(C(C)C)c(O)c(O)c(C=O)c2c(O)c1-c1c(C)cc2c(C(C)C)c(O)c(O)c(C=O)c2c1O,0.4686032090485063,train,../data/images/Lipo/1444.png
1445.0,Cc1nn(C)c2cc(N3CCN(C(=O)[C@@H]4CCCC[C@H]4C(=O)NC4(C#N)CC4)[C@H](C)C3)ccc12,0.42703562875958556,train,../data/images/Lipo/1445.png
1446.0,CN(C)CC(O)COc1ccc(Nc2ncc(Cl)c(Nc3ccccc3)n2)cc1,0.052927406159297447,train,../data/images/Lipo/1446.png
1447.0,C[C@H](CO)Nc1nc(SCc2cccc(F)c2F)nc2nc(N)sc12,0.9175330761688518,train,../data/images/Lipo/1447.png
1448.0,Cc1nc(C)c(-c2ccc([C@H]3CC[C@H](CCC(=O)O)CC3)cc2)nc1C(N)=O,-0.48745113759667397,train,../data/images/Lipo/1448.png
1449.0,NC(=O)c1ccn2c(-c3ccccc3)c(-c3ccc(C4(N)CCC4)cc3)nc2c1,-0.15491049528530695,train,../data/images/Lipo/1449.png
1450.0,NS(=O)(=O)c1ccc2c(C(=O)NC[C@@H](O)CN3CCC(Oc4ccc(Cl)c(Cl)c4)CC3)c[nH]c(=O)c2c1,-0.013580722302976024,train,../data/images/Lipo/1450.png
1451.0,Cc1c(-c2ccc(O)cc2)n(C)c2ccc(O)cc12,1.3415223951158446,train,../data/images/Lipo/1451.png
1452.0,CN(C)CCCN1c2ccccc2Sc2ccc(Cl)cc21,0.9840412046311253,train,../data/images/Lipo/1452.png
1453.0,O=C(CN1CCOCC1)Nc1ccc(-c2cccc3c(=O)cc(N4CCOCC4)oc23)cc1OCC1CC1,0.9258465922266358,train,../data/images/Lipo/1453.png
1454.0,Nc1ncnc2sccc12,-0.8283052959658253,train,../data/images/Lipo/1454.png
1455.0,CC[C@@H]1COCCN1c1cc(C2(S(C)(=O)=O)CC2)nc(-c2cccc3[nH]ccc23)n1,0.6764411104931107,train,../data/images/Lipo/1455.png
1456.0,Cn1cc(C(=O)CCCCOc2ccc(C(=O)O)cc2)cc1C=O,-1.7012244820331637,train,../data/images/Lipo/1456.png
1457.0,N#CC1(NC(=O)[C@@H]2CCCC[C@H]2C(=O)N2CCN(c3nccs3)CC2)CC1,-0.7368566193301993,train,../data/images/Lipo/1457.png
1458.0,CCN(C)C(=O)c1ccc(C(=C2CCN(Cc3ccc(F)cc3)CC2)c2ccccc2NC(C)=O)cc1,0.501857273279643,train,../data/images/Lipo/1458.png
1459.0,O=c1cc(-c2ccc(O)cc2)oc2ccc(O)cc12,0.9258465922266358,train,../data/images/Lipo/1459.png
1460.0,CCC(COC(=O)c1cc(OC)c(OC)c(OC)c1)(c1ccccc1)N(C)C,1.3165818469424924,train,../data/images/Lipo/1460.png
1461.0,O=C(NC[C@@H](O)CN1CCC(Oc2ccc(Cl)c(Cl)c2)CC1)c1c[nH]nc1C(F)(F)F,0.9591006564577725,train,../data/images/Lipo/1461.png
1462.0,Nc1cc(-c2ccccc2)ncn1,-0.2297321398053646,train,../data/images/Lipo/1462.png
1463.0,O=C(COc1ccc(SCCCCCc2ccccc2)cc1)COc1ccc(C(=O)O)cc1,1.2001926221335137,train,../data/images/Lipo/1463.png
1464.0,O=c1[nH]c2cc(Cl)ccc2o1,-0.021894238360760022,train,../data/images/Lipo/1464.png
1465.0,COc1cc2ncnc(NCc3ccccc3)c2cc1OC,0.9175330761688518,train,../data/images/Lipo/1465.png
1466.0,C[C@@H]1c2c([nH]c3ccc(C(F)(F)F)cc23)C[C@@H]2CCN(CCN3CCOCC3)C[C@H]21,0.5683654017419165,train,../data/images/Lipo/1466.png
1467.0,CC[C@H](NC(=O)c1c([S+](C)[O-])c(-c2cccc(F)c2)nc2ccccc12)c1ccccc1,0.7928303353020892,train,../data/images/Lipo/1467.png
1468.0,CN(C)C(=O)N[C@H]1CC[C@H](CCN2[C@@H]3CC[C@H]2C[C@@H](Oc2cccc(C(N)=O)c2)C3)CC1,-1.717851514148732,train,../data/images/Lipo/1468.png
1469.0,CCC1(c2ccc(N)cc2)CCC(=O)NC1=O,-1.3188027433750915,train,../data/images/Lipo/1469.png
1470.0,CCN(CC)CCNC(=O)c1cc(Br)c(N)cc1OC,-1.3686838397217966,train,../data/images/Lipo/1470.png
1471.0,COC(=O)C1C(OC(=O)c2ccccc2)CC2CCC1N2C,-0.9363810047170195,train,../data/images/Lipo/1471.png
1472.0,CN(C)C(=O)CN1C(=O)C(NC(=O)c2cc3cc(Cl)sc3[nH]2)Cc2ccccc21,0.7346357228975998,train,../data/images/Lipo/1472.png
1473.0,COc1cc(F)ccc1-c1cncc(CNC(=O)c2ccccn2)c1,0.8427114316487944,train,../data/images/Lipo/1473.png
1474.0,C#Cc1cccc(Nc2nc3cc(C(=O)O)ccc3c3cncnc23)c1,-1.0527702295259982,train,../data/images/Lipo/1474.png
1475.0,O=C(COCc1cscn1)N1CCN(c2ccc(Cl)cc2Cl)CC1,0.7346357228975998,train,../data/images/Lipo/1475.png
1476.0,COc1cc2ncnc(Nc3cc(NC(=O)c4ccnc(N5CCOCC5)c4)ccc3C)c2cc1OCCN(C(C)C)C(C)C,1.0921169133823194,train,../data/images/Lipo/1476.png
1477.0,CNc1c(Br)cnc2[nH]c(-c3ccc(OCCN4CCN(C)CC4)cc3)nc12,0.6016194659730532,train,../data/images/Lipo/1477.png
1478.0,O=[N+]([O-])c1ccc2[nH]ncc2c1,0.011359825870376712,train,../data/images/Lipo/1478.png
1479.0,COc1cc(O)c2c(c1)/C=C/C[C@H](O)[C@H](O)C(=O)/C=C\C[C@H](C)OC2=O,-0.4541970733655374,train,../data/images/Lipo/1479.png
1480.0,Oc1cc(-c2ccccc2)nc2ccccc12,0.29401937183503857,train,../data/images/Lipo/1480.png
1481.0,O=c1ncn2nc(Sc3ccc(F)cc3F)ccc2c1-c1c(Cl)cccc1Cl,0.46028969299072225,train,../data/images/Lipo/1481.png
1482.0,FC(F)(F)c1nnc2ccc(NCc3cccnc3)nn12,-0.10502939893860186,train,../data/images/Lipo/1482.png
1483.0,NC1CCN(c2nccc(C(=O)NCC34CC5CC(CC(C5)C3)C4)c2Cl)CC1,-0.8283052959658253,train,../data/images/Lipo/1483.png
1484.0,O=C(Nc1ccccc1O)c1cc([N+](=O)[O-])ccc1Cl,0.25245179154611785,train,../data/images/Lipo/1484.png
1485.0,CCOc1ccc2nc(NC(=O)CC)sc2c1,1.0089817528044778,train,../data/images/Lipo/1485.png
1486.0,Cc1ccc2c(c1)c(-c1ccnc3ccc(C(F)(F)F)cc13)c(C)n2CC(=O)O,-0.3378078485565588,train,../data/images/Lipo/1486.png
1487.0,CC[C@@H]1C(=O)N(C)c2cnc(Nc3ccc(C(=O)NC4CCN(C)CC4)cc3OC)nc2N1C1CCCC1,0.7928303353020892,train,../data/images/Lipo/1487.png
1488.0,CS(=O)(=O)c1cccc(Nc2nccc(Nc3c(Cl)ccc4ccoc34)n2)c1,1.2583872345380032,train,../data/images/Lipo/1488.png
1489.0,CCCC[C@@H](C=O)NC(=O)[C@H](CC(C)C)NC(=O)[C@H](CC(C)C)NC(C)=O,0.3439004681817437,train,../data/images/Lipo/1489.png
1490.0,COc1cc(OC)cc(-c2ccc(NC(=O)OCc3ccccc3)c(=O)n2CC(=O)NC(C(=O)C(F)(F)F)C(C)C)c1,0.061240922217081446,train,../data/images/Lipo/1490.png
1491.0,CC(C)c1nnc2ccc(-c3ocnc3-c3cc(F)ccc3F)cn12,0.21088421125719675,train,../data/images/Lipo/1491.png
1492.0,O=S(=O)(CCCOCCc1ccccc1)CCNCCc1ccc(O)c2nc(O)sc12,0.3522139842395277,train,../data/images/Lipo/1492.png
1493.0,N#Cc1c(-c2ccc(-c3ccccc3C(F)(F)F)cc2)nc2ccncc2c1O,0.9258465922266358,train,../data/images/Lipo/1493.png
1494.0,Oc1ccc2[nH]c(CN3CCC(Cc4ccc(F)cc4)CC3)nc2c1,1.3415223951158446,train,../data/images/Lipo/1494.png
1495.0,N#Cc1cnn2c(NC3CC3)cc(-n3ccc4ccc(CO)cc43)nc12,0.7512627550131682,train,../data/images/Lipo/1495.png
1496.0,CC(C)(C)OC(=O)N[C@@H](Cc1ccccc1)C(=O)O,-2.7321004731984018,train,../data/images/Lipo/1496.png
1497.0,Cc1ccc(NC(=O)c2cccc(N3CCOCC3)c2)cc1NC(=O)c1ccc(OCc2ccccn2)cc1,0.8427114316487944,train,../data/images/Lipo/1497.png
1498.0,CN(C)CCNC(=O)c1ccc(Nc2ncc3cc(-c4ccncc4)ccc3n2)cc1,0.08618147039043418,train,../data/images/Lipo/1498.png
1499.0,Cc1nc(C)c(-c2ccc([C@H]3CC[C@@H](CC(=O)O)CC3)c(Cl)c2)nc1C(N)=O,-0.4043159770188323,train,../data/images/Lipo/1499.png
1500.0,Fc1ccc2cn[nH]c2c1,0.09449498644821819,train,../data/images/Lipo/1500.png
1501.0,Cc1ccnc(NCc2ccc(Cl)cc2)c1,1.1752520739601613,train,../data/images/Lipo/1501.png
1502.0,O=c1c(-c2ccc(F)cc2)coc2cc(O)cc(O)c12,1.1752520739601613,train,../data/images/Lipo/1502.png
1503.0,CS(=O)(=O)c1ccc([C@@H](CC2CCCC2)C(=O)Nc2cnc([C@H](O)CO)cn2)cc1Cl,0.3272734360661753,train,../data/images/Lipo/1503.png
1504.0,NC(=O)c1c(OCc2c(F)cc(Br)cc2F)nsc1NC(=O)NCCCCN1CCCC1,0.2607653076039019,train,../data/images/Lipo/1504.png
1505.0,COCCNCc1cccc(CCNC[C@H](O)c2ccc(O)c3[nH]c(=O)sc23)c1,-1.8093001907843582,train,../data/images/Lipo/1505.png
1506.0,Cc1cnc(Nc2ccc(N3CCN(C)CC3)cc2)nc1Nc1cccc(S(=O)(=O)NC(C)(C)C)c1,0.5434248535685637,train,../data/images/Lipo/1506.png
1507.0,NC1=NC(c2ccc(Cl)c(Cl)c2)CC(=O)N1,-0.6038403624056525,train,../data/images/Lipo/1507.png
1508.0,N#Cc1ccc(C(F)(F)F)nc1O[C@H](CCN)c1ccno1,-2.224975993673567,train,../data/images/Lipo/1508.png
1509.0,O=C(NS(=O)(=O)Cc1ccccc1)N1CCC(N2CCC(Oc3ccc(Cl)c(Cl)c3)CC2)CC1,-0.04683478653411276,train,../data/images/Lipo/1509.png
1510.0,CCCSc1nc(N[C@@H]2C[C@H]2c2ccccc2)c2nnn([C@@H]3C[C@H](O)[C@@H](O)[C@H]3O)c2n1,1.4828521680981759,train,../data/images/Lipo/1510.png
1511.0,NC(Cc1cc(I)c(Oc2ccc(O)c(I)c2)c(I)c1)C(=O)O,-1.0112026492370771,train,../data/images/Lipo/1511.png
1512.0,Nc1ncnc2nc(-c3ccc(N4CCOCC4)nc3)cc(-c3cccc(Br)c3)c12,0.8427114316487944,train,../data/images/Lipo/1512.png
1513.0,COc1ccc(C(C)NC(=O)C2(N)CCN(c3ncnc4[nH]ccc34)CC2)cc1OC,-0.32118081644099045,train,../data/images/Lipo/1513.png
1514.0,CCCCCCCN(CC)CCCC(O)c1ccc(NS(C)(=O)=O)cc1,-0.8199917799080412,train,../data/images/Lipo/1514.png
1515.0,N#Cc1cc(F)c(Cl)cc1O[C@H](CCN)c1ccccc1,-1.1774729703927607,train,../data/images/Lipo/1515.png
1516.0,COc1ccc(-c2coc3cc(O)cc(O)c3c2=O)cc1,1.0921169133823194,train,../data/images/Lipo/1516.png
1517.0,O=C(NCc1ccc(OC(F)(F)F)cc1)C1c2ccccc2C(=O)N1CC1CC(F)(F)C1,1.4246575556936865,train,../data/images/Lipo/1517.png
1518.0,CC(C)Cn1c(=O)n(C)c(=O)c2c(C(=O)N3CC[C@@H](O)C3)c(Cc3cccc4ncccc34)sc21,-0.17153752740087533,train,../data/images/Lipo/1518.png
1519.0,COc1cc2ncn(-c3cc(OCc4ccccc4C(F)(F)F)c(C(=O)O)s3)c2cc1OC,-1.1192783579882715,train,../data/images/Lipo/1519.png
1520.0,CNc1c(Cl)cnc2[nH]c(-c3ccc(OCCN4CCOCC4)cc3)nc12,0.3688410163550961,train,../data/images/Lipo/1520.png
1521.0,Cc1cc(CNc2nccc(Nc3cc(C)[nH]n3)n2)on1,-0.2712997200942854,train,../data/images/Lipo/1521.png
1522.0,O=C(O)/C=C/c1cccc(-c2cnc3[nH]ccc3c2)c1,-1.3354297754906599,train,../data/images/Lipo/1522.png
1523.0,Cc1[nH]c(C(=O)NC2CCN(c3cc(C(=O)O)cc(Cl)n3)CC2)c(Cl)c1Cl,-0.37106191278769557,train,../data/images/Lipo/1523.png
1524.0,O=C(COCc1ccncc1)N1CCC(c2ccc(F)cc2Cl)CC1,0.42703562875958556,train,../data/images/Lipo/1524.png
1525.0,CN(C)S(=O)(=O)c1ccc2c(c1)N(CCN1CCC(NCc3ccc4c(n3)NC(=O)CO4)CC1)C(=O)CO2,-1.6929109659753796,train,../data/images/Lipo/1525.png
1526.0,Cc1c(Sc2ccc(Cl)cc2)c2cc(Cl)ccc2n1Cc1nnn[nH]1,0.8842790119377151,train,../data/images/Lipo/1526.png
1527.0,N#Cc1ccc(OC2CCN(C[C@H](O)CNC(=O)c3c[nH]c(=O)c4ccccc34)CC2)cc1Cl,0.31064640395060694,train,../data/images/Lipo/1527.png
1528.0,CCN1CCC[C@H](CN2CCN(C(=O)Nc3ccc(Cl)c(Cl)c3)CC2)C1,-0.2712997200942854,train,../data/images/Lipo/1528.png
1529.0,Nc1cccc2c1-c1ccccc1C(=O)C2=O,0.10280850250600256,train,../data/images/Lipo/1529.png
1530.0,O=c1ccoc2ccccc12,-0.6537214587523577,train,../data/images/Lipo/1530.png
1531.0,COc1cc2c(Nc3ccc(F)cc3F)c(C(N)=O)cnc2cc1N1CCN(C)CC1,-0.3627483967299114,train,../data/images/Lipo/1531.png
1532.0,CNS(=O)(=O)c1ccc(Oc2ccc(C#C[C@]3(O)CN4CCC3CC4)cc2)cc1,-0.1299699471119546,train,../data/images/Lipo/1532.png
1533.0,CN(c1ccc(-c2cc(F)ccc2OCC(=O)O)c(Cl)c1)S(C)(=O)=O,-2.790295085602891,train,../data/images/Lipo/1533.png
1534.0,C[C@H](Oc1ccc(Cl)cc1CN1CCN(C(=O)Cc2ccc(Cl)cc2)[C@@H](C)C1)C(=O)O,-0.437570041249969,train,../data/images/Lipo/1534.png
1535.0,COCCC(C)n1nc(C)c(C(=O)N[C@@H](C)C(C)(C)C)c1NS(=O)(=O)c1ccc(C)cc1,-1.1691594543349764,train,../data/images/Lipo/1535.png
1536.0,O=C(O)c1cc(-c2ccccc2)nc2ccccc12,-2.3995598308870347,train,../data/images/Lipo/1536.png
1537.0,CC[C@H](NC(=O)c1c([S+]([O-])C(C)C)c(-c2ccccc2)nc2ccccc12)c1ccccc1,1.349835911173629,train,../data/images/Lipo/1537.png
1538.0,Cc1ccc(S(=O)(=O)Nc2c(C(=O)NCC(C)(C)C)c(C)nn2-c2ccccc2)cc1,-0.6038403624056525,train,../data/images/Lipo/1538.png
1539.0,O=C(O)CNCCNc1ccc(Cl)c(C(=O)NCC23CC4CC(CC(C4)C2)C3)c1,-0.20479159163201208,train,../data/images/Lipo/1539.png
1540.0,CCOC(=O)c1cc(O)c(-c2ccccc2)nn1,-1.2439810988550342,train,../data/images/Lipo/1540.png
1541.0,COCCC(=O)N[C@H](C)c1ccc(Nc2ncc3cc(-c4ccncc4)ccc3n2)cc1,0.7429492389553841,train,../data/images/Lipo/1541.png
1542.0,Cc1ccc(C(=O)Nc2nccs2)cc1-n1cnc2ccc(N3CCN(C)CC3)cc2c1=O,0.31064640395060694,train,../data/images/Lipo/1542.png
1543.0,Cc1ccc(Sc2ccccc2CN(C)C)c(N)c1,0.3439004681817437,train,../data/images/Lipo/1543.png
1544.0,COC(=O)c1c(O)cccc1OC/C=C/c1ccc(F)c(-c2cc(C(=O)O)no2)c1,-1.2689216470283864,train,../data/images/Lipo/1544.png
1545.0,N#Cc1cnn2c(N)cc(-c3ccccc3)nc12,0.2441382754883335,train,../data/images/Lipo/1545.png
1546.0,CCOc1cc(CC(=O)N[C@@H](CC(C)C)c2ccccc2N2CCCCC2)ccc1C(=O)O,0.10280850250600256,train,../data/images/Lipo/1546.png
1547.0,O=C(O)c1cn(Cc2ccccc2)c2ccccc12,-0.8283052959658253,train,../data/images/Lipo/1547.png
1548.0,CCn1c(=O)c2c(-c3cncn3C)n(Cc3ccnc4ccc(Cl)cc34)nc2n(CC2CC2)c1=O,0.5683654017419165,train,../data/images/Lipo/1548.png
1549.0,C=C(C)[C@H]1Cc2c(ccc3c2O[C@@H]2COc4cc(OC)c(OC)cc4[C@@H]2C3=O)O1,1.1503115257868086,train,../data/images/Lipo/1549.png
1550.0,O=C(NC[C@@H](O)CN1CCC(Oc2ccc(Cl)c(Cl)c2)CC1)n1c(=O)[nH]c2ccccc21,1.8902144549296005,train,../data/images/Lipo/1550.png
1551.0,Cc1ncc(C(N)=O)nc1-c1ccc([C@H]2CC[C@H](C(=O)O)CC2)cc1,-1.6347163535708904,train,../data/images/Lipo/1551.png
1552.0,O=C(c1ccc(F)cc1)C(O)c1ccc(F)cc1,0.25245179154611785,train,../data/images/Lipo/1552.png
1553.0,CCCN[C@H]1CCc2nc(N)sc2C1,0.8011438513598732,train,../data/images/Lipo/1553.png
1554.0,COc1ccccc1CN(C)Cc1cccc(CCNC[C@H](O)c2ccc(O)c3[nH]c(=O)sc23)c1,-0.5539592660589474,train,../data/images/Lipo/1554.png
1555.0,O=S(=O)(Nc1ccccc1-c1ccccc1)c1ccccc1,1.4745386520403916,train,../data/images/Lipo/1555.png
1556.0,Cc1nc(C)c(-c2ccc([C@H]3CC[C@H](CC(=O)O)CC3)c(F)c2)nc1C(N)=O,-0.7368566193301993,train,../data/images/Lipo/1556.png
1557.0,Cc1cc(C(=O)Cn2cc(C(F)(F)F)ccc2=O)c(C)n1Cc1ccccc1,1.0588628491511827,train,../data/images/Lipo/1557.png
1558.0,CC(C)C(NC(=O)Cn1c(-c2ccccc2)ccc(NS(C)(=O)=O)c1=O)C(=O)C(F)(F)F,-0.346121364614343,train,../data/images/Lipo/1558.png
1559.0,COC(=O)CCC(=O)Nc1ccc2c(c1)-c1ccccc1C(=O)C2=O,0.4436626608751539,train,../data/images/Lipo/1559.png
1560.0,NC1(c2ccc(-c3ncc4cccn4c3-c3ccccc3)cc2)CCC1,0.2607653076039019,train,../data/images/Lipo/1560.png
1561.0,COc1ccc(C(=O)N2CCCC2=O)cc1,-1.0444567134682137,train,../data/images/Lipo/1561.png
1562.0,Cc1cc(C)cc(-c2[nH]c3ccccc3c2CCNCCCCc2ccncc2)c1,0.9258465922266358,train,../data/images/Lipo/1562.png
1563.0,O=c1[nH]c2c(O)ccc([C@@H](O)CNCCCSCCOCCc3ccccc3)c2s1,0.09449498644821819,train,../data/images/Lipo/1563.png
1564.0,CC(C)[C@H](N)C(=O)OCCOCn1cnc2c(=O)nc(N)[nH]c21,-2.898370794354085,train,../data/images/Lipo/1564.png
1565.0,Cc1ccc2c(c1)c(-c1ccnc3cc(Cl)ccc13)c(C)n2CC(=O)O,-0.49576465365445815,train,../data/images/Lipo/1565.png
1566.0,Cc1ccc(NC(=O)c2ccnc(N3CCOCC3)c2)cc1Nc1ccnc(Cl)n1,0.7595762710709525,train,../data/images/Lipo/1566.png
1567.0,N#Cc1ccc(Cl)cc1S[C@H](CCN)c1ccccc1,-0.770110683561336,train,../data/images/Lipo/1567.png
1568.0,CC(=O)N(c1ccccc1)C1CC(C)N(S(=O)(=O)c2ccccc2)c2ccccc21,1.2417602024224348,train,../data/images/Lipo/1568.png
1569.0,Cc1ccc(Oc2ccnc(Nc3ccc(S(N)(=O)=O)cc3)c2)c(C)n1,0.23582475943054948,train,../data/images/Lipo/1569.png
1570.0,CC(=O)N1CCN(CCOc2ccc(C3CCN(c4ccc5nnc(C(F)(F)F)n5n4)CC3)cc2)CC1,0.8427114316487944,train,../data/images/Lipo/1570.png
1571.0,Cc1ccc(NC(=O)c2ccnc(N3CCOCC3)c2)cc1Nc1ccnc(OCC2CCCN(C)C2)n1,-0.2380456558631488,train,../data/images/Lipo/1571.png
1572.0,CN(C)CCCOc1ccc(-c2cc(C(N)=O)c(NC(N)=O)s2)cc1,-1.2855486791439548,train,../data/images/Lipo/1572.png
1573.0,COc1cc(NS(=O)(=O)c2ccc(N)cc2)nc(OC)n1,-1.6513433856864588,train,../data/images/Lipo/1573.png
1574.0,CC(C)(C(=O)O)c1ccc(C(O)CCCN2CCC(C(O)(c3ccccc3)c3ccccc3)CC2)cc1,-1.4684460324152069,train,../data/images/Lipo/1574.png
1575.0,CC1(C)[C@@H]2CC[C@@]1(CS(=O)(=O)NC1CCN(c3ccc(C(F)(F)F)cn3)CC1)C(=O)C2,1.3747764593469813,train,../data/images/Lipo/1575.png
1576.0,O=C(Nc1ccncc1)c1cccc2ccccc12,0.7595762710709525,train,../data/images/Lipo/1576.png
1577.0,Cc1cn([C@H]2CCCN([C@@H](CC(C)C)c3ccc(C(=O)O)c(Oc4cccc(Cl)c4)c3)C2)c(=O)[nH]c1=O,-1.0444567134682137,train,../data/images/Lipo/1577.png
1578.0,CC(C)N1CCO[C@@H](CN2CCN(C(=O)Nc3ccc(Cl)c(Cl)c3)CC2)C1,0.48523024116407465,train,../data/images/Lipo/1578.png
1579.0,Nc1ncnc(Nc2ccccc2)n1,-0.6537214587523577,train,../data/images/Lipo/1579.png
1580.0,Fc1ccc(-c2ncn(C3CCNCC3)c2-c2ccncc2)cc1,-1.568208225108617,train,../data/images/Lipo/1580.png
1581.0,COc1ccc2nc(N[C@H]3CCC[C@H](NCc4ccsc4)C3)ccc2c1,0.20257069519941276,train,../data/images/Lipo/1581.png
1582.0,NCCCC(=O)OCCN1CCN(CCCN2c3ccccc3Sc3ccc(Cl)cc32)CC1,-0.5705862981745158,train,../data/images/Lipo/1582.png
1583.0,NC(=O)c1ccc(O[C@H]2C[C@H]3CC[C@@H](C2)N3Cc2ccccc2)cn1,-0.5622727821167316,train,../data/images/Lipo/1583.png
1584.0,COc1cc(O)c(S(=O)(=O)N2c3ccccc3CCC2C)cc1NC(=O)CCC(=O)O,-2.0420786404023152,train,../data/images/Lipo/1584.png
1585.0,CCN1CCN(CC(=O)Nc2ccc(-c3cccc4c(=O)cc(N5CCOCC5)oc34)c3sc4ccccc4c23)CC1,0.7180086907820314,train,../data/images/Lipo/1585.png
1586.0,Cc1c(Sc2ccc(Cl)cc2)c2c(-c3cnccn3)cccc2n1CC(=O)O,-1.7926731586687898,train,../data/images/Lipo/1586.png
1587.0,COc1ccc2c(c1)c(CC(=O)O)c(C)n2-c1ccnc2cc(Cl)ccc12,-0.42094300913440064,train,../data/images/Lipo/1587.png
1588.0,CCOc1ccc(-n2c([C@@H](C)N(Cc3cccnc3)C(=O)Cc3ccc(C(F)(F)F)cc3)nc3ccccc3c2=O)cc1,1.7156306177161327,train,../data/images/Lipo/1588.png
1589.0,COc1cc2ncnc(Oc3cnn(CC(=O)Nc4ccc(N(C)C)cn4)c3)c2cc1OC,0.14437608279492328,train,../data/images/Lipo/1589.png
1590.0,Cc1cc(C)c2c(n1)sc1c(N3CCN(C)CC3)ncnc12,0.8427114316487944,train,../data/images/Lipo/1590.png
1591.0,CCN(C(=O)Cc1ccc(S(C)(=O)=O)cc1)C1CCN(CC[C@H](c2ccc(S(C)(=O)=O)cc2)c2cc(F)cc(F)c2)CC1,0.011359825870376712,train,../data/images/Lipo/1591.png
1592.0,CC(=O)Nc1cccc2c1c(S(=O)(=O)c1ccc(Cl)cc1)c(C)n2CC(=O)O,-1.4850730645307753,train,../data/images/Lipo/1592.png
1593.0,NS(=O)(=O)c1cccc(Nc2nccc(Nc3c(Cl)ccc4c3OCO4)n2)c1,0.6515005623197583,train,../data/images/Lipo/1593.png
1594.0,Cc1nn(C2CCOCC2)c(NS(=O)(=O)c2ccc(C3CC3)cc2)c1C(=O)N[C@@H](C)C(C)(C)C,-0.7950512317346886,train,../data/images/Lipo/1594.png
1595.0,CCN(CC)CCNC(=O)c1c(C)[nH]c(/C=C2\C(=O)Nc3ccc(F)cc32)c1C,0.061240922217081446,train,../data/images/Lipo/1595.png
1596.0,COc1cc(OC)c(S(=O)(=O)N(c2ccccc2)C(C)C)cc1NC(C)=O,-0.48745113759667397,train,../data/images/Lipo/1596.png
1597.0,CN1CC(n2nccc2-c2cc(Cl)ccc2Oc2cc(F)c(S(=O)(=O)Nc3ncns3)cc2F)C1,-0.9862621010637246,train,../data/images/Lipo/1597.png
1598.0,Cc1occc(=O)c1OCc1ccc(F)cc1,-0.2297321398053646,train,../data/images/Lipo/1598.png
1599.0,C[C@@H](Oc1cccc2ncnc(Nc3ccc(OCc4ccccn4)c(Cl)c3)c12)C(=O)N(C)CCO,1.1419980097290245,train,../data/images/Lipo/1599.png
1600.0,Nc1ccc2c(c1)C(=O)C(=O)c1ccccc1-2,0.03630037404372908,train,../data/images/Lipo/1600.png
1601.0,CCn1c(-c2nonc2N)nc2c(C#CC(C)(C)O)ncc(OCC3CCCNC3)c21,-1.3188027433750915,train,../data/images/Lipo/1601.png
1602.0,Oc1ccc(-c2ccc3cc(O)ccc3n2)cc1,0.7595762710709525,train,../data/images/Lipo/1602.png
1603.0,COC(=O)C1=C(C)NC(C)=C(C(=O)OC(C)C)[C@@H]1c1cccc2nonc12,1.3165818469424924,train,../data/images/Lipo/1603.png
1604.0,CCN(CC)CCNc1ncnc2c1sc1nc(N3CCOCC3)c3c(c12)CCCC3,0.9258465922266358,train,../data/images/Lipo/1604.png
1605.0,CN(C)c1nc(N(C)C)nc(N(C)C)n1,0.21088421125719675,train,../data/images/Lipo/1605.png
1606.0,CCCCN(CCCC)CCCOC(=O)c1ccc(N)cc1,-0.21310510768979626,train,../data/images/Lipo/1606.png
1607.0,O=C(NCC12CC3CC(CC(C3)C1)C2)c1ccccc1,1.682376553484996,train,../data/images/Lipo/1607.png
1608.0,COc1ccccc1S(=O)(=O)NC(=O)N1CCC(N2CCC(Oc3ccc(Cl)c(Cl)c3)CC2)CC1,-1.0777107776993504,train,../data/images/Lipo/1608.png
1609.0,N#Cc1nc(NC2CC3CCC2C3)c(N)c(N2CCOCC2)n1,1.1170574615556719,train,../data/images/Lipo/1609.png
1610.0,O=C(Oc1ccc2c(c1)OCCC2=O)c1ccccc1,1.1752520739601613,train,../data/images/Lipo/1610.png
1611.0,CC[C@H](CO)Nc1nc(SCc2ccccc2)nc2nc(N)sc12,0.9009060440532835,train,../data/images/Lipo/1611.png
1612.0,CN(CCOc1ccc(CC2SC(=O)NC2=O)cc1)c1ccccn1,0.2607653076039019,train,../data/images/Lipo/1612.png
1613.0,CO[C@@H]1CN(Cc2ccc(C(F)(F)F)cc2)CC[C@@H]1N(C)C(=O)Cc1ccc(-n2cnnn2)cc1,0.7595762710709525,train,../data/images/Lipo/1613.png
1614.0,O=C(O)COc1ccc(Cl)cc1CN1CCN(S(=O)(=O)c2ccccc2)CC1,-1.4102514200107177,train,../data/images/Lipo/1614.png
1615.0,NC(=O)c1cccc(O[C@@H]2C[C@H]3CC[C@@H](C2)N3CCc2ccccc2)c1,-0.15491049528530695,train,../data/images/Lipo/1615.png
1616.0,CCN(C(=O)Cc1ccc(S(C)(=O)=O)cc1)C1CCN(CCC(c2ccccc2)c2ccc(NC(C)=O)cc2)CC1,-0.08008885076524949,train,../data/images/Lipo/1616.png
1617.0,Cc1c(OC2CCN(CC3CCN([C@@](C)(Cc4ccc(F)cc4)C(=O)O)CC3)CC2)ccc(Cl)c1Cl,0.6598140783775424,train,../data/images/Lipo/1617.png
1618.0,CC(C)Oc1cc(Nc2nc3c(cc2F)ncn3[C@@H](CO)c2ccc(F)cn2)n[nH]1,0.6515005623197583,train,../data/images/Lipo/1618.png
1619.0,C[C@H](NC(=O)c1cccc2c1N(Cc1ccc(Cl)cc1)CC2)c1ccc(C(=O)O)cc1,-0.5955268463478683,train,../data/images/Lipo/1619.png
1620.0,Cc1cc(Cl)ccc1N1CCN(C(=O)COCc2ccncc2)CC1,0.8593384637643627,train,../data/images/Lipo/1620.png
1621.0,CC(C)Cn1c(=O)n(C)c(=O)c2c(S(=O)(=O)N3CC[C@@H](O)C3)c(Cc3ccccc3C(F)(F)F)sc21,0.9424736243422042,train,../data/images/Lipo/1621.png
1622.0,COc1ccc(-c2ccc3c(N4CCOCC4)nc(N4C[C@@H](C)O[C@@H](C)C4)nc3n2)cc1CO,0.8842790119377151,train,../data/images/Lipo/1622.png
1623.0,CC(C)C[C@H](N)c1nnc(S(=O)(=O)Cc2ccc(F)cc2)o1,-0.8948134244280986,train,../data/images/Lipo/1623.png
1624.0,CC1(C)CC(=O)c2c(nc3ccccc3c2N)C1,0.6764411104931107,train,../data/images/Lipo/1624.png
1625.0,Cn1ncnc1-c1c2c(=O)n(C)c(=O)n(CC3CC3)c2nn1Cc1ccnc2ccc(Cl)cc12,1.3415223951158446,train,../data/images/Lipo/1625.png
1626.0,COc1ccc2ncc(=O)n(CCN3CC[C@H](NCc4ccc5c(n4)NC(=O)CO5)[C@H](O)C3)c2c1,-1.4933865805885593,train,../data/images/Lipo/1626.png
1627.0,O=S(=O)(c1ccccc1)N(CC(F)(F)F)c1ccc(C(O)(C(F)(F)F)C(F)(F)F)cc1,1.9234685191607372,train,../data/images/Lipo/1627.png
1628.0,CNC1=Nc2ncccc2C(c2cc[nH]c2)=NC1c1cccs1,-0.37937542884547976,train,../data/images/Lipo/1628.png
1629.0,Oc1cccc(O[C@H]2C[C@H]3CC[C@@H](C2)N3Cc2ccccc2)c1,0.09449498644821819,train,../data/images/Lipo/1629.png
1630.0,CC(C)CCOc1ccc(N)cc1,0.4020950805862328,train,../data/images/Lipo/1630.png
1631.0,c1ccc2c(c1)nnn2-c1ccncc1,-0.4126294930766165,train,../data/images/Lipo/1631.png
1632.0,NC1(c2ccc(-c3nc4ccccn4c3-c3ccccc3)cc2)CCC1,0.510170789337427,train,../data/images/Lipo/1632.png
1633.0,Cc1cc(CNc2ncc(Br)c(Nc3cc(C4CC4)[nH]n3)n2)on1,1.0339223009778304,train,../data/images/Lipo/1633.png
1634.0,COCCOc1cc2nccc(Nc3cc(O)c(Cl)cc3F)c2cc1OC,0.37715453241288044,train,../data/images/Lipo/1634.png
1635.0,Nc1cccc(CCc2ccc3cc[nH]c3c2)n1,0.510170789337427,train,../data/images/Lipo/1635.png
1636.0,CC(C)Oc1cc(-n2cnc3ccc(N[C@@H](CO)c4ccc(F)cn4)nc32)n[nH]1,0.501857273279643,train,../data/images/Lipo/1636.png
1637.0,Nc1nc(Nc2cccc(Br)c2)c2nc[nH]c2n1,0.7096951747242474,train,../data/images/Lipo/1637.png
1638.0,CN(C)C(=O)[C@H](O)[C@H](Cc1ccccc1)NC(=O)c1cc2cc(Cl)ccc2[nH]1,1.1752520739601613,train,../data/images/Lipo/1638.png
1639.0,CS(=O)(=O)C1(c2cc(N3CCOCC3)nc(-c3cccc(N)c3)n2)CC1,-0.6952890390412784,train,../data/images/Lipo/1639.png
1640.0,OC(c1ccccc1)c1cccnc1,-0.38768894490326394,train,../data/images/Lipo/1640.png
1641.0,CCC(C)(C)C(=O)O[C@H]1C[C@@H](C)C=C2C=C[C@H](C)[C@H](CC[C@@H]3C[C@@H](O)CC(=O)O3)[C@H]21,1.2583872345380032,train,../data/images/Lipo/1641.png
1642.0,CN(C(=O)NCc1ccccc1)C1CCN(CCC(c2ccccc2)c2ccccc2)CC1,1.0089817528044778,train,../data/images/Lipo/1642.png
1643.0,C(=C/c1nn[nH]n1)\c1ccccc1,-2.1501543491535093,train,../data/images/Lipo/1643.png
1644.0,Cc1ncc(-c2nc(Nc3ccc(C(N)=O)cc3)ncc2F)n1C(C)C,0.42703562875958556,train,../data/images/Lipo/1644.png
1645.0,CC(C(=O)O)c1ccc(-c2ccccc2)c(F)c1,-1.1109648419304872,train,../data/images/Lipo/1645.png
1646.0,O=C(O)c1cc2cc(C(F)(F)F)ccc2n1Cc1ccc(Cl)c(Cl)c1,0.7346357228975998,train,../data/images/Lipo/1646.png
1647.0,Nc1nccc(-c2cccs2)n1,-0.3627483967299114,train,../data/images/Lipo/1647.png
1648.0,O=C(C1CCN(c2nnc(-n3cccc3)s2)CC1)N1CCc2ccccc2C1,1.2583872345380032,train,../data/images/Lipo/1648.png
1649.0,C#CC[C@@H](C(=O)N[C@H](/C=C/C(=O)OCC)C[C@@H]1CCNC1=O)n1cccc(NC(=O)c2cc(C)on2)c1=O,-0.3627483967299114,train,../data/images/Lipo/1649.png
1650.0,NC1(c2ccc(-c3ncc4ccccc4c3-c3ccccc3)cc2)CCC1,1.1752520739601613,train,../data/images/Lipo/1650.png
1651.0,COc1ccc(Nc2nccc(-c3cnc(C)n3C(C)C)n2)cc1,1.0339223009778304,train,../data/images/Lipo/1651.png
1652.0,CC(=O)CC(c1ccccc1)c1c(O)c2ccccc2oc1=O,-1.102651325872703,train,../data/images/Lipo/1652.png
1653.0,CC(C)N(C(=O)C(c1cccnc1)C(CNC(=O)NCc1ccccc1F)c1ccccc1)C(C)C,1.674063037427212,train,../data/images/Lipo/1653.png
1654.0,c1ccc(C2Cc3ccccc3CN2)cc1,-0.2380456558631488,train,../data/images/Lipo/1654.png
1655.0,CCC[C@H](c1ccc(C(=O)O)c(Oc2cccc(Cl)c2)c1)N1CCC[C@H](n2cc(C)c(=O)[nH]c2=O)C1,-1.3188027433750915,train,../data/images/Lipo/1655.png
1656.0,COc1cc(N2CC3CNCC(C2)O3)ccc1Nc1ncc(Cl)c(-c2cnc3ccccn23)n1,0.09449498644821819,train,../data/images/Lipo/1656.png
1657.0,CC(C)COc1cc(OC(C)C)cc(C(=O)Nc2ccc(C(=O)O)cn2)c1,-0.48745113759667397,train,../data/images/Lipo/1657.png
1658.0,CCCCC(CC)COC(=O)CC(C(=O)OCC(CC)CCCC)S(=O)(=O)O,0.6182464980886215,train,../data/images/Lipo/1658.png
1659.0,COc1ccc(N(C(=O)c2ccco2)C(C(=O)NC2CCCC2)c2ccccc2F)c(OC)c1,0.7512627550131682,train,../data/images/Lipo/1659.png
1660.0,Cc1ccccc1CN1CCC(N2CCC(n3c(=O)[nH]c4ccccc43)CC2)CC1,0.4104085966440172,train,../data/images/Lipo/1660.png
1661.0,NC(=O)c1sc(-c2ccccc2)cc1N,0.11943553462157092,train,../data/images/Lipo/1661.png
1662.0,CC(C)n1c2ccccc2c2cc(NC(=O)N3CCOCC3)ccc21,1.1336844936712402,train,../data/images/Lipo/1662.png
1663.0,OCCN1CCN(CCCN2c3ccccc3Sc3ccc(C(F)(F)F)cc32)CC1,1.3415223951158446,train,../data/images/Lipo/1663.png
1664.0,Cc1c(-c2ccccc2F)c(=O)n(C[C@H](N)c2ccccc2)c(=O)n1Cc1c(F)cccc1F,0.4769167251062903,train,../data/images/Lipo/1664.png
1665.0,Fc1ccc(CN2CCN(C3=Nn4c(nnc4C(F)(F)F)CC3)CC2)cc1,0.510170789337427,train,../data/images/Lipo/1665.png
1666.0,CCC[C@H](CO)Nc1nc(S[C@@H](C)c2cccc(C#N)c2)nc2[nH]c(=O)sc12,1.2583872345380032,train,../data/images/Lipo/1666.png
1667.0,Cc1c[nH]c(-c2cnc(NCCNc3ccc(C#N)cn3)nc2-c2ccc(Cl)cc2Cl)n1,1.3914034914625497,train,../data/images/Lipo/1667.png
1668.0,CCNCc1cnc(-c2ccc(C(=O)Nc3ccccc3N)cc2)s1,-1.0278296813526455,train,../data/images/Lipo/1668.png
1669.0,O=C(c1cc(Cc2n[nH]c(=O)c3ccccc23)ccc1F)N1CCN(c2ccccn2)CC1,0.3023328878928226,train,../data/images/Lipo/1669.png
1670.0,Cc1cc(C)c2c(N)c(C(=O)NC3CC3)sc2n1,0.2857058557772542,train,../data/images/Lipo/1670.png
1671.0,CN1CCN(CC(=O)Nc2ccc(-c3cccn4c(=O)cc(N5CCOCC5)nc34)c3sc4ccccc4c23)CC1,0.3439004681817437,train,../data/images/Lipo/1671.png
1672.0,CCOC(=O)C1(c2cccc(O)c2)CCCN(CC2CC2)C1,-0.24635917192093298,train,../data/images/Lipo/1672.png
1673.0,Oc1nc2ccccc2nc1NCc1ccccc1,0.9258465922266358,train,../data/images/Lipo/1673.png
1674.0,CC(C)C[C@H](CO)Nc1nc(SCc2cccc(C#N)c2)nc2nc(N)sc12,1.4246575556936865,train,../data/images/Lipo/1674.png
1675.0,CCN(CC)C(=O)c1ccc(C(=C2CCN(Cc3ccc(F)cc3)CC2)c2ccc(NC(=O)OC)cc2)cc1,1.5161062323293124,train,../data/images/Lipo/1675.png
1676.0,CN1CCOc2cc(COc3ccccc3)cnc21,0.9258465922266358,train,../data/images/Lipo/1676.png
1677.0,Cc1c(Sc2ccc(Cl)cc2)c2ccc(S(C)(=O)=O)cc2n1CC(=O)O,-1.1608459382771923,train,../data/images/Lipo/1677.png
1678.0,CCOc1ccc(NC(C)=O)cc1,-0.5705862981745158,train,../data/images/Lipo/1678.png
1679.0,COc1ccc(Cn2cc3c(=O)n(C)c(=O)n(CC(C)C)c3c2)cc1,1.1087439454978878,train,../data/images/Lipo/1679.png
1680.0,N#CC1(NC(=O)[C@@H]2CCCC[C@H]2C(=O)N2CCN(c3nc4ccncc4s3)CC2)CC1,-0.48745113759667397,train,../data/images/Lipo/1680.png
1681.0,CS(=O)(=O)Cc1cc(N2CCOCC2)nc(-c2ccc(NS(C)(=O)=O)cc2)n1,-1.1109648419304872,train,../data/images/Lipo/1681.png
1682.0,O=C(Cc1c(C(=O)O)[nH]c2ccccc12)Nc1cccc(C(F)(F)F)c1,-0.7119160711568467,train,../data/images/Lipo/1682.png
1683.0,Nc1nc(N)c(C(=O)Nc2ccccn2)nc1Cl,0.4020950805862328,train,../data/images/Lipo/1683.png
1684.0,CC(C)[C@@H](CN1CCCCC1)N(C)C(=O)Cc1ccc(Cl)c(Cl)c1,0.5683654017419165,train,../data/images/Lipo/1684.png
1685.0,Nc1[nH]nc2cccc(Cl)c12,-0.22141862374758042,train,../data/images/Lipo/1685.png
1686.0,Cc1ncc(-c2ccnc(Nc3ccc(S(N)(=O)=O)cc3)n2)n1C,-0.48745113759667397,train,../data/images/Lipo/1686.png
1687.0,NS(=O)(=O)c1cc2c(cc1Cl)NCNS2(=O)=O,-1.8924353513621996,train,../data/images/Lipo/1687.png
1688.0,CC(C)(C)OC(=O)N1CCN(c2ncc(OCc3ccncc3F)cn2)CC1,1.1752520739601613,train,../data/images/Lipo/1688.png
1689.0,CCCOc1nc(N2CCC[C@@H](CC(=O)O)C2)ccc1C(=O)NC1CCCCC1,0.5184843053952114,train,../data/images/Lipo/1689.png
1690.0,C[C@]12CC[C@@H]3c4ccc(O)cc4CC[C@H]3[C@@H]1CC[C@@H]2O,1.2750142666535715,train,../data/images/Lipo/1690.png
1691.0,CN1CCN(C(=O)c2cccc(Cc3n[nH]c(=O)c4ccccc34)c2)CC1,-1.0527702295259982,train,../data/images/Lipo/1691.png
1692.0,O=c1c2sccc2n(CC2COc3ccccc3O2)c(=O)n1O,-0.6204673945212209,train,../data/images/Lipo/1692.png
1693.0,COc1cc(C(=O)O)ccc1Cc1cn(C)c2ccc(NC(=O)CC3CCCC3)cc12,-0.15491049528530695,train,../data/images/Lipo/1693.png
1694.0,Cc1cc(Nc2cc(N3CCOCC3)nc(N[C@@H](C)c3ncc(F)cn3)n2)n[nH]1,-0.2297321398053646,train,../data/images/Lipo/1694.png
1695.0,Cc1ccc(S(=O)(=O)Nc2c(C(=O)N[C@@H](C)C(C)(C)C)c(C)nn2C2CCOC2)cc1,-1.1691594543349764,train,../data/images/Lipo/1695.png
1696.0,O=c1cc(O)oc2c1c(=O)n(Cc1ccccc1)c1ccccc21,-0.17985104345865952,train,../data/images/Lipo/1696.png
1697.0,COC[C@H](C)Oc1cc(O[C@@H](C)Cc2ccccc2)cc(C(=O)Nc2ccc(C(=O)O)cn2)c1,-0.5705862981745158,train,../data/images/Lipo/1697.png
1698.0,CCNC(=O)c1cc2c(-n3ccc(C(F)(F)F)n3)c(-c3cncc(C(N)=O)c3)cnc2[nH]1,-0.31286730038320626,train,../data/images/Lipo/1698.png
1699.0,O=C(Nc1ccc(N2CCOCC2)nc1)c1nnc(Nc2ccc(F)cc2)o1,0.6764411104931107,train,../data/images/Lipo/1699.png
1700.0,O=C(NCC1CCCCC1)c1cc(-n2ncc(=O)[nH]c2=O)ccc1Cl,-0.770110683561336,train,../data/images/Lipo/1700.png
1701.0,Cc1cc(OCCCS(C)(=O)=O)cc(C)c1-c1cccc(COc2ccc3c(c2)OC[C@H]3CC(=O)O)c1,0.09449498644821819,train,../data/images/Lipo/1701.png
1702.0,Nc1c(C(=O)NC2CC2)nnc2c(-c3ncccn3)c(F)ccc12,-0.49576465365445815,train,../data/images/Lipo/1702.png
1703.0,COc1ccc(-c2c(-c3ccc(O)cc3O)n[nH]c2C)cc1,0.9840412046311253,train,../data/images/Lipo/1703.png
1704.0,CSc1nc(-c2ccccc2)nn1Cc1ccccc1,1.3664629432891975,train,../data/images/Lipo/1704.png
1705.0,COc1cccc([C@H](O)C2CCN(CCc3ccc(F)cc3)CC2)c1OC,-0.4043159770188323,train,../data/images/Lipo/1705.png
1706.0,Cc1ncc(CO)c(CO)c1O,-2.2997976381936245,train,../data/images/Lipo/1706.png
1707.0,O=C(O)c1cccc(C(=O)N2CCC(N3CCC(Oc4ccc(Cl)c(Cl)c4)CC3)CC2)c1,-0.7950512317346886,train,../data/images/Lipo/1707.png
1708.0,COc1cc(F)ccc1-c1cncc(CNC[C@@H]2CCCO2)n1,-0.15491049528530695,train,../data/images/Lipo/1708.png
1709.0,Cc1cc2[nH]c(=O)c(O)cc(=O)c2cc1C,-0.16322401134309114,train,../data/images/Lipo/1709.png
1710.0,NC1(C(=O)NC(CS(N)(=O)=O)c2ccc(Cl)cc2)CCN(c2ncnc3[nH]ccc23)CC1,0.011359825870376712,train,../data/images/Lipo/1710.png
1711.0,O=C(NCC1(O)CCCCCC1)c1cc(-n2ncc(=O)[nH]c2=O)ccc1Cl,-1.6014622893397537,train,../data/images/Lipo/1711.png
1712.0,CC(=O)N[C@H](C)c1ccc(Nc2ncc3cc(-c4ccncc4)ccc3n2)cc1,0.826084399533226,train,../data/images/Lipo/1712.png
1713.0,NC12CCC(c3ccccc3)(CC1)CC2,-1.5765217411664012,train,../data/images/Lipo/1713.png
1714.0,NC1(c2ccc(-c3ncc4cnccc4c3-c3ccccc3)cc2)CCC1,0.011359825870376712,train,../data/images/Lipo/1714.png
1715.0,CN[C@@H](C)C(=O)N[C@H](C(=O)N[C@H]1CCCN(CCc2ccccc2)C1)C(C)(C)C,-0.6038403624056525,train,../data/images/Lipo/1715.png
1716.0,COc1cc(Nc2ncnc3cccc(O[C@H](C)C(=O)N4CCOCC4)c23)ccc1Oc1ccc(C)nc1,1.1752520739601613,train,../data/images/Lipo/1716.png
1717.0,COc1ccc(CC(C)(C)NC[C@H](O)c2cc(O)cc3c2OCC(=O)N3)cc1,-1.1608459382771923,train,../data/images/Lipo/1717.png
1718.0,CCc1nc2c(N)nc3ccccc3c2n1CC(C)C,0.3023328878928226,train,../data/images/Lipo/1718.png
1719.0,CN(C)c1cccc2c(S(N)(=O)=O)cccc12,-0.1964780755742279,train,../data/images/Lipo/1719.png
1720.0,CCOC(=O)c1ccc(OCC2CCN(c3ccc(C)nn3)C2)cc1,1.0422358170356143,train,../data/images/Lipo/1720.png
1721.0,Cn1cnc(-c2ccccc2)c1/C=C/c1ccnc(N)n1,0.3522139842395277,train,../data/images/Lipo/1721.png
1722.0,CCC(c1nc2ccn(C)c2c(=O)n1Cc1ccccc1)N(CCCN)C(=O)c1ccc(C)cc1,-0.32118081644099045,train,../data/images/Lipo/1722.png
1723.0,O=C(N[C@@H](c1ccccc1)[C@@H]1CCCCN1)c1cccc(C(F)(F)F)c1Cl,0.3522139842395277,train,../data/images/Lipo/1723.png
1724.0,C[C@@H]1C2CCCC1(c1cccc(O)c1)CCN2C,-1.385310871837365,train,../data/images/Lipo/1724.png
1725.0,Cc1ccc(S(=O)(=O)Nc2c(C(=O)N[C@H](C)C(C)(C)C)c(C)nn2-c2ccccc2)cc1,-0.8199917799080412,train,../data/images/Lipo/1725.png
1726.0,O=S(=O)(NCC(c1ccccc1)N1CCCCCC1)c1cccnc1,-0.07177533470746512,train,../data/images/Lipo/1726.png
1727.0,C[C@H]1C[C@@H]2[C@H]([C@@H](O)C[C@@]3(C)[C@H]2CC[C@]3(O)C(=O)CO)[C@@]2(C)C=CC(=O)C=C12,-0.05514830259189676,train,../data/images/Lipo/1727.png
1728.0,CC(C)Cn1c(=O)n(C)c(=O)c2c(C(=O)N3CCCCC3)c(Cc3ccccc3C(F)(F)F)sc21,1.5659873286760178,train,../data/images/Lipo/1728.png
1729.0,FC(F)(F)c1nnc2ccc(-n3ccnc3)nn12,-1.061083745583782,train,../data/images/Lipo/1729.png
1730.0,CN(C(=O)Cc1ccc(S(C)(=O)=O)cc1)[C@@H]1CCN(Cc2nc3ccccc3s2)C[C@@H]1F,-0.07177533470746512,train,../data/images/Lipo/1730.png
1731.0,CC(=O)c1noc(C)c1C(=O)Nc1nccs1,-0.20479159163201208,train,../data/images/Lipo/1731.png
1732.0,Clc1cccc(Nc2ncnc3ccccc23)c1,1.4246575556936865,train,../data/images/Lipo/1732.png
1733.0,O=C(Nc1ccc(N2CCOCC2)cc1)c1nnc(NC(=O)C2(c3ccc(Cl)cc3)CCCC2)o1,1.2750142666535715,train,../data/images/Lipo/1733.png
1734.0,O=C([C@@H](O)CO)N1CC=C(c2ccc(N3C[C@H](COc4ccon4)OC3=O)cc2F)CC1,-0.911440456543667,train,../data/images/Lipo/1734.png
1735.0,CC(C)(F)C[C@H](N[C@@H](c1ccc(-c2ccc(S(C)(=O)=O)cc2)cc1)C(F)(F)F)C(=O)NC1(C#N)CC1,0.5933059499152689,train,../data/images/Lipo/1735.png
1736.0,CN1CCN(c2ccc(NC(=O)c3nnc(Nc4ccccc4F)o3)cn2)CC1,0.14437608279492328,train,../data/images/Lipo/1736.png
1737.0,O=C(CN1C2=NCCN2c2ccccc21)c1ccc(Cl)cc1,0.36052750029731206,train,../data/images/Lipo/1737.png
1738.0,CCN1CCN(C(=O)c2cc3cc(F)ccc3[nH]2)CC1,0.07786795433264981,train,../data/images/Lipo/1738.png
1739.0,CCOc1cc(-c2cccc3c(=O)cc(N4CCOCC4)oc23)ccc1NC(=O)CN1CCOCC1,0.510170789337427,train,../data/images/Lipo/1739.png
1740.0,Cc1occc(=O)c1OCc1ccccc1,-0.2629862040365012,train,../data/images/Lipo/1740.png
1741.0,Cc1ccc(Oc2ccc(C(=O)NCc3ccncc3)cc2)cc1,1.2168196542490821,train,../data/images/Lipo/1741.png
1742.0,Cc1cc(NC(=O)c2ccc(Cl)cc2)n(-c2ccccc2)n1,0.8842790119377151,train,../data/images/Lipo/1742.png
1743.0,CNc1nc2ccccc2n1Cc1sc2c(c1C(=O)N1CC[C@@H](O)C1)c(=O)n(C)c(=O)n2CC(C)C,-0.4791376215388898,train,../data/images/Lipo/1743.png
1744.0,COCC1=C(C(=O)OC(C)OC(=O)OC(C)C)N2C(=O)[C@@H](NC(=O)/C(=N\OC)c3csc(N)n3)[C@H]2SC1,-0.4043159770188323,train,../data/images/Lipo/1744.png
1745.0,O=C(c1ccc(F)cc1)C1CCN(C(=O)c2ccc(F)cc2)CC1,0.5933059499152689,train,../data/images/Lipo/1745.png
1746.0,COc1cc2ncnc(Nc3cccc(Cl)c3F)c2cc1OC1CCN(S(C)(=O)=O)CC1,0.5267978214529954,train,../data/images/Lipo/1746.png
1747.0,COc1cc2c(Nc3cc(CC(=O)Nc4cccc(F)c4F)[nH]n3)ncnc2cc1OCCCN1CCC[C@@H]1CO,-0.1881645595164437,train,../data/images/Lipo/1747.png
1748.0,Cc1nc(CSc2nc(N[C@H](C)CO)c3sc(N)nc3n2)cs1,-0.37937542884547976,train,../data/images/Lipo/1748.png
1749.0,C[C@@H]1CN(Cc2ccc(F)cc2)[C@@H](C)CN1C(=O)c1cc2c(C(=O)C(=O)N(C)C)cn(C)c2cc1Cl,1.1752520739601613,train,../data/images/Lipo/1749.png
1750.0,Cc1nc(C)c(-c2ccc3c(c2)CC[C@]32CC[C@@H](C(=O)O)CC2)nc1C(N)=O,-0.8199917799080412,train,../data/images/Lipo/1750.png
1751.0,CNCCC(Oc1ccccc1OC)c1ccccc1,-1.6347163535708904,train,../data/images/Lipo/1751.png
1752.0,Cc1cccc(C[C@@H](C(=O)O)N2CCC(CN3CCC(Oc4ccc(Cl)c(Cl)c4)CC3)CC2)c1,0.5434248535685637,train,../data/images/Lipo/1752.png
1753.0,C[C@H](NC(=O)C1(N)CCN(c2ncnc3[nH]ccc23)CC1)c1ccc(Cl)cc1,0.4020950805862328,train,../data/images/Lipo/1753.png
1754.0,CCOc1cccc(Nc2nnc(C(=O)Nc3ccc(N4CCOCC4)nc3)o2)c1,1.1752520739601613,train,../data/images/Lipo/1754.png
1755.0,Nc1ncnc2c1nc(Sc1nc3cccc(Cl)c3s1)n2CCO,0.15268959885270766,train,../data/images/Lipo/1755.png
1756.0,CCc1nc2c(N)nc3ccccc3c2n1Cc1ccccc1,0.9175330761688518,train,../data/images/Lipo/1756.png
1757.0,CC(C)N1CCN(Cc2cnc(-c3ccc(C(=O)Nc4ccccc4N)cc3)c(F)c2)CC1,-0.48745113759667397,train,../data/images/Lipo/1757.png
1758.0,CC(Oc1c(Cl)cccc1Cl)C1=NCCN1,-1.4185649360685018,train,../data/images/Lipo/1758.png
1759.0,CC(C)Cn1c(=O)n(C)c(=O)c2c(C(=O)N3CC[C@@H](O)C3)c(Cc3ccnc4ccccc34)sc21,-0.4458835573077532,train,../data/images/Lipo/1759.png
1760.0,Cc1ncc(-c2ccnc(Nc3ccc(C(=O)N(C)C)c(F)c3)n2)n1C(C)C,0.46028969299072225,train,../data/images/Lipo/1760.png
1761.0,NCCCCN(Cc1nc2ccccc2[nH]1)C1CCCc2cccnc21,-1.1275918740460555,train,../data/images/Lipo/1761.png
1762.0,COc1ccc(Oc2cccc(CN3CCCC(n4cc(C)c(=O)[nH]c4=O)C3)c2)cc1,0.8177708834754416,train,../data/images/Lipo/1762.png
1763.0,Cc1ncc(-c2nc(Nc3ccc(C(=O)N4CCCN(C)CC4)cc3)ncc2F)n1C(C)C,-0.1382834631697386,train,../data/images/Lipo/1763.png
1764.0,O=C(Nc1ccc(O)cc1)c1ccc(O)cc1,-0.5705862981745158,train,../data/images/Lipo/1764.png
1765.0,Cc1ccc2c(c1)c([S+]([O-])c1ccc(Cl)cc1)c(C)n2CC(=O)O,-1.7760461265532215,train,../data/images/Lipo/1765.png
1766.0,Cc1ccc(NC(=O)c2cccc(N3CCOCC3)c2)cc1NC(=O)c1ccc(OCc2ccncc2)cc1,0.8427114316487944,train,../data/images/Lipo/1766.png
1767.0,N#CCNC(=O)[C@@H]1CCCC[C@H]1C(=O)N1CCN(c2ccc(C#N)cc2)CC1,-0.32949433249877463,train,../data/images/Lipo/1767.png
1768.0,CS(=O)(=O)C1(c2cc(N3CCOCC3)nc(-c3ccccc3)n2)CC1,0.3439004681817437,train,../data/images/Lipo/1768.png
1769.0,c1ccc(CNc2ncnc3ccccc23)cc1,0.8510249477065783,train,../data/images/Lipo/1769.png
1770.0,CC(C)CC(c1ccncc1)n1[nH]c(=O)c2nc3cc(Cl)ccc3c(O)c2c1=O,-0.4541970733655374,train,../data/images/Lipo/1770.png
1771.0,O=C(Nc1nccs1)c1cccnc1,0.052927406159297447,train,../data/images/Lipo/1771.png
1772.0,CS(=O)(=O)c1ccc2[nH]c3c(c2c1)CN(C(=O)[C@@H]1CCCC[C@H]1C(=O)NC1(C#N)CC1)CC3,-0.5705862981745158,train,../data/images/Lipo/1772.png
1773.0,O=c1c2ccccc2nc2ccccn12,-0.07177533470746512,train,../data/images/Lipo/1773.png
1774.0,C[C@H]1O[C@@H](n2cnc3c(N)nc(OC4CCC(F)(F)CC4)nc32)[C@H](O)[C@@H]1O,-0.6370944266367893,train,../data/images/Lipo/1774.png
1775.0,c1ccc2[nH]c(CCc3nc4ccccc4[nH]3)nc2c1,0.9258465922266358,train,../data/images/Lipo/1775.png
1776.0,Oc1ccc(-c2ccc(C3(O)CN4CCC3CC4)cc2)cc1,-1.0278296813526455,train,../data/images/Lipo/1776.png
1777.0,Cc1nc(C)c(-c2ccc([C@H]3CC[C@H](CC(=O)O)CC3)c(Cl)c2)nc1C(N)=O,-0.32118081644099045,train,../data/images/Lipo/1777.png
1778.0,CCCNC(=O)c1nnc2c(-c3ccccc3)cccc2c1N,1.3415223951158446,train,../data/images/Lipo/1778.png
1779.0,COc1cc(-c2nc(N3CCOCC3)cc(C3(S(C)(=O)=O)CC3)n2)c2cc[nH]c2c1,0.17763014702606003,train,../data/images/Lipo/1779.png
1780.0,C[C@H](CO)Nc1nc(SCc2cccc(F)c2F)nc2[nH]c(=O)c(C#N)cc12,0.9424736243422042,train,../data/images/Lipo/1780.png
1781.0,COCCC(Oc1ncnc2c1cnn2-c1ccccc1C(F)(F)F)C(=O)Nc1ccc(C)cn1,1.0921169133823194,train,../data/images/Lipo/1781.png
1782.0,COc1nc(Cl)cnc1NS(=O)(=O)c1cccc2c(N(C)C)cccc12,-0.37106191278769557,train,../data/images/Lipo/1782.png
1783.0,CN(C)N(C)C(=O)[C@@]1(Cc2ccccc2)CCCN(C(=O)[C@@H](Cc2c[nH]c3ccccc23)NC(=O)C(C)(C)N)C1,-0.07177533470746512,train,../data/images/Lipo/1783.png
1784.0,Nc1n[nH]c2c(Cl)cccc12,-0.4043159770188323,train,../data/images/Lipo/1784.png
1785.0,O=C(Nc1nnc(C(=O)Nc2ccc(N3CCOCC3)cc2)o1)c1ccccc1,-0.9696350689481562,train,../data/images/Lipo/1785.png
1786.0,Cc1cnc(NC(=O)c2cc(Oc3cnc(C(=O)N(C)C)nc3)c3cc(C)oc3c2)cn1,-0.07177533470746512,train,../data/images/Lipo/1786.png
1787.0,COc1ccc(Cn2c(=O)[nH]c3c(=O)n(CC(=O)NC(C(=O)C(F)(F)F)C(C)C)c(-c4ccccc4)cc3c2=O)cc1,0.6182464980886215,train,../data/images/Lipo/1787.png
1788.0,CCCCCc1ccc(-c2nnc(N)s2)cc1,1.6158684250227224,train,../data/images/Lipo/1788.png
1789.0,NC1=NC(c2ccco2)Nc2c(F)ccc(F)c21,-0.8199917799080412,train,../data/images/Lipo/1789.png
1790.0,O=C(O)CSCC(=O)Nc1nc(-c2ccc(F)cc2)cs1,-1.983884027997826,train,../data/images/Lipo/1790.png
1791.0,O=C(N1CCN(c2ccncc2Cl)CC1)N1CCN(S(=O)(=O)c2ccc(C(F)(F)F)cc2)CC1,1.1253709776134562,train,../data/images/Lipo/1791.png
1792.0,Cc1ccc(/C=C(\C#N)C(N)=O)cc1,-0.08008885076524949,train,../data/images/Lipo/1792.png
1793.0,CN(C(=O)Cc1ccc(C#N)cc1)C1CCN(CCC(c2ccccc2)c2ccccc2)CC1,1.2583872345380032,train,../data/images/Lipo/1793.png
1794.0,CC(C)CNc1nc(C#N)nc(NC2CCS(=O)(=O)C2)c1N,0.09449498644821819,train,../data/images/Lipo/1794.png
1795.0,O=C1Nc2ccc(S(=O)(=O)N3CCC[C@H]3CNc3ccccc3)cc2C1=O,0.17763014702606003,train,../data/images/Lipo/1795.png
1796.0,O=[N+]([O-])c1ccc(O)cc1,-0.5705862981745158,train,../data/images/Lipo/1796.png
1797.0,C[C@@H](NC(=O)c1cccnc1Oc1ccccc1)c1ccccc1,0.7928303353020892,train,../data/images/Lipo/1797.png
1798.0,C[C@@H]1CN(c2nc(C(F)(F)F)no2)CCN1c1ncc(OCc2ccncc2C#N)cn1,0.7595762710709525,train,../data/images/Lipo/1798.png
1799.0,Cn1c(=O)c2c(ncn2CC(O)CO)n(C)c1=O,-2.8568032140651645,train,../data/images/Lipo/1799.png
1800.0,CC(=N)NCc1ccccc1,-2.0503921564600995,train,../data/images/Lipo/1800.png
1801.0,Cc1cc(Nc2nc(O[C@@H](C)c3ccc(F)cn3)c(C#N)nc2C)n[nH]1,0.5600518856841321,train,../data/images/Lipo/1801.png
1802.0,CC(C)(C)c1cc(O)n2nc(N)nc2n1,-1.983884027997826,train,../data/images/Lipo/1802.png
1803.0,CC(=O)Nc1ccc2ccn(-c3cc(NCCCCO)n4ncc(C#N)c4n3)c2c1,0.3272734360661753,train,../data/images/Lipo/1803.png
1804.0,COc1cccc(C(=O)NCCCOc2cccc3ccc(N)nc23)c1,0.22751124337276513,train,../data/images/Lipo/1804.png
1805.0,CCOC(=O)c1ccc(OCC2CN(c3ccc(C)nn3)C2)cc1,0.7595762710709525,train,../data/images/Lipo/1805.png
1806.0,CCn1c2ccccc2c2cc(NC(=O)C(C)C)ccc21,1.674063037427212,train,../data/images/Lipo/1806.png
1807.0,CC(=O)NCC(NC(=O)C1(N)CCN(c2ncnc3[nH]ccc23)CC1)c1ccc(Cl)cc1,0.17763014702606003,train,../data/images/Lipo/1807.png
1808.0,CC(C(=O)O)c1cccc(C(=O)c2ccccc2)c1,-1.9173758995355525,train,../data/images/Lipo/1808.png
1809.0,N#Cc1ccc(-c2cc(NC(N)=O)c(C(=O)N[C@H]3CCCNC3)s2)cc1,-1.3104892273173077,train,../data/images/Lipo/1809.png
1810.0,Nc1ccc2c(c1)C(=O)C(=O)c1cc(N)ccc1-2,-0.38768894490326394,train,../data/images/Lipo/1810.png
1811.0,CS(=O)(=O)c1cccc(Nc2nccc(Nc3cccc4ccoc34)n2)c1,1.1087439454978878,train,../data/images/Lipo/1811.png
1812.0,CC(=O)Nc1ccc2ccn(-c3cc(NCCCN4CCCC4)n4ncc(C#N)c4n3)c2c1,-0.2629862040365012,train,../data/images/Lipo/1812.png
1813.0,c1cnc2cccnc2c1,-1.0777107776993504,train,../data/images/Lipo/1813.png
1814.0,COc1ccc2c(c1)C(c1ccccc1)=NC(NC(=O)c1ccccc1OC)C(=O)N2,1.3415223951158446,train,../data/images/Lipo/1814.png
1815.0,O=S(=O)(NCC(c1ccccc1)N1CCCCCC1)c1cccc(C(F)(F)F)c1,0.7762033031865209,train,../data/images/Lipo/1815.png
1816.0,N#CCNC(=O)[C@@H]1CCCC[C@H]1C(=O)N1CC=CCC1,-1.0693972616415663,train,../data/images/Lipo/1816.png
1817.0,O=C(N[C@H]1CN2CCC1CC2)c1ccc(Cl)cc1,-1.3188027433750915,train,../data/images/Lipo/1817.png
1818.0,C[C@@H](Oc1ccc(S(C)(=O)=O)cc1C(=O)N1CCN(c2ncc(C(F)(F)F)cc2F)CC1)C(F)(F)F,1.0838033973245356,train,../data/images/Lipo/1818.png
1819.0,Nc1nc(N)nc(-c2ccc(Cl)cc2)n1,-0.05514830259189676,train,../data/images/Lipo/1819.png
1820.0,N#Cc1ccc2c(c1)N(CCN1CCC(NCc3ccc4c(n3)NC(=O)CO4)CC1)C(=O)CO2,-1.6264028375131063,train,../data/images/Lipo/1820.png
1821.0,CC(N)Cc1c[nH]c2ccc(OCc3cccs3)cc12,-1.4185649360685018,train,../data/images/Lipo/1821.png
1822.0,O=C(NCCc1ccccc1Cl)c1cc(-n2ncc(=O)[nH]c2=O)ccc1Cl,-0.7451701353879835,train,../data/images/Lipo/1822.png
1823.0,CCNC(=O)c1ccc(C)c(-n2cnc3ccc(N4CCN(C)CC4)cc3c2=O)c1,-0.5955268463478683,train,../data/images/Lipo/1823.png
1824.0,CCN(CC)C(=O)c1ccc(C(=C2CCNCC2)c2cccc(C(F)(F)F)c2)cc1,-0.2380456558631488,train,../data/images/Lipo/1824.png
1825.0,CCN1CCO[C@@H](CN2CCN(C(=O)Nc3ccc(Cl)c(Cl)c3)CC2)C1,0.4104085966440172,train,../data/images/Lipo/1825.png
1826.0,Cc1cc(CN2CCc3ccccc3C2C(=O)Nc2ccc(Cl)cc2Cl)ccc1OCC(=O)O,0.3688410163550961,train,../data/images/Lipo/1826.png
1827.0,Cc1cnc(-c2ccc(C)c(NC(=O)c3ccc(OCc4ccccn4)cc3)c2)[nH]1,0.83439791559101,train,../data/images/Lipo/1827.png
1828.0,COc1cc(N2CCN(C(C)=O)CC2)ccc1Nc1ncc(C(F)(F)F)c(-c2cnc3ccccn23)n1,1.2583872345380032,train,../data/images/Lipo/1828.png
1829.0,CCOc1cc2nccc(Oc3cnc(CC(=O)Nc4n[nH]c(CC)c4C)c(OC)c3)c2cc1OC,0.9175330761688518,train,../data/images/Lipo/1829.png
1830.0,C[C@H](CO)Nc1nc(SCc2cccc(Cl)c2F)nc2[nH]c(=O)sc12,1.1170574615556719,train,../data/images/Lipo/1830.png
1831.0,Cc1ncc(-c2ccnc(Nc3ccccc3)n2)n1C(C)C,1.158625041844593,train,../data/images/Lipo/1831.png
1832.0,Nc1nc2ccc(C(=O)c3ccccc3)cc2[nH]1,0.08618147039043418,train,../data/images/Lipo/1832.png
1833.0,C[C@H]1NC(C)(C)CO[C@]1(O)c1cccc(Cl)c1,-0.4126294930766165,train,../data/images/Lipo/1833.png
1834.0,O=C(C(=O)c1cc(Br)ccc1O)c1cc(Br)ccc1O,1.3830899754047659,train,../data/images/Lipo/1834.png
1835.0,O=c1[nH]c2cc(Cl)ccc2c(O)c1-c1cccc(Oc2ccccc2)c1,0.643187046261974,train,../data/images/Lipo/1835.png
1836.0,NC(=O)c1sc(-c2ccsc2)cc1NS(=O)(=O)c1ccc(C(F)(F)F)cc1,0.169316630968276,train,../data/images/Lipo/1836.png
1837.0,C[C@@H](NC1=CC(=O)CNC1)c1ccc(Nc2ncc3cc(-c4ccncc4)ccc3n2)cc1,0.25245179154611785,train,../data/images/Lipo/1837.png
1838.0,CCn1cc(C(=O)O)c(=O)c2cc(F)c(N3CCNCC3)nc21,-2.507635539638229,train,../data/images/Lipo/1838.png
1839.0,COc1ccc(OC)c(-c2cccc3c(N)c(C(=O)NC4(C)CCC4)nnc23)c1,1.906841487045169,train,../data/images/Lipo/1839.png
1840.0,Cc1ccc(S(=O)(=O)Nc2c(C(=O)N[C@@H](C)C(C)(C)C)c(C)nn2C(C)(C)C)cc1,-0.2879267522098537,train,../data/images/Lipo/1840.png
1841.0,O=C(NCC1CCCCC1)c1c(Cl)ccc2ncccc12,0.38546804847066446,train,../data/images/Lipo/1841.png
1842.0,Cn1c(Nc2ccc(C(F)(F)F)cc2)nc2cc(Oc3ccnc(-c4ncc(C(F)(F)F)[nH]4)c3)ccc21,1.0505493330933988,train,../data/images/Lipo/1842.png
1843.0,CCN(CC)c1ccc2cc(C(=O)O)c(=O)oc2c1,-1.983884027997826,train,../data/images/Lipo/1843.png
1844.0,O=C1CN(C(=O)c2ccccc2)C(c2ccccc2)c2cc(Cl)ccc2N1,0.9341601082844202,train,../data/images/Lipo/1844.png
1845.0,CC(C)(C)NC[C@H](O)COc1nsnc1N1CCOCC1,-2.000511060113394,train,../data/images/Lipo/1845.png
1846.0,NC(=O)NC(=O)C(Nc1ccc2c(c1)CCC2)c1ccccc1,0.9258465922266358,train,../data/images/Lipo/1846.png
1847.0,Cc1ccc(S(=O)(=O)Nc2c(C(=O)NC(C)C)c(C)nn2-c2ccccc2)cc1,-1.4351919681840701,train,../data/images/Lipo/1847.png
1848.0,C[C@@H]1CN(c2c(F)c(N)c3c(=O)c(C(=O)O)cn(C4CC4)c3c2F)C[C@H](C)N1,-1.9423164477089048,train,../data/images/Lipo/1848.png
1849.0,NC(=O)N1c2ccccc2CC(=O)c2ccccc21,-0.7534836514457677,train,../data/images/Lipo/1849.png
1850.0,Cc1ccc(NC(=O)c2cccc(C(F)(F)F)c2)cc1NC(=O)c1ccc2ncccc2c1,1.3997170075203342,train,../data/images/Lipo/1850.png
1851.0,CCCCNc1ccc(C(=O)OCCN(C)C)cc1,-0.06346181864968113,train,../data/images/Lipo/1851.png
1852.0,O=C(CC12CC3CC(CC(C3)C1)C2)Nc1c(Cl)ccc2nc(CN3CCN(CCO)CC3)ccc12,0.6182464980886215,train,../data/images/Lipo/1852.png
1853.0,Oc1ccc2c3c1O[C@H]1c4[nH]c5ccccc5c4C[C@@]4(O)[C@@H](C2)N(CC2CC2)CC[C@]314,0.42703562875958556,train,../data/images/Lipo/1853.png
1854.0,CCNC(=O)c1cc2c(-n3ccc(C(F)(F)F)n3)c(-c3cncc(C(=O)NC)c3)cnc2[nH]1,0.019673341928160712,train,../data/images/Lipo/1854.png
1855.0,CCC1(c2ccccc2)C(=O)NC(=O)NC1=O,-1.7760461265532215,train,../data/images/Lipo/1855.png
1856.0,Cc1cc(C)cc(CCOCCS(=O)(=O)NCCNCCc2ccc(O)c3nc(O)sc23)c1,0.21919772731498113,train,../data/images/Lipo/1856.png
1857.0,Cc1cn([C@H]2CCCN(S(=O)(=O)c3ccc(O)c(Oc4ccc(Cl)cc4)c3)C2)c(=O)[nH]c1=O,-0.05514830259189676,train,../data/images/Lipo/1857.png
1858.0,O=c1[nH]c2c(O)ccc([C@@H](O)CNCCc3cccc(CNCCc4ccccn4)c3)c2s1,-1.8758083192466313,train,../data/images/Lipo/1858.png
1859.0,NS(=O)(=O)c1cc(Cl)c(Cl)c(S(N)(=O)=O)c1,-1.0527702295259982,train,../data/images/Lipo/1859.png
1860.0,O=C(NC1Cc2ccccc2N(CCCO)C1=O)c1cc2cc(Cl)sc2[nH]1,1.0838033973245356,train,../data/images/Lipo/1860.png
1861.0,CCN(C(=O)Cc1ccc(S(=O)(=O)N(C)C)cc1)C1CCN(CCC(c2ccccc2)c2ccccc2)CC1,1.2583872345380032,train,../data/images/Lipo/1861.png
1862.0,Cc1ncc(-c2nc(Nc3ccc(N4CCOCC4)cc3)ncc2F)n1C(C)C,0.6847546265508947,train,../data/images/Lipo/1862.png
1863.0,CCCN(c1cccnc1)P(=O)(c1ccccc1)c1ccccc1,0.3439004681817437,train,../data/images/Lipo/1863.png
1864.0,COc1cc2ncc(C(N)=O)c(Nc3ccc(F)cc3F)c2cc1OC,0.6348735302041899,train,../data/images/Lipo/1864.png
1865.0,COCCOc1ccc(-c2cc(C(N)=O)c(NC(N)=O)s2)cc1,0.1277490506793549,train,../data/images/Lipo/1865.png
1866.0,COc1cc(N2CCNCC2)ccc1Nc1ncc(Cl)c(-c2cnc3ccccn23)n1,0.17763014702606003,train,../data/images/Lipo/1866.png
1867.0,CCC(CCNC)Oc1cc(Cl)ccc1C#N,-1.5017000966463436,train,../data/images/Lipo/1867.png
1868.0,COc1cc(C(=O)NC2CCN(C)CC2)ccc1Nc1ncc2c(n1)N(C1CCCCC1)CCC(=O)N2C,0.5683654017419165,train,../data/images/Lipo/1868.png
1869.0,Nc1nc2nc(SCc3cccc(F)c3F)nc(O)c2s1,0.2607653076039019,train,../data/images/Lipo/1869.png
1870.0,CNC(=O)c1cnn(-c2ccccc2)c1NS(=O)(=O)c1ccc(C)cc1,-2.2665435739624877,train,../data/images/Lipo/1870.png
1871.0,CC(C)C1NCCc2c1sc1ccccc21,0.510170789337427,train,../data/images/Lipo/1871.png
1872.0,O=c1oc(-c2ccccc2)cc2ccccc12,1.3747764593469813,train,../data/images/Lipo/1872.png
1873.0,COc1ccc2ncc(F)c(CCN3CCC(NCc4cc5c(cn4)OCCO5)CC3)c2n1,-0.6038403624056525,train,../data/images/Lipo/1873.png
1874.0,O=C(NCc1ccncn1)c1ccc(Oc2ccc(CCC3(O)CN4CCC3CC4)cc2)cc1,-1.1857864864505447,train,../data/images/Lipo/1874.png
1875.0,COc1ccc(-c2coc3cc(OC)cc(OC)c3c2=O)cc1,0.7180086907820314,train,../data/images/Lipo/1875.png
1876.0,CC(C)N1CCN[C@@H](C(=O)N2CCN(C(=O)Nc3ccc(Cl)c(Cl)c3)CC2)C1,0.019673341928160712,train,../data/images/Lipo/1876.png
1877.0,Cc1ccc(S(=O)(=O)Nc2c(C(=O)NC3CCCCC3C)c(C)nn2-c2ccccc2)cc1,-0.20479159163201208,train,../data/images/Lipo/1877.png
1878.0,COCCNC(=O)c1ccc(Nc2ncc3cc(-c4ccnc(C)c4)ccc3n2)cc1,1.1419980097290245,train,../data/images/Lipo/1878.png
1879.0,COc1ncc2ccc(=O)n(CCN3CCC(NCc4cc5c(cn4)OCCO5)CC3)c2n1,-1.6513433856864588,train,../data/images/Lipo/1879.png
1880.0,O=C(NC1Cc2ccccc2N(C[C@@H](O)CO)C1=O)c1cc2cc(Cl)sc2[nH]1,0.9840412046311253,train,../data/images/Lipo/1880.png
1881.0,Cc1nc2ccccn2c1-c1ccnc(Nc2cccc(Cl)c2)n1,0.42703562875958556,train,../data/images/Lipo/1881.png
1882.0,CC(C)Cn1c(=O)n(C)c(=O)c2c(C(=O)N3CC[C@@H](O)C3)c(Cc3c[nH]c4ncccc34)sc21,-0.39600246096104813,train,../data/images/Lipo/1882.png
1883.0,COc1cc(OC)c(S(=O)(=O)N2c3ccccc3CCC2C)cc1NC(=O)CSc1ccncc1,0.5267978214529954,train,../data/images/Lipo/1883.png
1884.0,COc1ccc2c(c1)cc(C(=O)O)n2Cc1ccc(Cl)c(Cl)c1,-0.437570041249969,train,../data/images/Lipo/1884.png
1885.0,CN1CCC(c2cc(N3CCOCC3)nc(-c3cccc4[nH]ccc34)n2)(S(C)(=O)=O)CC1,-0.2380456558631488,train,../data/images/Lipo/1885.png
1886.0,COc1cc2c(ccc(=O)n2CCN2CCC(NCc3cc4c(cn3)OCCO4)CC2)cn1,-1.2522946149128182,train,../data/images/Lipo/1886.png
1887.0,Cc1nc(C(=O)[C@H](C)Oc2ccc(SCCCCCc3ccccc3)cc2)sc1CCCC(=O)O,-0.1299699471119546,train,../data/images/Lipo/1887.png
1888.0,O=S1NC(Cc2ccc3ccccc3c2)=NO1,-0.2796132361520695,train,../data/images/Lipo/1888.png
1889.0,CCOC(=O)c1ncn2c1CN(C)C(=O)c1cc(F)ccc1-2,-0.9031269404858828,train,../data/images/Lipo/1889.png
1890.0,CNS(=O)(=O)c1ccc(Nc2nccc(-c3cnc4cccnn34)n2)cc1,0.510170789337427,train,../data/images/Lipo/1890.png
1891.0,CC1(c2ccccc2)CC(=O)NC(N)=N1,-1.3021757112595231,train,../data/images/Lipo/1891.png
1892.0,Nc1ccc(C2(c3ccc(N)cc3)CCCCC2)cc1,0.8427114316487944,train,../data/images/Lipo/1892.png
1893.0,CC(Cc1cccc(CNCCc2c(Cl)cccc2Cl)c1)NC[C@H](O)c1ccc(O)c2[nH]c(=O)sc12,0.18594366308384438,train,../data/images/Lipo/1893.png
1894.0,CCC(C)NC(=O)c1c(C)nn(-c2ccccc2)c1NS(=O)(=O)c1ccc(C)cc1,-1.2689216470283864,train,../data/images/Lipo/1894.png
1895.0,CN(C(=O)C1CCC1)C1CCN(CCC(c2ccccc2)c2ccccc2)CC1,0.8427114316487944,train,../data/images/Lipo/1895.png
1896.0,O=C(NC1Cc2ccccc2N(CC(CO)CO)C1=O)c1cc2cc(Cl)ccc2[nH]1,1.208506138191298,train,../data/images/Lipo/1896.png
1897.0,N=C(N)c1cc2c(OCc3ccccc3)cccc2s1,-0.8532458441391778,train,../data/images/Lipo/1897.png
1898.0,COc1cc(N2CCN(C(C)=O)CC2)ccc1Nc1ncc(Cl)c(-c2cnc3c(CO)cccn23)n1,0.7595762710709525,train,../data/images/Lipo/1898.png
1899.0,O=c1c(-c2ccc([N+](=O)[O-])cc2)coc2cc(O)cc(O)c12,0.8759654958799311,train,../data/images/Lipo/1899.png
1900.0,COc1cc2ncc(C(N)=O)c(Nc3cccc(Cl)c3)c2cc1OC,1.0921169133823194,train,../data/images/Lipo/1900.png
1901.0,c1ccc(-c2nnc3ccc(NC4CC4)nn23)cc1,0.8011438513598732,train,../data/images/Lipo/1901.png
1902.0,N#Cc1cccc(-c2cc(C(F)(F)F)ccc2OCC(=O)O)c1,-1.7760461265532215,train,../data/images/Lipo/1902.png
1903.0,Cc1c(Sc2ccc(Cl)cc2)c2c(NS(C)(=O)=O)cccc2n1CC(=O)O,-1.6430298696286745,train,../data/images/Lipo/1903.png
1904.0,Fc1ncccc1OC[C@@H]1CCN1,-2.8152356337762434,train,../data/images/Lipo/1904.png
1905.0,Cc1cn([C@H]2CCCN([C@@H](C)c3ccc(C(=O)O)c(Oc4cccc(Cl)c4)c3)C2)c(=O)[nH]c1=O,-2.0337651243445305,train,../data/images/Lipo/1905.png
1906.0,Cc1nc(C)c(C(=O)N[C@@H](Cc2cccc(Cl)c2)C(=O)NCC#N)s1,-0.15491049528530695,train,../data/images/Lipo/1906.png
1907.0,CNC(=O)c1cccc(NC(=O)Nc2cccc(C#N)c2)c1CN1CCC(Cc2ccc(F)cc2)CC1,1.4828521680981759,train,../data/images/Lipo/1907.png
1908.0,Nc1ccc(Cl)c(-c2nc3ncccc3o2)c1,-0.17985104345865952,train,../data/images/Lipo/1908.png
1909.0,NC(=O)N1c2ccccc2C=Cc2ccccc21,-0.4458835573077532,train,../data/images/Lipo/1909.png
1910.0,O=C(NS(=O)(=O)N1CCC(N2CCC(Oc3ccc(Cl)c(Cl)c3)CC2)CC1)c1ccccc1,-0.03852127047632839,train,../data/images/Lipo/1910.png
1911.0,C[C@H](CO)Nc1nc(SCc2cccc(F)c2F)nc2nccnc12,0.8011438513598732,train,../data/images/Lipo/1911.png
1912.0,COC(=O)[C@@H]1C2CCC(C[C@@H]1c1ccc(I)cc1)N2CCCF,0.09449498644821819,train,../data/images/Lipo/1912.png
1913.0,O=C(Nc1nnn[nH]1)c1cc(Oc2ccccc2)c2ccccn2c1=O,-1.2606081309706025,train,../data/images/Lipo/1913.png
1914.0,COc1ncc2ncc(=O)n(CCN3CCC(NCc4cc5c(cn4)OCCO5)CC3)c2n1,-1.934002931651121,train,../data/images/Lipo/1914.png
1915.0,Cc1ccc(S(=O)(=O)N(C)C(=O)N2CCC(N3CCC(Oc4ccc(Cl)c(Cl)c4)CC3)CC2)cc1,1.9151550031029532,train,../data/images/Lipo/1915.png
1916.0,Cc1ccc(C(=O)C(C)CN2CCCCC2)cc1,-0.4458835573077532,train,../data/images/Lipo/1916.png
1917.0,CC(C)NC[C@@H](O)COc1cccc2ccccc12,-0.8781863923125304,train,../data/images/Lipo/1917.png
1918.0,CC(C)(C(=O)Nc1nnc(C(=O)Nc2ccc(N3CCOCC3)cc2)o1)c1ccc(Cl)cc1,0.643187046261974,train,../data/images/Lipo/1918.png
1919.0,CCCSc1c(C(=O)NC2CCCCC2)cnn1-c1cccc(C(=O)O)c1,-1.2356675827972499,train,../data/images/Lipo/1919.png
1920.0,COc1cc(N2CCN(C(C)=O)CC2)ccc1Nc1ncc(Cl)c(-c2cnc3cc(C)ccn23)n1,0.9258465922266358,train,../data/images/Lipo/1920.png
1921.0,Cc1cn([C@H]2CCCN(S(=O)(=O)c3ccc(C(=O)O)c(Oc4ccc(Cl)c(Cl)c4)c3)C2)c(=O)[nH]c1=O,-2.5408896038693656,train,../data/images/Lipo/1921.png
1922.0,CN1CCN(CC(=O)N2c3ccccc3C(=O)Nc3cccnc32)CC1,-2.224975993673567,train,../data/images/Lipo/1922.png
1923.0,O=C1C(=O)c2cccc([N+](=O)[O-])c2-c2ccccc21,0.3439004681817437,train,../data/images/Lipo/1923.png
1924.0,O=C1CCOc2nc(/C=C/c3ccccc3)ccc21,0.8427114316487944,train,../data/images/Lipo/1924.png
1925.0,C[C@H]1CN(Cc2cc(Cl)ccc2OCC(=O)O)CCN1C(=O)Cc1ccccc1,-1.667970417802027,train,../data/images/Lipo/1925.png
1926.0,Oc1ccc(-c2nc3ccccc3s2)cc1,1.5909278768493698,train,../data/images/Lipo/1926.png
1927.0,COC1CCN(C(=O)C2CCN(CCc3c(-c4cc(C)cc(C)c4)[nH]c4sc(C(C)(C)C(=O)N5C6CCC5CC6)cc34)CC2)CC1,1.582614360791586,train,../data/images/Lipo/1927.png
1928.0,Cc1ncc(-c2nc(Nc3ccc(C(=O)N4CCN(C)CC4)cc3)ncc2F)n1C(C)C,0.25245179154611785,train,../data/images/Lipo/1928.png
1929.0,Cc1nc(-c2ccccn2)nc(N2CCCC2)c1Cl,0.8427114316487944,train,../data/images/Lipo/1929.png
1930.0,O=C1C=CC(=O)c2c(O)ccc(O)c21,-0.2297321398053646,train,../data/images/Lipo/1930.png
1931.0,O=C(N[C@H]1CN2CCC1CC2)c1ccc(-c2ccccn2)s1,-1.2356675827972499,train,../data/images/Lipo/1931.png
1932.0,Nc1ncnc2sc(-c3c(-c4ccccc4)ncn3Cc3ccccc3N3CCOCC3)nc12,1.158625041844593,train,../data/images/Lipo/1932.png
1933.0,CC(C)C(NC(=O)Cn1c(-c2cccnc2)ccc(NC(=O)OCc2ccccc2)c1=O)C(=O)C(F)(F)F,0.7180086907820314,train,../data/images/Lipo/1933.png
1934.0,COc1cccc(N(C)c2ccnc(Nc3cc(N4CCOCC4)cc(N4CCOCC4)c3)n2)n1,0.9840412046311253,train,../data/images/Lipo/1934.png
1935.0,O=CN(O)C1(CS(=O)(=O)N2CCN(c3ccc(F)cc3)CC2)CCC1,-0.7036025550990626,train,../data/images/Lipo/1935.png
1936.0,CN1CCC(Oc2cccc3ncnc(Nc4ccc(OCc5cnccn5)c(Cl)c4)c23)CC1,0.8510249477065783,train,../data/images/Lipo/1936.png
1937.0,COCCC(=O)NC(C)c1ccc(Nc2ncc3cc(-c4ccncc4)ccc3n2)cc1,0.6598140783775424,train,../data/images/Lipo/1937.png
1938.0,CN(CCOc1ccc(NS(C)(=O)=O)cc1)CCc1ccc(NS(C)(=O)=O)cc1,-1.3188027433750915,train,../data/images/Lipo/1938.png
1939.0,COc1ccc2nnc(=O)n(CCN3CCC(NCc4ccc5c(n4)NC(=O)CO5)CC3)c2c1,-2.3579922505981137,train,../data/images/Lipo/1939.png
1940.0,CC[C@@H](Nc1c(Nc2cccc(C(=O)N(C)C)c2O)c(=O)c1=O)c1ccccc1,-0.03852127047632839,train,../data/images/Lipo/1940.png
1941.0,Cc1ccc2c(-c3ccnc4cc(Cl)ccc34)c(C)n(CC(=O)O)c2c1,0.18594366308384438,train,../data/images/Lipo/1941.png
1942.0,NS(=O)(=O)c1ccc(Nc2nccc(-c3cnc4ccccn34)n2)cc1,0.42703562875958556,train,../data/images/Lipo/1942.png
1943.0,CCS(=O)(=O)c1ccc(-c2cc(Cl)ccc2OCC(=O)O)c(C)c1,-2.3579922505981137,train,../data/images/Lipo/1943.png
1944.0,OC1(C#Cc2ccc(-c3ccccc3)cc2)CN2CCC1CC2,0.7928303353020892,train,../data/images/Lipo/1944.png
1945.0,CCC[C@H](CO)Nc1nc(SCc2ccccc2)nc2nc(N)sc12,1.3415223951158446,train,../data/images/Lipo/1945.png
1946.0,CC1CN(C(=O)c2nnc3c(-c4ncccn4)cccc3c2N)C1,-0.811678263850257,train,../data/images/Lipo/1946.png
1947.0,COc1nc(Br)cnc1NS(=O)(=O)c1cccc2c(N(C)C)cccc12,-0.2380456558631488,train,../data/images/Lipo/1947.png
1948.0,CN1CCC[C@H]1CCN1CCCc2cc(NC(=N)c3cccs3)ccc21,-1.5100136127041277,train,../data/images/Lipo/1948.png
1949.0,CC(C(=O)O)c1ccc2oc(-c3ccc(Cl)cc3)nc2c1,-0.7368566193301993,train,../data/images/Lipo/1949.png
1950.0,O=S1(=O)CC(O)C(N2CCC(c3ccccc3)CC2)C1,-0.6537214587523577,train,../data/images/Lipo/1950.png
1951.0,CS(=O)(=O)c1ccc(C(=O)NC[C@@H](O)CN2CCC(Oc3ccc(Cl)c(Cl)c3)CC2)s1,0.5600518856841321,train,../data/images/Lipo/1951.png
1952.0,Cc1cc(CN2Cc3cccnc3CC2C(=O)Nc2ccc(Cl)cc2Cl)ccc1OCC(=O)O,-0.861559360196962,train,../data/images/Lipo/1952.png
1953.0,COc1cccc(NC(=O)c2cccc(Cc3c(C)nn(CCO)c3-c3ccccc3)c2)c1,1.7488846819472694,train,../data/images/Lipo/1953.png
1954.0,OCC(O)CN1CCN(c2ccccc2)CC1,-1.4850730645307753,train,../data/images/Lipo/1954.png
1955.0,CCCSc1c(C(=O)N(C)C2CCCCC2)cnn1-c1ccc(C(=O)O)cc1,-1.327116259432876,train,../data/images/Lipo/1955.png
1956.0,C[C@H](NC(=O)/C=C/c1ccccc1)c1cccc(N2CCOCC2)c1,0.8759654958799311,train,../data/images/Lipo/1956.png
1957.0,Nc1nccc(-c2cc3c([nH]2)[C@@H](CCF)CNC3=O)n1,-1.3936243878951493,train,../data/images/Lipo/1957.png
1958.0,O=C(Nc1cccc(O)c1)c1ccc(OCCCN2CCCC2)cc1OCc1cccnc1,-0.49576465365445815,train,../data/images/Lipo/1958.png
1959.0,CC(=O)NCc1ccc(CN2CCN(c3ccccc3)CC2)cc1,-0.3378078485565588,train,../data/images/Lipo/1959.png
1960.0,CC(=O)NC[C@H]1CN(c2ccc(N3Cc4ccncc4C3)c(F)c2)C(=O)O1,0.6930681426086791,train,../data/images/Lipo/1960.png
1961.0,CCC[C@@H](CN1CCCC1)N(C)C(=O)Cc1ccc(Cl)c(Cl)c1,0.06955443827486582,train,../data/images/Lipo/1961.png
1962.0,COc1ccccc1CNC(=O)NS(=O)(=O)c1ccc(Cl)cc1,-1.0943378098149188,train,../data/images/Lipo/1962.png
1963.0,COc1cccc(-c2cc3c(N[C@H]4CCCNC4)ncc(C(N)=O)c3s2)c1,-0.30455378432542207,train,../data/images/Lipo/1963.png
1964.0,CC(O)(C(=O)Nc1ccc(S(=O)(=O)c2cccnc2)cc1)C(F)(F)F,-0.0884023668230335,train,../data/images/Lipo/1964.png
1965.0,COC(=O)CCCC(=O)Nc1ccc2c(c1)-c1ccccc1C(=O)C2=O,0.643187046261974,train,../data/images/Lipo/1965.png
1966.0,C[C@@H]1CCCN1CCc1cc2cc(-c3ccc(C#N)cc3)ccc2o1,1.1004304294401035,train,../data/images/Lipo/1966.png
1967.0,CCOC(=O)c1ccc(OCCC2(C#N)CCN(c3ccc(C)nn3)CC2)cc1,1.1253709776134562,train,../data/images/Lipo/1967.png
1968.0,c1ccc2ccccc2c1,0.9175330761688518,train,../data/images/Lipo/1968.png
1969.0,CN1CCNc2nc(CCOc3ccc(C[C@H](NC(=O)c4c(Cl)cccc4Cl)C(=O)O)cc3)ccc21,-1.759419094437653,train,../data/images/Lipo/1969.png
1970.0,CCOC(=O)Nc1cccc([C@@H](c2ccc(C(=O)N(C)CC)cc2)N2CCN(Cc3nc[nH]c3C)CC2)c1,0.11112201856378655,train,../data/images/Lipo/1970.png
1971.0,COC(=O)CCCCCCC(=O)Nc1ccc2c(c1)C(=O)C(=O)c1ccccc1-2,0.5933059499152689,train,../data/images/Lipo/1971.png
1972.0,CCCC(C)(COC(N)=O)COC(=O)NC(C)C,-0.14659697922752296,train,../data/images/Lipo/1972.png
1973.0,Cc1nc2ccc(-c3ccc(Cl)cc3)cc2c(=O)n1C[C@H]1CCCN(C(C)C)C1,0.9258465922266358,train,../data/images/Lipo/1973.png
1974.0,C[C@@H]1C[C@H]2[C@@H]3CCC4=CC(=O)C=C[C@]4(C)[C@@]3(F)[C@@H](O)C[C@]2(C)[C@@]1(O)C(=O)CO,-0.2629862040365012,train,../data/images/Lipo/1974.png
1975.0,COc1ccccc1OCCNCC(O)COc1cccc2[nH]c3ccccc3c12,0.9009060440532835,train,../data/images/Lipo/1975.png
1976.0,COc1cc2c(Nc3ncc(NC(=O)c4ccccc4)cn3)ncnc2cc1OCCCN1CCOCC1,0.11112201856378655,train,../data/images/Lipo/1976.png
1977.0,O=C(COCc1ccncc1)N1CCN(c2ccc(F)cc2Cl)CC1,0.3688410163550961,train,../data/images/Lipo/1977.png
1978.0,O=C(c1cc2cc(Cl)ccc2[nH]1)N1CCNCC1,-0.4458835573077532,train,../data/images/Lipo/1978.png
1979.0,O=C(c1ccc(F)cc1)C1CCN(C(=S)Nc2ccc(F)cc2)CC1,1.0089817528044778,train,../data/images/Lipo/1979.png
1980.0,Oc1cc(O)cc(/C=C/c2ccc(O)c(O)c2)c1,-0.06346181864968113,train,../data/images/Lipo/1980.png
1981.0,C#CCN(c1cc(Nc2ccc(OCC(O)CN(C)C)cc2)ncn1)c1cc(Cl)ccc1Cl,0.510170789337427,train,../data/images/Lipo/1981.png
1982.0,CC1=NS(=O)(=O)c2cc(Cl)ccc2N1,-0.9446945207748036,train,../data/images/Lipo/1982.png
1983.0,Cc1c(Sc2ccc(Cl)cc2)c2c(C#N)c(Cl)ccc2n1CC(=O)O,-0.48745113759667397,train,../data/images/Lipo/1983.png
1984.0,O=C1CCOc2cc(OCc3cccc(F)c3)ccc21,1.0089817528044778,train,../data/images/Lipo/1984.png
1985.0,O=C1CN2Cc3c(ccc(Cl)c3Cl)N=C2N1,-0.2712997200942854,train,../data/images/Lipo/1985.png
1986.0,O=C(O)c1cc2ccccc2n1Cc1ccccc1,-1.1691594543349764,train,../data/images/Lipo/1986.png
1987.0,Cc1nn(-c2ccc(F)cc2)c(NS(=O)(=O)c2cccnc2)c1C(=O)N[C@@H](C)C(C)(C)C,-1.4850730645307753,train,../data/images/Lipo/1987.png
1988.0,Cc1cc(NC(=O)c2ccccc2)n[nH]1,-0.3627483967299114,train,../data/images/Lipo/1988.png
1989.0,Nc1cccc(C(=O)NCC23CC4CC(CC(C4)C2)C3)c1Cl,0.9175330761688518,train,../data/images/Lipo/1989.png
1990.0,Cc1ccc(S(=O)(=O)NC(=O)N2CCC(N3CCC(Oc4ccc(Cl)cc4)CC3)CC2)cc1,-0.48745113759667397,train,../data/images/Lipo/1990.png
1991.0,CCc1cc(C(N)=S)ccn1,-0.5539592660589474,train,../data/images/Lipo/1991.png
1992.0,COc1cc(OC2CCN(C)CC2)c2c(Nc3c(Cl)ccc4c3OCO4)ncnc2c1,0.6598140783775424,train,../data/images/Lipo/1992.png
1993.0,O=C(c1ccc(Cl)cc1)C1CCN(C(=O)C2CC2)CC1,0.4436626608751539,train,../data/images/Lipo/1993.png
1994.0,N#CC1(NC(=O)[C@@H]2CCCC[C@H]2C(=O)N2CCc3[nH]c4c(Br)cccc4c3C2)CC1,0.7762033031865209,train,../data/images/Lipo/1994.png
1995.0,C[C@@H]1CN(c2noc(C(F)(F)F)n2)CCN1c1ncc(OCc2ccncc2C#N)cn1,1.4662251359826075,train,../data/images/Lipo/1995.png
1996.0,C[C@H](Nc1ncc(F)c(Nc2cc(N(C)C)[nH]n2)n1)c1ncc(F)cn1,-0.17153752740087533,train,../data/images/Lipo/1996.png
1997.0,Cc1ccc(Oc2ccc(OCC(=O)Nc3ccncc3)cc2)cc1,1.7571981980050535,train,../data/images/Lipo/1997.png
1998.0,CCCCCC[C@H]1OC(=O)CNC(=O)[C@@H]([C@H](C)O)NC(=O)[C@H](CO)NC(=O)[C@H]([C@H](C)CC)NC(=O)[C@H](CC(C)C)N(C)C(=O)[C@@H]1C,0.8427114316487944,train,../data/images/Lipo/1998.png
1999.0,Cn1cc(C#N)cc1-c1c2c(=O)n(CC#CCn3cncn3)c(=O)n(CC3CC3)c2nn1Cc1ccnc2ccc(Cl)cc12,1.0339223009778304,train,../data/images/Lipo/1999.png
2000.0,Cn1sc(NCc2ccccc2)nc1=O,-0.8199917799080412,train,../data/images/Lipo/2000.png
2001.0,CCN(CC)C(=O)c1ccc(C(=C2CCN(Cc3ccc(F)cc3)CC2)c2ccccn2)cc1,0.9092195601110674,train,../data/images/Lipo/2001.png
2002.0,CN(C)CCCC1(c2ccc(F)cc2)OCc2cc(C#N)ccc21,-0.5207052018278107,train,../data/images/Lipo/2002.png
2003.0,Cc1cn(C2CCCN(Cc3cccc(Oc4ccccc4)c3)C2)c(=O)[nH]c1=O,0.7096951747242474,train,../data/images/Lipo/2003.png
2004.0,CCC(c1nc2ccsc2c(=O)n1Cc1ccc(OC)cc1)N(CCCN)C(=O)c1ccc(C)cc1,-0.03020775441854439,train,../data/images/Lipo/2004.png
2005.0,NC(=O)c1cn([C@@H]2O[C@H](CO)[C@@H](O)[C@H]2O)c2ncnc(N)c12,-2.5408896038693656,train,../data/images/Lipo/2005.png
2006.0,Cc1ccc2c(c1)c(Sc1cccc(Cl)c1)c(C)n2CC(=O)O,-0.2796132361520695,train,../data/images/Lipo/2006.png
2007.0,CC(=O)Nc1cnc2ccn(-c3cc(NC4CC4)n4ncc(C#N)c4n3)c2c1,0.41872211270180115,train,../data/images/Lipo/2007.png
2008.0,O=C(CC12CC3CC(CC(C3)C1)C2)Nc1ccc2[nH]ncc2c1,1.532733264444881,train,../data/images/Lipo/2008.png
2009.0,CNC(=O)c1ccc(-c2cc(C(=O)N[C@H]3CCCNC3)c(NC(N)=O)s2)cc1,-1.2356675827972499,train,../data/images/Lipo/2009.png
2010.0,COc1ccnc(CCc2nc3cc(Br)cnc3[nH]2)c1,0.6099329820308372,train,../data/images/Lipo/2010.png
2011.0,Nc1c2c(nc3c(-c4ncccn4)cccc13)CN(C1CCC1)C2=O,-0.2796132361520695,train,../data/images/Lipo/2011.png
2012.0,Cc1nc(C(=O)N2CCCC3(CCN(Cc4ccccc4)CC3)C2)cs1,-1.618089321455322,train,../data/images/Lipo/2012.png
2013.0,NC1(C(=O)NCc2ccc(Cl)cc2)CCN(c2ncnc3[nH]ccc23)CC1,0.5766789177997005,train,../data/images/Lipo/2013.png
2014.0,O=C(NS(=O)(=O)c1cccc(Cl)c1)N1CCC(N2CCC(Oc3ccc(Cl)c(Cl)c3)CC2)CC1,0.36052750029731206,train,../data/images/Lipo/2014.png
2015.0,CNC(=O)OC[C@@H](C)N(c1cc(Cl)ccc1CO)S(=O)(=O)c1ccc(Cl)cc1,0.6764411104931107,train,../data/images/Lipo/2015.png
2016.0,Cc1cc(C)n(-c2cccc(Cl)c2C#N)n1,0.6764411104931107,train,../data/images/Lipo/2016.png
2017.0,COc1nccnc1NS(=O)(=O)c1ccc(N)cc1,-2.3579922505981137,train,../data/images/Lipo/2017.png
2018.0,Fc1cc(-c2cccc3ncc(-c4cnn(C5CCNCC5)c4)nc23)cc(F)c1CN1CCOCC1,-0.2712997200942854,train,../data/images/Lipo/2018.png
2019.0,Cc1ccc2c(c1)c(-c1ccnc3c(S(C)(=O)=O)cccc13)c(C)n2CC(=O)O,-2.100273252806804,train,../data/images/Lipo/2019.png
2020.0,OCCNCc1cc(Br)ccc1OCc1ccc(Cl)cc1,0.6598140783775424,train,../data/images/Lipo/2020.png
2021.0,COc1ccc(-c2ccc3c(N4CCOC[C@@H]4C)nc(N4CCOC[C@@H]4C)nc3n2)cc1C(N)=O,0.5267978214529954,train,../data/images/Lipo/2021.png
2022.0,CCN1C(=O)N(C)c2cnc(Nc3ccc(C(=O)NC4CCN(C)CC4)cc3OC)nc2N1C1CCCC1,0.4686032090485063,train,../data/images/Lipo/2022.png
2023.0,C[C@H](CO)Nc1nc(SCc2ccccc2)nc2[nH]c(=O)sc12,0.5600518856841321,train,../data/images/Lipo/2023.png
2024.0,NS(=O)(=O)c1ccc(Nc2nccc(-c3ccccc3)n2)cc1,0.5600518856841321,train,../data/images/Lipo/2024.png
2025.0,Cc1ccc(Oc2ccc(Nc3ncnc4cccc(O[C@H](C)C(=O)N(C)CCO)c34)cc2C)cn1,1.3830899754047659,train,../data/images/Lipo/2025.png
2026.0,COc1ccc(NC(=O)CCc2c(C)nc3nc(C)nn3c2C)cc1,-0.6537214587523577,train,../data/images/Lipo/2026.png
2027.0,O=C(NS(=O)(=O)c1ccc(F)cc1)N1CCC(N2CCC(Oc3ccc(Cl)c(Cl)c3)CC2)CC1,-0.32949433249877463,train,../data/images/Lipo/2027.png
2028.0,CN1CCCC1c1cccnc1,-1.4019379039529334,train,../data/images/Lipo/2028.png
2029.0,CC(CCc1cccc(OCc2ccc3ccccc3n2)c1)CC(=O)O,0.17763014702606003,train,../data/images/Lipo/2029.png
2030.0,CCn1c2ccccc2c2cc(NC(C)=O)ccc21,1.0921169133823194,train,../data/images/Lipo/2030.png
2031.0,COc1cc(Nc2cc(Oc3cccnc3)ccn2)cc(OC)c1OC,0.3937815645284488,train,../data/images/Lipo/2031.png
2032.0,CC(=O)Nc1ccc2c(c1)c(-c1cc(NC3CC3)n3ncc(C#N)c3n1)cn2CCC(=O)O,-2.5408896038693656,train,../data/images/Lipo/2032.png
2033.0,CNc1cccc(CCOc2ccc(C[C@H](NC(=O)c3c(Cl)cccc3Cl)C(=O)O)cc2F)n1,-1.859181287131063,train,../data/images/Lipo/2033.png
2034.0,COc1cc2c(Nc3ccc(Cl)cc3F)ncnc2cc1OCCCN1CCOCC1,1.0089817528044778,train,../data/images/Lipo/2034.png
2035.0,Cn1c(C(=O)O)c(CCCOc2cccc3ccccc23)c2ccccc21,0.6681275944353267,train,../data/images/Lipo/2035.png
2036.0,COc1ccc(C=C2SC(=O)NC2=O)cc1OC,-0.8449323280813936,train,../data/images/Lipo/2036.png
2037.0,Cn1c(=O)c2c(-c3ccc(S(C)(=O)=O)o3)n(Cc3ccnc4ccc(Cl)cc34)nc2n(CC2CC2)c1=O,0.4353491448173695,train,../data/images/Lipo/2037.png
2038.0,C[C@H]1O[C@@H](n2cnc3c(N)nc(OCC4CC(F)(F)C4(F)F)nc32)[C@H](O)[C@@H]1O,-0.6370944266367893,train,../data/images/Lipo/2038.png
2039.0,CCN(CC)Cc1cc(Nc2ccnc3cc(Cl)ccc23)ccc1O,0.5933059499152689,train,../data/images/Lipo/2039.png
2040.0,N#Cc1nc(N2CCCCC2)c(N)c(N2CCOCC2)n1,0.4353491448173695,train,../data/images/Lipo/2040.png
2041.0,CSc1ccc(C(=O)C(C)(C)N2CCOCC2)cc1,1.0838033973245356,train,../data/images/Lipo/2041.png
2042.0,COc1cc(N2CCN(C)CC2)c2[nH]c(C(=O)Nc3ccc(N4CCOCC4)cc3)cc(=O)c2c1,0.42703562875958556,train,../data/images/Lipo/2042.png
2043.0,CC(=O)c1ccc(S(=O)(=O)NC(=O)NC2CCCCC2)cc1,-2.224975993673567,train,../data/images/Lipo/2043.png
2044.0,CCOc1cc2nnc(C(N)=O)c(Nc3cc(C)ccc3F)c2cc1N1CCN(C)CC1,0.6930681426086791,train,../data/images/Lipo/2044.png
2045.0,O=C(N[C@@H](Cc1ccc(OCCc2ccc3c(n2)NCCC3)cc1)C(=O)O)c1c(Cl)cccc1Cl,-1.5432676769352645,train,../data/images/Lipo/2045.png
2046.0,Cc1ccn2c(NC(=O)c3ccccc3)c(-c3cccs3)nc2c1,0.5683654017419165,train,../data/images/Lipo/2046.png
2047.0,CC(NC(=O)C1(N)CCN(c2ncnc3[nH]ccc23)CC1)c1ccc(F)cc1,0.17763014702606003,train,../data/images/Lipo/2047.png
2048.0,Clc1ccc(Nc2nnc(Cc3ccncc3)c3ccccc23)cc1,1.2583872345380032,train,../data/images/Lipo/2048.png
2049.0,CN(C)c1cccc2c(S(=O)(=O)N(C)CC(=O)O)cccc12,-3.023073535220848,train,../data/images/Lipo/2049.png
2050.0,COc1ccc2c(C)nc(NC(=N)N)nc2c1,-2.2416030257891353,train,../data/images/Lipo/2050.png
2051.0,O=C(N[C@@H](Cc1cccc(OCCCNc2ccccn2)c1)C(=O)O)c1c(Cl)cccc1Cl,-1.6845974499175953,train,../data/images/Lipo/2051.png
2052.0,COc1ccc(-c2coc3cc(O)ccc3c2=O)cc1,0.7180086907820314,train,../data/images/Lipo/2052.png
2053.0,Nc1ncnc2oc(-c3ccoc3)c(-c3ccco3)c12,0.7595762710709525,train,../data/images/Lipo/2053.png
2054.0,CC(C)Cn1cnc2c(N)nc3ccccc3c21,0.27739233971947025,train,../data/images/Lipo/2054.png
2055.0,NC1(c2ccc(-c3nn4ccc(=O)nc4cc3-c3ccccc3)cc2)CCC1,-1.6513433856864588,train,../data/images/Lipo/2055.png
2056.0,CC(C)N(CCNCCc1ccc(O)c2[nH]c(=O)sc12)C(=O)CCOCCc1ccccc1,0.11943553462157092,train,../data/images/Lipo/2056.png
2057.0,O=C(O)C[C@@H]1c2ccccc2C[C@H]1NC(=O)c1cc2sc(Cl)c(Cl)c2[nH]1,0.2857058557772542,train,../data/images/Lipo/2057.png
2058.0,CN(C)c1ncnc2nc[nH]c12,-1.0278296813526455,train,../data/images/Lipo/2058.png
2059.0,Nc1ncc(-c2ccc(F)cc2)[nH]1,-0.6620349748101418,train,../data/images/Lipo/2059.png
2060.0,COC(=O)Nc1nc2ccc(C(=O)c3ccccc3)cc2[nH]1,0.5933059499152689,train,../data/images/Lipo/2060.png
2061.0,CC[C@@]1(O)C(=O)OCc2c1cc1n(c2=O)Cc2cc3c(CN(C)C)c(O)ccc3nc2-1,-1.5598947090508328,train,../data/images/Lipo/2061.png
2062.0,O=C(COCc1ccccn1)N1CCN(c2ccc(Cl)cc2Cl)CC1,1.0671763652089672,train,../data/images/Lipo/2062.png
2063.0,CC(C)C(=O)Nc1ccc2c(c1)C(=O)NC2=O,-0.5290187178855948,train,../data/images/Lipo/2063.png
2064.0,CCN(CC)CCNC(=O)c1ccc(N)cc1,-2.5824571841582866,train,../data/images/Lipo/2064.png
2065.0,O=C(NC1CCCS(=O)(=O)C1)c1ccc(Oc2ccc(C#C[C@]3(O)CN4CCC3CC4)cc2)cc1,-0.6537214587523577,train,../data/images/Lipo/2065.png
2066.0,C[C@H](CO)Nc1nc(SCc2ccccc2F)nc2[nH]c(=O)sc12,0.6764411104931107,train,../data/images/Lipo/2066.png
2067.0,Cc1ccc(S(=O)(=O)Nc2c(C(=O)N[C@@H](C)C(C)(C)C)c(C)nn2C2CCC2)cc1,-0.5123916857700265,train,../data/images/Lipo/2067.png
2068.0,CCn1cnc2cnc(-c3ccc(C4(N)CCC4)cc3)c(-c3ccccc3)c21,-0.15491049528530695,train,../data/images/Lipo/2068.png
2069.0,Clc1n[nH]c2cccc(Nc3ccnc(Nc4cc(N5CCOCC5)cc(N5CCOCC5)c4)n3)c12,0.4935437572218586,train,../data/images/Lipo/2069.png
2070.0,O=C(O)[C@H](Cc1ccccc1F)N1CCC(CN2CCC(Oc3ccc(Cl)c(Cl)c3)CC2)CC1,0.3272734360661753,train,../data/images/Lipo/2070.png
2071.0,O=C(CC1CCCCCC1)Nc1cccc2c(=O)n([C@H]3CCNC3)ccc12,-0.861559360196962,train,../data/images/Lipo/2071.png
2072.0,Cc1ncc(-c2ccnc(Nc3ccc(N4CCN(C(=O)CO)CC4)cc3)n2)n1C(C)C,-0.4126294930766165,train,../data/images/Lipo/2072.png
2073.0,C[C@@H]1CN(c2nc(N3CCOC[C@@H]3C)c3ccc(-c4ccccc4)nc3n2)C[C@H](C)O1,1.299954814826924,train,../data/images/Lipo/2073.png
2074.0,CC(c1ccccn1)n1[nH]c(=O)c2nc3cc(Cl)ccc3c(O)c2c1=O,-1.3936243878951493,train,../data/images/Lipo/2074.png
2075.0,CC(C)CNc1nc(C#N)nc(N2CCNCC2)c1N,-1.2356675827972499,train,../data/images/Lipo/2075.png
2076.0,O=C1c2ccccc2C(=O)N1c1ccc(O)cc1,-0.15491049528530695,train,../data/images/Lipo/2076.png
2077.0,NC(=O)c1cnc(N[C@H]2CCCNC2)c2cc(-c3ccc(F)c(Cl)c3)sc12,0.6265600141464056,train,../data/images/Lipo/2077.png
2078.0,COc1cc([C@@H]2c3cc4c(cc3C(O[C@@H]3O[C@@H]5CO[C@@H](C)O[C@H]5[C@H](O)[C@H]3O)C3COC(=O)[C@@H]32)OCO4)cc(OC)c1O,-1.061083745583782,train,../data/images/Lipo/2078.png
2079.0,CC(C)C(NC(=O)Cn1c(-c2ccccc2)cc2c(O)nc(O)nc2c1=O)C(=O)C(F)(F)F,-0.25467268797871717,train,../data/images/Lipo/2079.png
2080.0,c1ccc(Nc2cc(Nc3ccccc3)[nH]n2)cc1,1.3415223951158446,train,../data/images/Lipo/2080.png
2081.0,CCOc1ccc(-n2c([C@@H](C)N(CC3CCN(C)CC3)C(=O)Cc3ccc(F)c(C(F)(F)F)c3)nc3ncccc3c2=O)cc1,-0.6537214587523577,train,../data/images/Lipo/2081.png
2082.0,CCc1ccc(CCOc2ccc(CC3SC(=O)NC3=O)cc2)nc1,0.510170789337427,train,../data/images/Lipo/2082.png
2083.0,C[C@H]1CN(Cc2cc(Cl)ccc2CCC(=O)O)CCN1C(=O)Cc1ccccc1,-0.5539592660589474,train,../data/images/Lipo/2083.png
2084.0,COC(=O)C1=C(C)NC(C)=C(C(=O)OC)C1c1ccccc1[N+](=O)[O-],0.9175330761688518,train,../data/images/Lipo/2084.png
2085.0,CCCc1c(OCc2cccc(NC(=O)c3ccccc3C(=O)O)c2)ccc(C(C)=O)c1O,-0.2380456558631488,train,../data/images/Lipo/2085.png
2086.0,COc1cc2ncc(C(N)=O)c(Nc3cc(C)ccc3F)c2cc1OC,0.8094573674176576,train,../data/images/Lipo/2086.png
2087.0,COc1cc2ncnc(Nc3cc(Cl)ccc3F)c2cc1OCCCN1CCOCC1,1.0089817528044778,train,../data/images/Lipo/2087.png
2088.0,CC(C)Oc1cc(Oc2ccc(S(C)(=O)=O)cc2)cc(C(=O)Nc2nccs2)c1,1.1835655900179454,train,../data/images/Lipo/2088.png
2089.0,COc1cccc(Nc2nnc(C(=O)Nc3ccc(N4CCOCC4)nc3)o2)c1,0.510170789337427,train,../data/images/Lipo/2089.png
2090.0,CC(NC(=O)C1(N)CCN(c2ncnc3[nH]ccc23)CC1)c1ccccn1,-0.7368566193301993,train,../data/images/Lipo/2090.png
2091.0,Cn1c(=O)c(Oc2ccc(F)cc2F)cc2cnc(NC(CCO)CCO)nc21,-0.5705862981745158,train,../data/images/Lipo/2091.png
2092.0,CN(C(=O)Cc1ccc(Cl)c(Cl)c1)[C@H](CN1CCCC1)c1ccccc1,1.0256087849200461,train,../data/images/Lipo/2092.png
2093.0,CCN(C(=O)Cc1ccc(C#N)cc1)C1CCN(CCC(c2ccccc2)c2ccccc2)CC1,1.4246575556936865,train,../data/images/Lipo/2093.png
2094.0,CCn1c(C)c(C(=O)O)c(-c2cccc(N3CCN(c4ccc(NS(=O)(=O)c5ccc(N[C@H](CCN6CCC(O)CC6)CSc6ccccc6)c(S(=O)(=O)C(F)(F)F)c5)cc4)CC3)c2)c1-c1ccc(Cl)cc1,1.674063037427212,train,../data/images/Lipo/2094.png
2095.0,COc1ccc2c(C)cc(=O)n(CCN3CCC(NCc4cc5c(cn4)OCCO5)CC3)c2c1,-0.38768894490326394,train,../data/images/Lipo/2095.png
2096.0,COc1cc(C(=O)O)ccc1Cn1ccc2ccc(NC(=O)OC3CCCC3)cc21,-0.07177533470746512,train,../data/images/Lipo/2096.png
2097.0,C/N=C(\S)n1nc(-c2ccc(Cl)cc2)nc1N,1.6075549089649386,train,../data/images/Lipo/2097.png
2098.0,NC(=O)Nc1sc(-c2ccccc2)cc1C(=O)N[C@H]1CCCNC1,-0.7617971675035519,train,../data/images/Lipo/2098.png
2099.0,CC(C)N(c1nnc(N)s1)C(C)C,-0.5788998142323,train,../data/images/Lipo/2099.png
2100.0,Cc1ccc(S(=O)(=O)Nc2ccc(/C=C/C(=O)Nc3ccccc3N)cc2)cc1,0.5267978214529954,train,../data/images/Lipo/2100.png
2101.0,Cc1nc(C)c(-c2ccc(C34CCC(C(=O)O)(CC3)CC4)cc2)nc1C(N)=O,-0.7368566193301993,train,../data/images/Lipo/2101.png
2102.0,CCN(CC)CCOC(=O)C1(C2CCCCC2)CCCCC1,1.2750142666535715,train,../data/images/Lipo/2102.png
2103.0,CC[C@H](CO)Nc1nc(NCc2ccccc2)c2ncn(C(C)C)c2n1,1.2001926221335137,train,../data/images/Lipo/2103.png
2104.0,COc1ccc2c(c1)N(C[C@H](C)CN(C)C)c1ccccc1S2,0.6681275944353267,train,../data/images/Lipo/2104.png
2105.0,CC(C)Cc1ccc([C@H](C)C(=O)NS(C)(=O)=O)cc1,-1.3520568076062283,train,../data/images/Lipo/2105.png
2106.0,COCCNCc1ccc(Nc2ncc3cc(-c4ccncc4)ccc3n2)cc1,-0.2712997200942854,train,../data/images/Lipo/2106.png
2107.0,C[C@@H]1CN(CC2(C(N)=O)CC2)CCN1S(=O)(=O)c1ccc(C(C)(O)C(F)(F)F)cc1,-0.961321552890372,train,../data/images/Lipo/2107.png
2108.0,O=CN(O)C1(CS(=O)(=O)N2CCN(c3ccc(F)cc3)CC2)CCOCC1,-1.1109648419304872,train,../data/images/Lipo/2108.png
2109.0,Cc1nc(C)c(-c2ccc3c(c2)CC[C@]32CC[C@@H](Cc3nnn[nH]3)CC2)nc1C(N)=O,-0.15491049528530695,train,../data/images/Lipo/2109.png
2110.0,CCCC(=O)NCc1cncc(-c2ccc(F)cc2OC)c1,0.5933059499152689,train,../data/images/Lipo/2110.png
2111.0,COc1ccccc1Oc1c(NS(=O)(=O)c2ccc(C(C)(C)C)cc2)nc(-c2ncccn2)nc1OCCO,-0.961321552890372,train,../data/images/Lipo/2111.png
2112.0,CCc1c(C)nc(SCC(=O)Nc2nc(-c3ccc(OC)cc3)cs2)nc1O,1.3248953630002762,train,../data/images/Lipo/2112.png
2113.0,CC(C)[C@H](NC(=O)CCc1ccccc1)C(=O)N1CCCC1,0.25245179154611785,train,../data/images/Lipo/2113.png
2114.0,CC(C)C(NC(=O)Cn1c(-c2ccccc2)ccc(NC(=O)CN2C(=O)CCC2=O)c1=O)C(=O)C(F)(F)F,-1.0195161652948614,train,../data/images/Lipo/2114.png
2115.0,CCCCCSc1nc(O)c2sc(N)nc2n1,0.5600518856841321,train,../data/images/Lipo/2115.png
2116.0,Brc1cnc(NCc2ccccc2)nc1Nc1cc(C2CC2)[nH]n1,1.5992413929071545,train,../data/images/Lipo/2116.png
2117.0,Cc1ccc(NC(=O)c2ccc(CN3CCN(C)CC3)cc2)cc1Nc1nccc(-c2cccnc2)n1,0.2607653076039019,train,../data/images/Lipo/2117.png
2118.0,O=C(O)C(c1ccccc1)N1CCO[C@@H](CN2CCC(Oc3ccc(Cl)c(Cl)c3)CC2)C1,-0.39600246096104813,train,../data/images/Lipo/2118.png
2119.0,COc1cc(OC)c(S(=O)(=O)N2c3ccccc3CCC2C)cc1NC(=O)NCC(=O)O,-2.6655923447361283,train,../data/images/Lipo/2119.png
2120.0,Nc1ccc2cccc(Nc3ncccn3)c2n1,0.42703562875958556,train,../data/images/Lipo/2120.png
2121.0,Cc1c(CCC(=O)O)c[nH]c1/C=C1\C(=O)Nc2ccccc21,-0.9446945207748036,train,../data/images/Lipo/2121.png
2122.0,O=C(O)CCn1c2ccccc2c2ccccc21,-1.3188027433750915,train,../data/images/Lipo/2122.png
2123.0,Cc1ccc(-c2cn(C)cn2)cc1NC(=O)c1ccc(OCc2ccccn2)cc1,0.29401937183503857,train,../data/images/Lipo/2123.png
2124.0,Cc1cc(=O)n(-c2ccccc2)n1C,-1.7261650302065163,train,../data/images/Lipo/2124.png
2125.0,O=C(NCc1ccncc1)c1ccc(Oc2ccccc2)cc1,0.892592527995499,train,../data/images/Lipo/2125.png
2126.0,CCC(C)(C)C(=O)O[C@H]1C[C@@H](C)C=C2C=C[C@H](C)[C@H](CC[C@@H](O)C[C@@H](O)CC(=O)O)[C@H]21,-0.5290187178855948,train,../data/images/Lipo/2126.png
2127.0,CCCN(CCO)CCCOc1cc2ncnc(Nc3cc(CC(=O)Nc4cccc(F)c4F)[nH]n3)c2cc1OC,-0.7534836514457677,train,../data/images/Lipo/2127.png
2128.0,Oc1cc(-c2ccccc2)nc2ncnn12,-1.99219754405561,train,../data/images/Lipo/2128.png
2129.0,CSc1ccc2c(c1)N(CCC1CCCCN1C)c1ccccc1S2,1.3082683308847078,train,../data/images/Lipo/2129.png
2130.0,CC(C)c1cc(C(=O)N2Cc3ccc(CN4CCN(C)CC4)cc3C2)c(O)cc1O,0.2607653076039019,train,../data/images/Lipo/2130.png
2131.0,CC(c1cc2ccccc2s1)N(O)C(N)=O,-0.11334291499638623,train,../data/images/Lipo/2131.png
2132.0,COc1ccc(COc2ccc(Cc3cnc(N)nc3N)cc2OC)cc1,0.06955443827486582,train,../data/images/Lipo/2132.png
2133.0,Nc1ncnc2sc(-c3c(-c4ccccc4)ncn3C[C@H]3CCCO3)nc12,0.38546804847066446,train,../data/images/Lipo/2133.png
2134.0,Cc1c(OC2CCN(CC3CCN([C@@H](Cc4ccc(F)cc4)C(=O)O)CC3)CC2)ccc(C#N)c1Cl,0.003046309812592344,train,../data/images/Lipo/2134.png
2135.0,COc1cc2nnc(C(N)=O)c(Nc3cc(C)ccc3F)c2cc1N1CCN(C)CC1,0.31895992000839096,train,../data/images/Lipo/2135.png
2136.0,COc1cc(-n2nnc3cc(-c4ccc(Cl)cc4)sc3c2=O)ccc1N1CC[C@@H](O)C1,0.8011438513598732,train,../data/images/Lipo/2136.png
2137.0,Fc1cccc(-c2cncc(CNCC3CC3)n2)c1F,-0.30455378432542207,train,../data/images/Lipo/2137.png
2138.0,O=C(c1c[nH]c(=O)c2ccccc12)N1CCC(N2CCC(Oc3ccc(Cl)c(Cl)c3)CC2)CC1,1.1004304294401035,train,../data/images/Lipo/2138.png
2139.0,Nc1ccc(S(=O)(=O)Nc2nccs2)cc1,-2.125213800980157,train,../data/images/Lipo/2139.png
2140.0,O=C(O)c1cc(N=Nc2ccc(S(=O)(=O)Nc3ccccn3)cc2)ccc1O,-2.2997976381936245,train,../data/images/Lipo/2140.png
2141.0,c1ccc(-c2n[nH]cc2-c2ccnc3ccccc23)nc1,0.31895992000839096,train,../data/images/Lipo/2141.png
2142.0,COc1cc(F)ccc1-c1cncc(CNC2CCCCC2)c1,0.3439004681817437,train,../data/images/Lipo/2142.png
2143.0,Clc1ccc(CN(Cc2ccc(Cl)cc2)c2nn[nH]n2)cc1,0.46028969299072225,train,../data/images/Lipo/2143.png
2144.0,Cc1nc(NC(=N)N)nc2ccccc12,-2.224975993673567,train,../data/images/Lipo/2144.png
2145.0,COc1cncc(NC(=O)c2cc(NC(=O)c3cccc(C(C)(C)C#N)c3)ccc2C)c1,0.7096951747242474,train,../data/images/Lipo/2145.png
2146.0,CCn1cc(NC(=O)Cc2ccc(Oc3ccnc4ccc(F)cc34)cc2OC)cn1,1.408030523578118,train,../data/images/Lipo/2146.png
2147.0,O=C(N[C@@H](Cc1ccccc1)C(=O)N1CCC(O)CC1)c1cc2cc(Cl)ccc2[nH]1,1.1752520739601613,train,../data/images/Lipo/2147.png
2148.0,C[C@@](O)(C(=O)Nc1ccc(S(C)(=O)=O)cc1Cl)C(F)(F)F,-0.0884023668230335,train,../data/images/Lipo/2148.png
2149.0,CC(=O)Nc1cccc2c1c(Oc1ccc(Cl)cc1)c(C)n2CC(=O)O,-2.9898194709897115,train,../data/images/Lipo/2149.png
2150.0,CCNC(=O)c1cc2c(-n3nc(C(F)(F)F)cc3C)c(-c3cncc(C(=O)O)c3)cnc2[nH]1,-2.54920311992715,train,../data/images/Lipo/2150.png
2151.0,CCN1CCN(c2ccc(Nc3cc(N(C)C(=O)Nc4c(Cl)c(OC)cc(OC)c4Cl)ncn3)cc2)CC1,1.2583872345380032,train,../data/images/Lipo/2151.png
2152.0,NC(=O)c1cnc(N[C@H]2CCCNC2)c2cc(-c3ccc(F)cc3F)sc12,-0.17985104345865952,train,../data/images/Lipo/2152.png
2153.0,CCC(CC)NC(=O)c1cnn(-c2ccccc2)c1NS(=O)(=O)c1ccc(C)cc1,-1.1608459382771923,train,../data/images/Lipo/2153.png
2154.0,Cc1ccc2c(N)c(C#N)sc2n1,0.03630037404372908,train,../data/images/Lipo/2154.png
2155.0,C[C@@]1(c2cc(-c3cncnc3)c(F)cc2F)CCSC(N)=N1,-1.1525324222194082,train,../data/images/Lipo/2155.png
2156.0,CCN(CC)CCN1C(=O)[C@@](O)(c2ccccc2Cl)c2c1cc(C(N)=O)cc2C(F)(F)F,0.17763014702606003,train,../data/images/Lipo/2156.png
2157.0,CNc1cccc(CCOc2ccc(C[C@H](NC(=O)c3c(C)cc(C)cc3C)C(=O)O)cc2)n1,-1.385310871837365,train,../data/images/Lipo/2157.png
2158.0,c1ccc(Sc2ccc3ccccc3n2)cc1,1.4412845878092548,train,../data/images/Lipo/2158.png
2159.0,O=C(NCC1(O)CCCCCC1)c1cc(-c2ccccc2C(=O)O)ccc1Cl,-2.100273252806804,train,../data/images/Lipo/2159.png
2160.0,c1cc(Nc2ccnc(Nc3cc(N4CCOCC4)cc(N4CCOCC4)c3)n2)c2cn[nH]c2c1,0.7180086907820314,train,../data/images/Lipo/2160.png
2161.0,CCn1c(=O)c2nc(-c3ccccc3)[nH]c2n(CC)c1=O,0.9258465922266358,train,../data/images/Lipo/2161.png
2162.0,Nc1nc(OC2CCCC2)nc2c1ncn2[C@@H]1O[C@H](CF)[C@@H](O)[C@H]1O,-0.5705862981745158,train,../data/images/Lipo/2162.png
2163.0,CC(C)N1CCN(Cc2cnc(-c3ccc(C(=O)Nc4ccccc4N)cc3)c(Cl)c2)CC1,-0.42094300913440064,train,../data/images/Lipo/2163.png
2164.0,COc1cc(-n2cnc3cc(-c4ccc(Cl)cc4)sc3c2=O)ccc1OCCN1CCCC1,0.46028969299072225,train,../data/images/Lipo/2164.png
2165.0,CCOC(=O)c1coc2ccccc2c1=O,-0.31286730038320626,train,../data/images/Lipo/2165.png
2166.0,Cc1cccc(N(Cc2cc(F)c(F)cc2F)C(=O)O[C@H]2CN3CCC2CC3)c1,0.04461389010151345,train,../data/images/Lipo/2166.png
2167.0,c1ccc(-c2nc3ccccc3[nH]2)nc1,0.2607653076039019,train,../data/images/Lipo/2167.png
2168.0,N#Cc1cccc(C(=O)Nc2cc(-c3ccccc3)nn2-c2ccccc2)c1,1.358149427231413,train,../data/images/Lipo/2168.png
2169.0,C[C@H]1COc2c(N3CCN(C)CC3)c(F)cc3c(=O)c(C(=O)O)cn1c23,-2.1085867688645883,train,../data/images/Lipo/2169.png
2170.0,COc1cc(OC)c(S(=O)(=O)N2c3ccccc3CCC2C)cc1NC(C)=O,-0.17985104345865952,train,../data/images/Lipo/2170.png
2171.0,Cc1c(Cl)ccc(OC2CCN(C3CCN(C(=O)c4cccc(S(C)(=O)=O)c4)CC3)CC2)c1Cl,0.9507871403999886,train,../data/images/Lipo/2171.png
2172.0,Cc1cc2n[nH]c(=O)n2c2cc(-c3cccc(CO)c3)ccc12,0.9757276885733409,train,../data/images/Lipo/2172.png
2173.0,O=C(c1cc(Cc2n[nH]c(=O)c3ccccc23)ccc1F)N1CCCNCC1,-1.7344785462643004,train,../data/images/Lipo/2173.png
2174.0,CNC1(C)C2CCC(C2)C1(C)C,-2.515949055696013,train,../data/images/Lipo/2174.png
2175.0,COc1cc(C(=O)NS(=O)(=O)c2ccccc2)ccc1Cn1ccc2ccc(NC(=O)OC3CCCC3)cc21,0.011359825870376712,train,../data/images/Lipo/2175.png
2176.0,Cn1nnc2c(C(N)=O)ncn2c1=O,-2.715473441082833,train,../data/images/Lipo/2176.png
2177.0,CCc1cc2c(s1)-n1c(C)nnc1CN=C2c1ccccc1Cl,0.27739233971947025,train,../data/images/Lipo/2177.png
2178.0,COc1ccc2c(c1)N(CCN1CCC(NCc3cc4c(cn3)OCCO4)CC1)C(=O)CO2,-0.7867377156769044,train,../data/images/Lipo/2178.png
2179.0,Clc1cccc(-n2nnnc2NCc2ccccc2Oc2ccccn2)c1Cl,1.1918791060757297,train,../data/images/Lipo/2179.png
2180.0,N[C@@H](CC(=O)N1CCn2c(nnc2C(F)(F)F)C1)Cc1cc(F)c(F)cc1F,-1.5598947090508328,train,../data/images/Lipo/2180.png
2181.0,N#Cc1ccc2ccc(=O)n(CCN3CC[C@H](NCc4cc5c(cn4)OCCO5)[C@H](O)C3)c2c1,-1.4351919681840701,train,../data/images/Lipo/2181.png
2182.0,COc1c(Nc2ccc(S(C)(=O)=O)nc2C)ncnc1OC1CCN(C(=O)OC(C)C)CC1,0.17763014702606003,train,../data/images/Lipo/2182.png
2183.0,O=c1oc2cc(O)ccc2cc1-c1ccc(O)cc1,0.5933059499152689,train,../data/images/Lipo/2183.png
2184.0,CCN(CC)CC#CCOC(=O)C(O)(c1ccccc1)C1CCCCC1,1.2168196542490821,train,../data/images/Lipo/2184.png
2185.0,O=c1[nH]c2c(O)ccc([C@@H](O)CNCCc3ccccc3CNCCc3ccccc3F)c2s1,-0.5040781697122423,train,../data/images/Lipo/2185.png
2186.0,NC(=O)c1cccc(O[C@@H]2C[C@H]3CC[C@@H](C2)N3CC2CC2)c1,-1.759419094437653,train,../data/images/Lipo/2186.png
2187.0,CC(C)c1c(C(=O)NC2C3CC4CC(C3)CC2C4)cnn1-c1ccc(C(=O)O)cc1,-0.861559360196962,train,../data/images/Lipo/2187.png
2188.0,O=C(O)COc1ccc(C(F)(F)F)cc1CN1CCN(S(=O)(=O)c2ccccc2)CC1,-1.4850730645307753,train,../data/images/Lipo/2188.png
2189.0,Clc1ccc([C@H]2CC=CCNC2)cc1Cl,-0.1964780755742279,train,../data/images/Lipo/2189.png
2190.0,Cc1ccc(-c2nn(C(C)C)c3ncnc(N)c23)cc1,0.8427114316487944,train,../data/images/Lipo/2190.png
2191.0,O=S(=O)(CCCOCCc1cc2ccccc2o1)CCNCCc1ccc(O)c2nc(O)sc12,0.5600518856841321,train,../data/images/Lipo/2191.png
2192.0,C=CCn1c(=O)c2c(-c3cc(C#N)cn3C)n(Cc3ccnc4ccc(Cl)cc34)nc2n(CC2CC2)c1=O,1.7322576498317008,train,../data/images/Lipo/2192.png
2193.0,CN(C(=O)Cc1ccc(-n2cnnn2)cc1)C1CCN(Cc2nc3c(s2)CCCC3)CC1,0.2607653076039019,train,../data/images/Lipo/2193.png
2194.0,Cc1ccc2c(c1)c(S(=O)(=O)c1ccc(Cl)cc1)c(C)n2CC(=O)O,-1.7677326104954372,train,../data/images/Lipo/2194.png
2195.0,N#CCNC(=O)[C@@H]1CCCC[C@H]1C(=O)N1CCc2[nH]c3ccc(F)cc3c2C1,0.48523024116407465,train,../data/images/Lipo/2195.png
2196.0,COc1ccc(C(=O)NCc2cccnc2)cc1C(=O)NCc1cccnc1,-0.7950512317346886,train,../data/images/Lipo/2196.png
2197.0,O=C1[C@@H]2[C@@H]3CC[C@@H](C3)[C@@H]2C(=O)N1[C@H]1CC[C@H](C(=O)Nc2cccc3cccnc23)CC1,1.4579116199248232,train,../data/images/Lipo/2197.png
2198.0,COc1ccccc1CN[C@H]1CCCN[C@H]1c1ccccc1,-0.5705862981745158,train,../data/images/Lipo/2198.png
2199.0,Cc1nc(C)c(-c2ccc([C@H]3CC[C@H](CC(N)=O)CC3)cc2)nc1C(N)=O,0.42703562875958556,train,../data/images/Lipo/2199.png
2200.0,CCS(=O)(=O)c1ccc(Oc2cc3nc(-c4ccccn4)[nH]c3cc2CN2C(=O)CCC2=O)cc1,-0.15491049528530695,train,../data/images/Lipo/2200.png
2201.0,CCCc1c(OCc2ccc(-c3nn[nH]n3)cc2)ccc(C(C)=O)c1O,0.7595762710709525,train,../data/images/Lipo/2201.png
2202.0,CCn1cc(C(=O)O)c(=O)c2cc(F)c(N3CCNCC3)cc21,-2.5408896038693656,train,../data/images/Lipo/2202.png
2203.0,O=C(CN1C(=O)C(NC(=O)c2cc3cc(Cl)sc3[nH]2)Cc2ccccc21)NO,0.17763014702606003,train,../data/images/Lipo/2203.png
2204.0,NCC(O)(c1ccc(Cl)cc1)c1ccc(Cl)cc1,0.41872211270180115,train,../data/images/Lipo/2204.png
2205.0,CNS(=O)(=O)Nc1ccc(-c2ccccc2)n(CC(=O)NC(C(=O)C(F)(F)F)C(C)C)c1=O,-0.32949433249877463,train,../data/images/Lipo/2205.png
2206.0,CCN(CC)CCOc1ccc(/C(=C(/Cl)c2ccccc2)c2ccccc2)cc1,1.582614360791586,train,../data/images/Lipo/2206.png
2207.0,Nc1ccc(S(=O)(=O)Nc2ccccn2)cc1,-1.8259272228999262,train,../data/images/Lipo/2207.png
2208.0,O=S(=O)(Cc1cc(N2CCOCC2)nc(-c2ccccn2)n1)c1ccc(F)cc1,-0.49576465365445815,train,../data/images/Lipo/2208.png
2209.0,Cc1cn([C@H]2CCCN(Cc3ccc(C(=O)O)c(Oc4cccc(Br)c4)c3)C2)c(=O)[nH]c1=O,-2.2416030257891353,train,../data/images/Lipo/2209.png
2210.0,NC(=O)c1cccc([S+]([O-])[C@H]2C[C@H]3CC[C@@H](C2)N3Cc2ccccc2)c1,-0.9031269404858828,train,../data/images/Lipo/2210.png
2211.0,CC1CN(Cc2cc(Cl)ccc2OCC(=O)O)CCN1S(=O)(=O)c1ccccc1,-1.5598947090508328,train,../data/images/Lipo/2211.png
2212.0,O=S(=O)(NCC(c1ccccc1)N1CCCCCC1)c1ccc(F)c(Cl)c1,1.49116568415596,train,../data/images/Lipo/2212.png
2213.0,CC(C)Cn1c(=O)n(C)c(=O)c2c(C(=O)N3CC(C)(O)C3)c(Cc3ccccc3C(F)(F)F)sc21,0.826084399533226,train,../data/images/Lipo/2213.png
2214.0,NC(=O)c1cnc(-c2ccc(C3(N)CCC3)cc2)c(-c2ccccc2)c1,-0.7368566193301993,train,../data/images/Lipo/2214.png
2215.0,COc1ccc2ncc(=O)n(CCN3CC[C@@H](NCc4ccc5c(n4)NC(=O)CO5)[C@H](OC)C3)c2c1,-1.0112026492370771,train,../data/images/Lipo/2215.png
2216.0,CN(CC[C@@H](Oc1ccc(-c2ccccc2)cc1)c1ccc(F)cc1)CC(=O)O,0.5600518856841321,train,../data/images/Lipo/2216.png
2217.0,Cc1c(Cl)cccc1S(=O)(=O)Nc1nc(CC(=O)N2CCN(C)CC2)cs1,-1.3437432915484444,train,../data/images/Lipo/2217.png
2218.0,O=c1[nH]n(Cc2cccs2)c(=O)c2c(=O)c3ccc(Cl)cc3[nH]c12,-0.5539592660589474,train,../data/images/Lipo/2218.png
2219.0,NNC(=O)c1ccncc1,-2.29148412213584,train,../data/images/Lipo/2219.png
2220.0,COc1ccc(-c2nc(N3CCOCC3)nc(O)c2C#N)cc1,-1.6513433856864588,train,../data/images/Lipo/2220.png
2221.0,COc1cnc(-c2ccccn2)nc1N(C)c1ccccc1,0.501857273279643,train,../data/images/Lipo/2221.png
2222.0,Cc1nc2n(c(=O)c1CCN1CCC(c3noc4cc(F)ccc34)CC1)CCCC2,-0.11334291499638623,train,../data/images/Lipo/2222.png
2223.0,COc1ccccc1CNC(=O)c1ccc2cnccc2n1,-0.32118081644099045,train,../data/images/Lipo/2223.png
2224.0,OCCn1cc(-c2cnc3nnn(Cc4ccc5ncccc5c4)c3n2)cn1,-0.4043159770188323,train,../data/images/Lipo/2224.png
2225.0,O=C(NCC(=O)N(CCO)c1ccccc1)c1cc2cc(Cl)ccc2[nH]1,0.9840412046311253,train,../data/images/Lipo/2225.png
2226.0,O=C(Nc1ccccc1Cl)c1cc[nH]n1,0.3272734360661753,train,../data/images/Lipo/2226.png
2227.0,COC(=O)Nc1cnc(-c2ccc(F)cc2)n(CC(=O)NC(C(=O)C(F)(F)F)C(C)C)c1=O,-0.30455378432542207,train,../data/images/Lipo/2227.png
2228.0,CCN(C(=O)Cc1ccc(S(C)(=O)=O)cc1)C1CCN(CCC(c2ccccc2)c2ccc(NS(C)(=O)=O)cc2)CC1,-0.2879267522098537,train,../data/images/Lipo/2228.png
2229.0,O=C1COc2c(CCNCCN(C(=O)CCNCCc3ccc(Cl)c(Cl)c3)C3CCCCC3)ccc(O)c2N1,0.03630037404372908,train,../data/images/Lipo/2229.png
2230.0,CCS(=O)(=O)c1ccc(-c2cc(Cl)ccc2OCC(=O)O)c(F)c1,-2.5824571841582866,train,../data/images/Lipo/2230.png
2231.0,COc1ccc(Cl)cc1C(=O)NCCc1ccc(S(=O)(=O)NC(=O)NC2CCCCC2)cc1,0.03630037404372908,train,../data/images/Lipo/2231.png
2232.0,CN[C@@H](C)C(=O)N[C@H](C(=O)N(C)[C@H]1CCCN(CCc2ccccc2)C1)C1CCCCC1,0.1277490506793549,train,../data/images/Lipo/2232.png
2233.0,O=C(Nc1ccccn1)c1ccc2[nH]c(-c3ccc(NC(=O)C45CC6CC(CC(C6)C4)C5)cc3)nc2c1,1.7073171016583488,train,../data/images/Lipo/2233.png
2234.0,COCCNC(=O)c1cccc(Cn2[nH]c(=O)c3[nH]c4cc(Cl)ccc4c(=O)c3c2=O)c1,-0.8199917799080412,train,../data/images/Lipo/2234.png
2235.0,O=c1[nH]c2c(O)ccc([C@@H](O)CNCCc3ccc(CNCCc4ccccn4)cc3)c2s1,-2.0254516082867466,train,../data/images/Lipo/2235.png
2236.0,CC(C)C(NC(=O)Cn1c(-c2ccccc2)ccc(NC(=O)CN2CCOCC2)c1=O)C(=O)C(F)(F)F,-0.15491049528530695,train,../data/images/Lipo/2236.png
2237.0,COc1c2occc2cc2ccc(=O)oc12,-0.17985104345865952,train,../data/images/Lipo/2237.png
2238.0,CCN(C(=O)Cc1ccc(S(C)(=O)=O)cc1)C1CCN(CC[C@@H](c2cc(C)cc(C)c2)C2CCN(S(C)(=O)=O)CC2)CC1,-0.21310510768979626,train,../data/images/Lipo/2238.png
2239.0,COc1ncc(-c2cccc3c2C[C@H](NC(=O)c2ccc(OCC(F)(F)F)nc2)CO3)cn1,1.7571981980050535,train,../data/images/Lipo/2239.png
2240.0,Cc1cnccc1COc1cnc(N2CCN(C(=O)OC(C)(C)C)CC2)nc1,1.3415223951158446,train,../data/images/Lipo/2240.png
2241.0,Clc1ccc(-c2cn3ccccc3n2)cc1,1.5077927162715283,train,../data/images/Lipo/2241.png
2242.0,O=c1[nH]c2c(O)ccc([C@@H](O)CNCCCOCCOCCc3cccc4ccccc34)c2s1,0.07786795433264981,train,../data/images/Lipo/2242.png
2243.0,COc1cc(N2CCN(C(C)=O)CC2)ccc1Nc1ncc(Cl)c(-c2cnc3cc(Cl)ccn23)n1,1.674063037427212,train,../data/images/Lipo/2243.png
2244.0,Cc1ccc(S(=O)(=O)Nc2c(C(=O)N(C)C3CCCCC3)c(C)nn2-c2ccccc2)cc1,-0.4126294930766165,train,../data/images/Lipo/2244.png
2245.0,CN(C)CC(O)COc1ccc(Nc2cc(Nc3cc(Cl)ccc3Cl)ncn2)cc1,0.3439004681817437,train,../data/images/Lipo/2245.png
2246.0,CC[C@H](NC(=O)c1c([S+](C)[O-])c(-c2ccccc2)nc2c(F)cccc12)c1ccccc1,0.5434248535685637,train,../data/images/Lipo/2246.png
2247.0,N#Cc1cccc(COc2ccc3c(c2)OCCC3=O)c1,0.510170789337427,train,../data/images/Lipo/2247.png
2248.0,CC(=O)Nc1ccc2[nH]cc(-c3cc(NC4CC4)n4ncc(C#N)c4n3)c2c1,0.38546804847066446,train,../data/images/Lipo/2248.png
2249.0,Cc1ccc(-c2nnc(N3CCN(C(=O)c4ccco4)CC3)c3ccccc23)cc1,1.3248953630002762,train,../data/images/Lipo/2249.png
2250.0,O=C(Nc1ccc(Cl)nc1)c1ccc(F)c(F)c1,0.9341601082844202,train,../data/images/Lipo/2250.png
2251.0,COc1cc2ncnc(Nc3cccc(Cl)c3F)c2cc1CN(C)[C@@H](C)C(N)=O,1.0256087849200461,train,../data/images/Lipo/2251.png
2252.0,O=C(c1ccc(C(=C2CCN(Cc3cscn3)CC2)c2cccc3cccnc23)cc1)N1CCC1,0.27739233971947025,train,../data/images/Lipo/2252.png
2253.0,CC(C)C[C@H](CO)Nc1nc(S[C@@H](C)c2ccccc2)nc2[nH]c(=O)sc12,1.7571981980050535,train,../data/images/Lipo/2253.png
2254.0,CO[C@H]1/C=C/O[C@@]2(C)Oc3c(C)c(O)c4c(O)c(cc(O)c4c3C2=O)NC(=O)/C(C)=C\C=C\[C@H](C)[C@H](O)[C@@H](C)[C@@H](O)[C@@H](C)[C@H](OC(C)=O)[C@@H]1C,-0.8283052959658253,train,../data/images/Lipo/2254.png
2255.0,Cc1ncc(-c2nc(Nc3ccc(C(=O)N4CC[C@@H](N(C)C)C4)cc3)ncc2F)n1C(C)C,0.14437608279492328,train,../data/images/Lipo/2255.png
2256.0,O=C1CC(c2ccc(O)cc2)Oc2cc(O)cc(O)c21,0.3439004681817437,train,../data/images/Lipo/2256.png
2257.0,Cc1nc2ccc(Oc3ccc(F)cc3)cc2c(=O)n1C[C@H]1CCCN(C(C)C)C1,0.17763014702606003,train,../data/images/Lipo/2257.png
2258.0,CC1=C(C2=C(C)C(=O)c3c(cc(O)c(O)c3Cc3ccccc3)C2=O)C(=O)c2cc(O)c(O)c(Cc3ccccc3)c2C1=O,0.4519761769329379,train,../data/images/Lipo/2258.png
2259.0,NC1(c2ccc(-c3c(-c4ccccc4)ncc4nccn34)cc2)CCC1,-0.4043159770188323,train,../data/images/Lipo/2259.png
2260.0,O=c1[nH]c2c(O)ccc([C@@H](O)CNCCc3ccc(CNCCc4c(Cl)cccc4Cl)cc3)c2s1,0.09449498644821819,train,../data/images/Lipo/2260.png
2261.0,COc1cc2ncnc(Nc3ccc(F)c(Cl)c3)c2cc1OC,1.2334466863646505,train,../data/images/Lipo/2261.png
2262.0,CC(=O)Nc1nnc(S(N)(=O)=O)s1,-2.4660679593493082,train,../data/images/Lipo/2262.png
2263.0,O=C(Nc1ccc(C(F)(F)F)c(Cl)c1)N1CCN(C[C@@H]2CCCN(C3CC3)C2)CC1,1.557673812618233,train,../data/images/Lipo/2263.png
2264.0,N#Cc1cccc(C(=O)NC[C@@H](O)CN2CCC(Oc3ccc(Cl)c(Cl)c3)CC2)c1,1.075489881266751,train,../data/images/Lipo/2264.png
2265.0,COc1cc2c(N3CCN(C(=O)Nc4ccc(OC(C)C)cc4)CC3)ncnc2cc1OCCCN1CCCCC1,0.3439004681817437,train,../data/images/Lipo/2265.png
2266.0,COC1(c2cc(F)cc(OCc3ccc4c(ccc(=O)n4C)c3)c2)CCOCC1,1.1087439454978878,train,../data/images/Lipo/2266.png
2267.0,CN1CC(=O)N2[C@H](c3ccc4c(c3)OCO4)c3[nH]c4ccccc4c3C[C@@H]2C1=O,0.3439004681817437,train,../data/images/Lipo/2267.png
2268.0,O=S(=O)(Nc1ncc(Cl)s1)c1cc(F)c(Oc2ccc(F)cc2-c2cn[nH]c2)cc1F,0.42703562875958556,train,../data/images/Lipo/2268.png
2269.0,CNc1ccc(-c2nc3ccc(O)cc3s2)cc1,1.0921169133823194,train,../data/images/Lipo/2269.png
2270.0,c1ccc(CCNCc2ccccc2)cc1,-0.4458835573077532,train,../data/images/Lipo/2270.png
2271.0,CC[C@H](NC(=O)c1c([S+]([O-])CC)c(-c2ccccc2)nc2ccccc12)c1ccccc1,1.0505493330933988,train,../data/images/Lipo/2271.png
2272.0,C=CCN(C(=O)Nc1ccccc1)C1CCN(CCC(c2ccccc2)c2ccccc2)CC1,1.1752520739601613,train,../data/images/Lipo/2272.png
2273.0,Cc1cccc2c(CCNCc3cccc(CCNC[C@H](O)c4ccc(O)c5[nH]c(=O)sc45)c3)c[nH]c12,-0.8781863923125304,train,../data/images/Lipo/2273.png
2274.0,Nc1nccc(-c2cc3c([nH]2)[C@H](CCF)CNC3=O)n1,-1.3936243878951493,train,../data/images/Lipo/2274.png
2275.0,Cn1cnc2cc(C#Cc3ccccc3)cnc21,1.0921169133823194,train,../data/images/Lipo/2275.png
2276.0,Oc1ccc(-c2nc3ccc(O)cc3o2)cc1,0.9258465922266358,train,../data/images/Lipo/2276.png
2277.0,CN(C)CCOc1ccc(-c2oc3ncnc(NC[C@@H]4CCCO4)c3c2-c2ccccc2)cc1,1.1752520739601613,train,../data/images/Lipo/2277.png
2278.0,CNC(=O)C1(N2CCCNC2=O)CCN(CC[C@H](CN(C)C(=O)c2c(OC)c(C#N)cc3ccccc23)c2ccc(Cl)c(Cl)c2)CC1,0.011359825870376712,train,../data/images/Lipo/2278.png
2279.0,CC(=O)Nc1ccccn1,-1.4019379039529334,train,../data/images/Lipo/2279.png
2280.0,c1ccc(CSc2nc3cccnc3[nH]2)cc1,0.8593384637643627,train,../data/images/Lipo/2280.png
2281.0,Cc1ccc2c(n1)c(Sc1ccc(Cl)cc1)c(C)n2CC(=O)O,-1.526640644819696,train,../data/images/Lipo/2281.png
2282.0,Cc1ccc(CN2C(=O)CCSc3ccc(Cl)cc32)cc1,1.2583872345380032,train,../data/images/Lipo/2282.png
2283.0,C[Si](C)(C)C#Cc1cn(C[C@H]2CN(c3ccc(C4=CCS(=O)(=O)CC4)c(F)c3)C(=O)O2)nn1,-0.770110683561336,train,../data/images/Lipo/2283.png
2284.0,COc1cc2c(Nc3ccc(Br)cc3F)ncnc2cc1OC[C@@H]1CCCN(C)C1,0.7180086907820314,train,../data/images/Lipo/2284.png
2285.0,CC(=O)Nc1ccc(CNc2[nH]nc3cccc(Oc4ccc(S(C)(=O)=O)cc4)c23)cc1,0.3688410163550961,train,../data/images/Lipo/2285.png
2286.0,CCN(C(=O)NCc1ccc(S(C)(=O)=O)cc1)C1CCN(CCC(c2ccccc2)c2ccccc2)CC1,0.5600518856841321,train,../data/images/Lipo/2286.png
2287.0,CC(=O)c1ncccc1NC(=O)[C@H]1CC[C@H](N2C(=O)[C@@H]3[C@@H]4CC[C@@H](C4)[C@@H]3C2=O)CC1,0.6847546265508947,train,../data/images/Lipo/2287.png
2288.0,COc1cc(N2CCN(C(C)=O)CC2)ccc1Nc1ncc(Cl)c(-c2cnc3cc(N4CCCC4)ccn23)n1,1.0921169133823194,train,../data/images/Lipo/2288.png
2289.0,NC(=O)c1cccc(OC2CCN(Cc3ccccc3)CC2)c1,-0.22141862374758042,train,../data/images/Lipo/2289.png
2290.0,Nc1cccc2c1C(=O)N(Cc1cccc(Cl)c1)C2=O,0.826084399533226,train,../data/images/Lipo/2290.png
2291.0,O=C(NC[C@@H](O)CN1CCC(Oc2ccc(Cl)c(Cl)c2)CC1)c1c[nH]c(=O)cc1C(F)(F)F,0.4353491448173695,train,../data/images/Lipo/2291.png
2292.0,CN(c1ccnc(Nc2cccc(S(C)(=O)=O)c2)n1)c1cccc2[nH]ncc12,0.8510249477065783,train,../data/images/Lipo/2292.png
2293.0,COc1ccc(CNC(=O)c2sc3nc(C)cc(C)c3c2N)cc1,1.3830899754047659,train,../data/images/Lipo/2293.png
2294.0,COc1cc2ncc(C(N)=O)c(Nc3ccc(F)cc3F)c2cc1NCCN1CCOCC1,0.4104085966440172,train,../data/images/Lipo/2294.png
2295.0,CC(C)Cn1c(=O)n(C)c(=O)c2c(-c3cncn3C)n(Cc3cccc4ccccc34)nc21,1.5909278768493698,train,../data/images/Lipo/2295.png
2296.0,Clc1ccc2c(c1)C(N1CCNCC1)=Nc1ccccc1O2,0.07786795433264981,train,../data/images/Lipo/2296.png
2297.0,COCCCOc1ccnc(C[S+]([O-])c2nc3ccccc3[nH]2)c1C,-2.3912463148292504,train,../data/images/Lipo/2297.png
2298.0,Cc1cc(C)cc(-c2[nH]c3sc(C(C)(C)C(=O)N4C5CCC4CC5)cc3c2CCN2CCN(CC(=O)N(C)C)CC2)c1,1.6158684250227224,train,../data/images/Lipo/2298.png
2299.0,O=S(=O)(C1CCNCC1)C1(c2cc(N3CCOCC3)nc(-c3cccc4[nH]ccc34)n2)CC1,-0.9031269404858828,train,../data/images/Lipo/2299.png
2300.0,CNc1cccc(CCCc2ccc(C[C@H](NC(=O)c3c(Cl)cccc3Cl)C(=O)O)cc2)n1,-1.3437432915484444,train,../data/images/Lipo/2300.png
2301.0,CCN(C(=O)Cc1ccc(S(C)(=O)=O)cc1)C1CCN(CC[C@@H](c2ccccc2)C2CCN(S(C)(=O)=O)CC2)CC1,-0.9446945207748036,train,../data/images/Lipo/2301.png
2302.0,O=C(Cc1cc(Nc2ncnc3cc(OCCCN4CCC[C@@H]4CO)ccc23)n[nH]1)Nc1cccc(F)c1F,-0.10502939893860186,train,../data/images/Lipo/2302.png
2303.0,NC(=O)c1cccc(O[C@H]2C[C@H]3CC[C@@H](C2)N3CC2CCCCC2)c1,-0.5290187178855948,train,../data/images/Lipo/2303.png
2304.0,O=C(CC12CC3CC(CC(C3)C1)C2)Nc1cccc2nc(NCCNCCO)ccc12,-0.32949433249877463,train,../data/images/Lipo/2304.png
2305.0,CC1=C(C)C(=O)C(C(CCCCCC(=O)O)c2ccccc2)=C(C)C1=O,0.2441382754883335,train,../data/images/Lipo/2305.png
2306.0,O=C(O)COc1ccc(Cl)cc1CN1CCCN(S(=O)(=O)Cc2ccccc2)CC1,-0.9779485850059404,train,../data/images/Lipo/2306.png
2307.0,CN1C(=O)NC(=O)C(C)(C2=CCCCC2)C1=O,-0.5705862981745158,train,../data/images/Lipo/2307.png
2308.0,O=C(O)[C@@H](Cc1ccccc1)N1CCC(CN2CCC(Oc3ccc(Cl)c(Cl)c3)CC2)CC1,0.2607653076039019,train,../data/images/Lipo/2308.png
2309.0,Cc1nc(S(C)(=O)=O)ccc1Nc1ncnc(OC2CCN(C(=O)OC(C)C)CC2)c1C,0.510170789337427,train,../data/images/Lipo/2309.png
2310.0,Cc1ccc(C(=O)C2CCN(C(=O)c3ccc(C)cc3)CC2)cc1,1.0339223009778304,train,../data/images/Lipo/2310.png
2311.0,CN[C@@H](C)C(=O)N[C@H](C(=O)N1CCC[C@H]1C(=O)N[C@H](C(=O)OC)C(c1ccccc1)c1ccccc1)C1CCCCC1,0.19425717914162838,train,../data/images/Lipo/2311.png
2312.0,CN(C(=O)Cc1ccccc1)[C@H]1CC[C@@]2(CCCO2)C[C@@H]1N1CCCC1,-0.9945756171215088,train,../data/images/Lipo/2312.png
2313.0,CCC(CC)NC(=O)c1c(C)nn(C(C)C)c1NS(=O)(=O)c1ccc(C)cc1,-1.0527702295259982,train,../data/images/Lipo/2313.png
2314.0,CCS(=O)(=O)c1ccc2c(c1)N(CCN1CCC(NCc3ccc4c(n3)NC(=O)CO4)CC1)C(=O)CO2,-1.909062383477768,train,../data/images/Lipo/2314.png
2315.0,O=S(=O)(Nc1cccnc1)c1cccs1,-1.3686838397217966,train,../data/images/Lipo/2315.png
2316.0,CC1(C)NC(=O)N(c2ccc([N+](=O)[O-])c(C(F)(F)F)c2)C1=O,-0.37106191278769557,train,../data/images/Lipo/2316.png
2317.0,CC(C)OC(=O)N1CCC(Oc2ncnc3c2cnn3-c2ccc(S(C)(=O)=O)cc2F)CC1,0.6764411104931107,train,../data/images/Lipo/2317.png
2318.0,NNc1nc2ccccc2[nH]c1=O,-1.4518190002996385,train,../data/images/Lipo/2318.png
2319.0,COc1cc(OC)c(S(=O)(=O)NCc2ccccc2N2CCC(CO)CC2)cc1NC(C)=O,-0.961321552890372,train,../data/images/Lipo/2319.png
2320.0,Cc1c(CN(C)C(=O)/C=C/c2cnc3c(c2)CCC(=O)N3)oc2ccccc12,0.14437608279492328,train,../data/images/Lipo/2320.png
2321.0,CCN(c1ccccc1)c1cc(NC)[n+](C)c(C)n1,-2.5741436681005023,train,../data/images/Lipo/2321.png
2322.0,O=C(O)COc1ccc(Cl)cc1CN1CCC(S(=O)(=O)c2ccccc2)CC1,-1.4185649360685018,train,../data/images/Lipo/2322.png
2323.0,Cc1ccc2c(c1)c(Sc1ccc(Cl)cc1)c(C)n2CC(=O)O,-0.005267206245191655,train,../data/images/Lipo/2323.png
2324.0,Cc1oc(=O)oc1CN1CCN(c2cc3c(cc2F)c(=O)c(C(=O)O)c2n3C(C)S2)CC1,-1.426878452126286,train,../data/images/Lipo/2324.png
2325.0,OCCN1CCN(CCCN2c3ccccc3Sc3ccc(Cl)cc32)CC1,1.1752520739601613,train,../data/images/Lipo/2325.png
2326.0,Cc1ccc(-c2nccn2C)cc1NC(=O)c1ccc(OCc2ccccn2)cc1,0.5351113375107798,train,../data/images/Lipo/2326.png
2327.0,CC(C)COCC(CN(Cc1ccccc1)c1ccccc1)N1CCCC1,1.2251331703068664,train,../data/images/Lipo/2327.png
2328.0,CN1C(=O)CN=C(c2ccccc2)c2cc(Cl)ccc21,0.41872211270180115,train,../data/images/Lipo/2328.png
2329.0,CCN1CCC[C@H]1CNC(=O)c1c(O)c(Cl)cc(Cl)c1OC,-0.911440456543667,train,../data/images/Lipo/2329.png
2330.0,O=C(O)C[C@@H]1c2ccccc2C[C@H]1NC(=O)c1cc2cc(F)ccc2[nH]1,-0.770110683561336,train,../data/images/Lipo/2330.png
2331.0,CCN(C(C)=O)c1cccc2c1c(Sc1ccc(Cl)cc1)c(C)n2CC(=O)O,-0.4791376215388898,train,../data/images/Lipo/2331.png
2332.0,N#CC1(NC(=O)[C@@H]2CCCC[C@H]2C(=O)N2CCc3[nH]c4ccccc4c3C2)CC1,0.3937815645284488,train,../data/images/Lipo/2332.png
2333.0,COc1cnccc1COc1cnc(N2CCN(C(=O)OC(C)(C)C)CC2)nc1,1.3415223951158446,train,../data/images/Lipo/2333.png
2334.0,N#Cc1ccccc1Oc1ccc(C(=O)NCc2ccncc2)cc1,0.31895992000839096,train,../data/images/Lipo/2334.png
2335.0,NC(=O)Nc1cc(-c2cccc(O)c2)sc1C(N)=O,0.019673341928160712,train,../data/images/Lipo/2335.png
2336.0,CN1Cc2c(N)cccc2C(c2ccccc2)C1,-0.0884023668230335,train,../data/images/Lipo/2336.png
2337.0,CN(C)c1ccc2nc3ccc(=[N+](C)C)cc-3sc2c1,-2.54920311992715,train,../data/images/Lipo/2337.png
2338.0,COc1ccc(-c2cc(C(F)(F)F)ccc2OCC(=O)O)cc1,-1.5765217411664012,train,../data/images/Lipo/2338.png
2339.0,CC1Cc2ccccc2N1NC(=O)c1ccc(Cl)c(S(N)(=O)=O)c1,-0.2962402682676379,train,../data/images/Lipo/2339.png
2340.0,Clc1ccc2c(c1)CCc1cccnc1C2=C1CCNCC1,-0.5872133302900842,train,../data/images/Lipo/2340.png
2341.0,COc1ccc2nc3ccccc3c(N)c2c1,-0.9862621010637246,train,../data/images/Lipo/2341.png
2342.0,CN1C(=O)CC(C)(CCc2cccc(-c3ccccc3)c2)N=C1N,-0.1299699471119546,train,../data/images/Lipo/2342.png
2343.0,C=CCc1ccccc1OCC(O)CNC(C)C,-0.9945756171215088,train,../data/images/Lipo/2343.png
2344.0,O=C1Nc2ccccc2C1(O)c1ccccc1,-0.39600246096104813,train,../data/images/Lipo/2344.png
2345.0,N[C@@H](Cc1ccc(F)cc1)C(=O)O,-2.698846408967265,train,../data/images/Lipo/2345.png
2346.0,O=C(CS(=O)(=O)c1ccccc1)c1ccccc1,-0.2712997200942854,train,../data/images/Lipo/2346.png
2347.0,O=C(N[C@@H]1Cc2ccccc2N(C[C@@H](O)CO)C1=O)c1cc2cc(Cl)sc2[nH]1,0.9009060440532835,train,../data/images/Lipo/2347.png
2348.0,CCCNC(=O)CSc1ccc(S(=O)(=O)N2CCCC2)cn1,-0.5290187178855948,train,../data/images/Lipo/2348.png
2349.0,C[C@@](O)(C(=O)Nc1ccc(S(=O)(=O)NCCCO)cc1Cl)C(F)(F)F,-0.07177533470746512,train,../data/images/Lipo/2349.png
2350.0,Cc1cc([C@H](O)[C@](C)(OCc2ccc(-c3ccccc3)cc2)C(=O)NO)no1,0.5766789177997005,train,../data/images/Lipo/2350.png
2351.0,COc1ccc(F)c(F)c1C(=O)c1cnc(NC2CCN(S(C)(=O)=O)CC2)nc1N,-0.0884023668230335,train,../data/images/Lipo/2351.png
2352.0,Cc1cccc(C)c1OC[C@H](C)N,-1.3188027433750915,train,../data/images/Lipo/2352.png
2353.0,O=C(N[C@@H](Cc1ccc(OCCNc2nc3ccccc3[nH]2)cc1)C(=O)O)c1c(Cl)cccc1Cl,-1.3188027433750915,train,../data/images/Lipo/2353.png
2354.0,O=C(NCCCNc1nc(Nc2cccc(NC(=O)N3CCCC3)c2)ncc1Br)c1cccs1,1.6158684250227224,train,../data/images/Lipo/2354.png
2355.0,COCCOc1nc(N)c2[nH]c(=O)n(Cc3ccccc3)c2n1,0.061240922217081446,train,../data/images/Lipo/2355.png
2356.0,CC(C)C(NC(=O)Cn1c(-c2ccccc2)ccc(N)c1=O)C(=O)C(F)(F)F,-0.37106191278769557,train,../data/images/Lipo/2356.png
2357.0,O=S(=O)(NCC(c1ccccc1)N1CCCCCC1)c1cc(Cl)cc(Cl)c1,0.9757276885733409,train,../data/images/Lipo/2357.png
2358.0,Nc1nccc2ccccc12,-0.5705862981745158,train,../data/images/Lipo/2358.png
2359.0,CCc1nc2cc(O)ccc2c(Oc2ccc(/C=C/C(=O)O)cc2)c1-c1ccccc1,0.6764411104931107,train,../data/images/Lipo/2359.png
2360.0,COc1ccc2c(C)nc(=O)n(CCN3CCC(NCc4cc5c(cn4)OCCO5)CC3)c2c1,-1.5765217411664012,train,../data/images/Lipo/2360.png
2361.0,COc1ccc(Nc2ccccc2C(=O)O)cc1,-0.8199917799080412,train,../data/images/Lipo/2361.png
2362.0,Nc1n[nH]c2ncc3c(c12)CCCCCC3,0.29401937183503857,train,../data/images/Lipo/2362.png
2363.0,Cn1c(=O)c2nc(-c3cccnc3)[nH]c2n(C)c1=O,-1.2356675827972499,train,../data/images/Lipo/2363.png
2364.0,COc1cc2nc(N3CCN(C(=O)c4ccco4)CC3)nc(N)c2cc1OC,-0.2380456558631488,train,../data/images/Lipo/2364.png
2365.0,COc1cc(N2CCN(C(C)=O)CC2)ccc1Nc1ncc(Cl)c(-c2cnc3ccc(N(C)C)cn23)n1,1.5909278768493698,train,../data/images/Lipo/2365.png
2366.0,O=C(Cc1ccc(OCc2ccccc2)cc1)NO,-0.22141862374758042,train,../data/images/Lipo/2366.png
2367.0,CC(=O)Nc1ccc2ccn(-c3cc(Nc4ccn(C)n4)n4ncc(C#N)c4n3)c2c1,1.1503115257868086,train,../data/images/Lipo/2367.png
2368.0,O=C1c2ccc(O)cc2C(=O)N1c1ccc(O)cc1F,-0.07177533470746512,train,../data/images/Lipo/2368.png
2369.0,COc1ccc(N2CCN(C(=O)[C@@H]3CCCC[C@H]3C(=O)NC3(C#N)CC3)CC2)cc1,-0.37106191278769557,train,../data/images/Lipo/2369.png
2370.0,CS(=O)(=O)Nc1ccc(CCOCCCS(=O)(=O)CCNCCc2ccc(O)c3nc(O)sc23)cc1,-0.7036025550990626,train,../data/images/Lipo/2370.png
2371.0,CCCSc1ncccc1C(=O)N(C)[C@@H]1[C@@H]2CC3C[C@H]1C[C@@](O)(C3)C2,0.25245179154611785,train,../data/images/Lipo/2371.png
2372.0,O=c1ccc2ccccc2[nH]1,-0.7202295872146309,train,../data/images/Lipo/2372.png
2373.0,CC(NC(=O)C1(N)CCN(c2ncnc3[nH]ccc23)CC1)c1ccc(S(C)(=O)=O)cc1,-0.9862621010637246,train,../data/images/Lipo/2373.png
2374.0,C[C@H](Nc1ncc(F)c(Nc2cc(C3CC3)[nH]n2)n1)c1ccc(F)cn1,0.7928303353020892,train,../data/images/Lipo/2374.png
2375.0,N#Cc1ccccc1C[C@@H](C(=O)O)N1CCC(CN2CCC(Oc3ccc(Cl)c(Cl)c3)CC2)CC1,-0.05514830259189676,train,../data/images/Lipo/2375.png
2376.0,NC(=O)N1c2ccccc2C[C@H](O)c2ccccc21,-1.1608459382771923,train,../data/images/Lipo/2376.png
2377.0,Cn1cc(CN2CCc3cc4nc(N)sc4cc3CC2)cn1,-0.9363810047170195,train,../data/images/Lipo/2377.png
2378.0,CCCCCC/N=c1\ccn(Cc2ccccc2)c2cc(Cl)ccc12,-1.002889133179293,train,../data/images/Lipo/2378.png
2379.0,N#Cc1c(-c2ccc(-c3ccccc3CN3CCOCC3)cc2)nc2ccncc2c1O,-0.15491049528530695,train,../data/images/Lipo/2379.png
2380.0,CC(C)Cc1ccc([C@@H](C)C(=O)NS(C)(=O)=O)cc1,-1.3936243878951493,train,../data/images/Lipo/2380.png
2381.0,CS(=O)(=O)c1ccc(N2CCN(C(=O)[C@@H]3CCCC[C@H]3C(=O)NCC#N)CC2)cc1,-1.2606081309706025,train,../data/images/Lipo/2381.png
2382.0,Cc1ncc(-c2nc(Nc3ccc(C(=O)N(C)C)c(F)c3)ncc2F)n1C(C)C,0.7928303353020892,train,../data/images/Lipo/2382.png
2383.0,O=C(c1cc2ccccc2[nH]1)N1CCNCC1,-1.3188027433750915,train,../data/images/Lipo/2383.png
2384.0,N=C(N)c1ccc(C(=O)N2CCN(S(=O)(=O)c3ccc4cc(Br)ccc4c3)CC2)cc1,-1.518327128761912,train,../data/images/Lipo/2384.png
2385.0,CCCCc1ncc(/C=C(\Cc2cccs2)C(=O)O)n1Cc1ccc(C(=O)O)cc1,-2.565830152042718,train,../data/images/Lipo/2385.png
2386.0,CN(C)c1ccnc2sc(C(=O)NCc3ccccc3)c(N)c12,1.1918791060757297,train,../data/images/Lipo/2386.png
2387.0,CC(C)Cn1c(=O)n(C)c(=O)c2c(C(=O)N3CCC3)c(Cc3ccccc3C(F)(F)F)sc21,1.0588628491511827,train,../data/images/Lipo/2387.png
2388.0,Cc1nsc(C)c1CCC1CCN(S(=O)(=O)CC2(N(O)C=O)CCOCC2)CC1,-0.5705862981745158,train,../data/images/Lipo/2388.png
2389.0,CCCN(CCCOCCOCCc1ccccc1)CCc1ccc(O)c2nc(O)sc12,0.46028969299072225,train,../data/images/Lipo/2389.png
2390.0,COc1ccc(N2CCN(C(=O)[C@@H]3CCCC[C@H]3C(=O)NCC#N)CC2)cc1,-0.48745113759667397,train,../data/images/Lipo/2390.png
2391.0,O=C(Nc1nnc(C(=O)Nc2ccc(N3CCOCC3)cc2)o1)c1ccc(Cl)cc1,-0.22141862374758042,train,../data/images/Lipo/2391.png
2392.0,CC(COc1ccccc1)NC(C)C(O)c1ccc(O)cc1,-1.3520568076062283,train,../data/images/Lipo/2392.png
2393.0,Cn1ccc2c(-c3nc(CS(C)(=O)=O)cc(N4CCOCC4)n3)cccc21,-0.15491049528530695,train,../data/images/Lipo/2393.png
2394.0,COc1ccc(CN2C(=O)CCC2(C)C(=O)NC2CCCCC2)c(OC)c1,0.16100311491049166,train,../data/images/Lipo/2394.png
2395.0,Cc1ccccc1-c1c(C(=O)O)n(CCCOc2cccc3ccccc23)c2ccccc12,1.4163440396359024,train,../data/images/Lipo/2395.png
2396.0,Cc1cc(Nc2nc(O[C@@H](C)c3ncc(F)cn3)ncc2Cl)n[nH]1,-0.30455378432542207,train,../data/images/Lipo/2396.png
2397.0,CC(C)N1CCC[C@@H](CN2CCN(C(=O)Nc3ccc(Cl)c(Cl)c3)CC2)C1,-0.4708241054811056,train,../data/images/Lipo/2397.png
2398.0,C[N+]1(C)[C@@H]2C[C@@H](OC(=O)C(O)(c3cccs3)c3cccs3)C[C@H]1[C@@H]1O[C@@H]12,-2.0254516082867466,train,../data/images/Lipo/2398.png
2399.0,Cc1cc(CCC2CCN(S(=O)(=O)CC3(N(O)C=O)CCOCC3)CC2)c(C)cn1,-0.6287809105790051,train,../data/images/Lipo/2399.png
2400.0,CCCSc1ncccc1C(=O)N(C)C1CCOCC1,-0.46251058942332157,train,../data/images/Lipo/2400.png
2401.0,N=C(N)N1CCc2ccccc2C1,-2.657278828678344,train,../data/images/Lipo/2401.png
2402.0,CC(C)(C(=O)c1cccnc1)c1cccnc1,-0.6121538784634367,train,../data/images/Lipo/2402.png
2403.0,Nc1sc2c(c1C(=O)NCc1ccccc1)CCCC2,1.1087439454978878,train,../data/images/Lipo/2403.png
2404.0,O=c1c(O)cccc2cc(O)c(O)c(O)c12,-0.1299699471119546,train,../data/images/Lipo/2404.png
2405.0,Nc1nc2ccc(-c3cccc(O)c3)cc2s1,0.7595762710709525,train,../data/images/Lipo/2405.png
2406.0,O=c1c2ccc(O)cc2ncn1-c1ccc(O)cc1,-0.48745113759667397,train,../data/images/Lipo/2406.png
2407.0,COc1cc2ncnc(Nc3ccc(F)c(Cl)c3)c2cc1OCCCN(C)C,0.5933059499152689,train,../data/images/Lipo/2407.png
2408.0,CCN(CC)C(=O)N[C@H]1C[C@@H]2c3cccc4[nH]cc(c34)C[C@H]2N(C)C1,0.4519761769329379,train,../data/images/Lipo/2408.png
2409.0,CCN(C(=O)Cc1ccc(S(C)(=O)=O)cc1)C1CCN(Cc2ccc(C(F)(F)F)cc2)CC1,0.5933059499152689,train,../data/images/Lipo/2409.png
2410.0,OC(CCN1CCCCC1)(c1ccccc1)C1CCCCC1,0.4104085966440172,train,../data/images/Lipo/2410.png
2411.0,CNC(=O)c1ccc(Nc2nccc(-c3cnc(C)n3C(C)C)n2)cc1F,0.6348735302041899,train,../data/images/Lipo/2411.png
2412.0,N#Cc1ccc(C(=O)N2CCC3(CC2)N=C(N)c2c(F)ccc(F)c2N3)cc1,-1.102651325872703,train,../data/images/Lipo/2412.png
2413.0,CC(C)C(NC(=O)Cn1c(-c2ccccc2)ccc(NC(=O)NCc2ccccn2)c1=O)C(=O)C(F)(F)F,-0.03020775441854439,train,../data/images/Lipo/2413.png
2414.0,c1ccc(CN(Cc2ccccc2)c2nn[nH]n2)cc1,-0.67866200692571,train,../data/images/Lipo/2414.png
2415.0,Oc1ccc(Br)c2ccccc12,1.7571981980050535,train,../data/images/Lipo/2415.png
2416.0,O=C(CC1CCCCC1)Nc1c(Cl)ccc2nc(NCCCO)ccc12,0.9175330761688518,train,../data/images/Lipo/2416.png
2417.0,Cc1cc(Nc2nc(N[C@@H](C)c3ccc(F)cn3)c(C#N)cc2F)n[nH]1,0.7678897871287366,train,../data/images/Lipo/2417.png
2418.0,O=c1c2cnn(-c3ccccc3)c2nc(-c2ccco2)n1-c1ccccc1,0.9175330761688518,train,../data/images/Lipo/2418.png
2419.0,N[C@H]1CCN(c2c(Cl)cccc2/C=C2\SC(=O)NC2=O)C1,-0.24635917192093298,train,../data/images/Lipo/2419.png
2420.0,CN[C@@H](C)C(=O)N[C@H](C(=O)N[C@H]1CCCN(C(=O)Cc2ccccc2)C1)C1CCCCC1,-0.7202295872146309,train,../data/images/Lipo/2420.png
2421.0,CC(C)Cc1ccc(C(C)C(=O)NS(C)(=O)=O)cc1,-1.1691594543349764,train,../data/images/Lipo/2421.png
2422.0,CN(CCc1ccc(O)c2nc(O)sc12)CCN(C)C(=O)CCOCCc1ccccc1,0.33558695212395934,train,../data/images/Lipo/2422.png
2423.0,O=C(NC1Cc2ccccc2N(CC(=O)N2CCC(O)CC2)C1=O)c1cc2cc(Cl)sc2[nH]1,0.5600518856841321,train,../data/images/Lipo/2423.png
2424.0,CN(C)CCCNS(=O)(=O)c1ccc(Nc2nccc(-c3cnc4ccccn34)n2)cc1,-0.2380456558631488,train,../data/images/Lipo/2424.png
2425.0,CCCc1c(OCc2ccc(/C=C/c3nn[nH]n3)cc2)ccc(C(C)=O)c1O,0.9258465922266358,train,../data/images/Lipo/2425.png
2426.0,CCCSc1nc(N2CCC(C(=O)O)CC2)ccc1C(=O)NC1CCCCC1,-0.48745113759667397,train,../data/images/Lipo/2426.png
2427.0,CN(C)CC(O)COc1ccc(Nc2nccc(Nc3ccccc3)n2)cc1,-0.5040781697122423,train,../data/images/Lipo/2427.png
2428.0,N#Cc1cc(O)cc2nc(-c3ccc(O)cc3)oc12,1.1752520739601613,train,../data/images/Lipo/2428.png
2429.0,FC(F)(F)c1nnc2ccc(N3CCCC3)nn12,0.18594366308384438,train,../data/images/Lipo/2429.png
2430.0,O=c1[nH]c2c(O)ccc([C@@H](O)CNCCSCCCNCCc3cccc(Cl)c3)c2s1,-1.002889133179293,train,../data/images/Lipo/2430.png
2431.0,CCCNC(=O)c1nnc2c(-c3cnccc3OC)cccc2c1N,0.5351113375107798,train,../data/images/Lipo/2431.png
2432.0,O=C(NCC1CCOCC1)c1nc(OS(=O)(=O)CCC(F)(F)F)ccc1NC(=O)c1ccc(Cn2ccnn2)c2ccccc12,1.674063037427212,train,../data/images/Lipo/2432.png
2433.0,NC1(c2ccc(-n3c(-c4ccccc4)nc4ccccc4c3=O)cc2)CCC1,-0.48745113759667397,train,../data/images/Lipo/2433.png
2434.0,CCS(=O)(=O)c1ccc(-c2cc(Cl)ccc2OCC(=O)O)c(Cl)c1,-2.175094897326862,train,../data/images/Lipo/2434.png
2435.0,N#Cc1cccc(-c2cccc(-c3nn[nH]n3)c2)c1,-1.2356675827972499,train,../data/images/Lipo/2435.png
2436.0,C[C@H]1O[C@@H](n2cnc3c(N)nc(OC(C4CC4)C(F)(F)F)nc32)[C@H](O)[C@@H]1O,-0.2962402682676379,train,../data/images/Lipo/2436.png
2437.0,Cc1cn([C@H]2CCCN(S(=O)(=O)c3ccc(O)c(Oc4cccc(C(F)(F)F)c4)c3)C2)c(=O)[nH]c1=O,0.06955443827486582,train,../data/images/Lipo/2437.png
2438.0,Cc1ncc(-c2ccnc(Nc3ccc(N4CCN(S(=O)(=O)CCN(C)C)CC4)cc3)n2)n1C(C)C,0.27739233971947025,train,../data/images/Lipo/2438.png
2439.0,C[C@H](Nc1nc(Nc2ncc(C#N)s2)cc(N2CCOCC2)n1)c1ccc(F)cn1,1.0505493330933988,train,../data/images/Lipo/2439.png
2440.0,COc1ncnc(NS(=O)(=O)c2ccc(N)cc2)c1OC,-2.424500379060387,train,../data/images/Lipo/2440.png
2441.0,Cc1cccc(C)c1NC(=O)C(C)N,-1.9423164477089048,train,../data/images/Lipo/2441.png
2442.0,COc1ccc(C(=O)N2CCC(C(=O)c3ccc(F)cc3)CC2)cc1,0.6099329820308372,train,../data/images/Lipo/2442.png
2443.0,CC(C)(C)OC(=O)N1CCN(c2ccc(OCc3ccc(S(C)(=O)=O)cc3)nc2)CC1,0.7595762710709525,train,../data/images/Lipo/2443.png
2444.0,CC(=O)Nc1ccc(O)cc1OC[C@@H](O)CN1CCC2(CC1)Cc1cc(Cl)ccc1O2,0.4769167251062903,train,../data/images/Lipo/2444.png
2445.0,CCN(CC)C(=O)c1ccc([C@H](c2cccc(NC(=O)C3CC3)c2)N2CCN(CCOC)CC2)cc1,0.1360625667371393,train,../data/images/Lipo/2445.png
2446.0,C[C@@H](NC(=O)[C@H]1CCCCN1)c1ccc(Nc2ncc3cc(-c4ccncc4)ccc3n2)cc1,-0.03020775441854439,train,../data/images/Lipo/2446.png
2447.0,COc1cc2c(c(OC)c1OC)-c1ccc(OC)c(=O)cc1[C@@H](NC(C)=O)CC2,-1.1359053901038398,train,../data/images/Lipo/2447.png
2448.0,Nc1nc2cc3c(cc2s1)CCN(Cc1ccccc1)CC3,0.3937815645284488,train,../data/images/Lipo/2448.png
2449.0,COc1ccc(-c2cc(NC(=O)Cc3ccc4ccccc4c3)[nH]n2)cc1OC,0.7595762710709525,train,../data/images/Lipo/2449.png
2450.0,COc1ccc(C(CN2CCCC2)N(C)C(=O)Cc2ccc(Cl)c(Cl)c2)c(OC)c1,0.7346357228975998,train,../data/images/Lipo/2450.png
2451.0,CS(=O)(=O)c1ccc(CC(=O)N(C2CC2)C2CCN(CCC(c3ccccc3)c3ccccc3)CC2)cc1,0.5849924338574849,train,../data/images/Lipo/2451.png
2452.0,CCOC(=O)c1ccccc1-c1csc(NS(=O)(=O)c2ccc(Cl)cc2)n1,0.20257069519941276,train,../data/images/Lipo/2452.png
2453.0,Cc1ccc(Oc2ccc(Nc3ncnc4[nH]nc(OCCN5CCC(O)CC5)c34)cc2Cl)cn1,1.0089817528044778,train,../data/images/Lipo/2453.png
2454.0,O=C(COCc1ccncc1)N1CCC(F)(c2ccc(Cl)cc2)CC1,0.7013816586664631,train,../data/images/Lipo/2454.png
2455.0,OCC[C@]1(c2cc3ccccc3o2)CCCNC1,-1.717851514148732,train,../data/images/Lipo/2455.png
2456.0,Oc1nc(-c2ccc(C(F)(F)F)cc2)nc2c1CSCC2,0.7346357228975998,train,../data/images/Lipo/2456.png
2457.0,O=[N+]([O-])c1cccc2ccc(C(Cl)(Cl)Cl)nc12,1.2583872345380032,train,../data/images/Lipo/2457.png
2458.0,CS(=O)(=O)Cc1cc(N2CCOCC2)nc(-c2ccc3[nH]ccc3c2)n1,-0.10502939893860186,train,../data/images/Lipo/2458.png
2459.0,O=C(Nc1c[nH]nc1-c1nc2cc(CN3CCOCC3)ccc2[nH]1)NC1CC1,0.09449498644821819,train,../data/images/Lipo/2459.png
2460.0,CCCc1c(OCCCSc2ccc(CC(=O)O)cc2Cl)ccc2c(CC)noc12,1.4412845878092548,train,../data/images/Lipo/2460.png
2461.0,Nc1nnc(CCSCCc2nnc(NC(=O)Cc3ccccc3)s2)s1,-0.15491049528530695,train,../data/images/Lipo/2461.png
2462.0,NCCc1ccc(O)c2nc(O)sc12,-1.5432676769352645,train,../data/images/Lipo/2462.png
2463.0,CNc1nc2ccccc2n1Cc1sc2c(c1C(=O)N1C[C@H](O)CO1)c(=O)n(C)c(=O)n2CC(C)C,-0.346121364614343,train,../data/images/Lipo/2463.png
2464.0,COc1cc2ncnc(Nc3cc4ccccc4cn3)c2cc1OC,1.4246575556936865,train,../data/images/Lipo/2464.png
2465.0,CC(C)Cn1c(=O)n(C)c(=O)c2c(C(=O)N3CC=CC3)c(Cc3ccccc3C(F)(F)F)sc21,1.1170574615556719,train,../data/images/Lipo/2465.png
2466.0,Cn1sc(NC(=O)c2ccccc2)nc1=O,-0.8781863923125304,train,../data/images/Lipo/2466.png
2467.0,CNC1=Nc2ncccc2C(c2ncco2)=NC1c1cccs1,-0.8698728762547462,train,../data/images/Lipo/2467.png
2468.0,COc1ccc(C[C@@H](C)NC[C@H](O)c2ccc(O)c(NC=O)c2)cc1,-1.4684460324152069,train,../data/images/Lipo/2468.png
2469.0,O=c1cc(N2CCOCC2)oc2c(-c3ccccc3)cccc12,0.5933059499152689,train,../data/images/Lipo/2469.png
2470.0,CCCSc1nc(NC)ccc1C(=O)N[C@H]1C2CC3CC1C[C@](O)(C3)C2,0.9009060440532835,train,../data/images/Lipo/2470.png
2471.0,C[C@H](N)C(=O)N[C@H](/C=C/S(=O)(=O)c1ccccc1)CCc1ccccc1,-0.437570041249969,train,../data/images/Lipo/2471.png
2472.0,O=C(COCc1ccncc1)N1CCN(c2ccc(Cl)cc2Cl)CC1,0.9923547206889093,train,../data/images/Lipo/2472.png
2473.0,O=c1[nH]c2c(O)ccc([C@@H](O)CNCCc3cccc(CN4CCC(c5ccccc5)CC4)c3)c2s1,-0.16322401134309114,train,../data/images/Lipo/2473.png
2474.0,N#Cc1cnn2c(NC3CC3)cc(-c3cccs3)nc12,0.5766789177997005,train,../data/images/Lipo/2474.png
2475.0,CC(C)N(CCC(C(N)=O)(c1ccccc1)c1ccccn1)C(C)C,-2.2665435739624877,train,../data/images/Lipo/2475.png
2476.0,CC(C)CCCC(C)/N=c1\ccn(Cc2ccccc2)c2cc(Cl)ccc12,-0.5040781697122423,train,../data/images/Lipo/2476.png
2477.0,Cc1ccc(NC(=O)c2ccc(Cl)c(C(F)(F)F)c2)cc1C(=O)Nc1cccnc1,0.5351113375107798,train,../data/images/Lipo/2477.png
2478.0,Cc1ccc(C(=O)Nc2ccon2)cc1NC(=O)c1cnn(-c2ccccc2F)c1N,0.3439004681817437,train,../data/images/Lipo/2478.png
2479.0,COc1ccc(Cl)c(Nc2ncnc3cc(OC)cc(OC4CCN(C)CC4)c23)c1,1.1752520739601613,train,../data/images/Lipo/2479.png
2480.0,CN[C@@H](C)C(=O)N[C@H](C(=O)N[C@H]1CCCN(CCc2ccc([N+](=O)[O-])cc2)C1)C(C)(C)C,-0.537332233943379,train,../data/images/Lipo/2480.png
2481.0,CN[C@@H](C)C(=O)N[C@H](C(=O)N[C@H]1C[C@@H]2CC[C@H]1N(CCc1ccccc1)C2)C1CCCCC1,-0.4541970733655374,train,../data/images/Lipo/2481.png
2482.0,CCC(CC)n1nc(C)c(C(=O)N[C@@H](C)C(C)(C)C)c1NS(=O)(=O)c1ccc(C)cc1,-0.25467268797871717,train,../data/images/Lipo/2482.png
2483.0,Cc1oc(C#N)cc1-c1c2c(=O)n(C)c(=O)n(CC3CC3)c2nn1Cc1ccnc2ccc(Cl)cc12,1.7239441337739168,train,../data/images/Lipo/2483.png
2484.0,COc1ccc2nc(N[C@H]3CCC[C@H](NCc4ccsc4)C3)cc(C)c2c1,0.18594366308384438,train,../data/images/Lipo/2484.png
2485.0,Nc1ccccc1[N+](=O)[O-],-2.6157112483894234,train,../data/images/Lipo/2485.png
2486.0,Cc1cccc(C#Cc2ccccc2)n1,1.1752520739601613,train,../data/images/Lipo/2486.png
2487.0,O=C(O)c1cn(C2CC2)c2cc(N3CCN(C(=O)CC[N+](=O)[O-])CC3)c(F)cc2c1=O,-1.6347163535708904,train,../data/images/Lipo/2487.png
2488.0,Nc1ncc(-c2cnn(C3CCOCC3)c2)cc1-c1nc2ccccc2o1,1.5077927162715283,train,../data/images/Lipo/2488.png
2489.0,CCOC(=O)C(CCc1ccccc1)NC1CCc2ccccc2N(CC(=O)O)C1=O,-1.983884027997826,train,../data/images/Lipo/2489.png
2490.0,Nc1c(C(=O)c2cccc(OC[C@@H](O)CO)c2)cnn1-c1ccc(F)cc1,-0.2297321398053646,train,../data/images/Lipo/2490.png
2491.0,N#Cc1nc(NC2CCCC2)c(N)c(N2CCOCC2)n1,0.33558695212395934,train,../data/images/Lipo/2491.png
2492.0,O=C(NC[C@@H](O)CN1CCC(Oc2ccc(Cl)c(Cl)c2)CC1)c1c[nH]c(=O)c2cc(S(=O)(=O)NC3CC3)ccc12,1.2334466863646505,train,../data/images/Lipo/2492.png
2493.0,O=C(NCC12CC3CC(CC(C3)C1)C2)c1cc(OC2CCNCC2)ccc1Cl,-0.2962402682676379,train,../data/images/Lipo/2493.png
2494.0,COCCN1CCC(Cc2ccc(C(=O)NCc3cnc(C#N)nc3NCC(C)(C)C)cc2)CC1,1.0921169133823194,train,../data/images/Lipo/2494.png
2495.0,Cc1ncccc1Oc1ncnc(OC2CCN(C(=O)OC(C)C)CC2)c1C,1.3415223951158446,train,../data/images/Lipo/2495.png
2496.0,COc1ccc(NC(=O)c2ccc(-c3ccncc3)c(C)c2)cc1N1CCN(C)CC1,0.31064640395060694,train,../data/images/Lipo/2496.png
2497.0,COc1cccc(-c2ccc(/C=C3\SC(=S)N([C@@H](Cc4ccccc4)C(=O)O)C3=O)cn2)c1OC,-0.5705862981745158,train,../data/images/Lipo/2497.png
2498.0,Nc1nc(-c2ccccc2)nn1Cc1ccccc1,-0.2297321398053646,train,../data/images/Lipo/2498.png
2499.0,COCCNCc1ccc(-c2cc(C(N)=O)c(NC(N)=O)s2)cc1,-1.0943378098149188,train,../data/images/Lipo/2499.png
2500.0,Oc1ccnc2ccccc12,-1.1525324222194082,train,../data/images/Lipo/2500.png
2501.0,COC(=O)COc1ccc(O)cc1,-1.0527702295259982,train,../data/images/Lipo/2501.png
2502.0,COc1ccc(-c2csc(NC(=O)c3c(C)noc3C)n2)cc1OC,0.8094573674176576,train,../data/images/Lipo/2502.png
2503.0,CCCN(CCC)C(=O)c1cccc(C(=O)N[C@@H](Cc2ccccc2)[C@H](O)CNCc2cccc(OC)c2)c1,0.42703562875958556,train,../data/images/Lipo/2503.png
2504.0,Nc1nc(Cl)nc(NCc2ccccc2)n1,0.061240922217081446,train,../data/images/Lipo/2504.png
2505.0,O=C(O)CCc1ccc(NCc2cccc(Oc3ccccc3)c2)cc1,-0.07177533470746512,train,../data/images/Lipo/2505.png
2506.0,Cc1oc2cc(O)ccc2c(=O)c1-c1ccccc1,0.6348735302041899,train,../data/images/Lipo/2506.png
2507.0,NC(=O)c1cc([N+](=O)[O-])cc([N+](=O)[O-])c1,-1.144218906161624,train,../data/images/Lipo/2507.png
2508.0,C[C@H](C(=O)O)c1cccc(C(=O)c2ccccc2)c1,-1.8674948031888474,train,../data/images/Lipo/2508.png
2509.0,O=c1cc(O)oc2c1c(=O)n(-c1ccccc1)c1ccccc21,-1.0195161652948614,train,../data/images/Lipo/2509.png
2510.0,CN1CCN(CCCN2c3ccccc3Sc3ccc(C(F)(F)F)cc32)CC1,1.7655117140628376,train,../data/images/Lipo/2510.png
2511.0,CN1CCN(c2nc3ccccc3cc2Cn2nc(-c3ccc4nc(N)sc4c3)c3c(N)ncnc32)CC1,0.7512627550131682,train,../data/images/Lipo/2511.png
2512.0,CC(C)C(NC(=O)Cn1c(-c2ccccc2)ncc(NC(=O)OCC(F)(F)F)c1=O)C(=O)C(F)(F)F,0.15268959885270766,train,../data/images/Lipo/2512.png
2513.0,COc1cc2c(Nc3c(Cl)ccc4c3OCO4)ncnc2cc1OCCCN1CCCC1,-0.4708241054811056,train,../data/images/Lipo/2513.png
2514.0,O=C(O)COc1ccc(C(F)(F)F)cc1-c1ccc(Cl)cc1,-1.0693972616415663,train,../data/images/Lipo/2514.png
2515.0,Cc1nc(Nc2ncc(C(=O)Nc3c(C)cccc3Cl)s2)cc(N2CCN(CCO)CC2)n1,1.017295268862262,train,../data/images/Lipo/2515.png
2516.0,COc1ccc(C=NN=Cc2ccc(OC)c(OC)c2)cc1OC,0.9923547206889093,train,../data/images/Lipo/2516.png
2517.0,COc1ccc(C(=O)Nc2c(Cl)cncc2Cl)c2cccnc12,-0.08008885076524949,train,../data/images/Lipo/2517.png
2518.0,O=c1[nH]c2c(O)ccc([C@@H](O)CNCCc3cccc(-c4cccc(CNCc5ccccc5)c4)c3)c2s1,0.11112201856378655,train,../data/images/Lipo/2518.png
2519.0,COc1cc2nnc(C(N)=O)c(Nc3ccc(C)cc3F)c2cc1N1CCN(C)CC1,0.14437608279492328,train,../data/images/Lipo/2519.png
2520.0,O=C(O)c1c(Sc2ccccc2)c2cc(Cl)ccc2n1Cc1ccc(Cl)cc1,0.643187046261974,train,../data/images/Lipo/2520.png
2521.0,Cc1cc(-c2ccc(-c3nc4ccncc4c(O)c3C#N)cc2)ccn1,-0.48745113759667397,train,../data/images/Lipo/2521.png
2522.0,C1=C(c2cc3ccccc3o2)C2CCN1CC2,0.33558695212395934,train,../data/images/Lipo/2522.png
2523.0,C[C@@H]1CN(C(=O)OC(C)(C)C)CCN1c1ncc(OCc2ccc(S(C)(=O)=O)cn2)cn1,0.6764411104931107,train,../data/images/Lipo/2523.png
2524.0,CCCNCc1cnc(-c2ccc(C(=O)Nc3ccccc3N)cc2)s1,-0.3627483967299114,train,../data/images/Lipo/2524.png
2525.0,Cc1cc(C)nc(SCC(=O)Nc2cc(C)on2)n1,-0.5539592660589474,train,../data/images/Lipo/2525.png
2526.0,O=C(Nc1cccc(O)c1)c1ccc(OCCCN2CCCC2)cc1OCc1cscn1,-0.5207052018278107,train,../data/images/Lipo/2526.png
2527.0,CC(=O)Nc1cccc(Nc2nc(NC3CC3)n3ncc(C#N)c3n2)c1,-0.07177533470746512,train,../data/images/Lipo/2527.png
2528.0,CSc1nc(N)nc(-c2ccccc2)n1,0.6598140783775424,train,../data/images/Lipo/2528.png
2529.0,Clc1ccc2c(c1Nc1ccnc(Nc3cc(N4CCOCC4)cc(N4CCOCC4)c3)n1)OCO2,0.8842790119377151,train,../data/images/Lipo/2529.png
2530.0,CN[C@@H](C)C(=O)N[C@H](C(=O)N1CC[C@H]2CCN(CCc3ccccc3)C[C@H]21)C1CCCCC1,0.23582475943054948,train,../data/images/Lipo/2530.png
2531.0,CC(C)NCC(O)COc1ccc(CCOCC2CC2)cc1,-1.2938621952017393,train,../data/images/Lipo/2531.png
2532.0,CN1[C@@H]2CC[C@H]1C[C@@H](OC(c1ccccc1)c1ccccc1)C2,-0.5788998142323,train,../data/images/Lipo/2532.png
2533.0,N#Cc1cc(S(=O)(=O)NCC(c2ccccc2)N2CCCCCC2)ccc1F,0.4353491448173695,train,../data/images/Lipo/2533.png
2534.0,O=c1cc(-c2ccccc2)oc2cc(O)cc(O)c12,1.3664629432891975,train,../data/images/Lipo/2534.png
2535.0,COc1ccc2ncc(=O)n(CCN3CC[C@@H](NCc4ccc5c(n4)NC(=O)CO5)[C@@H](F)C3)c2c1,-1.1275918740460555,train,../data/images/Lipo/2535.png
2536.0,Cc1ccsc1C(=CCCN1CCC[C@@H](C(=O)O)C1)c1sccc1C,-0.5788998142323,train,../data/images/Lipo/2536.png
2537.0,COc1ccccc1CN1C(=O)c2ccccc2C1C(=O)NC1CCC(C)CC1,1.29164129876914,train,../data/images/Lipo/2537.png
2538.0,COc1ccc2c(C)cc(N[C@H]3CC[C@H](NCc4cn(C)c5ccccc45)C3)nc2c1,0.2857058557772542,train,../data/images/Lipo/2538.png
2539.0,COc1ccc2ncc(=O)n(CCN3CC[C@H](NCc4cc5c(cn4)OCCO5)[C@@H](OC)C3)c2c1,-0.7784241996191202,train,../data/images/Lipo/2539.png
2540.0,CN(CCCOCCOCCc1ccccc1)CCc1ccc(O)c2nc(O)sc12,0.21088421125719675,train,../data/images/Lipo/2540.png
2541.0,COc1ccc(C(CN(C)C)C2(O)CCCCC2)cc1,-0.9945756171215088,train,../data/images/Lipo/2541.png
2542.0,Oc1ccc(C2CNCCc3c2cc(O)c(O)c3Cl)cc1,-1.0943378098149188,train,../data/images/Lipo/2542.png
2543.0,COc1cc2nc(Nc3ccc([C@@H](C)NC(C)=O)cc3)ncc2cc1-c1ccncc1,0.7678897871287366,train,../data/images/Lipo/2543.png
2544.0,Cc1ncc(-c2ccnc(Nc3ccc(N4CCN(S(C)(=O)=O)CC4)cc3)n2)n1C(C)C,0.31895992000839096,train,../data/images/Lipo/2544.png
2545.0,CN1CCc2c1nc1ccccc1c2NC(=O)Cc1ccccc1,0.510170789337427,train,../data/images/Lipo/2545.png
2546.0,CCC(c1nc2ccsc2c(=O)n1Cc1cscn1)N(CCCN)C(=O)c1ccc(C)cc1,-1.800986674726574,train,../data/images/Lipo/2546.png
2547.0,Cc1cc(S(=O)(=O)Nc2nc(Nc3ccc(Cl)cc3)n[nH]2)c(S)cc1Cl,-0.08008885076524949,train,../data/images/Lipo/2547.png
2548.0,O=C(NCCNC(=O)c1cn(-c2ccccc2)nc1C(F)(F)F)c1ccc(Cl)cn1,1.3415223951158446,train,../data/images/Lipo/2548.png
2549.0,COc1cc(C(=O)NC[C@@H](O)CN2CCC(Oc3ccc(Cl)c(Cl)c3)CC2)ccc1N,0.7762033031865209,train,../data/images/Lipo/2549.png
2550.0,CCCSc1nc(NC[C@H]2CC[C@H](C(=O)O)CC2)ccc1C(=O)NC1CCCCC1,0.3522139842395277,train,../data/images/Lipo/2550.png
2551.0,Cc1ccc(COC(=O)N2CC[C@H](CNc3ncccn3)[C@H](F)C2)cc1,0.8510249477065783,train,../data/images/Lipo/2551.png
2552.0,C[C@H]1CN(C(=O)OC(C)(C)C)CCN1c1ncc(OCc2ccc(S(C)(=O)=O)cc2)cn1,1.0921169133823194,train,../data/images/Lipo/2552.png
2553.0,Cc1ccnc(NCc2c(O)ccc3ccccc23)c1,1.7073171016583488,train,../data/images/Lipo/2553.png
2554.0,Cc1cc(CCCOc2c(C)cc(-c3noc(C(F)(F)F)n3)cc2C)on1,1.2001926221335137,train,../data/images/Lipo/2554.png
2555.0,c1cn(-c2ccc(Oc3nccc(Oc4ccc5c(c4)OCO5)n3)cc2)cn1,0.9009060440532835,train,../data/images/Lipo/2555.png
2556.0,CC1=C(C2=C(C)C(=O)c3c(cc(O)c(O)c3CCc3ccc(C)cc3)C2=O)C(=O)c2cc(O)c(O)c(CCc3ccc(C)cc3)c2C1=O,0.9757276885733409,train,../data/images/Lipo/2556.png
2557.0,CCCCc1nc2c(N)nc3ccccc3c2n1CC(C)(C)O,0.15268959885270766,train,../data/images/Lipo/2557.png
2558.0,CC1CN(C(=O)c2ccccc2)c2ccccc2NC1=O,-0.37937542884547976,train,../data/images/Lipo/2558.png
2559.0,N#CN=C(N)c1sc(Nc2ccccc2)nc1N,0.6016194659730532,train,../data/images/Lipo/2559.png
2560.0,CCCCN1Cc2c(nc3cc(-c4ccco4)nn3c2O)C1=O,-1.1525324222194082,train,../data/images/Lipo/2560.png
2561.0,Cc1cc(CN2Cc3ccccc3C2C(=O)Nc2ccc(Cl)cc2)ccc1OCC(=O)O,-0.670348490867926,train,../data/images/Lipo/2561.png
2562.0,CCN(C(=O)c1ccc(-c2ccc(Cl)cc2)o1)c1ccc(N2CCNCC2)cc1,0.9258465922266358,train,../data/images/Lipo/2562.png
2563.0,COc1cc(F)ccc1-c1cccc(CNC2CCCC2)c1,0.08618147039043418,train,../data/images/Lipo/2563.png
2564.0,Cc1nnc(C)c2cc(N3CCN(C(=O)[C@@H]4CCCC[C@H]4C(=O)NC4(C#N)CC4)[C@H](C)C3)ccc12,-0.21310510768979626,train,../data/images/Lipo/2564.png
2565.0,Cc1cc2c(C(=O)NC[C@H](C)c3ccccc3)c(O)c(O)cc2c(O)c1-c1c(C)cc2c(C(=O)NC[C@H](C)c3ccccc3)c(O)c(O)cc2c1O,1.075489881266751,train,../data/images/Lipo/2565.png
2566.0,CNCC[C@H](Oc1cccc2ccccc12)c1cccs1,-0.08008885076524949,train,../data/images/Lipo/2566.png
2567.0,O=C(Nc1ccc(Nc2ccc(NC(=O)c3ccccc3)c3c2C(=O)c2ccccc2C3=O)c2c1C(=O)c1ccccc1C2=O)c1ccccc1,0.3688410163550961,train,../data/images/Lipo/2567.png
2568.0,CN(C)CCCC(NC(=O)C1(N)CCN(c2ncnc3[nH]ccc23)CC1)c1ccc(Cl)cc1,-0.6537214587523577,train,../data/images/Lipo/2568.png
2569.0,Cn1ncc2c(=O)[nH]c(-c3ccccc3)nc21,-0.4791376215388898,train,../data/images/Lipo/2569.png
2570.0,CC(C)N1CCC(N(C(=O)Cc2ccccc2)c2ccc(Cl)cc2)CC1,0.09449498644821819,train,../data/images/Lipo/2570.png
2571.0,C[C@H](CO)Nc1nc(SCc2cccc(Cl)c2)nc2nc(N)sc12,0.9341601082844202,train,../data/images/Lipo/2571.png
2572.0,CC(=O)c1c(C)c2cnc(Nc3ccc(N4CCNCC4)cn3)nc2n(C2CCCC2)c1=O,-1.1525324222194082,train,../data/images/Lipo/2572.png
2573.0,CN(C(=O)Cc1ccc(S(=O)(=O)N(C)C)cc1)C1CCN(CCC(c2ccccc2)c2ccccc2)CC1,1.0921169133823194,train,../data/images/Lipo/2573.png
2574.0,C[C@H]1O[C@@H](n2cnc3c(N)nc(OC4CCOC4)nc32)[C@H](O)[C@@H]1O,-1.8674948031888474,train,../data/images/Lipo/2574.png
2575.0,C[C@@](CCc1ccc(-c2ccc(Cl)cc2)cc1)(C(=O)NO)S(C)(=O)=O,0.17763014702606003,train,../data/images/Lipo/2575.png
2576.0,Cc1cc(-c2ccc(Cl)c(C(=O)NCC3(O)CCCCCC3)c2)nn1C[C@H](O)CN,-1.3437432915484444,train,../data/images/Lipo/2576.png
2577.0,CC(C)C[C@H](CO)Nc1nc(SCc2ccccc2F)nc2nc(N)sc12,1.9234685191607372,train,../data/images/Lipo/2577.png
2578.0,O=c1[nH]c2c(O)ccc([C@@H](O)CNCCc3ccc(CNCCc4ccccc4F)cc3)c2s1,-0.7368566193301993,train,../data/images/Lipo/2578.png
2579.0,CCOc1cccc2c3c([nH]c12)CCN(C(=O)[C@@H]1CCCC[C@H]1C(=O)NC1(C#N)CC1)C3,0.7595762710709525,train,../data/images/Lipo/2579.png
2580.0,CN(CCO)C(=O)c1ccc([C@H](c2cccc(NC(=O)C3CC3)c2)N2CCN(Cc3ccc(F)cc3)CC2)cc1,0.9923547206889093,train,../data/images/Lipo/2580.png
2581.0,COc1cc2cc(-c3ccc(O)cc3O)nc(C)c2cc1OC,1.4246575556936865,train,../data/images/Lipo/2581.png
2582.0,CSc1ncccc1C(=O)NCC1CCCCC1,0.6182464980886215,train,../data/images/Lipo/2582.png
2583.0,Cc1cccc(Nc2ccccc2C(=O)O)c1C,-0.24635917192093298,train,../data/images/Lipo/2583.png
2584.0,C[C@@H](O)[C@H]1C(=O)N2C(C(=O)OCOC(=O)C(C)(C)C)=C(SC3CN(C4=NCCS4)C3)[C@H](C)[C@H]12,-0.07177533470746512,train,../data/images/Lipo/2584.png
2585.0,O=C(O)c1cccnc1Nc1cccc(C(F)(F)F)c1,-0.9862621010637246,train,../data/images/Lipo/2585.png
2586.0,N#Cc1cnn2c(N)cc(-c3ccc(F)cc3)nc12,0.03630037404372908,train,../data/images/Lipo/2586.png
2587.0,Nc1ccc2ccccc2n1,-0.4043159770188323,train,../data/images/Lipo/2587.png
2588.0,O=C(Nc1ccc(N2CCNCC2)cc1)c1ccc(-c2ccc(Cl)cc2)o1,0.17763014702606003,train,../data/images/Lipo/2588.png
2589.0,COc1ccc(OC)c(CNc2[nH]nc3cccc(Oc4ccc(S(C)(=O)=O)cc4)c23)c1,1.2667007505957872,train,../data/images/Lipo/2589.png
2590.0,CC(=O)c1cc2ccc(O)cc2oc1=O,-1.0943378098149188,train,../data/images/Lipo/2590.png
2591.0,CC(C)(C)NS(=O)(=O)c1cncc(-c2ccc3nc(NC(=O)NCC(=O)N4CCOCC4)nn3c2)c1,-1.0195161652948614,train,../data/images/Lipo/2591.png
2592.0,CN[C@@H](C)C(=O)N[C@H](C(=O)N[C@H]1CCCN(CCc2ccc(F)cc2)C1)C(C)(C)C,0.7762033031865209,train,../data/images/Lipo/2592.png
2593.0,NC(=O)c1cccc(N[C@H]2C[C@H]3CC[C@@H](C2)N3Cc2ccccc2)c1,-0.9779485850059404,train,../data/images/Lipo/2593.png
2594.0,Cc1nocc1C(=O)Nc1ccc(-c2ccccc2OC(F)(F)F)c(N)n1,1.2583872345380032,train,../data/images/Lipo/2594.png
2595.0,Oc1c2ncc3ccccc3c2nn1-c1ccc(Cl)cc1,-0.5539592660589474,train,../data/images/Lipo/2595.png
2596.0,O=C1NCCc2[nH]c(-c3ccncc3)cc21,-0.5788998142323,train,../data/images/Lipo/2596.png
2597.0,CCN(CC)S(=O)(=O)c1ccc(-c2nnc(SCC(=O)N3CCc4ccccc43)o2)cc1,1.4246575556936865,train,../data/images/Lipo/2597.png
2598.0,N#CC1(NC(=O)[C@@H]2CCCC[C@H]2C(=O)N2CCN(c3nc4cnccc4s3)CC2)CC1,-0.437570041249969,train,../data/images/Lipo/2598.png
2599.0,COc1cc(CCc2cc(Nc3ccnc(NCc4ccccn4)n3)n[nH]2)cc(OC)c1,1.0921169133823194,train,../data/images/Lipo/2599.png
2600.0,Cc1cc2n[nH]c(=O)n2c2cc(-c3cn[nH]c3)ccc12,-0.04683478653411276,train,../data/images/Lipo/2600.png
2601.0,COc1ccc(Oc2ncccc2C(=O)NCc2ccccc2Cl)cc1,1.166938557902377,train,../data/images/Lipo/2601.png
2602.0,COc1cccc(NC(=O)Cn2cc(Oc3ncnc4cc(OC)c(OC)cc34)cn2)c1,0.7678897871287366,train,../data/images/Lipo/2602.png
2603.0,CNS(=O)(=O)Cc1ccc2[nH]cc(CCN(C)C)c2c1,-2.6157112483894234,train,../data/images/Lipo/2603.png
2604.0,N#Cc1cccc(NCC(=O)Nc2c(Cl)ccc3nc(N4CC[C@@H](O)C4)ccc23)c1,0.169316630968276,train,../data/images/Lipo/2604.png
2605.0,O=C1CCOc2nc(CCc3ccccc3)ccc21,0.2607653076039019,train,../data/images/Lipo/2605.png
2606.0,COc1cc2ncc(C(N)=O)c(Nc3ccccc3F)c2cc1OC,0.5184843053952114,train,../data/images/Lipo/2606.png
2607.0,COc1ccc(N(C(=O)c2ccccc2)C(C(=O)NC[C@@H](C)O)c2ccccc2F)c(OC)c1,0.3023328878928226,train,../data/images/Lipo/2607.png
2608.0,CCNCc1cncc(-c2ccc(F)cc2OC)n1,-0.8366188120236094,train,../data/images/Lipo/2608.png
2609.0,C[C@H]1O[C@@H](n2cnc3c(N)nc(OC4CC5CC5C4)nc32)[C@H](O)[C@@H]1O,-0.437570041249969,train,../data/images/Lipo/2609.png
2610.0,COCCC(=O)N(C)c1ccc(Nc2ncc3cc(-c4ccncc4)ccc3n2)cc1,0.8676519798221467,train,../data/images/Lipo/2610.png
2611.0,COc1cc2ncc(C(N)=O)c(Nc3ccccc3C)c2cc1OC,1.0089817528044778,train,../data/images/Lipo/2611.png
2612.0,COc1cc(Nc2cc(N3CCOCC3)nc(N[C@@H](C)c3ncc(F)cn3)n2)n[nH]1,-0.005267206245191655,train,../data/images/Lipo/2612.png
2613.0,COc1cc(Cc2cnc(N)nc2N)cc(OC)c1OC,-1.2938621952017393,train,../data/images/Lipo/2613.png
2614.0,NC1=NC(c2cccs2)Nc2cccc(F)c21,-1.061083745583782,train,../data/images/Lipo/2614.png
2615.0,Cc1cc(C)nc(N)c1,-1.1109648419304872,train,../data/images/Lipo/2615.png
2616.0,Cc1c(CCC(=O)O)c(=O)oc2cc(O)ccc12,-2.3995598308870347,train,../data/images/Lipo/2616.png
2617.0,Oc1cc(-c2ccccc2)nc2ccnn12,-0.7368566193301993,train,../data/images/Lipo/2617.png
2618.0,O=C1CC2(CCCC2)CC(=O)N1CCCCN1CCN(c2ncccn2)CC1,0.003046309812592344,train,../data/images/Lipo/2618.png
2619.0,CCNC(=O)c1cc2c(-n3ccc(C(F)(F)F)n3)c(-c3cncc(C(=O)O)c3)cnc2[nH]1,-2.640651796562776,train,../data/images/Lipo/2619.png
2620.0,CCc1ccc(CCNCCCSCCNC[C@H](O)c2ccc(O)c3[nH]c(=O)sc23)cc1,-1.102651325872703,train,../data/images/Lipo/2620.png
2621.0,COc1cc(N2CCN(C(C)=O)CC2)ccc1Nc1ncc(Br)c(-c2cnc3ccccn23)n1,1.2583872345380032,train,../data/images/Lipo/2621.png
2622.0,O=c1[nH][nH]c(=O)c2c(O)c3c(Cl)cc(Cl)cc3nc12,-1.0777107776993504,train,../data/images/Lipo/2622.png
2623.0,CC[C@H]1OC(=O)[C@H](C)[C@@H](O[C@H]2C[C@@](C)(OC)[C@@H](O)[C@H](C)O2)[C@H](C)[C@@H](O[C@@H]2O[C@H](C)C[C@H](N(C)C)[C@H]2O)[C@](C)(O)C[C@@H](C)/C(=N\OCOCCOC)[C@H](C)[C@@H](O)[C@]1(C)O,-0.32118081644099045,train,../data/images/Lipo/2623.png
2624.0,CC(C)(C)C(=O)N[C@H]1CCCCNC1=O,-1.3354297754906599,train,../data/images/Lipo/2624.png
2625.0,CCN1CCN(Cc2cnc(-c3ccc(C(=O)Nc4ccccc4N)cc3)c(C#N)c2)CC1,-0.8698728762547462,train,../data/images/Lipo/2625.png
2626.0,Cc1cc(Nc2nc(NCc3ccccn3)ncc2Br)n[nH]1,0.510170789337427,train,../data/images/Lipo/2626.png
2627.0,NC(=O)c1cccc(C[C@H]2C[C@H]3CC[C@@H](C2)N3Cc2ccccc2)c1,-0.8283052959658253,train,../data/images/Lipo/2627.png
2628.0,CN(CCOc1ccc(C[C@H](Nc2ccccc2C(=O)c2ccccc2)C(=O)O)cc1)c1ccccn1,-0.03020775441854439,train,../data/images/Lipo/2628.png
2629.0,CN(C)C(=O)c1ccc(C(=C2CCN(Cc3cscn3)CC2)c2cccc3cccnc23)cc1,0.09449498644821819,train,../data/images/Lipo/2629.png
2630.0,Cc1cc(COc2ccc(NC(=O)[C@@H]3[C@@H](C(=O)NO)CCCN3C)cc2)c2ccccc2n1,0.18594366308384438,train,../data/images/Lipo/2630.png
2631.0,CC(O)(C(=O)Nc1ccc2c(c1)-c1ccccc1S2(=O)=O)C(F)(F)F,0.6764411104931107,train,../data/images/Lipo/2631.png
2632.0,CN(C)c1ccnc2sc(C(N)=O)c(N)c12,-0.4043159770188323,train,../data/images/Lipo/2632.png
2633.0,Cc1nc(CSc2nc(N[C@H](C)CO)c3sc(=O)[nH]c3n2)cs1,-0.37937542884547976,train,../data/images/Lipo/2633.png
2634.0,C=C1C[C@@H]2[C@H](CC[C@]3(C)C(=O)CC[C@@H]23)[C@@]2(C)C=CC(=O)C=C12,0.6598140783775424,train,../data/images/Lipo/2634.png
2635.0,O=C1CC(c2ccc(O)cc2)Oc2cc(O)ccc21,0.17763014702606003,train,../data/images/Lipo/2635.png
2636.0,N#Cc1nc(N2CCOCC2)nc(N2CCOCC2)n1,-0.5622727821167316,train,../data/images/Lipo/2636.png
2637.0,COCCNCc1ccc(CCNC[C@H](O)c2ccc(O)c3[nH]c(=O)sc23)cc1,-2.2665435739624877,train,../data/images/Lipo/2637.png
2638.0,O=C(O)c1cncc(-c2ccc(Cl)c(C(=O)NCC34CC5CC(CC(C5)C3)C4)c2)c1,-1.1109648419304872,train,../data/images/Lipo/2638.png
2639.0,CNCCCN1c2ccccc2CCc2ccccc21,-0.7867377156769044,train,../data/images/Lipo/2639.png
2640.0,N#Cc1cnn(-c2ccccc2)c1NC(=O)CN1CCN(c2ccccc2)CC1,0.09449498644821819,train,../data/images/Lipo/2640.png
2641.0,CNC(=O)c1ccc(Nc2ncc(F)c(-c3cnc(C)n3C(C)C)n2)cc1,0.6764411104931107,train,../data/images/Lipo/2641.png
2642.0,COc1cc2c(NC(=O)Nc3c(Cl)cccc3Cl)ncnc2cc1OCC1CCN(C)CC1,0.42703562875958556,train,../data/images/Lipo/2642.png
2643.0,Cc1nc(-c2ccc(OCC(C)C)c(C#N)c2)sc1C(=O)O,-1.0361431974104298,train,../data/images/Lipo/2643.png
2644.0,COc1ccc(-c2coc3cc(O)cc(O)c3c2=O)cc1OC,0.510170789337427,train,../data/images/Lipo/2644.png
2645.0,COc1cc(OC)c(S(=O)(=O)N2c3ccccc3CCC2C)cc1NC(=S)NCC(=O)O,-2.6822193768516964,train,../data/images/Lipo/2645.png
2646.0,COc1ccccc1C(=O)Nc1nc2ccccc2s1,1.1835655900179454,train,../data/images/Lipo/2646.png
2647.0,CNc1c(Br)cnc2[nH]c(-c3cccc(N)c3)nc12,0.643187046261974,train,../data/images/Lipo/2647.png
2648.0,O=C(O)[C@@H](c1ccccc1)N1CCC(CN2CCC(Oc3ccc(Cl)c(Cl)c3)CC2)CC1,-0.03852127047632839,train,../data/images/Lipo/2648.png
2649.0,N=C(N)NC(=O)c1nc(Cl)c(NCc2ccccn2)nc1N,-2.2831706060780563,train,../data/images/Lipo/2649.png
2650.0,CCN1CCC[C@@H](CN2CCN(C(=O)Nc3ccc(Cl)c(Cl)c3)CC2)C1,-0.20479159163201208,train,../data/images/Lipo/2650.png
2651.0,CC1(C(=O)NC2CCCCC2)CCC(=O)N1Cc1cccs1,-0.03020775441854439,train,../data/images/Lipo/2651.png
2652.0,OCC[C@@]1(c2cc3ccccc3o2)CCCNC1,-1.7677326104954372,train,../data/images/Lipo/2652.png
2653.0,Nc1cccc(NC(=O)c2ccc(CNC(=O)OCc3cccnc3)cc2)c1,-0.48745113759667397,train,../data/images/Lipo/2653.png
2654.0,CCCSc1c(C(=O)NC2CCCCC2)cnn1-c1ccc(C(=O)O)cc1,-1.2855486791439548,train,../data/images/Lipo/2654.png
2655.0,C[C@](O)(CS(=O)(=O)c1ccc(F)cc1)C(=O)Nc1ccc(C#N)c(C(F)(F)F)c1,0.5683654017419165,train,../data/images/Lipo/2655.png
2656.0,O=c1[nH]c2c(O)ccc([C@@H](O)CNCCc3ccc(CNCCc4ccccc4)cc3)c2s1,-0.8948134244280986,train,../data/images/Lipo/2656.png
2657.0,CCCSc1nc(N2CCCC(C(=O)O)C2)ccc1C(=O)NC1CCCCC1,-0.38768894490326394,train,../data/images/Lipo/2657.png
2658.0,O=C(Nc1c(Cl)cncc1Cl)c1ccc(OC(F)F)c(OCC2CC2)c1,1.4662251359826075,train,../data/images/Lipo/2658.png
2659.0,Cc1nc(N2CCN(c3ncc(OCc4ccncc4C#N)cn3)[C@H](C)C2)no1,0.3439004681817437,train,../data/images/Lipo/2659.png
2660.0,COc1ccc(-c2cncc(CNC3CCCC3)n2)c(OC)c1,-0.03852127047632839,train,../data/images/Lipo/2660.png
2661.0,CCN(CC)C(=O)c1ccc(C(c2cccc3cccnc23)N2CCNCC2)cc1,-1.2356675827972499,train,../data/images/Lipo/2661.png
2662.0,C[C@H](CO)Nc1nc(SCc2cccc(F)c2F)nc2nc(NC3CC3)sc12,1.815392810409543,train,../data/images/Lipo/2662.png
2663.0,CN(C)CCOc1ccccc1Cc1ccccc1,0.2857058557772542,train,../data/images/Lipo/2663.png
2664.0,O=C(CO)N1CCC[C@H]1COc1cccc2ncnc(Nc3ccc(OCc4ccccn4)c(Cl)c3)c12,1.1918791060757297,train,../data/images/Lipo/2664.png
2665.0,Cc1csc(NC(=O)c2cc(Sc3nncn3C)ccc2N)n1,0.09449498644821819,train,../data/images/Lipo/2665.png
2666.0,Cc1ccc(S(=O)(=O)Nc2c(C(=O)N[C@@H](C)C(C)(C)C)c(C)nn2C2CCCC2)cc1,-0.15491049528530695,train,../data/images/Lipo/2666.png
2667.0,O=S(=O)(Cc1ccccc1)NCC(c1ccccc1)N1CCCCCC1,0.5351113375107798,train,../data/images/Lipo/2667.png
2668.0,O=S(=O)(CCCNCCc1ccc(O)c2nc(O)sc12)NCCOCCSc1ccccc1,-0.2879267522098537,train,../data/images/Lipo/2668.png
2669.0,C[C@@H]1CN(c2noc(C3CC3)n2)CCN1c1ncc(OCc2ccncc2C#N)cn1,0.7595762710709525,train,../data/images/Lipo/2669.png
2670.0,COCCNc1nc(N)c2nc(O)n(Cc3ccccc3)c2n1,-0.005267206245191655,train,../data/images/Lipo/2670.png
2671.0,Nc1ccc2ncccc2c1,-0.7119160711568467,train,../data/images/Lipo/2671.png
2672.0,Cc1cc(Cl)ccc1OC1CCN(C[C@H](O)CNC(=O)c2c[nH]c(=O)c3c(F)cccc23)CC1,0.6764411104931107,train,../data/images/Lipo/2672.png
2673.0,CCS(=O)(=O)c1ccc(-c2cc(C(F)(F)F)ccc2OCC(=O)O)c(C)c1,-2.1917219294424304,train,../data/images/Lipo/2673.png
2674.0,C[C@@H](Oc1cccc2ncnc(Nc3ccc4c(cnn4Cc4cscn4)c3)c12)C(=O)N1CCOCC1,0.5184843053952114,train,../data/images/Lipo/2674.png
2675.0,N#C[C@@H]1CCCN1C(=O)CNCCNc1ccc(Cl)cn1,-0.9945756171215088,train,../data/images/Lipo/2675.png
2676.0,CC(=O)NC1CN(c2ccc(Nc3ncc(F)c(-c4cnc(C)n4C(C)C)n3)cc2)C1,0.4769167251062903,train,../data/images/Lipo/2676.png
2677.0,Oc1cccc(-c2nc3ccc(O)cc3s2)c1,1.2583872345380032,train,../data/images/Lipo/2677.png
2678.0,O=C(NC[C@@H](O)CN1CCC(Oc2ccc(Cl)c(Cl)c2)CC1)c1c[nH]c2ccccc12,1.4329710717514708,train,../data/images/Lipo/2678.png
2679.0,CCN(C(=O)Cc1ccc(S(C)(=O)=O)cc1)C1CCN(CC[C@@H](c2ccc(F)cc2)c2ccc(S(C)(=O)=O)cc2)CC1,-0.25467268797871717,train,../data/images/Lipo/2679.png
2680.0,CCN(CC)c1ccc2cc(C(C)=O)c(=O)oc2c1,-0.15491049528530695,train,../data/images/Lipo/2680.png
2681.0,C=CC1CN2CCC1CC2[C@@H](O)c1ccnc2ccc(OC)cc12,-0.021894238360760022,train,../data/images/Lipo/2681.png
2682.0,CNC[C@H](O)c1ccc(Cl)c(C(=O)NCC23CC4CC(CC(C4)C2)C3)c1,-0.6454079426945735,train,../data/images/Lipo/2682.png
2683.0,COc1cc(/C=C2/SC(=O)NC2=O)cc(OC)c1O,-1.2024135185661131,train,../data/images/Lipo/2683.png
2684.0,Cc1ccc(C(NC(=O)c2ccccc2O)C(=O)Nc2c(C)cccc2C)s1,1.5493602965604492,train,../data/images/Lipo/2684.png
2685.0,N#Cc1ccc(F)c(-c2cc(C(F)(F)F)ccc2OCC(=O)O)c1,-1.9506299637666893,train,../data/images/Lipo/2685.png
2686.0,N#CC1(NC(=O)[C@@H]2CCCC[C@H]2C(=O)N2CCc3[nH]c4c(C(F)(F)F)cccc4c3C2)CC1,1.299954814826924,train,../data/images/Lipo/2686.png
2687.0,Cc1cc(Nc2nc(N[C@@H](C)c3ncc(F)cn3)c(C#N)nc2C)n[nH]1,-0.22141862374758042,train,../data/images/Lipo/2687.png
