idx,smiles,BBBP,group,img_path
0.0,CCCCCCC(=O)OCCN1CCN(CCCN2c3ccccc3Sc3ccc(C(F)(F)F)cc32)CC1,1.0,train,../data/images/BBBP/0.png
1.0,NC(N)=Nc1nc(CSCCC(N)=NS(N)(=O)=O)cs1,1.0,train,../data/images/BBBP/1.png
2.0,CN(C)[C@@H](CCOc1cccc2ccccc12)c1ccccc1,1.0,train,../data/images/BBBP/2.png
3.0,CCC(=O)O[C@]1(C(=O)SCCl)[C@H](C)C[C@H]2C3C[C@H](F)C4=CC(=O)C=C[C@]4(C)[C@@]3(F)[C@@H](O)C[C@@]21C,1.0,train,../data/images/BBBP/3.png
4.0,O=C(Cc1ccc(Cl)c(Cl)c1)N1CCn2ccnc2[C@H]1CN1CCCC1,1.0,train,../data/images/BBBP/4.png
5.0,CCCCC(=O)O[C@]1(C(=O)CO)CCC2C3CC(F)C4=CC(=O)C=CC4(C)C3C(O)CC21C,1.0,train,../data/images/BBBP/5.png
6.0,C=CCN1CC[C@]23CCCC[C@H]2[C@H]1Cc1ccc(O)cc13,1.0,train,../data/images/BBBP/6.png
7.0,C[C@@H]1N=C(c2ccccc2Cl)c2cc([N+](=O)[O-])ccc2NC1=O,1.0,train,../data/images/BBBP/7.png
8.0,C1=C(CC2=NCNC2)CCc2ccccc21,1.0,train,../data/images/BBBP/8.png
9.0,CCN(CC)C(C)=NN=Cc1c2c(O)c3c(O)c(C)c4c(c3c1O)C(=O)C(C)(OC=CC(OC)C(C)C(OC(C)=O)C(C)C(O)C(C)C(O)C(C)C=CC=C(C)C(=O)N2)O4,0.0,train,../data/images/BBBP/9.png
10.0,COCOC(=O)C1N2C(=O)C(N3C(=O)C(c4ccc(O)cc4)NC3(C)C)C2SC1(C)C,0.0,train,../data/images/BBBP/10.png
11.0,C[C@]12CCC(=O)C=C1CC[C@H]1[C@@H]3CC[C@](O)(C(=O)CO)[C@@]3(C)C[C@H](O)[C@@]12F,1.0,train,../data/images/BBBP/11.png
12.0,CCC(=O)[C@@]1(C)[C@H](C)C[C@H]2[C@@H]3CCC4=CC(=O)C=C[C@]4(C)[C@H]3[C@@H](O)C[C@@]21C,1.0,train,../data/images/BBBP/12.png
13.0,CCn1cc(C(=O)O)c(=O)c2cc(F)c(N3CCNC(C)C3)c(F)c21,0.0,train,../data/images/BBBP/13.png
14.0,O=C1NCCCC1N1C(=O)c2ccccc2S1(=O)=O,1.0,train,../data/images/BBBP/14.png
15.0,CN/C(=C\[N+](=O)[O-])NCCSCc1ccc(CN(C)C)o1,0.0,train,../data/images/BBBP/15.png
16.0,CN1C[C@@H](CC#N)CC2c3cccc4[nH]cc(c34)C[C@H]21,1.0,train,../data/images/BBBP/16.png
17.0,Clc1ccc([C@@H]2[C@H]3CC[C@@H](C3)C23CCC(N2CCOCC2)=N3)cc1,1.0,train,../data/images/BBBP/17.png
18.0,CC(=O)OCC(=O)[C@@]1(O)CC[C@H]2[C@@H]3C[C@H](C)C4=CC(=O)C=C[C@]4(C)[C@H]3[C@@H](O)C[C@@]21C,1.0,train,../data/images/BBBP/18.png
19.0,CC(C)Nc1cccnc1N1CCN(C(=O)c2cc3cc(NS(C)(=O)=O)ccc3[nH]2)CC1,0.0,train,../data/images/BBBP/19.png
20.0,c1csc(Cc2ccccc2OCC2CNCCO2)c1,1.0,train,../data/images/BBBP/20.png
21.0,CC1(C)SC2C(NC(=O)Cc3ccccc3)C(=O)N2C1C(=O)O,0.0,train,../data/images/BBBP/21.png
22.0,CN(C)[C@@H]1C(=O)/C(=C(\N)O)C(=O)[C@@]2(O)C(=O)C3=C(O)c4c(ccc(N)c4O)C[C@H]3C[C@@H]12,0.0,train,../data/images/BBBP/22.png
23.0,CCCC(=O)O[C@]1(C(=O)COC(C)=O)CC[C@H]2[C@@H]3C[C@H](F)C4=CC(=O)C=C[C@]4(C)[C@@]3(F)[C@@H](O)C[C@@]21C,1.0,train,../data/images/BBBP/23.png
24.0,NC(=O)CN1CC(O)CC1=O,1.0,train,../data/images/BBBP/24.png
25.0,Nc1cccc(-n2ccccc2=O)c1,1.0,train,../data/images/BBBP/25.png
26.0,FC(F)OC(F)C(F)(F)F,1.0,train,../data/images/BBBP/26.png
27.0,C=CCN1CCCC1CNC(=O)c1cc(S(=O)(=O)NC)c(N)cc1OC,1.0,train,../data/images/BBBP/27.png
28.0,CC(=O)OCC(=O)[C@H]1[C@H](C)C[C@H]2[C@@H]3C[C@H](F)C4=CC(=O)C=C[C@]4(C)C3(Cl)[C@@H](O)C[C@@]21C,1.0,train,../data/images/BBBP/28.png
29.0,CCOC(=O)OC1(C(=O)OCCl)CCC2C3CCC4=CC(=O)C=CC4(C)C3C(O)CC21C,1.0,train,../data/images/BBBP/29.png
30.0,CN1/C(=C(/O)Nc2ccccn2)C(=O)c2ccccc2S1(=O)=O,0.0,train,../data/images/BBBP/30.png
31.0,CSc1c(Cl)nc(NC(C)C)nc1N1CCN(C)CC1,1.0,train,../data/images/BBBP/31.png
32.0,CN(C)CCC=C1c2ccccc2C=Cc2ccccc21,1.0,train,../data/images/BBBP/32.png
33.0,CCCC(=O)N(C)Cc1c(-c2ccc(Cl)cc2)nc2ccccn12,1.0,train,../data/images/BBBP/33.png
34.0,CC1=CCC2C3Cc4ccc(O)c5c4C2(CCN3C)C1O5,1.0,train,../data/images/BBBP/34.png
35.0,NC(=O)C1(N2CCCCC2)CCN(CCCC(=O)c2ccc(F)cc2)CC1,1.0,train,../data/images/BBBP/35.png
36.0,CCN1CCCC1CNC(=O)c1cc(C(C)=O)ccc1OC,1.0,train,../data/images/BBBP/36.png
37.0,O=C(O)c1cn(C2CC2)c2cc(N3CCNCC3)c(F)cc2c1=O,0.0,train,../data/images/BBBP/37.png
38.0,CN(C)[C@@H]1C(=O)/C(=C(/O)NCN2CCCC(C(=O)O)C2)C(=O)[C@@]2(O)C(=O)C3=C(O)c4c(O)cccc4[C@@](C)(O)[C@H]3C[C@@H]12,0.0,train,../data/images/BBBP/38.png
39.0,CCNC(=O)N1CCN(CCCC(c2ccc(F)cc2)c2ccc(F)cc2)CC1,1.0,train,../data/images/BBBP/39.png
40.0,CN1CCN(C2=Nc3cscc3/C(=C/C#N)c3cscc32)CC1,1.0,train,../data/images/BBBP/40.png
41.0,CN1Cc2c(-c3noc([C@](C)(O)CO)n3)ncn2-c2cccc(Cl)c2C1=O,0.0,train,../data/images/BBBP/41.png
42.0,CCC(=O)O[C@]1(C(=O)SCF)[C@H](C)C[C@H]2[C@@H]3C[C@H](F)C4=CC(=O)C=C[C@]4(C)[C@@]3(F)[C@@H](O)C[C@@]21C,1.0,train,../data/images/BBBP/42.png
43.0,CCN(CC)S(=O)(=O)N[C@H]1C[C@@H]2c3cccc4[nH]cc(c34)C[C@H]2N(C)C1,1.0,train,../data/images/BBBP/43.png
44.0,CCc1cc2c(s1)-n1c(C)nnc1CN=C2c1ccccc1Cl,1.0,train,../data/images/BBBP/44.png
45.0,FC(F)(F)c1cccc(C2=CCN(CCc3ccc4ccccc4c3)CC2)c1,1.0,train,../data/images/BBBP/45.png
46.0,O=C1NC(c2ccccc2)(c2ccccc2)C(=O)N1COP(=O)(O)O,1.0,train,../data/images/BBBP/46.png
47.0,C=CCC1(CC(C)C)C(=O)NC(=O)NC1=O,1.0,train,../data/images/BBBP/47.png
48.0,C=CCC(N)c1ccccc1-c1noc2ccccc12,1.0,train,../data/images/BBBP/48.png
49.0,CCCCc1nc(Cl)c(CO)n1Cc1ccc(-c2ccccc2-c2nn[nH]n2)cc1,0.0,train,../data/images/BBBP/49.png
50.0,COc1ccc2c(c1)[C@]13CCCC[C@@H]1[C@H](C2)N(C)CC3,1.0,train,../data/images/BBBP/50.png
51.0,CCC1C(=O)NC(=O)C1(C)c1ccccc1,1.0,train,../data/images/BBBP/51.png
52.0,CC(C)CC(N(C)C)C1(c2ccc(Cl)cc2)CCC1,1.0,train,../data/images/BBBP/52.png
53.0,CN1C[C@H](CN2CC(=O)NC(=O)C2)C=C2c3cccc4[nH]cc(c34)C[C@H]21,1.0,train,../data/images/BBBP/53.png
54.0,C=CCC1(C(C)CCC)C(=O)NC(=O)NC1=O,1.0,train,../data/images/BBBP/54.png
55.0,CCN1CCCC1CNC(=O)c1cc(S(=O)(=O)CC)c(N)cc1OC,1.0,train,../data/images/BBBP/55.png
56.0,O=C(Oc1ccccc1C(=O)O)c1ccccc1O,1.0,train,../data/images/BBBP/56.png
57.0,CC(=O)OCC(=O)[C@@]12OC(C)(C)O[C@@H]1CC1C3C[C@H](F)C4=CC(=O)C=CC4(C)[C@H]3C(O)CC12C,1.0,train,../data/images/BBBP/57.png
58.0,CN1C2CCC1CC(OC(=O)C(O)c1ccccc1)C2,0.0,train,../data/images/BBBP/58.png
59.0,CCC(CC)(CNC(=O)CCCO)c1cccc(OC)c1,1.0,train,../data/images/BBBP/59.png
60.0,NC(=O)C1c2ccccc2C=Cc2ccccc21,1.0,train,../data/images/BBBP/60.png
61.0,NC(=O)N1CC(Oc2cccc(C(F)(F)F)c2)C1,1.0,train,../data/images/BBBP/61.png
62.0,CN1C(=O)CC(C)(c2ccccc2)C1=O,1.0,train,../data/images/BBBP/62.png
63.0,Nc1nc(N)c2nc(-c3ccccc3)c(N)nc2n1,0.0,train,../data/images/BBBP/63.png
64.0,NC(=O)c1cn(Cc2c(F)cccc2F)nn1,1.0,train,../data/images/BBBP/64.png
65.0,O=C1CCc2ccc(OCCCCN3CCN(c4cccc(Cl)c4Cl)CC3)cc2N1,1.0,train,../data/images/BBBP/65.png
66.0,CNC(=O)N1CC(Oc2cccc(C(F)(F)F)c2)C1,1.0,train,../data/images/BBBP/66.png
67.0,CCOC(=O)c1ccc(N)cc1,1.0,train,../data/images/BBBP/67.png
68.0,O=C(CCCl)NCc1ccccc1,1.0,train,../data/images/BBBP/68.png
69.0,O=C(O)CCCCCCCC(=O)O,0.0,train,../data/images/BBBP/69.png
70.0,CO/N=C(\C(=O)N[C@@H]1C(=O)N2C(C(=O)O)=C(CSc3nc(=O)c(=O)[nH]n3C)CS[C@H]12)c1csc(N)n1,1.0,train,../data/images/BBBP/70.png
71.0,C=C1CC[C@@]2(O)[C@H]3Cc4ccc(O)c5c4[C@@]2(CCN3CC2CC2)[C@H]1O5,1.0,train,../data/images/BBBP/71.png
72.0,CCOC(=O)N1CCC(=O)N(c2ccccc2)c2cc(Cl)ccc21,1.0,train,../data/images/BBBP/72.png
73.0,CC(=O)OCC(=O)[C@@]1(O)CC[C@H]2[C@@H]3CCC4=CC(=O)C=C[C@]4(C)[C@@]3(F)[C@@H](O)C[C@@]21C,1.0,train,../data/images/BBBP/73.png
74.0,C[C@]12C=CC(=O)C=C1CC[C@@H]1[C@@H]2[C@@H](O)C[C@@]2(C)[C@H]1CC[C@]2(O)C(=O)CO,0.0,train,../data/images/BBBP/74.png
75.0,CN1C(CCl)Nc2cc(Cl)c(S(N)(=O)=O)cc2S1(=O)=O,0.0,train,../data/images/BBBP/75.png
76.0,CN1CCC(=C2c3ccccc3Sc3ccccc32)CC1,1.0,train,../data/images/BBBP/76.png
77.0,CN1CC[C@]23c4c5ccc(O)c4O[C@@]2(C)C(=O)CC[C@H]3[C@H]1C5,1.0,train,../data/images/BBBP/77.png
78.0,CC(=O)[C@@]1(O)[C@@H](C)C[C@H]2[C@@H]3CCC4=CC(=O)C=C[C@]4(C)[C@@]3(F)[C@@H](O)C[C@@]21C,1.0,train,../data/images/BBBP/78.png
79.0,CCOc1ccc(NC(C)=O)cc1,0.0,train,../data/images/BBBP/79.png
80.0,NCC1CCC(N)C(OC2C(N)CC(N)C(OC3OC(CO)C(O)C(N)C3O)C2O)O1,0.0,train,../data/images/BBBP/80.png
81.0,O=C1CCCN1CCCCN1CCN(c2cc(C(F)(F)F)cc(Cl)n2)CC1,1.0,train,../data/images/BBBP/81.png
82.0,CN(C(=O)Cc1ccc(Cl)c(Cl)c1)[C@@H](CN1CCCC1)c1ccccc1,1.0,train,../data/images/BBBP/82.png
83.0,CCCC[C@@H]1CC(=O)[C@]2(O)O[C@@H]3[C@@H](NC)[C@@H](O)[C@@H](NC)[C@H](O)[C@H]3O[C@@H]2O1,0.0,train,../data/images/BBBP/83.png
84.0,CC1=NN(c2ccccc2)C(=O)C1,1.0,train,../data/images/BBBP/84.png
85.0,CC(CN1c2ccccc2Sc2ccccc21)N(C)C,1.0,train,../data/images/BBBP/85.png
86.0,C[C@@H]1CC2[C@@H]3C[C@H](F)C4=CC(=O)C(Cl)=C[C@]4(C)[C@@]3(F)[C@@H](O)C[C@]2(C)[C@@]1(O)C(=O)CO,1.0,train,../data/images/BBBP/86.png
87.0,N#CCCN1C(=O)C(O)N=C(c2ccccc2F)c2cc(Cl)ccc21,1.0,train,../data/images/BBBP/87.png
88.0,CN(C)C1CCc2[nH]c3c(F)cc(F)cc3c2C1,1.0,train,../data/images/BBBP/88.png
89.0,NC/C(=C/F)CCc1ccc(F)cc1,1.0,train,../data/images/BBBP/89.png
90.0,CC1COc2c(N3CCN(C)CC3)c(F)cc3c(=O)c(C(=O)O)cn1c23,1.0,train,../data/images/BBBP/90.png
91.0,CCOC(=O)C1(c2ccccc2)CCC=CC1N(C)C,1.0,train,../data/images/BBBP/91.png
92.0,C[C@@H]1C[C@H]2[C@@H]3C[C@H](F)C4=CC(=O)C=C[C@]4(C)C3(Cl)[C@@H](F)C[C@]2(C)[C@H]1C(=O)CO,1.0,train,../data/images/BBBP/92.png
93.0,CC(=O)c1ccc2c(c1)N(CCCN(C)C)c1ccccc1S2,1.0,train,../data/images/BBBP/93.png
94.0,CC(=O)NCCCN1CCN(c2cc(Cl)ccc2Cl)CC1,1.0,train,../data/images/BBBP/94.png
95.0,CC(C)C[C@H]1C(=O)N2CCC[C@H]2[C@]2(O)O[C@](NC(=O)[C@@H]3C=C4c5cccc6[nH]c(Br)c(c56)C[C@H]4N(C)C3)(C(C)C)C(=O)N12,0.0,train,../data/images/BBBP/95.png
96.0,CC(=O)OCC(=O)C12N=C(C)OC1CC1C3CCC4=CC(=O)C=CC4(C)[C@@]3(F)C(O)CC12C,1.0,train,../data/images/BBBP/96.png
97.0,COC(=O)[C@H]1[C@H]2C[C@@H]3c4[nH]c5ccc(Cl)cc5c4CCN3C[C@H]2C[C@@H](OC(=O)c2cc(OC)c(OC)c(OC)c2)[C@@H]1OC,1.0,train,../data/images/BBBP/97.png
98.0,CC1(C)OC(=O)NC1=O,1.0,train,../data/images/BBBP/98.png
99.0,Clc1ccc(C(OCCN2CCOCC2)c2ccccc2)cc1,1.0,train,../data/images/BBBP/99.png
100.0,CC(C)=CCN1CC[C@@]2(C)c3cc(O)ccc3C[C@@H]1[C@H]2C,1.0,train,../data/images/BBBP/100.png
101.0,CCCCC1(CCOC(N)=O)C(=O)NC(=O)NC1=O,1.0,train,../data/images/BBBP/101.png
102.0,Cc1nc2n(n1)C(N1CCN(C)CC1)=Nc1ccccc1C2,1.0,train,../data/images/BBBP/102.png
103.0,CC[C@H](NC(=O)c1c(O)c(-c2ccccc2)nc2ccccc12)c1ccccc1,1.0,train,../data/images/BBBP/103.png
104.0,CCN1CCC(=C(c2ccccc2)c2ccccc2)C1,1.0,train,../data/images/BBBP/104.png
105.0,OCc1ccccc1,1.0,train,../data/images/BBBP/105.png
106.0,COCC(=O)N(c1ccccc1F)C1CCN(CCc2ccccc2)CC1,1.0,train,../data/images/BBBP/106.png
107.0,Nc1ncnc2c1ncn2C1OC(CO)C(O)C1O,1.0,train,../data/images/BBBP/107.png
108.0,CC(=O)NNC(=O)CC(O)(c1ccccc1)c1ccccc1,1.0,train,../data/images/BBBP/108.png
109.0,CCC(C)(CC)OC(N)=O,1.0,train,../data/images/BBBP/109.png
110.0,C[C@H]1C[C@@H]2[C@H]([C@@H](O)C[C@@]3(C)[C@H]2CC[C@]3(O)C(=O)COC(=O)CCC(=O)O)[C@@]2(C)C=CC(=O)C=C12,1.0,train,../data/images/BBBP/110.png
111.0,CC12CCC(=O)C=C1CCC1C2CCC2(C)C1CCC2(O)C(=O)CO,1.0,train,../data/images/BBBP/111.png
112.0,OCCOCCN1CCN(C(c2ccccc2)c2ccc(Cl)cc2)CC1,1.0,train,../data/images/BBBP/112.png
113.0,CCOC(=O)C1(c2ccccc2)CCN(CCCNc2ccccc2)CC1,1.0,train,../data/images/BBBP/113.png
114.0,CNC(=O)NC(O)C(Cl)(Cl)Cl,1.0,train,../data/images/BBBP/114.png
115.0,CC(C)(C)N1CCC(c2ccccc2)(c2ccccc2)CC1,1.0,train,../data/images/BBBP/115.png
116.0,CC(=O)OCC(=O)[C@@]1(OC(C)=O)[C@@H](C)C[C@H]2[C@@H]3C[C@H](F)C4=CC(=O)C=C[C@]4(C)[C@@]3(F)[C@@H](O)C[C@@]21C,1.0,train,../data/images/BBBP/116.png
117.0,O=C1CN2C(=O)CCC2N1,1.0,train,../data/images/BBBP/117.png
118.0,COC(=O)C1=CCCN(C)C1,1.0,train,../data/images/BBBP/118.png
119.0,COc1ccc(S(N)(=O)=O)cc1C(=O)NCC1CCCN1C,1.0,train,../data/images/BBBP/119.png
120.0,CCCCCC(=O)OCC(=O)C1C(C)CC2C3CC(F)C4=CC(=O)C=CC4(C)C3C(O)CC21C,1.0,train,../data/images/BBBP/120.png
121.0,O=C(OCCN1CCCCC1)C(O)(c1ccccc1)c1ccccc1,1.0,train,../data/images/BBBP/121.png
122.0,CS(=O)(=O)c1ccc2c(c1)N(CCCN1CCC(C(N)=O)CC1)c1ccccc1S2,1.0,train,../data/images/BBBP/122.png
123.0,CN1CCN(CC(=O)N2c3ccccc3C(=O)Nc3cccnc32)CC1,1.0,train,../data/images/BBBP/123.png
124.0,CC(=O)OCC(=O)[C@@]1(OC(=O)C(C)C)[C@@H](C)C[C@H]2[C@@H]3CCC4=CC(=O)C=C[C@]4(C)[C@@]3(F)[C@@H](O)C[C@@]21C,1.0,train,../data/images/BBBP/124.png
125.0,NNCCc1ccccc1,1.0,train,../data/images/BBBP/125.png
126.0,CC12CC(=O)[C@H]3C(CC[C@H]4C[C@H](O)CCC43C)[C@@H]1CCC2C(=O)CO,1.0,train,../data/images/BBBP/126.png
127.0,Cn1c(=O)c2c(ncn2CCN2CCC(c3c[nH]c4ccccc34)CC2)n(C)c1=O,1.0,train,../data/images/BBBP/127.png
128.0,CN1[C@@H]2CC[C@H]1CC(NC(=O)c1cn(C3CCCCC3)c3ccccc3c1=O)C2,1.0,train,../data/images/BBBP/128.png
129.0,CC(=O)OCC1=C(C(=O)O)N2C(=O)[C@@H](NC(=O)Cc3ccccc3)[C@H]2SC1,0.0,train,../data/images/BBBP/129.png
130.0,O=c1ncnc2[nH][nH]cc1-2,0.0,train,../data/images/BBBP/130.png
131.0,CC(=O)OCC(=O)[C@@]1(O)[C@@H](C)C[C@H]2[C@@H]3CCC4=CC(=O)C=C[C@]4(C)[C@@]3(F)[C@@H](O)C[C@@]21C,1.0,train,../data/images/BBBP/131.png
132.0,CCN(CC)CCC(=O)N1c2ccccc2Sc2ccc(C(F)(F)F)cc21,1.0,train,../data/images/BBBP/132.png
133.0,CCC(Br)(C(N)=O)C(C)C,1.0,train,../data/images/BBBP/133.png
134.0,CCCCC,1.0,train,../data/images/BBBP/134.png
135.0,OC(CCN1CCCCC1)(c1ccccc1)C1CC2C=CC1C2,1.0,train,../data/images/BBBP/135.png
136.0,Nc1nc(=O)c2ncn(CCC(CO)CO)c2[nH]1,1.0,train,../data/images/BBBP/136.png
137.0,Cc1c(C)c2c(c(C)c1O)CC[C@@](C)(CCC[C@H](C)CCC[C@H](C)CCCC(C)C)O2,1.0,train,../data/images/BBBP/137.png
138.0,CCN(CC)CCn1cnc2c1c(=O)n(C)c(=O)n2C,1.0,train,../data/images/BBBP/138.png
139.0,CCN[C@@H]1C[C@H](N)[C@@H](O[C@H]2OC(CN)=CC[C@H]2N)[C@H](O)[C@H]1O[C@H]1OC[C@](C)(O)[C@H](NC)[C@H]1O,0.0,train,../data/images/BBBP/139.png
140.0,CCC(=O)OC1CC(=O)OC(C)C/C=C/C=C\C(O)C(C)CC(CC=O)C(O[C@@H]2O[C@H](C)[C@@H](O[C@H]3C[C@@](C)(O)[C@H](OC(=O)CC)[C@@H](C)O3)[C@H](N(C)C)[C@H]2O)C1OC,0.0,train,../data/images/BBBP/140.png
141.0,CN1CCN2c3ccccc3Cn3cccc3C2C1,1.0,train,../data/images/BBBP/141.png
142.0,O=c1[nH]c2cc(Cl)ccc2o1,1.0,train,../data/images/BBBP/142.png
143.0,c1ccc2c(c1)CCN1CCNCC21,1.0,train,../data/images/BBBP/143.png
144.0,CC1(C)O[C@@H]2C[C@H]3[C@@H]4CCC5=CC(=O)C=C[C@]5(C)[C@@]4(F)[C@@H](O)C[C@]3(C)[C@]2(C(=O)CO)O1,1.0,train,../data/images/BBBP/144.png
145.0,O=C(CCCN1CCC(O)(c2ccc(Cl)cc2)CC1)c1ccc(F)cc1,1.0,train,../data/images/BBBP/145.png
146.0,CCCC(=O)O[C@]1(C(=O)CO)CC[C@H]2[C@@H]3CCC4=CC(=O)CC[C@]4(C)[C@H]3[C@@H](O)C[C@@]21C,1.0,train,../data/images/BBBP/146.png
147.0,C=C,1.0,train,../data/images/BBBP/147.png
148.0,CCc1nn(CCCN2CCN(c3cccc(Cl)c3)CC2)c(=O)n1CCOc1ccccc1,1.0,train,../data/images/BBBP/148.png
149.0,CO[C@@]1(NC(=O)C2SC(=C(C(N)=O)C(=O)O)S2)C(=O)N2C(C(=O)O)=C(CSc3nnnn3C)CS[C@@H]21,0.0,train,../data/images/BBBP/149.png
150.0,CC1(C)CCN(C(=O)Cc2ccc(Cl)c(Cl)c2)[C@@H](CN2CCCC2)C1,1.0,train,../data/images/BBBP/150.png
151.0,CC(C)n1c(=O)c2c(-c3noc(C4CC4)n3)ncn2c2ccccc21,1.0,train,../data/images/BBBP/151.png
152.0,Cc1c(O)c(=O)ccn1C,1.0,train,../data/images/BBBP/152.png
153.0,CN1CCN(C2=Nc3cc(F)ccc3Cc3ccccc32)CC1,1.0,train,../data/images/BBBP/153.png
154.0,O=C(O)c1ccccc1O,0.0,train,../data/images/BBBP/154.png
155.0,CC(=O)Nc1ccc(OC(=O)[C@@H]2CCC(=O)N2)cc1,1.0,train,../data/images/BBBP/155.png
156.0,COC(F)(F)C(F)Br,1.0,train,../data/images/BBBP/156.png
157.0,CO[C@@]1(NC(=O)Cc2cccs2)C(=O)N2C(C(=O)O)=C(COC(N)=O)CS[C@@H]21,1.0,train,../data/images/BBBP/157.png
158.0,NC(=O)NCCN1CCN(c2cccc(C(F)(F)F)c2)CC1,1.0,train,../data/images/BBBP/158.png
159.0,Cc1oc(C(C)(C)N(C(C)(C)N)C(C)(C)N)c(C)c1C,1.0,train,../data/images/BBBP/159.png
160.0,CN(Cc1cnc2nc(N)nc(N)c2n1)c1ccc(C(=O)N[C@@H](CCC(=O)O)C(=O)O)cc1,0.0,train,../data/images/BBBP/160.png
161.0,NCC1OC(OC2C(N)CC(N)C(OC3OC(CO)C(O)C(N)C3O)C2O)C(O)C(O)C1O,0.0,train,../data/images/BBBP/161.png
162.0,CSc1ccc2c(c1)N(CCC1CCCCN1C)c1ccccc1S2,1.0,train,../data/images/BBBP/162.png
163.0,CC(=O)OCC(=O)[C@@]12N=C(C)O[C@@H]1C[C@H]1[C@@H]3CCC4=CC(=O)C=C[C@]4(C)[C@H]3[C@@H](O)C[C@@]12C,1.0,train,../data/images/BBBP/163.png
164.0,COc1ccc2nc(S(=O)Cc3ncc(C)c(OC)c3C)[nH]c2c1,0.0,train,../data/images/BBBP/164.png
165.0,CCC(=O)O[C@H]1[C@H](C)O[C@@H](O[C@@H]2C(C)C(=O)O[C@H](C)[C@H](C)[C@H](OC(=O)CC)[C@@H](C)C(=O)[C@]3(CO3)CC(C)[C@H](O[C@@H]3O[C@H](C)C[C@H](N(C)C)[C@H]3O)[C@H]2C)C[C@@H]1OC,0.0,train,../data/images/BBBP/165.png
166.0,NS(=O)(=O)c1cc2c(cc1Cl)NC(C(Cl)Cl)NS2(=O)=O,0.0,train,../data/images/BBBP/166.png
167.0,OCCOCCN1CCN(C2=Nc3ccccc3Sc3ccccc32)CC1,1.0,train,../data/images/BBBP/167.png
168.0,C[C@]1(Cn2ccnn2)[C@H](C(=O)O)N2C(=O)C[C@H]2S1(=O)=O,0.0,train,../data/images/BBBP/168.png
169.0,COCCCC/C(=N\OCCN)c1ccc(C(F)(F)F)cc1,1.0,train,../data/images/BBBP/169.png
170.0,Cc1nnc2n1-c1ccc(Cl)cc1C(c1ccccc1)=NC2,1.0,train,../data/images/BBBP/170.png
171.0,Cc1ccccc1C(OCCN(C)C)c1ccccc1,1.0,train,../data/images/BBBP/171.png
172.0,CC(C)(C)NCC(O)c1ccccc1F,1.0,train,../data/images/BBBP/172.png
173.0,O=C(O)COCCN1CCN(C(c2ccccc2)c2ccc(Cl)cc2)CC1,0.0,train,../data/images/BBBP/173.png
174.0,CCC1(C2=CCCCC2)C(=O)NC(=O)NC1=O,1.0,train,../data/images/BBBP/174.png
175.0,CCn1c2c(c3ccccc31)CCSC2(C)CCN(C)C,1.0,train,../data/images/BBBP/175.png
176.0,CN1C(=O)CN(C(N)=O)C(c2ccccc2)c2cc(Cl)ccc21,1.0,train,../data/images/BBBP/176.png
177.0,CC(=O)Nc1ccc(OC(=O)c2ccccc2O)cc1,1.0,train,../data/images/BBBP/177.png
178.0,CNCCC=C1c2ccccc2C2CC2c2ccccc21,1.0,train,../data/images/BBBP/178.png
179.0,CC1=C(C(=O)O)N2C(=O)[C@@H](NC(=O)[C@H](N)c3ccc(O)cc3)[C@H]2SC1,0.0,train,../data/images/BBBP/179.png
180.0,C=C1Cc2c(CCN(CCC)CCC)ccc(O)c2N1,1.0,train,../data/images/BBBP/180.png
181.0,CC(OC(N)=O)C(C)C(C)OC(N)=O,1.0,train,../data/images/BBBP/181.png
182.0,CCCNCC(O)COc1ccccc1C(=O)CCc1ccccc1,0.0,train,../data/images/BBBP/182.png
183.0,Cc1cccc(Cl)c1NC(=O)/C=C1\SCC(=O)N1C,1.0,train,../data/images/BBBP/183.png
184.0,C=CCC(N)Cc1ccccc1,1.0,train,../data/images/BBBP/184.png
185.0,C#C[C@]1(O)CC[C@H]2[C@@H]3CCC4=CC(=O)CC[C@@H]4[C@H]3CC[C@@]21C,0.0,train,../data/images/BBBP/185.png
186.0,CN(C)CCCN1c2ccccc2Sc2ccc(C(F)(F)F)cc21,1.0,train,../data/images/BBBP/186.png
187.0,C[C@H]1COc2c(N3CCN(C)CC3)c(F)cc3c(=O)c(C(=O)O)cn1c23,1.0,train,../data/images/BBBP/187.png
188.0,C=C(C)[C@@H]1CCC(C)=CC1c1c(O)cc(CCCCC)cc1O,1.0,train,../data/images/BBBP/188.png
189.0,CO[C@]12CC[C@@]3(C[C@@H]1C(C)(C)O)[C@H]1Cc4ccc(O)c5c4[C@@]3(CCN1CC1CC1)[C@H]2O5,1.0,train,../data/images/BBBP/189.png
190.0,c1ccc(C2(c3ccccc3)OC[C@H]([C@@H]3CCCCN3)O2)cc1,1.0,train,../data/images/BBBP/190.png
191.0,C=CCC1(CC=C)C(=O)NC(=O)NC1=O,1.0,train,../data/images/BBBP/191.png
192.0,CC(C)(C)NCC(O)c1ccc(O)c(NC(N)=O)c1,0.0,train,../data/images/BBBP/192.png
193.0,O=C1CN=C(c2ccccc2)c2cc([N+](=O)[O-])ccc2N1,1.0,train,../data/images/BBBP/193.png
194.0,CCS(=O)(=O)C(C)(C)S(=O)(=O)CC,1.0,train,../data/images/BBBP/194.png
195.0,COCCCC/C(=N\OCCN)c1ccc(Cl)cc1,1.0,train,../data/images/BBBP/195.png
196.0,O=C1NC2CCCCN2C12CCN(CCCN1c3ccccc3CCc3ccc(Cl)cc31)CC2,1.0,train,../data/images/BBBP/196.png
197.0,COC1CCCC2C1=C(C(=O)[O-])N1C(=O)C(C(C)O)C21,0.0,train,../data/images/BBBP/197.png
198.0,CN(C)Cc1nnc2n1-c1ccc(Cl)cc1C(c1ccccc1)=NC2,1.0,train,../data/images/BBBP/198.png
199.0,CN1CCN(c2c(F)cc3c(=O)c(C(=O)O)cn4c3c2SCC4)CC1,0.0,train,../data/images/BBBP/199.png
200.0,CC(=O)OCC1=CO[C@@H](OC(=O)CC(C)C)[C@H]2C1=C[C@H](OC(=O)CC(C)(C)OC(C)=O)[C@]21CO1,1.0,train,../data/images/BBBP/200.png
201.0,CC(C)N=c1cc2n(-c3ccc(Cl)cc3)c3ccccc3nc-2cc1Nc1ccc(Cl)cc1,0.0,train,../data/images/BBBP/201.png
202.0,C=C1C[C@H]2[C@@H]3CCC4=CC(=O)C=C[C@]4(C)[C@@]3(F)C(O)C[C@]2(C)[C@@]1(O)C(=O)CO,1.0,train,../data/images/BBBP/202.png
203.0,CCC1(CCC(C)C)C(=O)NC(=O)NC1=O,1.0,train,../data/images/BBBP/203.png
204.0,CCCCCCSc1nsnc1C1=CCCN(C)C1,1.0,train,../data/images/BBBP/204.png
205.0,C=C(CC)C(=O)c1ccc(OCC(=O)O)c(Cl)c1Cl,0.0,train,../data/images/BBBP/205.png
206.0,Cc1nc2n(c(=O)c1CCN1CCC(c3noc4cc(F)ccc34)CC1)CCCC2,1.0,train,../data/images/BBBP/206.png
207.0,C=CCC(CC)(CC)C(N)=O,1.0,train,../data/images/BBBP/207.png
208.0,O=C1NCCN1CCN1CCC(c2cn(-c3ccc(F)cc3)c3ccc(Cl)cc23)CC1,1.0,train,../data/images/BBBP/208.png
209.0,CC(C)[C@H](N)C(=O)OCC(CO)OCn1cnc2c(=O)nc(N)[nH]c21,1.0,train,../data/images/BBBP/209.png
210.0,CN1[C@@H]2CC(OC(=O)[C@H](CO)c3ccccc3)C[C@H]1[C@@H]1O[C@@H]12,0.0,train,../data/images/BBBP/210.png
211.0,Nc1nc(=O)c2c([nH]1)NCC(CNc1ccc(C(=O)N[C@@H](CCC(=O)[O-])C(=O)[O-])cc1)N2C=O,1.0,train,../data/images/BBBP/211.png
212.0,NCCc1ccc(O)c(O)c1,0.0,train,../data/images/BBBP/212.png
213.0,CCN1C(=O)NC(c2ccccc2)C1=O,1.0,train,../data/images/BBBP/213.png
214.0,O=c1ccn(C2OC(CO)C(O)C2O)c(=O)[nH]1,1.0,train,../data/images/BBBP/214.png
215.0,OCCN1CCN(CCCC2c3ccc(F)cc3Sc3ccc(C(F)(F)F)cc32)CC1,1.0,train,../data/images/BBBP/215.png
216.0,CC(NNC(=O)c1ccccc1)c1ccccc1,1.0,train,../data/images/BBBP/216.png
217.0,Cc1nc2n(c(=O)c1CCN1CCC(C(=O)c3ccc(F)cc3)CC1)CCS2,1.0,train,../data/images/BBBP/217.png
218.0,CN1CCN(CCN2CCN(CCCN3c4ccccc4Sc4ccc(Cl)cc43)CC2)C1=O,1.0,train,../data/images/BBBP/218.png
219.0,NCc1ccccc1CC(=O)N[C@@H]1C(=O)N2C(C(=O)O)=C(CSc3nnnn3CC(=O)O)CS[C@H]12,0.0,train,../data/images/BBBP/219.png
220.0,OCC(O)C(O)C(O)C(O)CO,0.0,train,../data/images/BBBP/220.png
221.0,CNC1Cc2ccccc2N(C)c2ccccc21,1.0,train,../data/images/BBBP/221.png
222.0,COc1cc2c(cc1OC)C(=O)C(CC1CCN(Cc3ccccc3)CC1)C2,1.0,train,../data/images/BBBP/222.png
223.0,O=C(O)CCCCC1SCC2NC(=O)NC21,1.0,train,../data/images/BBBP/223.png
224.0,NS(=O)(=O)c1ccc(C(=O)O)cc1,1.0,train,../data/images/BBBP/224.png
225.0,OCCN(CCO)c1nc(N2CCCCC2)c2nc(N(CCO)CCO)nc(N3CCCCC3)c2n1,0.0,train,../data/images/BBBP/225.png
226.0,CNC/C=C(/c1ccc(Br)cc1)c1cccnc1,1.0,train,../data/images/BBBP/226.png
227.0,CNCCc1ccccn1,1.0,train,../data/images/BBBP/227.png
228.0,CC1OC(O[C@@H]2C=C3CC[C@@H]4[C@H](CC[C@]5(C)[C@@H](c6ccc(=O)oc6)CC[C@]45O)[C@@]3(C)CC2)C(O)C(O)C1O,0.0,train,../data/images/BBBP/228.png
229.0,CN1CCN(c2cc3c(cc2F)c(=O)c(C(=O)O)cn3-c2ccc(F)cc2)CC1,0.0,train,../data/images/BBBP/229.png
230.0,CN1C(=O)CC2(CCN(CCCC(=O)c3ccc(F)cc3)CC2)C1=O,1.0,train,../data/images/BBBP/230.png
231.0,COC(=O)c1ccc(C(=O)OC)cc1,1.0,train,../data/images/BBBP/231.png
232.0,CC1(C)O[C@@H]2C[C@H]3[C@@H]4CCC5=CC(=O)CC[C@]5(C)[C@@]4(F)[C@@H](O)C[C@]3(C)[C@]2(C(=O)CCl)O1,1.0,train,../data/images/BBBP/232.png
233.0,COc1cccc2c1C(=O)c1c(O)c3c(c(O)c1C2=O)C[C@](O)(C(=O)CO)C[C@H]3OC1CC(N)CC(C)O1,0.0,train,../data/images/BBBP/233.png
234.0,CC(C)NNC(=O)c1ccncc1,1.0,train,../data/images/BBBP/234.png
235.0,C[C@]12C=CC(=O)C=C1CC[C@H]1[C@@H]3C[C@H]4Cc5ccccc5C[C@@]4(C(=O)CO)[C@@]3(C)C[C@H](O)[C@@]12F,1.0,train,../data/images/BBBP/235.png
236.0,COc1nc2nc(-c3noc(C)n3)cn2c2c1CCCC2,1.0,train,../data/images/BBBP/236.png
237.0,CCC(=O)OCC(=O)[C@@]12OC(C)(C)O[C@@H]1CC1C3C[C@H](F)C4=CC(=O)C=CC4(C)[C@@]3(F)C(O)CC12C,1.0,train,../data/images/BBBP/237.png
238.0,CCCN(c1ccncc1)n1ccc2ccccc21,1.0,train,../data/images/BBBP/238.png
239.0,CN[C@@H]1[C@@H](O[C@H]2O[C@H](CO)[C@@H](N)[C@H](O)[C@H]2O)O[C@H]2C[C@@H](N)[C@H](O[C@H]3[C@H](O)[C@@H](O)[C@H](N)C[C@@H]3N)O[C@@H]2[C@@H]1O,0.0,train,../data/images/BBBP/239.png
240.0,CN(C(=O)CN(CCO)CCO)c1ccc(Cl)cc1C(=O)c1ccccc1Cl,1.0,train,../data/images/BBBP/240.png
241.0,NC(=O)CCCN/C(=C1\C=C(F)C=CC1=O)c1ccc(Cl)cc1,1.0,train,../data/images/BBBP/241.png
242.0,CC(CN1CCOCC1)C(C(=O)N1CCCC1)(c1ccccc1)c1ccccc1,1.0,train,../data/images/BBBP/242.png
243.0,C[C@]12Cc3cn[nH]c3C[C@@H]1CC[C@@H]1[C@@H]2CC[C@@]2(C)[C@H]1CC[C@]2(C)O,0.0,train,../data/images/BBBP/243.png
244.0,C=CCN1CCC23c4c5ccc(OC(C)=O)c4OC2C(OC(C)=O)C=CC3C1C5,1.0,train,../data/images/BBBP/244.png
245.0,O=C1CSC2(CCN(CCCN3c4ccccc4Sc4ccc(Cl)cc43)CC2)N1,1.0,train,../data/images/BBBP/245.png
246.0,OC(C1=NCCN1)(c1ccc(Cl)cc1)c1ccccn1,1.0,train,../data/images/BBBP/246.png
247.0,O=C1CCC(N2C(=O)C3C4CCC(C4)C3C2=O)C(=O)N1,1.0,train,../data/images/BBBP/247.png
248.0,CC(C)[C@@H](CN1CCCC1)N(C)C(=O)Cc1ccc(Cl)c(Cl)c1,1.0,train,../data/images/BBBP/248.png
249.0,CO/N=C(\C(=O)N[C@@H]1C(=O)N2C(C(=O)O)=C(COC(C)=O)CS[C@H]12)c1ccco1,0.0,train,../data/images/BBBP/249.png
250.0,COc1cccc2c1C(=O)c1c(O)c3c(c(O)c1C2=O)C[C@@](O)(/C(C)=N/NC(=O)c1ccccc1)C[C@@H]3O[C@H]1C[C@H](N)[C@H](O)[C@H](C)O1,0.0,train,../data/images/BBBP/250.png
251.0,CO/N=C(\C(=O)N[C@@H]1C(=O)N2C(C(=O)O)=C(C)CS[C@H]12)c1csc(N)n1,0.0,train,../data/images/BBBP/251.png
252.0,CC12C=CC(=O)C=C1CCC1C3CCC(O)(C(=O)CO)C3(C)CC(O)C12F,1.0,train,../data/images/BBBP/252.png
253.0,CC/C(=C(/CC)c1ccc(O)cc1)c1ccc(O)cc1,0.0,train,../data/images/BBBP/253.png
254.0,CCOc1ccc2ccccc2c1C(=O)N[C@@H]1C(=O)N2[C@@H]1SC(C)(C)[C@@H]2C(=O)[O-],0.0,train,../data/images/BBBP/254.png
255.0,COc1cc([C@@H]2c3cc4c(cc3[C@@H](OC3OC5COC(c6cccs6)OC5C(O)C3O)[C@H]3COC(=O)[C@H]23)OCO4)cc(OC)c1O,1.0,train,../data/images/BBBP/255.png
256.0,CC(C)CO,1.0,train,../data/images/BBBP/256.png
257.0,CN(C)CCCN1c2ccccc2C=Cc2sccc21,1.0,train,../data/images/BBBP/257.png
258.0,c1ccc2cc(COC3CCNCC3)ccc2c1,1.0,train,../data/images/BBBP/258.png
259.0,CCNC1=Nc2ccc(Cl)cc2C(C)(c2ccccc2)O1,1.0,train,../data/images/BBBP/259.png
260.0,O=c1[nH]c(=O)n([C@H]2C[C@H](O)[C@@H](CO)O2)cc1F,0.0,train,../data/images/BBBP/260.png
261.0,CC(=O)OCC(=O)[C@@]1(O)CC[C@H]2[C@@H]3CCC4=CC(=O)CC[C@]4(C)[C@H]3C(=O)C[C@@]21C,1.0,train,../data/images/BBBP/261.png
262.0,COc1cc(C(=O)OCCN2CCN(CCCN3c4ccccc4Sc4ccc(Cl)cc43)CC2)cc(OC)c1OC,1.0,train,../data/images/BBBP/262.png
263.0,CCN(CC)C(=O)N[C@H]1C[C@@H]2c3cccc4[nH]cc(c34)C[C@H]2N(C)C1,1.0,train,../data/images/BBBP/263.png
264.0,O=C1OCCC1C1(O)CCN(CCCN2c3ccccc3Sc3ccc(Cl)cc32)CC1,1.0,train,../data/images/BBBP/264.png
265.0,CCC(=O)O[C@]1(C(=O)COC)[C@@H](C)C[C@H]2[C@@H]3CCC4=CC(=O)C=C[C@]4(C)[C@@]3(F)[C@@H](O)C[C@@]21C,1.0,train,../data/images/BBBP/265.png
266.0,Nc1nc(=O)c2nc(CNc3ccc(C(=O)N[C@@H](CCC(=O)O)C(=O)O)cc3)cnc2[nH]1,1.0,train,../data/images/BBBP/266.png
267.0,C[C@]12C=C(Br)C(=O)C=C1[C@H](F)C[C@H]1[C@@H]3CCC(O)(C(=O)CO)[C@@]3(C)C[C@H](O)C12F,1.0,train,../data/images/BBBP/267.png
268.0,CC(C(=O)O)c1cccc(C(=O)c2ccccc2)c1,1.0,train,../data/images/BBBP/268.png
269.0,CS(=O)(=O)c1ccc([C@@H](O)[C@@H](CF)NC(=O)C(Cl)Cl)cc1,1.0,train,../data/images/BBBP/269.png
270.0,CN1C(CSCC(F)(F)F)Nc2cc(Cl)c(S(N)(=O)=O)cc2S1(=O)=O,0.0,train,../data/images/BBBP/270.png
271.0,NCCC(O)CNC1CC(N)C(OC2OC(CN)C(O)C(O)C2O)C(O)C1OC1OC(CO)C(O)C(N)C1O,0.0,train,../data/images/BBBP/271.png
272.0,CC[C@H](NC(=O)c1c(OCCNC(=O)[C@@H]2CCCN2)c(-c2ccccc2)nc2ccccc12)c1ccccc1,0.0,train,../data/images/BBBP/272.png
273.0,CC/C(=C(\c1ccccc1)c1ccc(OCCN(C)C)cc1)c1ccccc1,1.0,train,../data/images/BBBP/273.png
274.0,O=C1CC[C@H]2[C@H]3Cc4cccc(O)c4[C@@]2(CCN3CC2CC2)C1,1.0,train,../data/images/BBBP/274.png
275.0,Cc1ncc(CSSCc2cnc(C)c(O)c2CO)c(CO)c1O,1.0,train,../data/images/BBBP/275.png
276.0,COc1cc(Cc2cnc(N)nc2N)cc(OC)c1OC,1.0,train,../data/images/BBBP/276.png
277.0,COc1ccc2c(c1OC)C(=O)O[C@@H]2[C@H]1c2c(cc3c(c2OC)OCO3)CCN1C,1.0,train,../data/images/BBBP/277.png
278.0,CN1CCCC(CN2c3ccccc3Sc3ccccc32)C1,1.0,train,../data/images/BBBP/278.png
279.0,OCCCN1CCN(CCCC2c3ccccc3Sc3ccc(Cl)cc32)CC1,1.0,train,../data/images/BBBP/279.png
280.0,CN(C)CCc1c[nH]c2cccc(OP(=O)(O)O)c12,1.0,train,../data/images/BBBP/280.png
281.0,C[N+]12CCC(CC1)C(OC(=O)C(O)(c1ccccc1)c1ccccc1)C2,0.0,train,../data/images/BBBP/281.png
282.0,NC(Cc1ccc(N(CCCl)CCCl)cc1)C(=O)O,0.0,train,../data/images/BBBP/282.png
283.0,C/C(=C(\CCOC(=O)c1ccccc1)SC(=O)c1ccccc1)N(C=O)Cc1cnc(C)nc1N,1.0,train,../data/images/BBBP/283.png
284.0,O=C(O)CCCc1ccc(N(CCCl)CCCl)cc1,0.0,train,../data/images/BBBP/284.png
285.0,CN1Cc2c(-c3noc(C(C)(O)CO)n3)ncn2-c2cccc(Cl)c2C1=O,0.0,train,../data/images/BBBP/285.png
286.0,NC(N)=Nc1nc(-c2ccccc2)cs1,1.0,train,../data/images/BBBP/286.png
287.0,CC(C)(O/N=C(\C(=O)N[C@@H]1C(=O)N2C(C(=O)[O-])=C(C[n+]3ccccc3)CS[C@H]12)c1csc(N)n1)C(=O)O,1.0,train,../data/images/BBBP/287.png
288.0,CN1CCN(C(c2ccccc2)c2ccc(Cl)cc2)CC1,1.0,train,../data/images/BBBP/288.png
289.0,CNC1CCc2ncsc2C1,1.0,train,../data/images/BBBP/289.png
290.0,O=C(CCCN1CC2CCC(CC2)C1)c1ccc(F)cc1,1.0,train,../data/images/BBBP/290.png
291.0,CNCCCC1(c2ccccc2)SC(C)(C)c2ccccc21,1.0,train,../data/images/BBBP/291.png
292.0,NCCc1nccs1,1.0,train,../data/images/BBBP/292.png
293.0,CO[C@@]1(NC(=O)C(C(=O)O)c2ccc(O)cc2)C(=O)N2C(C(=O)O)=C(CSc3nnnn3C)CO[C@@H]21,0.0,train,../data/images/BBBP/293.png
294.0,O=C1CC(=O)N(c2ccccc2)c2cc(Cl)ccc2N1,1.0,train,../data/images/BBBP/294.png
295.0,O=C(NCCc1ccc(O)c(O)c1)C12CC3CC(CC(C3)C1)C2,1.0,train,../data/images/BBBP/295.png
296.0,C[C@H]1[C@H](c2ccccc2)OCCN1C,1.0,train,../data/images/BBBP/296.png
297.0,CC1(C)O[C@@H]2C[C@H]3C4C[C@H](F)C5=CC(=O)C=C[C@]5(C)[C@@]4(F)[C@@H](O)C[C@]3(C)[C@]2(C(=O)COC(=O)C2CC2)O1,1.0,train,../data/images/BBBP/297.png
298.0,CCC(=O)C1(c2cccc(O)c2)CCN(C)CC1,1.0,train,../data/images/BBBP/298.png
299.0,Oc1ccc2c(c1)C13CCN(CC4CC4)C(C2)C1CCOC3,1.0,train,../data/images/BBBP/299.png
300.0,CC(C)C(CCCCCC(=O)O)NCc1ccc(F)cc1,1.0,train,../data/images/BBBP/300.png
301.0,C/C=C(\CC)C(=O)NC(N)=O,1.0,train,../data/images/BBBP/301.png
302.0,NC(=O)NO,1.0,train,../data/images/BBBP/302.png
303.0,CC1CC(OC(=O)C2CCC(=O)N2)CC(C)(C)C1,1.0,train,../data/images/BBBP/303.png
304.0,N#Cc1ccc2c(c1)N(CCCN1CCC(O)CC1)c1ccccc1S2,1.0,train,../data/images/BBBP/304.png
305.0,COc1ccc2c(c1OC)[C@]13CCN(C)[C@H](C2)[C@]1(O)CC[C@@H](O)C3,1.0,train,../data/images/BBBP/305.png
306.0,CC(=O)Nc1nnc(S(N)(=O)=O)s1,1.0,train,../data/images/BBBP/306.png
307.0,CCCCN/C(=C1/C=C(Cl)C=CC1=O)c1ccccc1Cl,1.0,train,../data/images/BBBP/307.png
308.0,CNC1CCN2c3ccccc3CCc3cccc1c32,1.0,train,../data/images/BBBP/308.png
309.0,COc1ccc(OCC2CN(C)CCC2c2ccccc2)cc1,1.0,train,../data/images/BBBP/309.png
310.0,Cc1ccc(-c2nc3ccc(C)cn3c2CC(=O)N(C)C)cc1,1.0,train,../data/images/BBBP/310.png
311.0,N#CC(CCN1CCC(C(N)=O)(N2CCCCC2)CC1)(c1ccccc1)c1ccccc1,1.0,train,../data/images/BBBP/311.png
312.0,CC[C@@H](O)C(C[C@@H](C)N(C)C)(c1ccccc1)c1ccccc1,1.0,train,../data/images/BBBP/312.png
313.0,CN1CCN(C2=Nc3ccccc3Cc3ccccc32)CC1,1.0,train,../data/images/BBBP/313.png
314.0,CCCC1(C)COB(c2ccc(C)cc2)OC1,1.0,train,../data/images/BBBP/314.png
315.0,OCCN1CCN(CCCN2c3ccccc3Sc3ccc(Cl)cc32)CC1,1.0,train,../data/images/BBBP/315.png
316.0,COc1ccc(CCN2CCN(c3cccc(Cl)c3)CC2)cc1OC,1.0,train,../data/images/BBBP/316.png
317.0,Cc1cccc(C)c1NC(=O)CN1CCCC1=O,1.0,train,../data/images/BBBP/317.png
318.0,CCOC(=O)N(CCN(C)C)c1cccc(C(F)(F)F)c1,1.0,train,../data/images/BBBP/318.png
319.0,Cc1cccc2c1Oc1ccccc1C1(O)CCNCC21,1.0,train,../data/images/BBBP/319.png
320.0,CCCCCCCCCCCCCC(=O)O[C@H]1C=C[C@H]2[C@H]3Cc4ccc(OCc5ccccc5)c5c4[C@@]2(CCN3C)[C@H]1O5,1.0,train,../data/images/BBBP/320.png
321.0,CCCCOc1ccc(C(=O)CCN2CCCCC2)cc1,0.0,train,../data/images/BBBP/321.png
322.0,C[C@@H](O)[C@H]1C(=O)N2C(C(=O)O)=C([C@H]3CCCO3)S[C@H]12,0.0,train,../data/images/BBBP/322.png
323.0,NC(N)=NCCN1CCCCCCC1,0.0,train,../data/images/BBBP/323.png
324.0,CC1NCCOC1c1ccccc1,1.0,train,../data/images/BBBP/324.png
325.0,CC(C)C[C@H](CN)CC(=O)O,1.0,train,../data/images/BBBP/325.png
326.0,CCC(=O)O[C@]1(C(=O)CCl)[C@@H](C)C[C@H]2[C@@H]3CCC4=CC(=O)C=C[C@]4(C)[C@@]3(F)[C@@H](O)C[C@@]21C,1.0,train,../data/images/BBBP/326.png
327.0,CN(c1nc2ccccc2s1)C1CCN(CC(O)COc2ccc(F)cc2)CC1,1.0,train,../data/images/BBBP/327.png
328.0,CN(C)[C@@H]1C(=O)/C(=C(/O)NCO)C(=O)[C@@]2(O)C(=O)C3=C(O)c4c(O)ccc(Cl)c4[C@@](C)(O)[C@H]3C[C@@H]12,0.0,train,../data/images/BBBP/328.png
329.0,O=c1[nH]c2ccccc2c(=O)n1CCN1C[C@H]2C[C@H](c3ccc(F)cc3)[C@H]2C1,1.0,train,../data/images/BBBP/329.png
330.0,O=C1CC2(CCCC2)CC(=O)N1CCCCN1CCN(c2ncccn2)CC1,1.0,train,../data/images/BBBP/330.png
331.0,FC(F)OC(Cl)C(F)(F)F,1.0,train,../data/images/BBBP/331.png
332.0,CNC(=O)O[C@H]1OC(=O)[C@@]2(C)[C@@H]1[C@H]1C=C[C@@H]2C1,1.0,train,../data/images/BBBP/332.png
333.0,CC(C)COCC(CN(Cc1ccccc1)c1ccccc1)N1CCCC1,0.0,train,../data/images/BBBP/333.png
334.0,CN1CCN(C2=Nc3ccccc3Sc3nccn32)CC1,1.0,train,../data/images/BBBP/334.png
335.0,NCC(O)c1ccc(O)c(O)c1,0.0,train,../data/images/BBBP/335.png
336.0,CCOC(=O)C(c1c(O)oc2ccccc2c1=O)c1c(O)oc2ccccc2c1=O,0.0,train,../data/images/BBBP/336.png
337.0,CN1CCN(/C=C2\N=C3CN=C(c4ccccc4Cl)c4cc([N+](=O)[O-])ccc4N3C2=O)CC1,1.0,train,../data/images/BBBP/337.png
338.0,CN1CCC2(C)CC(Cc3ccc(O)cc32)C1,1.0,train,../data/images/BBBP/338.png
339.0,NC[C@H]1O[C@H](O[C@H]2[C@H](O)[C@@H](O)[C@H](N)C[C@@H]2N)[C@H](N)[C@@H](O)[C@@H]1O,0.0,train,../data/images/BBBP/339.png
340.0,Fc1ccccc1C1=NCC(=S)N(CC(F)(F)F)c2ccc(Cl)cc21,1.0,train,../data/images/BBBP/340.png
341.0,CC(=O)c1ccc2c(c1)N(CC(C)N(C)C)c1ccccc1S2,1.0,train,../data/images/BBBP/341.png
342.0,COCC(=O)O[C@]1(CCN(C)CCCc2nc3ccccc3[nH]2)CCc2cc(F)ccc2[C@@H]1C(C)C,0.0,train,../data/images/BBBP/342.png
343.0,CCN(CC)C(=O)Nc1ccc(OCC(O)CNC(C)(C)C)c(C(C)=O)c1,1.0,train,../data/images/BBBP/343.png
344.0,CNCC[C@@H](O)[C@@H]1C[C@H](SC2=C(C(=O)O)N3C(=O)[C@H]([C@@H](C)O)[C@H]3[C@H]2C)CN1,0.0,train,../data/images/BBBP/344.png
345.0,O=C1NCN(c2ccccc2)C12CCN(CCCC(c1ccc(F)cc1)c1ccc(F)cc1)CC2,1.0,train,../data/images/BBBP/345.png
346.0,CC1CC2C3CC(F)(F)C4=CC(=O)C=C[C@]4(C)C3(F)C(O)CC2(C)C1(O)C(=O)CO,1.0,train,../data/images/BBBP/346.png
347.0,N[C@@H]1C[C@H]1c1ccccc1,1.0,train,../data/images/BBBP/347.png
348.0,CN(C)Cc1ccnc(-c2cccc(NC3N=CC=C3[N+](=O)[O-])c2)c1,1.0,train,../data/images/BBBP/348.png
349.0,Cn1c(=O)[nH]c2ncn(C)c2c1=O,1.0,train,../data/images/BBBP/349.png
350.0,CN1C(=O)CCC1c1cccnc1,1.0,train,../data/images/BBBP/350.png
351.0,CCOC(=O)Nc1ccc(NCc2ccc(F)cc2)cc1N,1.0,train,../data/images/BBBP/351.png
352.0,CC(C)(C)NCC(O)c1ccc(O)c(CO)n1,0.0,train,../data/images/BBBP/352.png
353.0,CN1CCCCC1CCN1c2ccccc2Sc2ccc(S(C)(=O)=O)cc21,1.0,train,../data/images/BBBP/353.png
354.0,CC[C@H]1OC(=O)[C@H](C)[C@@H](O[C@H]2C[C@@](C)(OC)[C@@H](O)[C@H](C)O2)[C@H](C)[C@@H](O[C@@H]2O[C@H](C)C[C@H](N(C)C)[C@H]2O)[C@](C)(OC)C[C@@H](C)C(=O)[C@H](C)[C@@H](O)[C@]1(C)O,0.0,train,../data/images/BBBP/354.png
355.0,CN1CC[C@]23c4c5ccc(O)c4O[C@H]2C(O)C=C[C@H]3[C@H]1C5,1.0,train,../data/images/BBBP/355.png
356.0,CCC(C)(S(=O)(=O)CC)S(=O)(=O)CC,1.0,train,../data/images/BBBP/356.png
357.0,O=C1CN2CCOC2(c2ccccc2F)c2cc(Br)ccc2N1,1.0,train,../data/images/BBBP/357.png
358.0,CNC[C@H](O)CC12CCC(c3ccccc31)c1ccccc12,1.0,train,../data/images/BBBP/358.png
359.0,CC(=O)[C@H]1CC[C@H]2[C@@H]3CC[C@@H]4C[C@H](O)CC[C@]4(C)[C@H]3CC[C@]12C,1.0,train,../data/images/BBBP/359.png
360.0,CCCC(C)CC,1.0,train,../data/images/BBBP/360.png
361.0,COc1ccc(C(=O)N2CCCC2=O)cc1,1.0,train,../data/images/BBBP/361.png
362.0,CN(C)CCn1nnnc1SCC1=C(C(=O)O)N2C(=O)[C@@H](NC(=O)Cc3csc(N)n3)[C@H]2SC1,0.0,train,../data/images/BBBP/362.png
363.0,CC[C@]1(O)C[C@H]2CN(CCc3c([nH]c4ccccc34)[C@@](C(=O)OC)(c3cc4c(cc3OC)N(C=O)[C@H]3[C@@](O)(C(=O)OC)[C@H](OC(C)=O)[C@]5(CC)C=CCN6CC[C@]43[C@@H]65)C2)C1,1.0,train,../data/images/BBBP/363.png
364.0,C=C1c2cccc(O)c2C(O)=C2C(=O)[C@]3(O)C(=O)/C(=C(/N)O)C(=O)[C@@H](N(C)C)[C@@H]3[C@@H](O)[C@H]12,0.0,train,../data/images/BBBP/364.png
365.0,CC(=O)O[C@H]1C[C@@]2(C)[C@@H](C[C@@H](O)[C@H]3[C@@]4(C)CC[C@@H](O)[C@@H](C)[C@@H]4CC[C@@]32C)/C1=C(\CCC=C(C)C)C(=O)O,0.0,train,../data/images/BBBP/365.png
366.0,CN(C)CCCN1c2ccccc2Sc2ccccc21,1.0,train,../data/images/BBBP/366.png
367.0,CC(=O)NCCn1c(C)cc(C=O)c1C,1.0,train,../data/images/BBBP/367.png
368.0,CCn1nnn(CCN2CC[C@H](N(C(=O)COC)c3ccccc3F)[C@H](C)C2)c1=O,1.0,train,../data/images/BBBP/368.png
369.0,Nc1c2c(nc3ccccc13)CCCC2O,1.0,train,../data/images/BBBP/369.png
370.0,OC1CCN(c2ccc(-c3ccccc3Cl)nn2)CC1,1.0,train,../data/images/BBBP/370.png
371.0,CO/N=C(\C(=O)N[C@@H]1C(=O)N2C(C(=O)O)=CCS[C@H]12)c1csc(N)n1,0.0,train,../data/images/BBBP/371.png
372.0,O=C(CCCl)NCCc1ccccc1,1.0,train,../data/images/BBBP/372.png
373.0,CC1=CC(=C2C=CC(=O)C=C2)NN=C1NCCN1CCOCC1,1.0,train,../data/images/BBBP/373.png
374.0,O=C(NCCN1CCC(n2c(=O)[nH]c3cc(Cl)ccc32)CC1)c1ccc(F)cc1,1.0,train,../data/images/BBBP/374.png
375.0,CCCN(CCC)CCc1ccc(O)c2c1CC(=O)N2,1.0,train,../data/images/BBBP/375.png
376.0,O=C(c1ccccn1)c1cnn2c(-c3ccncc3)ccnc12,1.0,train,../data/images/BBBP/376.png
377.0,CN(C)CCN(C)n1cc(-c2ccccc2)c2ccccc21,1.0,train,../data/images/BBBP/377.png
378.0,S=C1NCCC(COc2ccccc2)O1,1.0,train,../data/images/BBBP/378.png
379.0,CCC(=O)N(c1ccccc1)C1(C(=O)OC)CCN(CCc2ccccc2)CC1,1.0,train,../data/images/BBBP/379.png
380.0,O=C1CN=C(c2ccccn2)c2cc(Br)ccc2N1,1.0,train,../data/images/BBBP/380.png
381.0,O=C1N=C(NC2CC2)OC1c1ccccc1,1.0,train,../data/images/BBBP/381.png
382.0,C[C@]12CCC(=O)C=C1CC[C@@H]1[C@@H]2C(=O)C[C@@]2(C)[C@H]1CC[C@]2(O)C(=O)CO,0.0,train,../data/images/BBBP/382.png
383.0,COc1ccc(CCN2CCC(Nc3nc4ccccc4n3Cc3ccc(F)cc3)CC2)cc1,0.0,train,../data/images/BBBP/383.png
384.0,NS(=O)(=O)Cc1noc2ccccc12,1.0,train,../data/images/BBBP/384.png
385.0,C[N+]1(C)CCCC(OC(=O)C(O)(c2ccccc2)c2ccccc2)C1,0.0,train,../data/images/BBBP/385.png
386.0,Clc1ccccc1C1=NCc2nnc(C3CCCCC3)n2-c2sc(Br)cc21,1.0,train,../data/images/BBBP/386.png
387.0,CN1[C@@H]2CCC[C@H]1CC(NC(=O)c1nn(C)c3ccccc13)C2,1.0,train,../data/images/BBBP/387.png
388.0,CC1(C)S[C@@H]2[C@H](NC(=O)[C@H](NS(=O)(=O)[O-])c3ccccc3)C(=O)N2[C@H]1C(=O)[O-],0.0,train,../data/images/BBBP/388.png
389.0,CC1CC2C3CC(F)C4=CC(=O)C=CC4(C)C3(F)C(O)CC2(C)C1(O)C(=O)CCl,1.0,train,../data/images/BBBP/389.png
390.0,CC1(C)O[C@@H]2CC3C4C[C@H](F)C5=CC(=O)C=CC5(C)[C@@]4(Cl)[C@@H](Cl)CC3(C)[C@]2(C(=O)CF)O1,1.0,train,../data/images/BBBP/390.png
391.0,O=C1CCC(=O)N1CC1CCC2CN(c3ncccn3)CCN2C1,1.0,train,../data/images/BBBP/391.png
392.0,O=C1NC(=O)C(CC2CCCCN2)(c2ccccc2)C(=O)N1,1.0,train,../data/images/BBBP/392.png
393.0,C/C=C/C1=C(C(=O)O)N2C(=O)[C@@H](NC(=O)[C@H](N)c3ccc(O)cc3)[C@H]2SC1,0.0,train,../data/images/BBBP/393.png
394.0,COc1cc2c(cc1OC)C(c1cccc(Cl)c1)=NN=C(C)C2,1.0,train,../data/images/BBBP/394.png
395.0,CN1C2CCC1CC(OC(c1ccccc1)c1ccccc1)C2,1.0,train,../data/images/BBBP/395.png
396.0,O=c1cc[nH]nc1,1.0,train,../data/images/BBBP/396.png
397.0,O=C1CCN=C2CC(c3ccccc3)CN12,1.0,train,../data/images/BBBP/397.png
398.0,O=C1CC[C@@]2(O)[C@H]3Cc4ccc(O)c5c4[C@@]2(CCN3CC2CC2)[C@H]1O5,1.0,train,../data/images/BBBP/398.png
399.0,COC(=O)[C@H]1[C@H]2C[C@@H]3c4[nH]c5cc(OC)ccc5c4CCN3C[C@H]2C[C@@H](OC(=O)c2cc(OC)c(OC)c(OC)c2)[C@@H]1OC,1.0,train,../data/images/BBBP/399.png
400.0,CCc1ccccc1-n1c(C)nc2ccccc2c1=O,1.0,train,../data/images/BBBP/400.png
401.0,CO/N=C(\C(=O)N[C@@H]1C(=O)N2C(C(=O)O)=C(COC(C)=O)CS(=O)[C@H]12)c1csc(N)n1,0.0,train,../data/images/BBBP/401.png
402.0,CCC(=O)O[C@]1(C(=O)COC(C)=O)CC[C@H]2[C@@H]3CCC4=CC(=O)CC[C@]4(C)[C@H]3[C@@H](O)C[C@@]21C,1.0,train,../data/images/BBBP/402.png
403.0,COc1cc(N)c(Cl)cc1C(=O)NC1CCN(CCCOc2ccc(F)cc2)CC1OC,1.0,train,../data/images/BBBP/403.png
404.0,CCC(Oc1ccccc1)C(=O)NC1C(=O)N2C1SC(C)(C)C2C(=O)O,0.0,train,../data/images/BBBP/404.png
405.0,CNCCCN1c2ccccc2C(C)(C)c2ccccc21,1.0,train,../data/images/BBBP/405.png
406.0,CN1CCC[C@H]1c1cccnc1,1.0,train,../data/images/BBBP/406.png
407.0,CC1(C)S[C@@H]2[C@H](NC(=O)C3(N)CCCCC3)C(=O)N2[C@H]1C(=O)O,0.0,train,../data/images/BBBP/407.png
408.0,CN(C)CCOC1=Cc2ccccc2Sc2ccc(Cl)cc21,1.0,train,../data/images/BBBP/408.png
409.0,CC1(C)S[C@@H]2[C@H](NC(=O)[C@H](N)c3ccccc3)C(=O)N2[C@H]1C(=O)OC1OC(=O)c2ccccc21,0.0,train,../data/images/BBBP/409.png
410.0,CCCN(CCC)C1Cc2cccc3cc(O)cc(c23)C1,1.0,train,../data/images/BBBP/410.png
411.0,NS(=O)(=O)c1cc(C(=O)O)c(NCc2ccco2)cc1Cl,0.0,train,../data/images/BBBP/411.png
412.0,Cn1nnnc1SCC1=C(C(=O)O)N2C(=O)[C@@H](NC(=O)CS/C=C\C#N)[C@H]2SC1,0.0,train,../data/images/BBBP/412.png
413.0,CC(C)(C)NCC(O)COc1cccc2c1CCC(=O)N2,0.0,train,../data/images/BBBP/413.png
414.0,CCC(NC(=O)c1c(C)c(-c2ccccc2)nc2ccccc12)c1ccccc1,1.0,train,../data/images/BBBP/414.png
415.0,N#Cc1cc(-c2ccccc2)nnc1NCCN1CCOCC1,1.0,train,../data/images/BBBP/415.png
416.0,CN(C)CCCN1c2ccccc2C(c2ccccc2)=Nc2cccnc21,1.0,train,../data/images/BBBP/416.png
417.0,CN1C(=O)CN=C(C2=CCCCC2)c2cc([N+](=O)[O-])ccc21,1.0,train,../data/images/BBBP/417.png
418.0,S=C(NC1CCCCC1)N1CCC(c2c[nH]cn2)CC1,1.0,train,../data/images/BBBP/418.png
419.0,C#CCN(C)CCCOc1ccc(Cl)cc1Cl,1.0,train,../data/images/BBBP/419.png
420.0,CCOC(=O)NNC(C)c1ccccc1,1.0,train,../data/images/BBBP/420.png
421.0,CN(C)CC(Oc1ccccc1)Oc1ccccc1,1.0,train,../data/images/BBBP/421.png
422.0,c1ccc2c(CCC3CCNCC3)c[nH]c2c1,1.0,train,../data/images/BBBP/422.png
423.0,O=C(C1CCCCC1)N1CC(=O)N2CCc3ccccc3C2C1,1.0,train,../data/images/BBBP/423.png
424.0,[CH2-][CH-]C,1.0,train,../data/images/BBBP/424.png
425.0,CC(=O)OCC1=C(C(=O)O)N2C(=O)[C@@H](NC(=O)[C@H](N)c3ccccc3)[C@H]2SC1,0.0,train,../data/images/BBBP/425.png
426.0,Cc1nnc(SCC2=C(C(=O)O)N3C(=O)[C@@H](NC(=O)[C@H](O)c4ccccc4)[C@H]3SC2)s1,0.0,train,../data/images/BBBP/426.png
427.0,CCN(CC)CC(=O)OCC(=O)[C@@]1(O)CC[C@H]2[C@@H]3CCC4=CC(=O)CC[C@]4(C)[C@H]3[C@@H](O)C[C@@]21C,1.0,train,../data/images/BBBP/427.png
428.0,O=[N+]([O-])C1=CC=NC1NCCSCc1ncccc1Br,1.0,train,../data/images/BBBP/428.png
429.0,CN1C(=O)CN=C(c2ccccc2F)c2cc(Cl)ccc21,1.0,train,../data/images/BBBP/429.png
430.0,COc1cc(Br)c2oc(C3CCNCC3)cc2c1,1.0,train,../data/images/BBBP/430.png
431.0,O=C(Nc1ccc(O)cc1)C(Cl)(Cl)Cl,1.0,train,../data/images/BBBP/431.png
432.0,COc1cccnc1CCCCNc1ncc(Cc2ccc(C)nc2)c(=O)[nH]1,0.0,train,../data/images/BBBP/432.png
433.0,COc1ccccc1OCC1CNC(=O)O1,1.0,train,../data/images/BBBP/433.png
434.0,COC(=O)[C@H]1[C@H]2C[C@@H]3c4[nH]c5ccccc5c4CCN3C[C@H]2C[C@@H](OC(=O)c2cc(OC)c(OC)c(OC)c2)[C@@H]1OC,1.0,train,../data/images/BBBP/434.png
435.0,Cc1ncsc1CCCl,1.0,train,../data/images/BBBP/435.png
436.0,CCC(C)=O,1.0,train,../data/images/BBBP/436.png
437.0,CC[C@H](C)C(=O)O[C@H]1CCC=C2C=C[C@H](C)[C@H](CC[C@@H]3C[C@@H](O)CC(=O)O3)[C@H]21,1.0,train,../data/images/BBBP/437.png
438.0,CC1(C)S[C@@H]2[C@H](NC(=O)C(C(=O)O)c3ccccc3)C(=O)N2[C@H]1C(=O)O,0.0,train,../data/images/BBBP/438.png
439.0,CCc1ccc2c(c1)N(CC(C)CN(C)C)c1ccccc1S2,1.0,train,../data/images/BBBP/439.png
440.0,O=C(O)C1CCN1C12CC3CC(CC(C3)C1)C2,1.0,train,../data/images/BBBP/440.png
441.0,CN(C)CCc1ccccn1,1.0,train,../data/images/BBBP/441.png
442.0,CO/N=C(/C(=O)N[C@@H]1C(=O)N2C(C(=O)O)=C(CSc3nc(C)c(CC(=O)O)s3)CS[C@H]12)c1csc(N)n1,0.0,train,../data/images/BBBP/442.png
443.0,Cn1c(=O)c2[nH]cnc2n(C)c1=O,0.0,train,../data/images/BBBP/443.png
444.0,CCCCOCC(CN1C(=O)NC(=O)C(CC)(c2ccccc2)C1=O)OC(N)=O,1.0,train,../data/images/BBBP/444.png
445.0,Clc1ccc(COC(Cn2ccnc2)c2ccc(Cl)cc2Cl)cc1,0.0,train,../data/images/BBBP/445.png
446.0,CCCCCC(C)C(C)c1cc(OC(=O)CCCN2CCCCCC2)c2c(c1)OC(C)(C)C1=C2CC(C)CC1,1.0,train,../data/images/BBBP/446.png
447.0,CCNC1=Nc2ccc(Cl)cc2C(c2ccccc2)S1,1.0,train,../data/images/BBBP/447.png
448.0,CCC(C)C(CC)C(=O)NC(N)=O,1.0,train,../data/images/BBBP/448.png
449.0,CCC1(CC)C(=O)NC=C(C)C1=O,1.0,train,../data/images/BBBP/449.png
450.0,O=C(Cc1ccc(Cl)c(Cl)c1)N1CCc2[nH]cnc2[C@H]1CN1CC[C@@H](O)C1,0.0,train,../data/images/BBBP/450.png
451.0,O=C1CCCN1CCCCN1CCN(c2cc(C(F)(F)F)ccn2)CC1,1.0,train,../data/images/BBBP/451.png
452.0,CC[N+](C)(CC)CCOC(=O)C1c2ccccc2Oc2ccccc21,0.0,train,../data/images/BBBP/452.png
453.0,CC(C)(Oc1ccc(Cl)cc1)C(=O)O,0.0,train,../data/images/BBBP/453.png
454.0,OCC1(CO)COC(C(Cl)(Cl)Cl)OC1,1.0,train,../data/images/BBBP/454.png
455.0,CN(C/C=C/c1ccccc1)CCOC(c1ccccc1)c1ccccc1,1.0,train,../data/images/BBBP/455.png
456.0,CCOCC,1.0,train,../data/images/BBBP/456.png
457.0,CN1CCCCC1CCN1c2ccccc2Sc2ccc(S(C)=O)cc21,1.0,train,../data/images/BBBP/457.png
458.0,CN1C(=O)OC(C)(C)C1=O,1.0,train,../data/images/BBBP/458.png
459.0,COc1cccc2c1C(=O)c1c(O)c3c(c(O)c1C2=O)C[C@@](O)(C(C)=O)C[C@@H]3O[C@H]1C[C@H](N)[C@H](O)[C@H](C)O1,0.0,train,../data/images/BBBP/459.png
460.0,CN(C)CCC(c1ccccc1)C1CCCCC1,1.0,train,../data/images/BBBP/460.png
461.0,O=C(NCCN1CCN(c2ncccn2)CC1)C12CC3CC(CC(C3)C1)C2,1.0,train,../data/images/BBBP/461.png
462.0,CN(C)CC(CN1c2ccccc2Sc2ccccc21)N(C)C,1.0,train,../data/images/BBBP/462.png
463.0,CCCC(=O)O[C@]1(C(=O)COC(C)=O)CC[C@H]2[C@@H]3C[C@H](C)C4=CC(=O)CC[C@]4(C)[C@H]3[C@@H](O)C[C@@]21C,1.0,train,../data/images/BBBP/463.png
464.0,CC/C=C(\C(=O)N[C@@H]1C(=O)N2C(C(=O)O)=C(COC(N)=O)CS[C@H]12)c1csc(N)n1,0.0,train,../data/images/BBBP/464.png
465.0,O=C(CCCN1CCC(n2c(=O)[nH]c3ccccc32)CC1)c1ccc(F)cc1,1.0,train,../data/images/BBBP/465.png
466.0,CC(C)NCC(O)COc1ccc(CC(N)=O)cc1,0.0,train,../data/images/BBBP/466.png
467.0,c1ccc(-c2cc(CCC3CCNCC3)c3ccccc3n2)cc1,1.0,train,../data/images/BBBP/467.png
468.0,COc1ccc2c(c1)N(CCC1CCCCN1C)c1ccccc1S2,1.0,train,../data/images/BBBP/468.png
469.0,Cc1ncc([N+](=O)[O-])n1CCO,1.0,train,../data/images/BBBP/469.png
470.0,CN(C)CCCn1cc(-c2ccccc2)c(-c2ccccc2)n1,1.0,train,../data/images/BBBP/470.png
471.0,CC(C)NC(=O)OC1CCN(CCCC(=O)c2ccc(F)cc2)CC1,1.0,train,../data/images/BBBP/471.png
472.0,Cc1ccc(C)cc1,1.0,train,../data/images/BBBP/472.png
473.0,O=C1NC(=O)C(c2ccccc2)(c2ccccc2)N1,1.0,train,../data/images/BBBP/473.png
474.0,CCN1CC(CCN2CCOCC2)C(c2ccccc2)(c2ccccc2)C1=O,1.0,train,../data/images/BBBP/474.png
475.0,O=C1N(c2ccccc2)c2ccccc2C1(Cc1ccncc1)Cc1ccncc1,1.0,train,../data/images/BBBP/475.png
476.0,CN(C)CC1COC2(O1)c1ccccc1COc1ccccc12,1.0,train,../data/images/BBBP/476.png
477.0,CN1C(=O)C(O)N=C(c2ccccc2F)c2cc(Cl)ccc21,1.0,train,../data/images/BBBP/477.png
478.0,CC(=O)[C@@]1(O)CC[C@H]2[C@@H]3C[C@H](C)C4=CC(=O)C=C[C@]4(C)[C@@]3(F)[C@@H](O)C[C@@]21C,1.0,train,../data/images/BBBP/478.png
479.0,CN(C)CCOC(C)(c1ccccc1)c1ccccn1,1.0,train,../data/images/BBBP/479.png
480.0,COC1C=COC2(C)Oc3c(C)c(O)c4c(O)c(c(C=NN5CCN(C)CC5)c(O)c4c3C2=O)NC(=O)C(C)=CC=CC(C)C(O)C(C)C(O)C(C)C(OC(C)=O)C1C,0.0,train,../data/images/BBBP/480.png
481.0,Cc1cc(N/C(O)=C2\C(=O)c3ccccc3S(=O)(=O)N2C)no1,0.0,train,../data/images/BBBP/481.png
482.0,NCC[C@H](O)C(=O)N[C@@H]1C[C@H](N)[C@@H](O[C@H]2O[C@H](CN)[C@@H](O)[C@H](O)[C@H]2O)[C@H](O)[C@H]1O[C@H]1O[C@H](CO)[C@@H](O)[C@H](N)[C@H]1O,1.0,train,../data/images/BBBP/482.png
483.0,CCCN(CCCCN1C(=O)CC2(CCCC2)CC1=O)C1COc2cccc(OC)c2C1,1.0,train,../data/images/BBBP/483.png
484.0,CN(C)CCN(Cc1cccs1)c1ccccn1,1.0,train,../data/images/BBBP/484.png
485.0,O=C(CCN1CCN(CCO)CC1)N1c2ccccc2Sc2ccc(C(F)(F)F)cc21,1.0,train,../data/images/BBBP/485.png
486.0,Cc1nnc(SCC2=C(C(=O)[O-])N3C(=O)[C@@H](NC(=O)Cn4cnnn4)[C@H]3SC2)s1,0.0,train,../data/images/BBBP/486.png
487.0,Cc1cc(-c2ccccc2)nnc1NCCN1CCOCC1,1.0,train,../data/images/BBBP/487.png
488.0,C[C@]12C=CC(=O)C=C1[C@@H](F)C[C@H]1[C@@H]3C[C@@H](O)[C@](O)(C(=O)CO)[C@@]3(C)C[C@H](O)[C@@]12F,1.0,train,../data/images/BBBP/488.png
489.0,CC1=CC(=O)N2CC(=O)N(C)c3ccc(Cl)cc3C2(c2ccccc2)O1,1.0,train,../data/images/BBBP/489.png
490.0,CCN(CC)C(=O)CNC(=O)c1cc(OC)c(OC)c(OC)c1,1.0,train,../data/images/BBBP/490.png
491.0,CC1(C)S[C@@H]2[C@H](NC(=O)C(c3ccccc3)S(=O)(=O)O)C(=O)N2[C@H]1C(=O)O,0.0,train,../data/images/BBBP/491.png
492.0,CC1CN(C)CC2Cc3c(ccc4ccccc34)OC12O,1.0,train,../data/images/BBBP/492.png
493.0,C#CCN(C)Cc1ccccc1,1.0,train,../data/images/BBBP/493.png
494.0,CCN(CC)C(=O)[C@]1(c2ccccc2)C[C@@H]1CN,1.0,train,../data/images/BBBP/494.png
495.0,C=C[C@H]1CN2CC[C@H]1C[C@@H]2[C@@H](O)c1ccnc2ccc(OC)cc12,1.0,train,../data/images/BBBP/495.png
496.0,CC/C=C(\C)C1(CC)C(=O)NC(=O)NC1=O,1.0,train,../data/images/BBBP/496.png
497.0,Oc1ccc2c3c1OC1C(O)CCC4(O)C(C2)N(CC2CCC2)CCC314,1.0,train,../data/images/BBBP/497.png
498.0,O=C(Cn1cnnn1)N[C@@H]1C(=O)N2C(C(=O)O)=C(CSc3nncs3)CS[C@H]12,0.0,train,../data/images/BBBP/498.png
499.0,CC(=O)C1CCC2C3CC(C)C4=CC(=O)C=CC4(C)C3C(O)CC12C,1.0,train,../data/images/BBBP/499.png
500.0,CC1(C)SC2C(N(C(=N)c3ccncc3)[C@H](C(=O)NC(=O)CN)c3ccccc3)C(=O)N2C1C(=O)O,0.0,train,../data/images/BBBP/500.png
501.0,CC[C@@]1(O)C[C@H](O[C@H]2C[C@H](N(C)C)[C@H](O[C@H]3C[C@@H]4O[C@H]5CC(=O)[C@H](C)O[C@H]5O[C@@H]4[C@H](C)O3)[C@H](C)O2)c2c(O)c3c(c(O)c2[C@H]1O[C@H]1C[C@H](N(C)C)[C@H](O)[C@H](C)O1)C(=O)c1cccc(O)c1C3=O,0.0,train,../data/images/BBBP/501.png
502.0,CCC1(c2ccc(N)cc2)CCC(=O)NC1=O,1.0,train,../data/images/BBBP/502.png
503.0,O=C(CCCN1CCC2(CC1)C(=O)NCN2c1ccccc1)c1ccc(F)cc1,1.0,train,../data/images/BBBP/503.png
504.0,CSC(=O)C1(O)C(C)CC2C3CCC4=CC(=O)C=CC4(C)C3(F)C(O)CC21C,1.0,train,../data/images/BBBP/504.png
505.0,CCN(C)C(=O)Oc1cccc([C@H](C)N(C)C)c1,1.0,train,../data/images/BBBP/505.png
506.0,CC(=O)OCC1=C(C(=O)O)N2C(=O)[C@@H](NC(=O)CSc3ccncc3)[C@H]2SC1,0.0,train,../data/images/BBBP/506.png
507.0,CC1=Nc2ccccc2CC(c2ccccc2)N1C,1.0,train,../data/images/BBBP/507.png
508.0,OCCN1CCN(CCCN2c3cc(C(F)(F)F)ccc3Sc3sccc32)CC1,1.0,train,../data/images/BBBP/508.png
509.0,CN(C)CCOC(c1ccccc1)c1ccccc1C(C)(C)C,1.0,train,../data/images/BBBP/509.png
510.0,Nc1nnc(-c2cccc(Cl)c2Cl)c(N)n1,1.0,train,../data/images/BBBP/510.png
511.0,O=c1[nH]c2cc(Cl)c(Cl)c([N+](=O)[O-])c2[nH]c1=O,1.0,train,../data/images/BBBP/511.png
512.0,Clc1ccc2c(c1)C1CNCC1c1ccccc1O2,1.0,train,../data/images/BBBP/512.png
513.0,COc1ccc2c(c1)N(C[C@H](C)CN(C)C)c1ccccc1S2,1.0,train,../data/images/BBBP/513.png
514.0,C[C@]12CCC(=O)C=C1CC[C@@H]1[C@@H]2CC[C@@]2(C)[C@H]1CC[C@]2(C)O,0.0,train,../data/images/BBBP/514.png
515.0,OCCN1CCN(CCCN2c3ccccc3C=Cc3ccccc32)CC1,1.0,train,../data/images/BBBP/515.png
516.0,CCC[C@@H]1O[C@@H]2C[C@H]3[C@@H]4C[C@H](F)C5=CC(=O)CC[C@]5(C)[C@@]4(F)[C@@H](O)C[C@]3(C)[C@]2(C(=O)CO)O1,1.0,train,../data/images/BBBP/516.png
517.0,CCC(=O)OCC(=O)[C@@]1(OC(=O)CC)[C@@H](C)C[C@H]2[C@@H]3CCC4=CC(=O)C=C[C@]4(C)[C@@]3(Cl)[C@@H](O)C[C@@]21C,1.0,train,../data/images/BBBP/517.png
518.0,OC(Br)(Br)CBr,1.0,train,../data/images/BBBP/518.png
519.0,CC(=O)Oc1ccc2c3c1O[C@H]1[C@@H](OC(C)=O)C=C[C@H]4[C@@H](C2)N(C)CC[C@@]341,1.0,train,../data/images/BBBP/519.png
520.0,COc1cc2[nH]c(C)c(CCN3CCN(c4ccccc4)CC3)c2cc1OC,1.0,train,../data/images/BBBP/520.png
521.0,CN1CCN(c2ncc(-c3cc(Cl)cc(Cl)c3Cl)c(N)n2)CC1,1.0,train,../data/images/BBBP/521.png
522.0,CCC1(C2=CCCCCC2)C(=O)NC(=O)NC1=O,1.0,train,../data/images/BBBP/522.png
523.0,CCc1c(OC)nc2nc(-c3noc(C)n3)cn2c1C,1.0,train,../data/images/BBBP/523.png
524.0,Nc1nc(=O)c2ncn(CC[C@@H](O)CO)c2[nH]1,1.0,train,../data/images/BBBP/524.png
525.0,O=C1NC(=O)C2(c3ccc(Cl)cc3)CC12,1.0,train,../data/images/BBBP/525.png
526.0,CC(=O)[C@H]1CC[C@H]2[C@@H]3CCC4=CC(=O)CC[C@]4(C)[C@H]3CC[C@]12C,0.0,train,../data/images/BBBP/526.png
527.0,CCN(CC)c1nc2c(s1)c1c(O)c3c(O)c(C)c4c(c32)C(=O)[C@@](C)(O/C=C/[C@H](OC)[C@@H](C)[C@@H](OC(C)=O)[C@H](C)[C@H](O)[C@H](C)[C@@H](O)[C@@H](C)/C=C/C=C(/C)C(=O)N1)O4,0.0,train,../data/images/BBBP/527.png
528.0,CN(C)CCC1(C)OCCC2=C1c1ccccc1C2,1.0,train,../data/images/BBBP/528.png
529.0,CCC(O)(COC(N)=O)c1ccccc1,1.0,train,../data/images/BBBP/529.png
530.0,O=C1C(=O)c2ccccc2C(O)=C1C1CCC(c2ccc(Cl)cc2)CC1,0.0,train,../data/images/BBBP/530.png
531.0,CN1CCN(C(=O)Cc2ccc(Cl)c(Cl)c2)[C@@H](CN2CCCC2)C1,1.0,train,../data/images/BBBP/531.png
532.0,O=C1CN2CCOC2(c2ccccc2F)c2cc(Cl)ccc2N1CCO,1.0,train,../data/images/BBBP/532.png
533.0,C=CC1(C(C)CCC)C(=O)NC(=O)NC1=O,1.0,train,../data/images/BBBP/533.png
534.0,CC(C)[N+](C)(CCOC(=O)C1c2ccccc2Oc2ccccc21)C(C)C,0.0,train,../data/images/BBBP/534.png
535.0,C[C@H](O)[C@H]1C(=O)N2C(C(=O)O)=C(SCCN=CN)C[C@H]12,0.0,train,../data/images/BBBP/535.png
536.0,COC(=O)c1cncn1C(C)c1ccccc1,1.0,train,../data/images/BBBP/536.png
537.0,O=C(O)c1cc(=O)c2cc(OCC(O)COc3cccc4oc(C(=O)O)cc(=O)c34)ccc2o1,0.0,train,../data/images/BBBP/537.png
538.0,CN(C)[C@@H]1C(=O)/C(=C(\N)O)C(=O)[C@@]2(O)C(=O)C3=C(O)c4c(O)ccc(Cl)c4[C@@H](O)[C@H]3C[C@@H]12,0.0,train,../data/images/BBBP/538.png
539.0,COc1cc2c(cc1OC)C1CC(=O)C(CC(C)C)CN1CC2,1.0,train,../data/images/BBBP/539.png
540.0,Oc1ccc2c(c1)C13CCCCC1C(C2)N(CCc1ccccc1)CC3,1.0,train,../data/images/BBBP/540.png
541.0,CCN[C@H](Cc1ccccc1)[C@H]1CCCO1,1.0,train,../data/images/BBBP/541.png
542.0,C/C(=C/CCN1CCC2(CC1)C(=O)NCN2c1ccccc1)c1ccc(F)cc1,1.0,train,../data/images/BBBP/542.png
543.0,CCC12CCN(CC3CCC3)C(Cc3ccc(O)cc31)C2(C)C,1.0,train,../data/images/BBBP/543.png
544.0,COc1ccc2c(c1)C(O)(CCCN(C)C)c1ccccc1S2,1.0,train,../data/images/BBBP/544.png
545.0,NC(=O)OCC1[C@H](NC(=O)/C(=N\OCC(=O)O)c2csc(N)n2)C(=O)N1S(=O)(=O)O,0.0,train,../data/images/BBBP/545.png
546.0,Cn1nnnc1SCC1=C(C(=O)O)N2C(=O)[C@@H](NC(=O)[C@H](O)c3ccccc3)[C@H]2SC1,1.0,train,../data/images/BBBP/546.png
547.0,Cc1cc2c(s1)=Nc1ccc(F)cc1NC=2N1CCN(C)CC1,1.0,train,../data/images/BBBP/547.png
548.0,CN(C)[C@@H]1C(=O)/C(=C(/O)NCN2CCCC2)C(=O)[C@@]2(O)C(=O)C3=C(O)c4c(O)cccc4[C@@](C)(O)[C@H]3C[C@@H]12,1.0,train,../data/images/BBBP/548.png
549.0,C[C@H](O)C1C(=O)N2C(C(=O)O)=C(S[C@@H]3CN[C@H](C(=O)N(C)C)C3)[C@H](C)C12,0.0,train,../data/images/BBBP/549.png
550.0,COc1cccc([C@@]2(O)CCCC[C@@H]2CN(C)C)c1,1.0,train,../data/images/BBBP/550.png
551.0,Cc1nnc(SCC2=C(C(=O)O)N3C(=O)[C@@H](NC(=O)C(N)c4ccc(O)cc4)[C@H]3SC2)s1,0.0,train,../data/images/BBBP/551.png
552.0,Fc1ccccc1C1=NCCN(CC(F)(F)F)c2ccc(Cl)cc21,1.0,train,../data/images/BBBP/552.png
553.0,CN1CCC23c4c5ccc(O)c4OC2C(O)CCC3C1C5,1.0,train,../data/images/BBBP/553.png
554.0,c1ccc(C2(N3CCCCC3)CCCCC2)cc1,1.0,train,../data/images/BBBP/554.png
555.0,CC1(C)CC(=O)N(CCCCN2CCN(c3ncccn3)CC2)C(=O)C1,1.0,train,../data/images/BBBP/555.png
556.0,FCC(F)(F)F,1.0,train,../data/images/BBBP/556.png
557.0,COc1cc(CCN)cc(OC)c1OC,1.0,train,../data/images/BBBP/557.png
558.0,Cc1ccc2c(c1)C(N1CCN(C)CC1)=Nc1ccccc1S2,1.0,train,../data/images/BBBP/558.png
559.0,CC(C)(O)CC(C)(O)c1ccc(Cl)cc1,1.0,train,../data/images/BBBP/559.png
560.0,CC1(C)O[C@@H]2[C@@H](CO[C@@]3(COS(N)(=O)=O)OC(C)(C)O[C@@H]23)O1,1.0,train,../data/images/BBBP/560.png
561.0,O=C1CN=C(c2ccccc2F)c2cc(Cl)ccc2N1CC(O)CO,1.0,train,../data/images/BBBP/561.png
562.0,COc1ccc2c3c1OC1C(OC(C)=O)=CCC4C(C2)N(C)CCC314,1.0,train,../data/images/BBBP/562.png
563.0,CCN(CC)CC(=O)Oc1ccc(NC(C)=O)cc1,1.0,train,../data/images/BBBP/563.png
564.0,c1ccc(C2CCN(CC3CCCc4c3ccc3c4OCO3)C2)cc1,1.0,train,../data/images/BBBP/564.png
565.0,CC(C)(O)C(C)(O)c1cccc(Cl)c1,1.0,train,../data/images/BBBP/565.png
566.0,O=C(NCCCN1CCOCC1)c1ccc(Cl)cc1,1.0,train,../data/images/BBBP/566.png
567.0,NC(N)=Nc1nc(-c2cccc(N)c2)cs1,1.0,train,../data/images/BBBP/567.png
568.0,CN(C)CCOC(=O)COc1ccc(Cl)cc1,1.0,train,../data/images/BBBP/568.png
569.0,O=C(c1ccccn1)N1CCN(Cc2ccccc2)CC1,1.0,train,../data/images/BBBP/569.png
570.0,C[C@@H]1C[C@H]2[C@@H]3C[C@H](F)C4=CC(=O)C=C[C@]4(C)[C@H]3[C@@H](O)C[C@]2(C)[C@@]1(O)C(=O)CO,1.0,train,../data/images/BBBP/570.png
571.0,CCCC(O)Cl,1.0,train,../data/images/BBBP/571.png
572.0,COC1=CC(=O)OC1C(O)c1ccccc1Cl,1.0,train,../data/images/BBBP/572.png
573.0,CN(C)CCCn1c(=O)c2ccccc2c2ccccc21,1.0,train,../data/images/BBBP/573.png
574.0,C[N+](C)([O-])CC/C=C1/c2ccccc2C=Cc2c(Cl)cccc21,1.0,train,../data/images/BBBP/574.png
575.0,C[C@H]1O[C@@H](O[C@H]2[C@@H](O)C[C@H](O[C@H]3[C@@H](O)C[C@H](O[C@H]4CC[C@@]5(C)[C@H](CC[C@@H]6[C@@H]5CC[C@]5(C)[C@H](C7=CC(=O)OC7)CC[C@]65O)C4)O[C@@H]3C)O[C@@H]2C)C[C@H](O)[C@@H]1O,0.0,train,../data/images/BBBP/575.png
576.0,CC(C)(C)OC(=O)CCCc1ccc(N(CCCl)CCCl)cc1,1.0,train,../data/images/BBBP/576.png
577.0,CC(C)N1CCOC(c2ccc(C(F)(F)F)cc2)C1,1.0,train,../data/images/BBBP/577.png
578.0,CN(C)C(=O)CCNc1ccc(Br)cc1,1.0,train,../data/images/BBBP/578.png
579.0,COc1cccc2c1C(=O)c1c(O)c3c(c(O)c1C2=O)C[C@@](O)(C(=O)CO)C[C@@H]3O[C@H]1C[C@H](N)[C@H](O)[C@H](C)O1,0.0,train,../data/images/BBBP/579.png
580.0,CCCC(C)(COC(N)=O)COC(N)=O,1.0,train,../data/images/BBBP/580.png
581.0,NC1=NC(=O)C(c2ccccc2)O1,1.0,train,../data/images/BBBP/581.png
582.0,CC(C(=O)c1ccccc1)N(C)C,1.0,train,../data/images/BBBP/582.png
583.0,C[C@]12C[C@H](O)[C@H]3[C@@H](CCC4=CC(=O)CC[C@@]43C)[C@@H]1CC[C@@H]2C(=O)CO,0.0,train,../data/images/BBBP/583.png
584.0,CC(=O)OCC(=O)[C@@]1(O)[C@H](C)C[C@H]2[C@@H]3C=C(C)C4=Cc5c(cnn5-c5ccccc5)C[C@]4(C)[C@H]3[C@@H](O)C[C@@]21C,1.0,train,../data/images/BBBP/584.png
585.0,O=C(CCNNC(=O)c1ccncc1)NCc1ccccc1,1.0,train,../data/images/BBBP/585.png
586.0,O=C(Nc1ccccc1)OCC1(COC(=O)Nc2ccccc2)CCCC1,1.0,train,../data/images/BBBP/586.png
587.0,CC(C)(Oc1ccc(Cl)cc1)C(=O)N[C@@H](C(=O)N[C@@H]1C(=O)N2[C@@H]1SC(C)(C)[C@@H]2C(=O)O)c1ccccc1,0.0,train,../data/images/BBBP/587.png
588.0,CC1(C)O[C@@H]2C[C@H]3[C@@H]4C[C@H](F)C5=CC(=O)CC[C@]5(C)[C@H]4[C@@H](O)C[C@]3(C)[C@]2(C(=O)CO)O1,1.0,train,../data/images/BBBP/588.png
589.0,C[C@H]1C[C@H]2[C@@H]3CCC4=CC(=O)C=C[C@]4(C)[C@@]3(F)[C@@H](O)C[C@]2(C)[C@@]1(OC(=O)c1ccccc1)C(=O)CO,1.0,train,../data/images/BBBP/589.png
590.0,CN1CCN(C2=Nc3ccccc3Oc3ccc(Cl)cc32)CC1,1.0,train,../data/images/BBBP/590.png
591.0,Cc1nccnc1N1CCCCC1,1.0,train,../data/images/BBBP/591.png
592.0,O=c1[nH]c2cc(Cl)ccc2n1C1CCN(CCCC(c2ccc(F)cc2)c2ccc(F)cc2)CC1,1.0,train,../data/images/BBBP/592.png
593.0,CC1=C/C(O)CC(=O)Cc2nc(co2)C(=O)N2CCC=C2C(=O)OC(C(C)C)C(C)/C=C\C(=O)NC/C=C\1,0.0,train,../data/images/BBBP/593.png
594.0,C#C[C@]1(O)CC[C@H]2C3CCC4=Cc5c(cnn5-c5ccc(F)cc5)CC4(C)[C@H]3CCC21C,1.0,train,../data/images/BBBP/594.png
595.0,CN(C)CCCN1c2ccccc2Sc2ccc(Cl)cc21,1.0,train,../data/images/BBBP/595.png
596.0,O=C(c1cccnc1)N1CCOCC1,1.0,train,../data/images/BBBP/596.png
597.0,CNC1CCC(c2ccccc2)c2ccccc21,1.0,train,../data/images/BBBP/597.png
598.0,Cc1ccccc1-n1c(C)nc2ccccc2c1=O,1.0,train,../data/images/BBBP/598.png
599.0,CCCCN1C(=O)C2C(=O)N(CCCCN3CCN(c4ccccc4OC)CC3)C(=O)C(C1=O)C2(C)C,1.0,train,../data/images/BBBP/599.png
600.0,CC[C@H]1OC(=O)[C@H](C)[C@@H](O[C@H]2C[C@@](C)(OC)[C@@H](O)[C@H](C)O2)[C@H](C)[C@@H](O[C@@H]2O[C@H](C)C[C@H](N(C)C)[C@H]2O)[C@](C)(O)C[C@@H](C)C(=O)[C@H](C)[C@@H](O)[C@]1(C)O,0.0,train,../data/images/BBBP/600.png
601.0,CCCOC(=O)N1CCN(C(=O)Cc2ccc(Cl)c(Cl)c2)[C@@H](CN2CCCC2)C1,1.0,train,../data/images/BBBP/601.png
602.0,O=C1Nc2ccc(Cl)nc2C(c2ccccc2Cl)=NC1O,1.0,train,../data/images/BBBP/602.png
603.0,CC(=O)N1CCN(C(=O)Cc2ccc(C(F)(F)F)cc2)[C@@H](CN2CC[C@@H](O)C2)C1,0.0,train,../data/images/BBBP/603.png
604.0,C[C@@H](CN1CC(=O)NC(=O)C1)N1CC(=O)NC(=O)C1,0.0,train,../data/images/BBBP/604.png
605.0,O=C1CN=C(c2ccccc2)c2cc(Cl)ccc2N1,1.0,train,../data/images/BBBP/605.png
606.0,CC(C)C1(C(C)C)OCC(CO)O1,1.0,train,../data/images/BBBP/606.png
607.0,CC12CC3CC(C)(C1)CC(N)(C3)C2,1.0,train,../data/images/BBBP/607.png
608.0,CC(CCc1ccccc1)NC(C)C(O)c1ccc(O)cc1,0.0,train,../data/images/BBBP/608.png
609.0,COc1ccc([C@@H]2Sc3ccccc3N(CCN(C)C)C(=O)[C@@H]2OC(C)=O)cc1,1.0,train,../data/images/BBBP/609.png
610.0,CC(=O)C12OC(C)(C)OC1CC1C3CCC4=CC(=O)CCC4(C)C3CCC12C,1.0,train,../data/images/BBBP/610.png
611.0,NS(=O)(=O)c1cc2c(cc1C(F)(F)F)NCNS2(=O)=O,0.0,train,../data/images/BBBP/611.png
612.0,CO/N=C(\C(=O)NC1C(=O)N2C(C(=O)O)=C(/C=C\c3scnc3C)CS[C@H]12)c1csc(N)n1,0.0,train,../data/images/BBBP/612.png
613.0,CC(C)(C)NC(=O)[C@@H]1CN(Cc2cccnc2)CCN1C[C@@H](O)C[C@@H](Cc1ccccc1)C(=O)N[C@H]1c2ccccc2C[C@H]1O,1.0,train,../data/images/BBBP/613.png
614.0,CCN1CCCC1CNC(=O)c1cc(S(N)(=O)=O)ccc1OC,1.0,train,../data/images/BBBP/614.png
615.0,CN1C(=O)CN=C(c2ccccc2)c2cc([N+](=O)[O-])ccc21,1.0,train,../data/images/BBBP/615.png
616.0,O=C1Nc2ccc(Cl)cc2C(c2ccccc2Cl)=NC1O,1.0,train,../data/images/BBBP/616.png
617.0,CC(C)c1nc(CN(C)C(=O)N[C@H](C(=O)N[C@@H](Cc2ccccc2)C[C@H](O)[C@H](Cc2ccccc2)NC(=O)OCc2cncs2)C(C)C)cs1,0.0,train,../data/images/BBBP/617.png
618.0,COC(=O)[C@@H]1[C@H]2C[C@H]3c4[nH]c5ccccc5c4CCN3C[C@@H]2CC[C@@H]1O,0.0,train,../data/images/BBBP/618.png
619.0,CCN(CC)CCNC(=O)COc1ccc(OC)cc1,1.0,train,../data/images/BBBP/619.png
620.0,CN1CCN2c3cc(F)ccc3C(c3cccs3)=NCC2C1,1.0,train,../data/images/BBBP/620.png
621.0,C/C(=C1/CCOC(=O)S1)N(C=O)Cc1cnc(C)nc1N,1.0,train,../data/images/BBBP/621.png
622.0,CCN(CC)C(=O)[C@H]1[C@H](C(=O)N(CC)CC)[C@H]2C=C[C@@H]1C2,1.0,train,../data/images/BBBP/622.png
623.0,CN(C)C(=O)c1nc(CNC(=O)CN)n(-c2ccc(Cl)cc2C(=O)c2ccccc2Cl)n1,1.0,train,../data/images/BBBP/623.png
624.0,O=C(COc1ccc(Cl)cc1)OCCNC12CC3CC(CC(C3)C1)C2,1.0,train,../data/images/BBBP/624.png
625.0,COCc1c(C(C)C)nc(C(C)C)c(/C=C/[C@@H](O)C[C@@H](O)CC(=O)O)c1-c1ccc(F)cc1,1.0,train,../data/images/BBBP/625.png
626.0,CC(Cc1ccccc1)NN,1.0,train,../data/images/BBBP/626.png
627.0,CNCCCC1(c2ccccc2)OC(C)(C)c2ccccc21,1.0,train,../data/images/BBBP/627.png
628.0,CCC1(c2ccccc2)C(=O)N(COC)C(=O)N(COC)C1=O,1.0,train,../data/images/BBBP/628.png
629.0,CC1(C)S[C@@H]2[C@H](NC(=O)c3nc4ccccc4nc3C(=O)O)C(=O)N2[C@H]1C(=O)O,0.0,train,../data/images/BBBP/629.png
630.0,OC(Cn1ccnc1)c1ccc(CCc2ccccc2)cc1,1.0,train,../data/images/BBBP/630.png
631.0,Cc1c(F)c(N2CCNC(C)C2)cc2c1c(=O)c(C(=O)O)cn2C1CC1,0.0,train,../data/images/BBBP/631.png
632.0,C#CC(C)(O)CC,1.0,train,../data/images/BBBP/632.png
633.0,CSc1ccc2c(c1)N(CC(C)CN(C)C)c1ccccc1S2,1.0,train,../data/images/BBBP/633.png
634.0,CN1CC[C@]23c4c5ccc(O)c4O[C@H]2C(=O)CC[C@H]3[C@H]1C5,1.0,train,../data/images/BBBP/634.png
635.0,CCOC(=O)OC(C)OC(=O)[C@@H]1N2C(=O)[C@@H](N=CN3CCCCCC3)[C@H]2SC1(C)C,0.0,train,../data/images/BBBP/635.png
636.0,O=c1[nH]oc2c1CCNC2,1.0,train,../data/images/BBBP/636.png
637.0,CN1CCC2=C(CC1)c1cc(C#N)ccc1Sc1ccccc12,1.0,train,../data/images/BBBP/637.png
638.0,CC(Cc1ccccc1)(NC(=O)CN)c1ccccc1,1.0,train,../data/images/BBBP/638.png
639.0,NCCCN1c2ccccc2CCc2ccccc21,1.0,train,../data/images/BBBP/639.png
640.0,OC[C@@H](O)[C@H]1OC2O[C@H](C(Cl)(Cl)Cl)O[C@@H]2[C@H]1O,1.0,train,../data/images/BBBP/640.png
641.0,C#CC(O)(/C=C/Cl)CC,1.0,train,../data/images/BBBP/641.png
642.0,CN1C(=S)CN=C(c2ccccc2)c2cc(Cl)ccc21,1.0,train,../data/images/BBBP/642.png
643.0,O=C(c1ccccc1)c1ccc2n1CCC2C(=O)O,0.0,train,../data/images/BBBP/643.png
644.0,O=C(Cc1cccs1)N[C@@H]1C(=O)N2C(C(=O)O)=C(CSc3ncn[nH]3)CS[C@H]12,0.0,train,../data/images/BBBP/644.png
645.0,CN(C)Cc1ccc(CSCCNc2[nH]cc(Cc3ccccc3)c2[N+](=O)[O-])o1,1.0,train,../data/images/BBBP/645.png
646.0,CCC(=O)Nc1ccc(O)cc1,1.0,train,../data/images/BBBP/646.png
647.0,COc1ccc2c3c1OC1C(OC(=O)c4cccnc4)CCC4C(C2)N(C)CCC341,1.0,train,../data/images/BBBP/647.png
648.0,COc1ccc(Cl)c2c1CCCC2N(C)C,1.0,train,../data/images/BBBP/648.png
649.0,NCCc1cn2ccccc2n1,0.0,train,../data/images/BBBP/649.png
650.0,CCN(CCO)CCn1c(Cc2ccccc2)nc2c1c(=O)n(C)c(=O)n2C,1.0,train,../data/images/BBBP/650.png
651.0,CCC(OC(N)=O)C1CCCCC1,1.0,train,../data/images/BBBP/651.png
652.0,CCCCCCCCCCCCCCCC(=O)OCCC1CCN(CCCN2c3ccccc3Sc3ccc(S(=O)(=O)N(C)C)cc32)CC1,1.0,train,../data/images/BBBP/652.png
653.0,CO/N=C(\C(=O)NC1C(=O)N(OCC(=O)O)[C@H]1C)c1csc(N)n1,0.0,train,../data/images/BBBP/653.png
654.0,CNCCC=C1c2ccccc2C(C)(C)c2ccccc21,1.0,train,../data/images/BBBP/654.png
655.0,CC(=O)OCOC(=O)C1N2C(=O)C(NC(=O)Cc3ccccc3)C2SC1(C)C,0.0,train,../data/images/BBBP/655.png
656.0,O=C(NCc1ccccc1)OCCO,1.0,train,../data/images/BBBP/656.png
657.0,CN(C)[C@@H]1C(=O)/C(=C(\N)O)C(=O)[C@@]2(O)C(=O)C3=C(O)c4c(O)ccc(Cl)c4[C@@](C)(O)[C@H]3C[C@@H]12,0.0,train,../data/images/BBBP/657.png
658.0,CCOC(=O)N1CCN(C(=O)Cc2ccc(Cl)c(Cl)c2)[C@@H](CN2CCCC2)C1,1.0,train,../data/images/BBBP/658.png
659.0,CN1C(=O)CCS(=O)(=O)C1c1ccc(Cl)cc1,1.0,train,../data/images/BBBP/659.png
660.0,CC1Oc2ccccc2CC1N(C)C,1.0,train,../data/images/BBBP/660.png
661.0,O=C1c2ccccc2S(=O)(=O)N1CCCCN1CCN(c2ncccn2)CC1,1.0,train,../data/images/BBBP/661.png
662.0,C[C@]12C=CC(=O)C=C1CC[C@@H]1[C@@H]2CC[C@]2(C)OC(=O)CC[C@@H]12,0.0,train,../data/images/BBBP/662.png
663.0,NC(=O)N1c2ccccc2C2OC2c2ccccc21,1.0,train,../data/images/BBBP/663.png
664.0,NC[C@H]1O[C@H](O[C@H]2[C@H](O)[C@@H](O[C@H]3O[C@H](CO)[C@@H](O)[C@H](N)[C@H]3O)[C@H](N)C[C@@H]2N)[C@H](N)C[C@@H]1O,0.0,train,../data/images/BBBP/664.png
665.0,C[C@]12C=CC(=O)C=C1CC[C@H]1[C@@H]3C[C@@H](O)[C@](O)(C(=O)CO)[C@@]3(C)C[C@H](O)[C@@]12F,0.0,train,../data/images/BBBP/665.png
666.0,CN1CCN(CCCN2c3ccccc3Sc3ccc(Cl)cc32)CC1,1.0,train,../data/images/BBBP/666.png
667.0,Cc1onc(-c2c(F)cccc2Cl)c1C(=O)N[C@@H]1C(=O)N2[C@@H]1SC(C)(C)[C@@H]2C(=O)O,0.0,train,../data/images/BBBP/667.png
668.0,CCC(C)[C@H]1O[C@]2(CC[C@@H]1C)CC1C[C@@H](C/C=C(\C)[C@@H](O[C@H]3C[C@H](OC)[C@@H](OC4C[C@H](OC)[C@@H](O)[C@H](C)O4)[C@H](C)O3)[C@@H](C)/C=C/C=C3\CO[C@@H]4[C@H](O)C(C)=C[C@@H](C(=O)O1)[C@]34O)O2,0.0,train,../data/images/BBBP/668.png
669.0,CC(C[N+](C)(C)C)OC(N)=O,0.0,train,../data/images/BBBP/669.png
670.0,N=C1SCCN1c1ccc(Cl)cc1N,1.0,train,../data/images/BBBP/670.png
671.0,COCCCC(=O)OC(C)OC(=O)C1=C(COC(N)=O)CS[C@@H]2[C@H](NC(=O)/C(=N\OC)c3ccco3)C(=O)N12,0.0,train,../data/images/BBBP/671.png
672.0,CCC(=O)O[C@]1(c2ccccc2)CCN(C)C[C@@H]1CC,1.0,train,../data/images/BBBP/672.png
673.0,CCCC(CC)C1(CC)C(=O)NC(=O)NC1=O,1.0,train,../data/images/BBBP/673.png
674.0,CCCCCCCCCC(=O)OC1(c2ccc(Cl)cc2)CCN(CCCC(=O)c2ccc(F)cc2)CC1,1.0,train,../data/images/BBBP/674.png
675.0,O=C(OC1CN2CCC1CC2)c1ccccc1,1.0,train,../data/images/BBBP/675.png
676.0,CN(C)C1=NC(=O)C(c2ccccc2)O1,1.0,train,../data/images/BBBP/676.png
677.0,CCCSc1ccc2[nH]c(NC(=O)OC)nc2c1,1.0,train,../data/images/BBBP/677.png
678.0,COC1C(O)CC(=O)OC(C)C/C=C/C=C/C(OC2CCC(N(C)C)C(C)O2)C(C)CC(CC=O)C1OC1OC(C)C(OC2CC(C)(O)C(O)C(C)O2)C(N(C)C)C1O,0.0,train,../data/images/BBBP/678.png
679.0,OC1OC(COCCOC(O)C(Cl)(Cl)Cl)C(OC2OC(COCCOCCOC(O)C(Cl)(Cl)Cl)CC(OC(O)C(Cl)(Cl)Cl)C2O)C(OCCOCCOC(O)C(Cl)(Cl)Cl)C1O,1.0,train,../data/images/BBBP/679.png
680.0,Cc1c[nH+][o+]c(C([NH])CC(C)C(C)(C)N(C(C)(C)C)C(C)(N)N)c1[O-],1.0,train,../data/images/BBBP/680.png
681.0,CCCCCCCCCC1(C)OCC(COC(N)=O)O1,1.0,train,../data/images/BBBP/681.png
682.0,C[N+](C)([O-])CCCN1c2ccccc2CCc2ccccc21,1.0,train,../data/images/BBBP/682.png
683.0,CCC(=O)N1CCN(C(=O)OC2C3=C(SCCS3)C(=O)N2c2ccc3ccc(Cl)nc3n2)CC1,1.0,train,../data/images/BBBP/683.png
684.0,CC1CCN(CCCC(=O)c2ccc(F)cc2)CC1,1.0,train,../data/images/BBBP/684.png
685.0,O=C1CCC2CCC(=O)N12,1.0,train,../data/images/BBBP/685.png
686.0,Cc1onc(-c2ccccc2)c1C(=O)N[C@@H]1C(=O)N2[C@@H]1SC(C)(C)[C@@H]2C(=O)O,0.0,train,../data/images/BBBP/686.png
687.0,Cl/C(=C\n1cncn1)c1ccc(Cl)cc1Cl,1.0,train,../data/images/BBBP/687.png
688.0,CN1CCC2=C(CC1)c1ccccc1N(C)c1ccccc12,1.0,train,../data/images/BBBP/688.png
689.0,C[C@@H]1C[C@H]2[C@@H]3C[C@H](F)C4=CC(=O)C=C[C@]4(C)[C@@]3(F)[C@@H](O)C[C@]2(C)[C@@]1(O)C(=O)CO,1.0,train,../data/images/BBBP/689.png
690.0,CCCCCc1cc(O)c2c(c1)OC(C)(C)[C@@H]1CCC(C)=C[C@@H]21,1.0,train,../data/images/BBBP/690.png
691.0,FCOC(C(F)(F)F)C(F)(F)F,1.0,train,../data/images/BBBP/691.png
692.0,CCC(=O)C1(N2CCCCC2)CCN(CCCC(=O)c2ccc(F)cc2)CC1,1.0,train,../data/images/BBBP/692.png
693.0,CN(C)c1cc(-c2n[nH]c(N)n2)ccn1,0.0,train,../data/images/BBBP/693.png
694.0,C=COC=C,1.0,train,../data/images/BBBP/694.png
695.0,CCC1NC(=O)C(NC(=O)c2ncccc2O)C(C)OC(=O)C(c2ccccc2)NC(=O)C2CC(=O)CCN2C(=O)C(Cc2ccc(N(C)C)cc2)N(C)C(=O)C2CCCN2C1=O,0.0,train,../data/images/BBBP/695.png
696.0,CC(C)CC1NC(=O)C(CCCN)NC(=O)C(C(C)C)NC(=O)C2CCCN2C(=O)C(Cc2ccccc2)NC(=O)C(CC(C)C)NC(=O)C(CCCN)NC(=O)C(C(C)C)NC(=O)C2CCCN2C(=O)C(Cc2ccccc2)NC1=O,0.0,train,../data/images/BBBP/696.png
697.0,COc1cc(C(=O)N2CCCCCCC2)cc(OC)c1OC,1.0,train,../data/images/BBBP/697.png
698.0,CC(CCN1CCN(c2ccc(F)cc2)CC1)NC(=O)c1cccnc1,1.0,train,../data/images/BBBP/698.png
699.0,CCCC(CCC)C(=O)O,1.0,train,../data/images/BBBP/699.png
700.0,Cc1ccc2c(c1)[C@]13CCCC[C@@H]1[C@H](C2)N(C)CC3,1.0,train,../data/images/BBBP/700.png
701.0,Cc1[nH]ccc2c1[nH]c1cc(=O)ccc12,1.0,train,../data/images/BBBP/701.png
702.0,Nc1ccc(S(=O)(=O)N2CC3CCC(CC3)C2)cc1,1.0,train,../data/images/BBBP/702.png
703.0,NC(=O)c1cccnc1,1.0,train,../data/images/BBBP/703.png
704.0,COC(=O)[C@H]1[C@H]2C[C@@H]3c4[nH]c5cc(OC)ccc5c4CCN3C[C@H]2C[C@@H](OC(=O)/C=C/c2cc(OC)c(OC)c(OC)c2)[C@@H]1OC,1.0,train,../data/images/BBBP/704.png
705.0,CO/N=C(\C(=O)N[C@@H]1C(=O)N2C(C(=O)O)=C(/C=C/Sc3n[nH]c(=O)c(=O)n3CC=O)CS[C@H]12)c1csc(N)n1,0.0,train,../data/images/BBBP/705.png
706.0,CCOC(N)=O,1.0,train,../data/images/BBBP/706.png
707.0,C=CCN1C(=O)C(CC(C)C)NC1=S,1.0,train,../data/images/BBBP/707.png
708.0,CC1(C)O[C@@H]2C[C@H]3[C@@H]4C[C@H](F)C5=CC(=O)C=C[C@]5(C)[C@@]4(F)[C@@H](O)C[C@]3(C)[C@]2(C(=O)CO)O1,1.0,train,../data/images/BBBP/708.png
709.0,CCn1cc(C(=O)O)c(=O)c2cc(F)c(N3CCN(C)CC3)cc21,0.0,train,../data/images/BBBP/709.png
710.0,CCC(C)n1ncn(-c2ccc(N3CCN(c4ccc(OC[C@H]5CO[C@](Cn6cncn6)(c6ccc(Cl)cc6Cl)O5)cc4)CC3)cc2)c1=O,0.0,train,../data/images/BBBP/710.png
711.0,CC(=O)O[C@H]1C(=O)[C@@]2(C)C([C@H](OC(=O)c3ccccc3)[C@]3(O)C[C@H](OC(=O)[C@H](O)[C@@H](NC(=O)c4ccccc4)c4ccccc4)C(C)=C1C3(C)C)[C@]1(OC(C)=O)CO[C@@H]1C[C@@H]2O,0.0,train,../data/images/BBBP/711.png
712.0,Cc1nc2n(c(=O)c1CCN1CCC(c3noc4cc(F)ccc34)CC1)CCCC2O,1.0,train,../data/images/BBBP/712.png
713.0,CC1(C)S[C@@H]2[C@H](N3C(=O)[C@@H](c4ccccc4)NC3(C)C)C(=O)N2[C@H]1C(=O)O,0.0,train,../data/images/BBBP/713.png
714.0,CCCCCCOc1nsnc1C1=CCCN(C)C1,1.0,train,../data/images/BBBP/714.png
715.0,Cc1cc(=O)oc2cc(O)ccc12,0.0,train,../data/images/BBBP/715.png
716.0,NCC(O)c1cccc(O)c1,0.0,train,../data/images/BBBP/716.png
717.0,O=C1NCN(c2ccccc2)C12CCN(CCCOc1ccc(F)cc1)CC2,1.0,train,../data/images/BBBP/717.png
718.0,NCCc1nc(-c2ccccc2)cs1,0.0,train,../data/images/BBBP/718.png
719.0,O=C1CN=C(c2ccccc2Cl)c2cc([N+](=O)[O-])ccc2N1,1.0,train,../data/images/BBBP/719.png
720.0,COc1ccc2c(c1)N(CCCN(C)C)c1ccccc1S2,1.0,train,../data/images/BBBP/720.png
721.0,CC[C@@]1(O)C[C@H](OC2CC(N(C)C)C(OC3CC(O)C(OC4CCC(=O)C(C)O4)C(C)O3)C(C)O2)c2c(cc3c(c2O)C(=O)c2c(O)cccc2C3=O)[C@H]1C(=O)OC,0.0,train,../data/images/BBBP/721.png
722.0,CN1CC[C@@]2(C)c3cc(OC(=O)N4CCc5ccccc5C4)ccc3N(C)[C@@H]12,1.0,train,../data/images/BBBP/722.png
723.0,CC(CN(C)C)OC(C)(c1ccccc1)c1ccc(Cl)cc1,0.0,train,../data/images/BBBP/723.png
724.0,CC(=O)O[C@@]12CO[C@@H]1C[C@H](O)[C@@]1(C)C(=O)[C@H](O)C3=C(C)[C@@H](OC(=O)[C@H](O)[C@@H](NC(=O)OC(C)(C)C)c4ccccc4)C[C@@](O)([C@@H](OC(=O)c4ccccc4)[C@H]21)C3(C)C,0.0,train,../data/images/BBBP/724.png
725.0,CC(C)(C)NCC(O)c1ccc(O)c(CO)c1,0.0,train,../data/images/BBBP/725.png
726.0,COc1cccc2c1C(=O)c1c(O)c3c(c(O)c1C2=O)CC(O)(C(=O)CO)CC3O,0.0,train,../data/images/BBBP/726.png
727.0,Cc1cc(Br)cc(C(N)=O)c1O,1.0,train,../data/images/BBBP/727.png
728.0,CCCCCCCCCC(=O)OC1(c2ccc(Br)cc2)CCN(CCCC(=O)c2ccc(F)cc2)CC1,1.0,train,../data/images/BBBP/728.png
729.0,OC(Cn1cncn1)(Cn1cncn1)c1ccc(F)cc1F,1.0,train,../data/images/BBBP/729.png
730.0,COc1cc2c(cc1OC)C(c1ccc(N)cc1)=NN=C(C)C2,1.0,train,../data/images/BBBP/730.png
731.0,C[C@@H]1CN2CC(=O)Nc3ccc(Cl)cc3[C@]2(c2ccccc2)O1,1.0,train,../data/images/BBBP/731.png
732.0,CO[C@]12CC[C@@]3(C[C@@H]1[C@](C)(O)C(C)(C)C)[C@H]1Cc4ccc(O)c5c4[C@@]3(CCN1CC1CC1)[C@H]2O5,1.0,train,../data/images/BBBP/732.png
733.0,CCCCCC1CNC(C(=O)NC(C(C)Cl)C2OC(SC)C(O)C(O)C2O)C1,0.0,train,../data/images/BBBP/733.png
734.0,C=C[C@H]1CN2CC[C@@H]1C[C@H]2[C@H](O)c1ccnc2ccc(OC)cc12,0.0,train,../data/images/BBBP/734.png
735.0,O=C1CCC(C(=O)NC2CC2c2ccccc2)N1,1.0,train,../data/images/BBBP/735.png
736.0,CCC1C(C)=NN=C(c2ccc(OC)c(OC)c2)c2cc(OC)c(OC)cc21,1.0,train,../data/images/BBBP/736.png
737.0,CC(CN1C(=O)c2cccnc2Nc2ccccc21)N(C)C,1.0,train,../data/images/BBBP/737.png
738.0,Nc1ccc(C(=O)O)c(O)c1,0.0,train,../data/images/BBBP/738.png
739.0,CCOC(=O)[C@H](CCc1ccccc1)N[C@@H](C)C(=O)N1CCC[C@H]1C(=O)O,0.0,train,../data/images/BBBP/739.png
740.0,CN(C)CCC(c1ccccc1)c1ccccn1,0.0,train,../data/images/BBBP/740.png
741.0,Cc1cn([C@H]2C=C[C@@H](CO)O2)c(=O)[nH]c1=O,1.0,train,../data/images/BBBP/741.png
742.0,COCCN1CC[C@]23c4c5ccc(O)c4O[C@H]2C(=O)CC[C@@]3(O)[C@H]1C5,1.0,train,../data/images/BBBP/742.png
743.0,CC=CCC(C)C(O)C1C(=O)NC(CC)C(=O)N(C)CC(=O)N(C)C(CC(C)C)C(=O)NC(C(C)C)C(=O)N(C)C(CC(C)C)C(=O)NC(C)C(=O)NC(C)C(=O)N(C)C(CC(C)C)C(=O)N(C)C(CC(C)C)C(=O)N(C)C(C(C)C)C(=O)N1C,0.0,train,../data/images/BBBP/743.png
744.0,CC(=O)O[C@]1(C(C)=O)CC[C@H]2[C@@H]3C[C@H](C)C4=CC(=O)C=C[C@]4(C)[C@@]3(F)[C@@H](O)C[C@@]21C,1.0,train,../data/images/BBBP/744.png
745.0,CC(C)C(O)C1CCCCC1,1.0,train,../data/images/BBBP/745.png
746.0,Clc1ccc2c(c1)C(N1CCNCC1)=Nc1ccccc1O2,1.0,train,../data/images/BBBP/746.png
747.0,CCC(C(N)=O)N1CCCC1=O,1.0,train,../data/images/BBBP/747.png
748.0,CN1CCN(C2=Cc3cc(Cl)ccc3/C(=C\C#N)c3ccccc32)CC1,1.0,train,../data/images/BBBP/748.png
749.0,O=C1C(O)N=C(c2ccccc2F)c2cc(Cl)ccc2N1CCO,1.0,train,../data/images/BBBP/749.png
750.0,CN1C(CC(=O)c2ccccc2)CCCC1CC(O)c1ccccc1,1.0,train,../data/images/BBBP/750.png
751.0,CN(C)CCCN1c2ccccc2CCc2ccc(Cl)cc21,1.0,train,../data/images/BBBP/751.png
752.0,c1ccc(NCCCOc2cccc(CN3CCCCC3)c2)nc1,1.0,train,../data/images/BBBP/752.png
753.0,CC(C)c1cccc(C(C)C)c1O,1.0,train,../data/images/BBBP/753.png
754.0,CC(=O)OCC(=O)[C@@]1(O)CCC2C3CCC4=CC(=O)C=CC4(C)[C@@]3(Cl)C(Cl)CC21C,1.0,train,../data/images/BBBP/754.png
755.0,CO/N=C(\C(=O)N[C@@H]1C(=O)N2C(C(=O)O)=C(Cn3nnc(C)n3)CS[C@H]12)c1csc(N)n1,0.0,train,../data/images/BBBP/755.png
756.0,COc1ccccc1N1CCN(CCc2oc(=O)[nH]c2-c2ccc(F)cc2)CC1,1.0,train,../data/images/BBBP/756.png
757.0,CO[C@@H]1[C@@H](O[C@@H]2O[C@H](C)[C@@H](O[C@H]3C[C@@](C)(O)[C@@H](OC(=O)CC(C)C)[C@H](C)O3)[C@H](N(C)C)[C@H]2O)[C@@H](CC=O)C[C@@H](C)[C@@H](O)/C=C/C=C/C[C@@H](C)OC(=O)C[C@H]1OC(C)=O,0.0,train,../data/images/BBBP/757.png
758.0,CCC[C@@H]1O[C@@H]2C[C@H]3[C@@H]4C[C@H](F)C5=CC(=O)C=C[C@]5(C)C4(F)[C@@H](O)C[C@]3(C)[C@]2(C(=O)O[C@H](C)OC(=O)OCC)O1,1.0,train,../data/images/BBBP/758.png
759.0,O=C1NC(=O)C2(CCc3ccccc3C2)N1,1.0,train,../data/images/BBBP/759.png
760.0,CCn1cc(C(=O)O)c(=O)c2ccc(C)nc21,0.0,train,../data/images/BBBP/760.png
761.0,CCC1(CC)C(=O)NC(=O)N(c2ccccc2)C1=O,1.0,train,../data/images/BBBP/761.png
762.0,[C-]#[N+]C(=C\c1ccc(O)cc1)/C(=C/c1ccc(O)cc1)[N+]#[C-],0.0,train,../data/images/BBBP/762.png
763.0,CCc1cc2c(s1)N(C)C(=O)CN=C2c1ccccc1Cl,1.0,train,../data/images/BBBP/763.png
764.0,Cc1cccc(Cc2cnc[nH]2)c1C,1.0,train,../data/images/BBBP/764.png
765.0,CO[C@@]1(NC(=O)C(C(=O)O)c2ccsc2)C(=O)N2[C@@H](C(=O)O)C(C)(C)S[C@@H]21,0.0,train,../data/images/BBBP/765.png
766.0,CN(C)Cc1ccc(CSCCNc2nc(=O)c(Cc3ccc4ccccc4c3)c[nH]2)o1,0.0,train,../data/images/BBBP/766.png
767.0,O=C(/C=C/c1ccc2c(c1)OCO2)N1CCCCC1,1.0,train,../data/images/BBBP/767.png
768.0,C#CCC1(OC(N)=O)CCCCC1,1.0,train,../data/images/BBBP/768.png
769.0,CC1(C)S[C@@H]2[C@H](NC(=O)[C@H](N)c3ccccc3)C(=O)N2[C@H]1C(=O)O,0.0,train,../data/images/BBBP/769.png
770.0,O=c1[nH]c2cc(Cl)ccc2n1C1CCN(CC2COc3ccccc3O2)CC1,1.0,train,../data/images/BBBP/770.png
771.0,CC(N)Cc1ccccc1,1.0,train,../data/images/BBBP/771.png
772.0,O=C1OC(c2ccc(O)cc2)(c2ccc(O)cc2)c2ccccc21,0.0,train,../data/images/BBBP/772.png
773.0,Cn1nnnc1SCC1=C(C(=O)[O-])N2C(=O)[C@@H](NC(=O)CSC(F)(F)F)[C@H]2SC1,0.0,train,../data/images/BBBP/773.png
774.0,CC[C@H]1OC(=O)[C@H](C)[C@@H](O[C@H]2C[C@@](C)(OC)[C@@H](O)[C@H](C)O2)[C@H](C)[C@@H](O[C@@H]2O[C@H](C)C[C@H](N(C)C)[C@H]2O)[C@](C)(O)C[C@](C)(F)C(=O)[C@H](C)[C@@H](O)[C@]1(C)O,0.0,train,../data/images/BBBP/774.png
775.0,Cc1cc(NS(=O)(=O)c2ccc(N)cc2)no1,1.0,train,../data/images/BBBP/775.png
776.0,CCSc1ccc2c(c1)N(CCCN1CCN(C)CC1)c1ccccc1S2,1.0,train,../data/images/BBBP/776.png
777.0,NC(=O)c1ccc(F)c2c1C[C@@H](N(C1CCC1)C1CCC1)CO2,1.0,train,../data/images/BBBP/777.png
778.0,CCCCNc1c(C(=O)OCC)c(C)nc2c1cnn2CC,1.0,train,../data/images/BBBP/778.png
779.0,CCC1(C)CC(=O)NC(=O)C1,1.0,train,../data/images/BBBP/779.png
780.0,COc1ccc(C2CNC(=O)C2)cc1OC1CCCC1,1.0,train,../data/images/BBBP/780.png
781.0,CCC[C@@H]1C[C@@H](C(=O)NC(C(C)Cl)[C@H]2O[C@H](SC)[C@H](OP(=O)(O)O)[C@@H](O)[C@H]2O)N(C)C1,0.0,train,../data/images/BBBP/781.png
782.0,CCNCc1c(CSC)cnc(C)c1O,1.0,train,../data/images/BBBP/782.png
783.0,CC(=O)OC1/C=C/C(C)=C/CC(O)/C=C/C(C)=C/C(NC(=O)C(C)=O)C2(C)C(=O)OC(C1)C(C)C2=O,0.0,train,../data/images/BBBP/783.png
784.0,CC1(C)S[C@@H]2[C@H](NC(=O)[C@H](N)c3ccc(O)cc3)C(=O)N2[C@H]1C(=O)O,0.0,train,../data/images/BBBP/784.png
785.0,CC1NC(=O)COC1c1ccccc1,1.0,train,../data/images/BBBP/785.png
786.0,CN(C)C(C)(CO)Cc1ccc(Cl)c(Cl)c1,1.0,train,../data/images/BBBP/786.png
787.0,CC(=O)Nc1cccc(-c2csc(N=C(N)N)n2)c1,0.0,train,../data/images/BBBP/787.png
788.0,OCCCOc1cccc(CN2CCCCC2)c1,1.0,train,../data/images/BBBP/788.png
789.0,CN1C2CCC1CC(OC(=O)C(C)(CO)c1ccccc1)C2,1.0,train,../data/images/BBBP/789.png
790.0,CC1=C(C(=O)O)N2C(=O)[C@@H](NC(=O)[C@H](N)c3cccc(NS(C)(=O)=O)c3)[C@H]2SC1,0.0,train,../data/images/BBBP/790.png
791.0,CC(=O)NC(CCC(N)=O)C(=O)O,1.0,train,../data/images/BBBP/791.png
792.0,Cc1cccc2c1Oc1ccccc1[C@@]1(O)CCNC[C@H]21,1.0,train,../data/images/BBBP/792.png
793.0,CN1CCN(CC/C=C2\c3ccccc3Sc3ccc(S(=O)(=O)N(C)C)cc32)CC1,1.0,train,../data/images/BBBP/793.png
794.0,CCOC(=O)c1cnc2c(cnn2CC)c1NN=C(C)C,1.0,train,../data/images/BBBP/794.png
795.0,CO/N=C(\C(=O)N[C@@H]1C(=O)N2C(C(=O)O)=C(COC(N)=O)CS[C@H]12)c1ccco1,1.0,train,../data/images/BBBP/795.png
796.0,CN=C(NC#N)NCCSCc1nc[nH]c1C,0.0,train,../data/images/BBBP/796.png
797.0,CC(C)(C)C(=O)OC1N=C(c2ccccc2)c2cc(Cl)ccc2NC1=O,1.0,train,../data/images/BBBP/797.png
798.0,CN1CCC23c4c5ccc(O)c4OC2CCCC3C1C5,1.0,train,../data/images/BBBP/798.png
799.0,CC1OC(OC2CC(O)(C(=O)CO)Cc3c(O)c4c(c(O)c32)C(=O)c2ccccc2C4=O)CC(N)C1O,0.0,train,../data/images/BBBP/799.png
800.0,NC1=NC(C(F)(F)F)(C(F)(F)F)NC1(C(F)(F)F)C(F)(F)F,1.0,train,../data/images/BBBP/800.png
801.0,COc1cc2c3c(c1O)C1(C=CC(=O)C=C1)CC3N(C)CC2,1.0,train,../data/images/BBBP/801.png
802.0,CCC(=O)N(c1ccc(Cl)c(Cl)c1)[C@@H]1CCC[C@H]1N(C)C,1.0,train,../data/images/BBBP/802.png
803.0,CC(=O)Nc1ccc(OC(=O)c2ccccc2OC(C)=O)cc1,1.0,train,../data/images/BBBP/803.png
804.0,CN(C)CCCN1c2ccccc2CCc2ccccc21,1.0,train,../data/images/BBBP/804.png
805.0,CN1CCN2c3ccccc3Cc3ccccc3C2C1,1.0,train,../data/images/BBBP/805.png
806.0,CC1C2Cc3ccc(O)cc3C1(C)CCN2C,1.0,train,../data/images/BBBP/806.png
807.0,CCCC(=O)O[C@]1(C(=O)COC(C)=O)[C@H](C)C[C@H]2[C@@H]3CCC4=CC(=O)C=C[C@]4(C)[C@@]3(Cl)[C@@H](O)C[C@@]21C,1.0,train,../data/images/BBBP/807.png
808.0,CC1=C(C(=O)O)N2C(=O)[C@@H](NC(=O)[C@H](N)C3=CCC=CC3)[C@H]2SC1,0.0,train,../data/images/BBBP/808.png
809.0,CN1Cc2c(C(=O)OC(C)(C)C)ncn2-c2ccsc2C1=O,1.0,train,../data/images/BBBP/809.png
810.0,CCC[C@@](C)(O)[C@H]1CC23C=CC1(OC)[C@H]1Oc4c(OC(C)=O)ccc5c4C12CCN(C)C3C5,1.0,train,../data/images/BBBP/810.png
811.0,OC1(c2ccc(Cl)cc2)c2ccccc2C2=NCCN21,1.0,train,../data/images/BBBP/811.png
812.0,CC[C@H](NC(=O)c1c(Cn2ccnc2)c(-c2ccccc2)nc2ccccc12)c1ccccc1,0.0,train,../data/images/BBBP/812.png
813.0,C=CC[C@@H]1/C=C(\C)C[C@H](C)C[C@H](OC)[C@H]2O[C@@](O)(C(=O)C(=O)N3CCCC[C@H]3C(=O)O[C@H](/C(C)=C/[C@@H]3CC[C@@H](O)[C@H](OC)C3)[C@H](C)[C@@H](O)CC1=O)[C@H](C)C[C@@H]2OC,0.0,train,../data/images/BBBP/813.png
814.0,O=C1CCC(N2C(=O)c3ccccc3C2=O)C(=O)N1,1.0,train,../data/images/BBBP/814.png
815.0,COC1(F)C(F)(F)C1(F)Cl,1.0,train,../data/images/BBBP/815.png
816.0,Cc1cc(N(C)C)ccc1C[C@H](C)N,1.0,train,../data/images/BBBP/816.png
817.0,COc1ccc2c(c1)C(N1CCN(C)CC1)=Cc1ccccc1O2,1.0,train,../data/images/BBBP/817.png
818.0,CNC(=NC#N)Nc1cccc(-c2csc(N=C(N)N)n2)c1,0.0,train,../data/images/BBBP/818.png
819.0,NS(=O)(=O)c1ccc(N2CCCCS2(=O)=O)cc1,1.0,train,../data/images/BBBP/819.png
820.0,CC(Oc1ccccc1)C(=O)NC1C(=O)N2C1SC(C)(C)C2C(=O)O,0.0,train,../data/images/BBBP/820.png
821.0,O=C(Cn1ccnc1)c1ccc2ccccc2c1,1.0,train,../data/images/BBBP/821.png
822.0,CCCl,1.0,train,../data/images/BBBP/822.png
823.0,Cc1csc2ccc3[nH]c4c(c3c12)CN(C)CC4,1.0,train,../data/images/BBBP/823.png
824.0,O=C(Cc1ccc(Cl)c(Cl)c1)N1CCc2sccc2[C@H]1CN1CCCC1,1.0,train,../data/images/BBBP/824.png
825.0,CN1CCN(c2cc3c(nn2)Oc2ccccc2N3C)CC1,1.0,train,../data/images/BBBP/825.png
826.0,OC[C@H]1O[C@@H](n2cnc3c2NC=NC[C@H]3O)C[C@@H]1O,1.0,train,../data/images/BBBP/826.png
827.0,C[C@]12CC[C@H]3[C@@H](CCC4=CC(=O)CC[C@@H]43)[C@@H]1CC[C@@H]2O,0.0,train,../data/images/BBBP/827.png
828.0,Cc1cnn(-c2c(Cl)cccc2Cl)c1C(=O)N[C@@H]1C(=O)N2[C@@H]1SC(C)(C)[C@@H]2C(=O)O,0.0,train,../data/images/BBBP/828.png
829.0,O=C(O)CCCCCC[NH2+]C1c2ccccc2CCc2ccccc21,1.0,train,../data/images/BBBP/829.png
830.0,CC(=O)[C@]1(O)Cc2c(O)c3c(c(O)c2C(OC2CC(N)C(O)C(C)O2)C1)C(=O)c1c(O)cccc1C3=O,0.0,train,../data/images/BBBP/830.png
831.0,COc1ccc(N2C[C@H](CN3CCC(O)(c4ccc5c(c4)OCO5)CC3)OC2=O)cc1,1.0,train,../data/images/BBBP/831.png
832.0,NC(=O)OCC(COC(N)=O)c1ccccc1,1.0,train,../data/images/BBBP/832.png
833.0,ClCCl,1.0,train,../data/images/BBBP/833.png
834.0,C#CC1(OC(N)=O)CCCCC1,1.0,train,../data/images/BBBP/834.png
835.0,CN1[C@@H]2CC[C@H]1CC(NC(=O)N1CC(C)(C)c3ccccc31)C2,1.0,train,../data/images/BBBP/835.png
836.0,NC(Cc1c[nH]c2ccc(O)cc12)C(=O)O,1.0,train,../data/images/BBBP/836.png
837.0,CC(CN(C)C)CN1c2ccccc2Sc2ccc(C(F)(F)F)cc21,1.0,train,../data/images/BBBP/837.png
838.0,COC(F)(F)C(Cl)Cl,1.0,train,../data/images/BBBP/838.png
839.0,CN1CC[C@@H]2c3cc(Cl)ccc3Oc3ccccc3[C@H]2C1,1.0,train,../data/images/BBBP/839.png
840.0,CC1(C)S[C@@H]2[C@H](NC(=O)[C@H](NC(=O)c3ccc(-c4ccc(S(=O)(=O)N(CCO)CCO)cc4)[nH]c3=O)c3ccc(O)cc3)C(=O)N2[C@H]1C(=O)[O-],0.0,train,../data/images/BBBP/840.png
841.0,CC(=O)OCC(=O)[C@@]1(O)CC[C@H]2[C@@H]3CCC4=CC(=O)CC[C@]4(C)[C@H]3[C@@H](O)C[C@@]21C,1.0,train,../data/images/BBBP/841.png
842.0,c1ccc(C2CN=C3NCCN32)cc1,1.0,train,../data/images/BBBP/842.png
843.0,CC(C)(C)C(=O)OCOC(=O)C1N2C(=O)[C@@H](N=CN3CCCCCC3)[C@H]2SC1(C)C,0.0,train,../data/images/BBBP/843.png
844.0,C[C@]12CCC(=O)C=C1CC[C@@H]1[C@@H]2[C@@H](O)C[C@@]2(C)[C@H]1CC[C@]2(O)C(=O)CS,1.0,train,../data/images/BBBP/844.png
845.0,NNC(=O)CP(=O)(c1ccccc1)c1ccccc1,1.0,train,../data/images/BBBP/845.png
846.0,CC[C@H](NC(=O)c1c(C)c(-c2ccccc2)nc2ccccc12)c1ccccc1,1.0,train,../data/images/BBBP/846.png
847.0,CCOC(=O)C(C)(C)Oc1ccc(Cl)cc1,0.0,train,../data/images/BBBP/847.png
848.0,CC(C)NCC(O)c1ccc(NS(C)(=O)=O)cc1,1.0,train,../data/images/BBBP/848.png
849.0,O=C1CN(O)C(c2ccccc2)=c2cc(Cl)ccc2=N1,1.0,train,../data/images/BBBP/849.png
850.0,CCC(Br)(CC)C(=O)NC(=O)NC(C)=O,1.0,train,../data/images/BBBP/850.png
851.0,Cc1nc2c(C)cccn2c(=O)c1CCN1CCC(c2noc3cc(F)ccc23)CC1,1.0,train,../data/images/BBBP/851.png
852.0,CN(C)CCN1C(=O)CC(c2ccccc2)Sc2ccccc21,1.0,train,../data/images/BBBP/852.png
853.0,CCCCNc1c(C(=O)OCC)cnc2c1cnn2CC,1.0,train,../data/images/BBBP/853.png
854.0,CCC1(c2ccccc2)C(=O)NC(=O)N(C(=O)c2ccccc2)C1=O,1.0,train,../data/images/BBBP/854.png
855.0,CN1C(=O)CC(=O)N(c2ccccc2)c2cc(C(F)(F)F)ccc21,1.0,train,../data/images/BBBP/855.png
856.0,C[C@@H]1CC2C3C[C@H](F)C4=CC(=O)C=CC4(C)[C@@]3(Cl)C(O)CC2(C)C1C(=O)CO,1.0,train,../data/images/BBBP/856.png
857.0,Cn1cnc2c1c(=O)[nH]c(=O)n2C,1.0,train,../data/images/BBBP/857.png
858.0,O=c1[nH]c2ccccc2n1C1CCN(CCCc2noc3cc(F)ccc23)CC1,1.0,train,../data/images/BBBP/858.png
859.0,COc1ccc(C(O)CN2CCN(C(c3ccccc3)c3ccccc3)CC2)cc1OC,1.0,train,../data/images/BBBP/859.png
860.0,CN1CCN=C(c2ccccc2)c2cc(Cl)ccc21,1.0,train,../data/images/BBBP/860.png
861.0,Cc1oc(=O)oc1COC(=O)[C@@H]1N2C(=O)[C@@H](NC(=O)[C@H](N)c3ccccc3)[C@H]2SC1(C)C,0.0,train,../data/images/BBBP/861.png
862.0,OCCN1C=CN(CCCN2c3ccccc3C=Cc3ccccc32)C=CC1,1.0,train,../data/images/BBBP/862.png
863.0,CC1(C)SC2C(NC(=O)CSc3ccccc3)C(=O)N2C1C(=O)O,0.0,train,../data/images/BBBP/863.png
864.0,CN1CC[C@@]2(C)c3cc(OC(=O)Nc4ccccc4)ccc3N(C)[C@@H]12,1.0,train,../data/images/BBBP/864.png
865.0,CN1CCN(c2ccccc2Cc2ccccc2)CC1,1.0,train,../data/images/BBBP/865.png
866.0,CC1(C)S[C@@H]2[C@H](N=CN3CCCCCC3)C(=O)N2[C@H]1C(=O)O,0.0,train,../data/images/BBBP/866.png
867.0,CN(C)CC/C=C1/c2ccccc2Sc2ccc(Cl)cc21,1.0,train,../data/images/BBBP/867.png
868.0,CCCN1CC(NS(=O)(=O)N(CC)CC)CC2Cc3c(O)cccc3CC21,1.0,train,../data/images/BBBP/868.png
869.0,COc1ccc2c3c1O[C@H]1C[C@@H](O)C=C[C@@]31CCN(C)C2,1.0,train,../data/images/BBBP/869.png
870.0,O=C(CCCN1CCC(n2c(=S)[nH]c3ccccc32)CC1)c1ccc(F)cc1,1.0,train,../data/images/BBBP/870.png
871.0,CN1CCc2cccc3c2[C@H]1Cc1ccc(O)c(O)c1-3,1.0,train,../data/images/BBBP/871.png
872.0,Nc1[nH]c(=O)ncc1F,1.0,train,../data/images/BBBP/872.png
873.0,CNCCCN1c2ccccc2Sc2ccc(Cl)cc21,1.0,train,../data/images/BBBP/873.png
874.0,CNC[C@H](O)c1ccc(O)c(O)c1,0.0,train,../data/images/BBBP/874.png
875.0,O=C(OCC(Cl)(Cl)Cl)OCC(Cl)(Cl)Cl,1.0,train,../data/images/BBBP/875.png
876.0,CCC(=O)N(c1ccccc1F)C1(c2ccccc2)CCN(CCn2nnn(CC)c2=O)CC1,1.0,train,../data/images/BBBP/876.png
877.0,CC(Cc1ccccc1)n1cc([N-]C(=O)Nc2ccccc2)[o+]n1,1.0,train,../data/images/BBBP/877.png
878.0,CN(C)C(=O)Oc1ccc[n+](C)c1,1.0,train,../data/images/BBBP/878.png
879.0,CCn1cc(C(=O)O)c(=O)c2ccc(Cc3ccccc3)nc21,1.0,train,../data/images/BBBP/879.png
880.0,Cc1nc2ccccc2c(=O)n1-c1ccccc1Cl,1.0,train,../data/images/BBBP/880.png
881.0,CNC(C)C(=O)c1ccc(OC)cc1,0.0,train,../data/images/BBBP/881.png
882.0,CN(C)[C@@H]1C(=O)/C(=C(\N)O)C(=O)[C@@]2(O)C(=O)C3=C(O)c4c(O)cccc4[C@@](C)(O)[C@H]3[C@H](O)[C@@H]12,0.0,train,../data/images/BBBP/882.png
883.0,Oc1ccc2c(c1)[C@@]13CCCC[C@@]1(O)[C@@H](C2)N(CC1CC1)CC3,1.0,train,../data/images/BBBP/883.png
884.0,COc1cc2c(c(OC)c1OC)-c1ccc(OC)c(=O)cc1[C@@H](NC(C)=O)CC2,0.0,train,../data/images/BBBP/884.png
885.0,C[C@@H]1C[C@H]2[C@H]3[C@H]([C@@H](O)C[C@]2(C)[C@@]1(O)C(=O)CO)[C@@]1(C)C=CC(=O)C=C1C[C@H]3Cl,1.0,train,../data/images/BBBP/885.png
886.0,CCNC(=NC#N)NCCSCc1ncccc1Br,0.0,train,../data/images/BBBP/886.png
887.0,COC(=O)C1C2CC3c4[nH]c5cc(OC)ccc5c4CCN3CC2CC(OC)C1OC,1.0,train,../data/images/BBBP/887.png
888.0,CC(=O)SCC(Cc1ccccc1)C(=O)NCC(=O)OCc1ccccc1,1.0,train,../data/images/BBBP/888.png
889.0,COCCc1ccc(OCC(O)CNC(C)C)cc1,1.0,train,../data/images/BBBP/889.png
890.0,CN1c2cc(F)ccc2C(c2ccccc2)=NCC1CNC(=O)c1ccoc1,1.0,train,../data/images/BBBP/890.png
891.0,O=C(O)c1cc(=O)c2ccccc2[nH]1,1.0,train,../data/images/BBBP/891.png
892.0,CC(C)n1c(/C=C/[C@@H](O)C[C@H](O)CC(=O)O)c(-c2ccc(F)cc2)c2ccccc21,1.0,train,../data/images/BBBP/892.png
893.0,O=C(c1ccc(F)cc1)C1CCN(CCCn2c(=O)[nH]c3cc(Cl)ccc32)CC1,1.0,train,../data/images/BBBP/893.png
894.0,CCC1(c2ccccc2)OCC(C2CCCCN2)O1,1.0,train,../data/images/BBBP/894.png
895.0,CCOc1ccccc1O[C@@H](c1ccccc1)[C@@H]1CNCCO1,1.0,train,../data/images/BBBP/895.png
896.0,COc1ccc([C@H](O)CN2CCN(c3cccccc3=O)CC2)cc1OC,1.0,train,../data/images/BBBP/896.png
897.0,O=C(CCCN1CCN2CCCC2C1)c1ccc(F)cc1,1.0,train,../data/images/BBBP/897.png
898.0,CC12CCC(=O)C=C1CCC1C2C(O)CC2(C)C1CCC2(O)C(=O)COC(=O)CCC1CCCC1,1.0,train,../data/images/BBBP/898.png
899.0,CNCCCCOc1ccccc1Cc1ccccc1,1.0,train,../data/images/BBBP/899.png
900.0,OCCN1CCN(CCCN2c3ccccc3Sc3ccc(C(F)(F)F)cc32)CC1,1.0,train,../data/images/BBBP/900.png
901.0,CCc1c(O)c(=O)ccn1CCCCO,0.0,train,../data/images/BBBP/901.png
902.0,C=CC1CNCCC1CCCc1ccnc2ccc(OC)cc12,1.0,train,../data/images/BBBP/902.png
903.0,CO[C@@H]1O[C@H]2O[C@@]3(CN4CCCCC4)[C@@H]1[C@H](C[C@@H]3O)[C@H]2C,1.0,train,../data/images/BBBP/903.png
904.0,Cn1c(=O)c2c(ncn2C)n(C)c1=O,1.0,train,../data/images/BBBP/904.png
905.0,CNCCC=C1c2ccccc2CCc2ccccc21,1.0,train,../data/images/BBBP/905.png
906.0,CC(O)Cn1cnc2c1c(=O)n(C)c(=O)n2C,1.0,train,../data/images/BBBP/906.png
907.0,COc1ccc2c3c1O[C@H]1C(=O)CC[C@H]4[C@@H](C2)N(C)CC[C@]314,1.0,train,../data/images/BBBP/907.png
908.0,OCCN1CCN(CC/C=C2/c3ccccc3Sc3ccc(Cl)cc32)CC1,1.0,train,../data/images/BBBP/908.png
909.0,C[S+](CC[C@H](N)C(=O)[O-])C[C@H]1O[C@@H](n2cnc3c(N)ncnc32)[C@H](O)[C@@H]1O,1.0,train,../data/images/BBBP/909.png
910.0,CN(C)CCCN1c2ccccc2C(C)(C)c2ccccc21,1.0,train,../data/images/BBBP/910.png
911.0,CN1Cc2c(-c3noc(C(C)(CO)CO)n3)ncn2-c2cccc(Cl)c2C1=O,0.0,train,../data/images/BBBP/911.png
912.0,CN1CCN(CC(=O)[C@@]2(O)CC[C@H]3[C@@H]4CCC5=CC(=O)C=C[C@]5(C)[C@H]4[C@@H](O)C[C@@]32C)CC1,1.0,train,../data/images/BBBP/912.png
913.0,C1CCCCC1,1.0,train,../data/images/BBBP/913.png
914.0,CC(Cc1ccc(O)cc1)NCC(O)c1cc(O)cc(O)c1,0.0,train,../data/images/BBBP/914.png
915.0,CCC(=O)C(c1ccccc1)(c1ccccc1)C(C)CN(C)C,1.0,train,../data/images/BBBP/915.png
916.0,CN1CCN(C(=O)OC2C3=C(SCCS3)C(=O)N2c2ccc3ccc(Cl)nc3n2)CC1,1.0,train,../data/images/BBBP/916.png
917.0,CSC(=O)C1(OC(C)=O)[C@@H](C)C[C@H]2[C@@H]3CCC4=CC(=O)C=C[C@]4(C)C3(F)[C@@H](O)C[C@@]21C,1.0,train,../data/images/BBBP/917.png
918.0,CCC1(c2ccccc2)NCC(=O)NC1=O,1.0,train,../data/images/BBBP/918.png
919.0,CS(=O)(=O)c1ccc([C@@H](O)[C@@H](CO)NC(=O)C(Cl)Cl)cc1,1.0,train,../data/images/BBBP/919.png
920.0,OC(CCN1CCCCC1)(c1ccccc1)C1CCCCC1,1.0,train,../data/images/BBBP/920.png
921.0,NCC1CC(=O)N(Cc2ccccc2)C1,1.0,train,../data/images/BBBP/921.png
922.0,O=C1[C@@H]2[C@@H]3C=C[C@@H]([C@H]4C=C[C@H]43)[C@@H]2C(=O)N1CCCCN1CCN(c2ncccn2)CC1,1.0,train,../data/images/BBBP/922.png
923.0,Cc1ccc(Cl)c(Nc2ccccc2C(=O)O)c1Cl,0.0,train,../data/images/BBBP/923.png
924.0,CN(C(=O)C(c1ccccc1)c1ccccc1)[C@H](CN1CC[C@H](O)C1)c1ccccc1,1.0,train,../data/images/BBBP/924.png
925.0,COc1ccc(CN(CCN(C)C)c2ccccn2)cc1,0.0,train,../data/images/BBBP/925.png
926.0,CCCO,1.0,train,../data/images/BBBP/926.png
927.0,O=C1Nc2ccc(Cl)cc2[C@@](C#CC2CC2)(C(F)(F)F)O1,0.0,train,../data/images/BBBP/927.png
928.0,NCC[C@H](O)C(=O)N[C@@H]1C[C@H](N)[C@@H](O[C@H]2O[C@H](CN)CC[C@H]2N)[C@H](O)[C@H]1O[C@H]1O[C@H](CO)[C@@H](O)[C@H](N)[C@H]1O,0.0,train,../data/images/BBBP/928.png
929.0,Oc1ccc2c3c1OC1C(O)C=CC4C(C2)NCCC341,1.0,train,../data/images/BBBP/929.png
930.0,Cn1c(=O)c2nc[nH]c2n(C)c1=O,1.0,train,../data/images/BBBP/930.png
931.0,CCOC(=O)C1(c2cccc(O)c2)CCN(C)CC1,1.0,train,../data/images/BBBP/931.png
932.0,C=CC(N)CCC(=O)O,1.0,train,../data/images/BBBP/932.png
933.0,CN(C)CCC1(c2ccccc2)C=Cc2ccccc21,1.0,train,../data/images/BBBP/933.png
934.0,CC(C)CCC(=O)CC1c2ccccc2C(=O)N1c1ccc2ccc(Cl)nc2n1,1.0,train,../data/images/BBBP/934.png
935.0,Cc1cccc(C)c1NC1=NCCCS1,1.0,train,../data/images/BBBP/935.png
936.0,O=C(CN1CCCC1=O)NNC(=O)CN1CCCC1=O,1.0,train,../data/images/BBBP/936.png
937.0,O=C(CCCN1CCC(O)(c2ccc(Cl)c(C(F)(F)F)c2)CC1)c1ccc(F)cc1,1.0,train,../data/images/BBBP/937.png
938.0,C=CC1O[C@@H]2CC3C4CCC5=CC(=O)C=CC5(C)C4(F)C(O)CC3(C)[C@]2(C(=O)CO)O1,1.0,train,../data/images/BBBP/938.png
939.0,Cn1c(=O)c2c(ncn2CCNCC(O)c2ccc(O)c(O)c2)n(C)c1=O,0.0,train,../data/images/BBBP/939.png
940.0,CN=C(Cc1ccc2ccccc2c1)[NH2+]C,1.0,train,../data/images/BBBP/940.png
941.0,CC(C)[C@H](N)C(=O)OCCOCn1cnc2c(=O)nc(N)[nH]c21,1.0,train,../data/images/BBBP/941.png
942.0,CCCC(CCC)(CCC)C(N)=O,1.0,train,../data/images/BBBP/942.png
943.0,CC(Cc1ccccc1)N(C)Cc1ccco1,1.0,train,../data/images/BBBP/943.png
944.0,Nc1nc(Cl)nc2c1ncn2[C@H]1C[C@H](O)[C@@H](CO)O1,1.0,train,../data/images/BBBP/944.png
945.0,Cc1ccc(S(=O)(=O)NC(=O)NN2CCCCCC2)cc1,0.0,train,../data/images/BBBP/945.png
946.0,Cc1c(C)c2ccc(OCc3nnc(C(C)C)s3)cc2oc1=O,1.0,train,../data/images/BBBP/946.png
947.0,COc1ccc2c3c1O[C@H]1C(=O)CC[C@@]4(O)[C@@H](C2)N(C)CC[C@]314,1.0,train,../data/images/BBBP/947.png
948.0,O=C(COc1ccc(Cl)cc1)N1CCN(Cc2ccc3c(c2)OCO3)CC1,1.0,train,../data/images/BBBP/948.png
949.0,CN(C)CCOC(c1ccccc1)c1ccc(Br)cc1,1.0,train,../data/images/BBBP/949.png
950.0,Cc1[nH]nc2c1N(c1ccccc1)C(=O)CC(=O)N2C,1.0,train,../data/images/BBBP/950.png
951.0,CO[C@H]1C[C@H](O[C@H]2[C@H](C)[C@@H](O[C@@H]3O[C@H](C)C[C@H](N(C)C)[C@H]3OC(C)=O)[C@@H](C)C[C@@]3(CO3)C(=O)[C@H](C)[C@@H](OC(C)=O)[C@@H](C)[C@@H](C)OC(=O)[C@@H]2C)O[C@@H](C)[C@@H]1OC(C)=O,0.0,train,../data/images/BBBP/951.png
952.0,O=C(CCCN1CCN(c2cc3ccccc3cn2)CC1)c1ccc(F)cc1,1.0,train,../data/images/BBBP/952.png
953.0,CCS(=O)(=O)c1ccc(F)cc1,1.0,train,../data/images/BBBP/953.png
954.0,CC(=O)OCC1=C(C(=O)O)N2C(=O)[C@@H](NC(=O)CCC[C@@H](N)C(=O)O)[C@H]2SC1,0.0,train,../data/images/BBBP/954.png
955.0,C[C@@H]1C[C@H]2[C@@H]3C[C@H](F)C4=CC(=O)C=C[C@]4(C)[C@H]3[C@@H](O)C[C@]2(C)[C@H]1C(=O)CO,1.0,train,../data/images/BBBP/955.png
956.0,CC1(C)S[C@@H]2[C@H](NC(=O)C(Oc3ccccc3)c3ccccc3)C(=O)N2[C@H]1C(=O)O,0.0,train,../data/images/BBBP/956.png
957.0,CC(C)(C)C(=O)SCC(=O)[C@@]1(O)CC[C@H]2[C@@H]3CCC4=CC(=O)CC[C@]4(C)[C@H]3[C@@H](O)C[C@@]21C,1.0,train,../data/images/BBBP/957.png
958.0,CN(C)CCc1c[nH]c2ccc(O)cc12,1.0,train,../data/images/BBBP/958.png
959.0,Cc1ccc(Cc2ccccc2)c(N2CCNCC2)c1,1.0,train,../data/images/BBBP/959.png
960.0,CCn1ccc(=O)c(O)c1C,1.0,train,../data/images/BBBP/960.png
961.0,CO[C@@]1(NC(=O)CSC[C@@H](N)C(=O)O)C(=O)N2C(C(=O)O)=C(CSc3nnnn3C)CS[C@@H]21,0.0,train,../data/images/BBBP/961.png
962.0,OC(OCC(COC(O)C(Cl)(Cl)Cl)(COC(O)C(Cl)(Cl)Cl)COC(O)C(Cl)(Cl)Cl)C(Cl)(Cl)Cl,1.0,train,../data/images/BBBP/962.png
963.0,COc1ccc2c(c1)c1c3n2CCN(C)C3=NCC1,1.0,train,../data/images/BBBP/963.png
964.0,CCN(CC)c1ccc(NC(=O)c2ccccc2N)c(C)c1,1.0,train,../data/images/BBBP/964.png
965.0,O=C(O)CN1C(=O)c2cccc3cccc(c23)C1=O,1.0,train,../data/images/BBBP/965.png
966.0,C=CC[C@H](N)c1ccccc1-c1noc2ccccc12,1.0,train,../data/images/BBBP/966.png
967.0,CN(C)CC[C@]1(c2ccccc2)CCc2ccccc2C1=O,1.0,train,../data/images/BBBP/967.png
968.0,CCCCCNCC(N)=O,1.0,train,../data/images/BBBP/968.png
969.0,CN(C)CCCN1c2ccccc2CC(=O)c2ccccc21,1.0,train,../data/images/BBBP/969.png
970.0,CN1CCN(CCCN2c3ccccc3Sc3ccc(C(F)(F)F)cc32)CC1,1.0,train,../data/images/BBBP/970.png
971.0,C[C@]12CCC(=O)C=C1CC[C@@H]1[C@@H]2[C@@H](O)C[C@]2(C=O)[C@@H](C(=O)CO)CC[C@@H]12,0.0,train,../data/images/BBBP/971.png
972.0,CCS(=O)(=O)CCn1c([N+](=O)[O-])cnc1C,1.0,train,../data/images/BBBP/972.png
973.0,BrC(Br)Br,1.0,train,../data/images/BBBP/973.png
974.0,c1ccc([C@@H]2CN3CCSC3=N2)cc1,1.0,train,../data/images/BBBP/974.png
975.0,CCn1cc(C(=O)O)c(=O)c2cc(F)c(N3CCNCC3)nc21,0.0,train,../data/images/BBBP/975.png
976.0,CC(=O)OCC(=O)[C@@]1(OC(=O)c2ccco2)[C@H](C)C[C@H]2[C@@H]3CCC4=CC(=O)C=C[C@]4(C)[C@@]3(F)[C@@H](O)C[C@@]21C,1.0,train,../data/images/BBBP/976.png
977.0,NNCC1CCCCC1,1.0,train,../data/images/BBBP/977.png
978.0,CN(C)CCCC1(c2ccc(F)cc2)OCc2cc(C#N)ccc21,1.0,train,../data/images/BBBP/978.png
979.0,Cc1nnc2n1-c1ccc(Cl)cc1C(c1ccccc1Cl)=NC2,1.0,train,../data/images/BBBP/979.png
980.0,COc1ccccc1N1CCN(CC(O)COc2cc(OC)c(OC)c(OC)c2)CC1,1.0,train,../data/images/BBBP/980.png
981.0,O=C1CC[C@H](C(=O)N2CCCCC2)N1,1.0,train,../data/images/BBBP/981.png
982.0,Cc1ncc2n1-c1ccc(Cl)cc1C(c1ccccc1F)=NC2,1.0,train,../data/images/BBBP/982.png
983.0,O=c1[nH]cc(F)c(=O)[nH]1,0.0,train,../data/images/BBBP/983.png
984.0,C=C1c2ccccc2CN(CCCN(C)C)c2ccccc21,1.0,train,../data/images/BBBP/984.png
985.0,O=C(c1ccc(F)cc1)C1CCN(CCCn2c(=O)[nH]c3ccccc32)CC1,1.0,train,../data/images/BBBP/985.png
986.0,CC(Cc1ccccc1)NO,0.0,train,../data/images/BBBP/986.png
987.0,CC(=O)OCC1=C(C(=O)O)N2C(=O)[C@@H](NC(=O)Cc3cccs3)[C@H]2SC1,0.0,train,../data/images/BBBP/987.png
988.0,CCO,1.0,train,../data/images/BBBP/988.png
989.0,COC(=O)N1CCN(C(=O)Cc2ccc(Cl)c(Cl)c2)[C@@H](CN2CCCC2)C1,1.0,train,../data/images/BBBP/989.png
990.0,CC(=O)N1CCN(C(=O)Cc2ccc([N+](=O)[O-])cc2)[C@@H](CN2CC[C@H](O)C2)C1,0.0,train,../data/images/BBBP/990.png
991.0,OCCC1CCN(CC/C=C2\c3ccc(F)cc3Sc3ccc(C(F)(F)F)cc32)CC1,1.0,train,../data/images/BBBP/991.png
992.0,NC1CONC1=O,1.0,train,../data/images/BBBP/992.png
993.0,CC1(C)S[C@@H]2[C@H]([NH+]3C(=O)C(c4ccc(O)cc4)NC3(C)C)C(=O)N2[C@H]1C(=O)O,0.0,train,../data/images/BBBP/993.png
994.0,CCCN1C[C@H](CSC)C[C@@H]2c3cccc4[nH]cc(c34)C[C@H]21,1.0,train,../data/images/BBBP/994.png
995.0,CCCSc1ccc2nc(NC(=O)OC)[nH]c2c1,1.0,train,../data/images/BBBP/995.png
996.0,CC(=O)C1=C(O)[C@@]2(O)C(=O)c3c(c(C)c4ccc(C)c(O)c4c3O)C[C@H]2[C@@H](N)C1=O,0.0,train,../data/images/BBBP/996.png
997.0,C[C@](N)(Cc1ccc(O)c(O)c1)C(=O)O,0.0,train,../data/images/BBBP/997.png
998.0,NNC(=O)c1ccncc1,0.0,train,../data/images/BBBP/998.png
999.0,CC(=O)N1CCN(C(=O)Cc2ccc([S@@](C)=O)cc2)[C@@H](CN2CC[C@H](O)C2)C1,0.0,train,../data/images/BBBP/999.png
1000.0,C=C1C[C@H](C)[C@H]2[C@H]3Cc4ccc(O)cc4[C@@]2(CCN3CC2CCC2)C1,1.0,train,../data/images/BBBP/1000.png
1001.0,CCC(=O)OC1(c2ccccc2)CCN(C)CC1C,1.0,train,../data/images/BBBP/1001.png
1002.0,CC(=O)N1CCN(C(=O)Cc2ccccc2)[C@@H](CN2CC[C@@H](O)C2)C1,0.0,train,../data/images/BBBP/1002.png
1003.0,CCCCNCC1COc2cccc(OCC)c2O1,1.0,train,../data/images/BBBP/1003.png
1004.0,O=c1c(O[C@@H]2O[C@H](CO)[C@@H](O)[C@H](O)[C@H]2O)c(-c2ccc(O)c(O)c2)oc2cc(O)cc(O)c12,0.0,train,../data/images/BBBP/1004.png
1005.0,COc1ccc(-c2cc(=O)c3c(O)cc(O[C@@H]4O[C@H](CO[C@@H]5O[C@@H](C)[C@H](O)[C@@H](O)[C@H]5O)[C@@H](O)[C@H](O)[C@H]4O)cc3o2)cc1O,0.0,train,../data/images/BBBP/1005.png
1006.0,NC(=O)CN1CCCC1=O,1.0,train,../data/images/BBBP/1006.png
1007.0,C[C@@H]1CC2C3CCC4=CC(=O)C=CC4(C)[C@@]3(Cl)C(Cl)CC2(C)[C@@]1(O)C(=O)CO,1.0,train,../data/images/BBBP/1007.png
1008.0,OC(CCN1CCCC1)(c1ccccc1)C1CCCCC1,1.0,train,../data/images/BBBP/1008.png
1009.0,CCOC(=O)C1N=C(c2ccccc2F)c2cc(Cl)ccc2NC1=O,1.0,train,../data/images/BBBP/1009.png
1010.0,O=C1NCN(c2ccccc2)C12CCN(CC1COc3ccccc3O1)CC2,1.0,train,../data/images/BBBP/1010.png
1011.0,CC(CN(C)C)CN1c2ccccc2S(=O)(=O)c2ccccc21,1.0,train,../data/images/BBBP/1011.png
1012.0,CCCNC(=O)N1CC(c2ccccc2)OC1=O,1.0,train,../data/images/BBBP/1012.png
1013.0,CC(C)N1CCC(N(C(=O)Cc2ccccc2)c2ccc(Cl)cc2)CC1,1.0,train,../data/images/BBBP/1013.png
1014.0,Clc1ccccc1C(c1ccccc1)(c1ccccc1)n1ccnc1,0.0,train,../data/images/BBBP/1014.png
1015.0,CCOC(=O)C[C@@H](O)C[C@@H](O)/C=C/C1=C(c2ccc(F)cc2)c2ccccc2OC12CCCC2,1.0,train,../data/images/BBBP/1015.png
1016.0,OC(CN1CCCCC1)c1cc(-c2ccccc2)on1,1.0,train,../data/images/BBBP/1016.png
1017.0,O=C(CC1c2ccccc2C(=O)N1c1ccc2ccc(Cl)nc2n1)N1CCC2(CC1)OCCO2,1.0,train,../data/images/BBBP/1017.png
1018.0,OCc1ncc2n1-c1ccc(Cl)cc1C(c1ccccc1F)=NC2,1.0,train,../data/images/BBBP/1018.png
1019.0,CC(=O)OCC(=O)[C@@]1(O)CC[C@H]2[C@@H]3C[C@H](Cl)C4=CC(=O)C=C[C@]4(C)[C@H]3C(=O)C[C@@]21C,1.0,train,../data/images/BBBP/1019.png
1020.0,C=CCC1(C(C)CC)C(=O)NC(=O)NC1=O,1.0,train,../data/images/BBBP/1020.png
1021.0,Nc1nc(=O)c2ncn(COCCO)c2[nH]1,1.0,train,../data/images/BBBP/1021.png
1022.0,CCN(CC)CC(=O)OCC(=O)C1(O)CCC2C3CCC4=CC(=O)C=CC4(C)C3C(O)CC21C,1.0,train,../data/images/BBBP/1022.png
1023.0,Fc1ccc([C@@H]2CCNC[C@H]2COc2ccc3c(c2)OCO3)cc1,1.0,train,../data/images/BBBP/1023.png
1024.0,CO[C@@]12[C@H](COC(N)=O)C3=C(C(=O)C(C)=C(N)C3=O)N1C[C@@H]1N[C@@H]12,0.0,train,../data/images/BBBP/1024.png
1025.0,CNCC[C@@H](Oc1ccccc1C)c1ccccc1,1.0,train,../data/images/BBBP/1025.png
1026.0,CC(=O)Nc1ccc(O)cc1,1.0,train,../data/images/BBBP/1026.png
1027.0,O=C1CN=C(c2ccccc2)c2cc(Cl)ccc2N1CCOCC1CC1,1.0,train,../data/images/BBBP/1027.png
1028.0,CCN(CC)CCCC(C)Nc1ccnc2cc(Cl)ccc12,1.0,train,../data/images/BBBP/1028.png
1029.0,CCOC(=O)C1(c2ccccc2)CCN(CCc2ccc(N)cc2)CC1,1.0,train,../data/images/BBBP/1029.png
1030.0,CC(Cc1ccccc1)N(C)Cc1ccccc1,1.0,train,../data/images/BBBP/1030.png
1031.0,CNCCC(Oc1cccc2ccccc12)c1cccs1,1.0,train,../data/images/BBBP/1031.png
1032.0,CC(=O)OC1CC[C@@]2(C)C([C@@H]1Br)[C@H](Br)C[C@H]1[C@@H]3CC[C@H]([C@H](C)CCCC(C)C)[C@@]3(C)CC[C@@H]12,1.0,train,../data/images/BBBP/1032.png
1033.0,CCCCCCCCCNc1ncnc2[nH]ccc12,1.0,train,../data/images/BBBP/1033.png
1034.0,COc1ccc2c(c1)N(CC(C)CN1CCC(O)CC1)c1ccccc1S2,1.0,train,../data/images/BBBP/1034.png
1035.0,O=C(CN1CCC23CCCCC2C1Cc1ccc(O)cc13)c1ccccc1,1.0,train,../data/images/BBBP/1035.png
1036.0,C[C@]12CCC(=O)C=C1CC[C@@H]1[C@@H]2[C@@H](O)C[C@@]2(C)[C@H]1CC[C@]2(O)C(=O)COC(=O)CCC(=O)O,1.0,train,../data/images/BBBP/1036.png
1037.0,C[C@@H]1CC2C3C[C@H](F)C4=CC(=O)C=CC4(C)[C@@]3(F)C(O)CC2(C)C1C(=O)CO,1.0,train,../data/images/BBBP/1037.png
1038.0,CCCN(CCC)C(=O)Cc1c(-c2ccc(Cl)cc2)nc2ccc(Cl)cn12,1.0,train,../data/images/BBBP/1038.png
1039.0,CN(CCCN1c2ccccc2CCc2ccccc21)CC(=O)c1ccc(Cl)cc1,1.0,train,../data/images/BBBP/1039.png
1040.0,CC(=O)NCC1(c2ccccc2)CCN(CCCC(=O)c2ccc(F)cc2)CC1,1.0,train,../data/images/BBBP/1040.png
1041.0,C=CCC1(C(C)C)C(=O)NC(=O)NC1=O,1.0,train,../data/images/BBBP/1041.png
1042.0,COC(C(=O)N[C@@H]1C(=O)N2[C@@H]1SC(C)(C)[C@@H]2C(=O)O)c1ccc(Cl)c(Cl)c1,0.0,train,../data/images/BBBP/1042.png
1043.0,CN(C)CCC=C1c2ccccc2C(C)(C)c2ccccc21,1.0,train,../data/images/BBBP/1043.png
1044.0,COc1cc2c(c(CN[C@@H]3CCCN[C@H]3c3ccccc3)c1)OCC2,1.0,train,../data/images/BBBP/1044.png
1045.0,Cc1ccc(C(=O)c2cc(O)c(O)c([N+](=O)[O-])c2)cc1,0.0,train,../data/images/BBBP/1045.png
1046.0,CCCN1CCCC1CNC(=O)c1cc(S(N)(=O)=O)ccc1OC,1.0,train,../data/images/BBBP/1046.png
1047.0,CN(C)CCC=C1c2ccccc2Sc2ccccc21,1.0,train,../data/images/BBBP/1047.png
1048.0,CCCCNC(=O)OCC(C)(CCC)COC(N)=O,1.0,train,../data/images/BBBP/1048.png
1049.0,CCN(CC)CCN1C(=O)CN=C(c2ccccc2F)c2cc(Cl)ccc21,1.0,train,../data/images/BBBP/1049.png
1050.0,FC(F)(F)C(Cl)Br,1.0,train,../data/images/BBBP/1050.png
1051.0,CCn1cc(C(=O)O)c(=O)c2cc(F)c(N3CCNCC3)cc21,0.0,train,../data/images/BBBP/1051.png
1052.0,COC12C=CC3(CC1C(C)(C)O)[C@@H]1Cc4ccc(O)c5c4[C@]3(CCN1CC1CC1)[C@@H]2O5,1.0,train,../data/images/BBBP/1052.png
1053.0,NCCn1ncc2cc(Cl)c(Cl)cc21,1.0,train,../data/images/BBBP/1053.png
1054.0,CC(C)(C)c1ccc(C(O)CCCN2CCC(C(O)(c3ccccc3)c3ccccc3)CC2)cc1,0.0,train,../data/images/BBBP/1054.png
1055.0,C=C(C)CNCC(=O)N(C)c1ccc(Cl)cc1C(=O)c1ccccc1,1.0,train,../data/images/BBBP/1055.png
1056.0,CCC(=O)OCC(=O)[C@@]1(OC(=O)CC)[C@@H](C)C[C@H]2[C@@H]3CCC4=CC(=O)C=C[C@]4(C)[C@@]3(F)[C@@H](O)C[C@@]21C,1.0,train,../data/images/BBBP/1056.png
1057.0,CCNC1(c2ccccc2)CCCCC1,1.0,train,../data/images/BBBP/1057.png
1058.0,CC(CN(C)C)CN1c2ccccc2CCc2ccccc21,1.0,train,../data/images/BBBP/1058.png
1059.0,Clc1cccc(Cl)c1NC1=NCCO1,1.0,train,../data/images/BBBP/1059.png
1060.0,CC(=O)[C@H]1CC[C@H]2[C@@H]3C[C@H](C)C4=CC(=O)CC[C@]4(C)[C@H]3[C@@H](O)C[C@]12C,1.0,train,../data/images/BBBP/1060.png
1061.0,CCCC(=O)O[C@]1(C(=O)CCl)[C@@H](C)C[C@H]2[C@@H]3CCC4=CC(=O)C=C[C@]4(C)[C@@]3(F)C(=O)C[C@@]21C,1.0,train,../data/images/BBBP/1061.png
1062.0,COc1ccc2c3c1O[C@H]1[C@@H](O)CC[C@H]4[C@@H](C2)N(C)CC[C@@]341,1.0,train,../data/images/BBBP/1062.png
1063.0,CC(C)O,1.0,train,../data/images/BBBP/1063.png
1064.0,CCN(CC)C(=O)N[C@H]1C=C2c3cccc4[nH]cc(c34)C[C@H]2N(C)C1,1.0,train,../data/images/BBBP/1064.png
1065.0,C=CCC1(CC(C)O)C(=O)NC(=O)NC1=O,1.0,train,../data/images/BBBP/1065.png
1066.0,CN1C(=O)NC(=O)C(C)(C2=CCCCC2)C1=O,1.0,train,../data/images/BBBP/1066.png
1067.0,CN1C[C@@H]2c3cc(Cl)ccc3Oc3ccccc3[C@@H]2C1,1.0,train,../data/images/BBBP/1067.png
1068.0,C[C@H]1c2cccc(O)c2C(O)=C2C(=O)[C@]3(O)C(=O)/C(=C(/N)O)C(=O)[C@@H](N(C)C)[C@@H]3[C@@H](O)[C@@H]21,0.0,train,../data/images/BBBP/1068.png
1069.0,C[C@]12CCC(=O)C=C1CC[C@@H]1[C@@H]2[C@@H](O)C[C@@]2(C)[C@H]1CC[C@]2(O)C(=O)CO,0.0,train,../data/images/BBBP/1069.png
1070.0,O=C(Cc1ccc(Cl)c(Cl)c1)N1CCCC[C@H]1CN1CCCC1,1.0,train,../data/images/BBBP/1070.png
1071.0,O=C1CCC(c2ccccc2)(C2CCN(C/C=C/c3ccccc3)CC2)C(=O)N1,1.0,train,../data/images/BBBP/1071.png
1072.0,CC1(C)S[C@@H]2[C@H](NC(=O)[C@H](C(=O)[O-])c3ccsc3)C(=O)N2[C@H]1C(=O)[O-],1.0,train,../data/images/BBBP/1072.png
1073.0,CCN(CC)C(=S)SSC(=S)N(CC)CC,1.0,train,../data/images/BBBP/1073.png
1074.0,NC12CC3CC(CC(C3)C1)C2,1.0,train,../data/images/BBBP/1074.png
1075.0,NC(=O)C1c2ccccc2CCc2ccccc21,1.0,train,../data/images/BBBP/1075.png
1076.0,CC1(C)NC(=O)C(/C=C/c2ccccc2)O1,1.0,train,../data/images/BBBP/1076.png
1077.0,CCC(C(=O)NC(N)=O)c1ccccc1,1.0,train,../data/images/BBBP/1077.png
1078.0,CC(=O)OCC(=O)[C@@]12OC(C)(C)O[C@@H]1CC1C3CC(C=O)=C4C=C(OCCCl)CCC4(C)[C@@]3(F)C(O)CC12C,1.0,train,../data/images/BBBP/1078.png
1079.0,CCCC1O[C@@H]2C[C@H]3[C@@H]4CCC5=CC(=O)C=C[C@]5(C)[C@H]4[C@@H](O)C[C@]3(C)[C@]2(C(=O)CO)O1,1.0,train,../data/images/BBBP/1079.png
1080.0,CCOC(=O)c1cncn1C(C)c1ccccc1,1.0,train,../data/images/BBBP/1080.png
1081.0,CN1CC[C@]23NC(=O)CC(c4cc(Cl)ccc4O2)C3C1,1.0,train,../data/images/BBBP/1081.png
1082.0,ON1CC(=NCC2CC2)N=c2ccc(Cl)cc2=C1c1ccccc1,1.0,train,../data/images/BBBP/1082.png
1083.0,O=C(Cc1ccc(Cl)c(Cl)c1)N1CCc2occc2[C@H]1CN1CCCC1,1.0,train,../data/images/BBBP/1083.png
1084.0,CC1(C)CN(CCN2CCN(c3cccc(Cl)c3)C2=O)C1,1.0,train,../data/images/BBBP/1084.png
1085.0,O=C1CN=C(c2ccccc2)c2cc(Cl)ccc2N1CC(F)(F)F,1.0,train,../data/images/BBBP/1085.png
1086.0,CC(=O)c1ccc2c(c1)N(CCCN1CCN(CCO)CC1)c1ccccc1S2,1.0,train,../data/images/BBBP/1086.png
1087.0,O=C1CN=C(c2ccccc2F)c2cc(Cl)ccc2N1CC1CC1,1.0,train,../data/images/BBBP/1087.png
1088.0,CNCC12CCC(c3ccccc31)c1ccccc12,1.0,train,../data/images/BBBP/1088.png
1089.0,NC(=O)CN1C(=O)COc2ccccc21,1.0,train,../data/images/BBBP/1089.png
1090.0,CCN(CC)CCOC(=O)C(O)(c1ccccc1)c1ccccc1,1.0,train,../data/images/BBBP/1090.png
1091.0,CCC(C)C(CC)C(N)=O,1.0,train,../data/images/BBBP/1091.png
1092.0,COc1ccc(C[C@H](N)C(=O)NC2[C@@H](O)[C@H](n3cnc4c(N(C)C)ncnc43)O[C@@H]2CO)cc1,0.0,train,../data/images/BBBP/1092.png
1093.0,CCCCCCN1CCC(C(=O)N(C)CC)(c2ccccc2)CC1,1.0,train,../data/images/BBBP/1093.png
1094.0,CC1(C)S[C@@H]2[C@H](NC(=O)[C@@H](N=Cc3ccco3)c3ccc(O)cc3)C(=O)N2[C@H]1C(=O)O,0.0,train,../data/images/BBBP/1094.png
1095.0,CC1(c2ccccc2)CC(=O)N(CN2CCOCC2)C1=O,1.0,train,../data/images/BBBP/1095.png
1096.0,CC(=O)N1CCN(c2ccc(OC[C@H]3CO[C@](Cn4ccnc4)(c4ccc(Cl)cc4Cl)O3)cc2)CC1,0.0,train,../data/images/BBBP/1096.png
1097.0,CN=C(NC#N)NCCSCc1csc(N=C(N)N)n1,1.0,train,../data/images/BBBP/1097.png
1098.0,CC1=C[C@@H]2[C@H]([C@@H](O)C[C@@]3(C)[C@H]2C[C@@H](C)[C@]3(O)C(=O)COC(=O)c2cccc(S(=O)(=O)O)c2)[C@@]2(C)Cc3cnn(-c4ccccc4)c3C=C12,1.0,train,../data/images/BBBP/1098.png
1099.0,CC(C)(O)C(C)(O)c1ccc(Cl)cc1,1.0,train,../data/images/BBBP/1099.png
1100.0,CC(CC(C)(C)O)OC(O)C(Cl)(Cl)Cl,1.0,train,../data/images/BBBP/1100.png
1101.0,CNCCON=c1c2ccccc2ccc2ccccc12,1.0,train,../data/images/BBBP/1101.png
1102.0,NC(=O)c1ccccc1O,1.0,train,../data/images/BBBP/1102.png
1103.0,CCNCC(O)c1cccc(O)c1,0.0,train,../data/images/BBBP/1103.png
1104.0,CCNC1(c2cccs2)CCCCC1=O,1.0,train,../data/images/BBBP/1104.png
1105.0,O=c1ccc2ccccc2o1,0.0,train,../data/images/BBBP/1105.png
1106.0,CC1(C)S[C@@H]2[C@H](NC(=O)[C@H](NC(=O)N3CCN(S(C)(=O)=O)C3=O)c3ccccc3)C(=O)N2[C@H]1C(=O)O,0.0,train,../data/images/BBBP/1106.png
1107.0,c1cc2c(c(N3CCNCC3)c1)OCCO2,1.0,train,../data/images/BBBP/1107.png
1108.0,NNc1nncc2ccccc12,0.0,train,../data/images/BBBP/1108.png
1109.0,C=CCN1C(=O)OC(C)C1=O,1.0,train,../data/images/BBBP/1109.png
1110.0,CN(C(=O)Cc1ccc(Cl)c(Cl)c1)C1CCCC[C@H]1N1CCCC1,1.0,train,../data/images/BBBP/1110.png
1111.0,CCCCCC(N)C(O)(c1ccccc1)c1ccccc1,1.0,train,../data/images/BBBP/1111.png
1112.0,O=C1CN(C(=O)CN2CC(c3ccc(Cl)cc3)CC2=O)CCN1,1.0,train,../data/images/BBBP/1112.png
1113.0,CC(NN)c1ccccc1,1.0,train,../data/images/BBBP/1113.png
1114.0,[N-]=[N+]=O,1.0,train,../data/images/BBBP/1114.png
1115.0,CCCN(CCC)CCc1cccc2c1CC(=O)N2,1.0,train,../data/images/BBBP/1115.png
1116.0,CN(C)[C@@H]1C(=O)/C(=C(\N)O)C(=O)[C@@]2(O)C(=O)C3=C(O)c4c(O)cccc4[C@@H](O)[C@H]3C[C@@H]12,0.0,train,../data/images/BBBP/1116.png
1117.0,CNC1C(O)C(OC2C(NC(=O)C(O)CN)CC(N)C(OC3OC(CN)C(O)C(O)C3O)C2O)OCC1(C)O,0.0,train,../data/images/BBBP/1117.png
1118.0,Nc1cc(OCC2CC2)c(C(=O)NC2CN3CCC2CC3)cc1Cl,1.0,train,../data/images/BBBP/1118.png
1119.0,CC(=O)O[C@H]1C[C@@H]2C(COC(=O)CC(C)C)=CO[C@@H](OC(=O)CC(C)C)[C@@H]2[C@@]12CO2,1.0,train,../data/images/BBBP/1119.png
1120.0,Cc1cccc(N2CCN(CCc3cc(C)[nH]n3)CC2)c1,1.0,train,../data/images/BBBP/1120.png
1121.0,Fc1ccc2[nH]c3c(c2c1)CN(CCCc1cccnc1)CC3,1.0,train,../data/images/BBBP/1121.png
1122.0,CN(C)S(=O)(=O)c1ccc2c(c1)N(CCCN1CCC(CCO)CC1)c1ccccc1S2,1.0,train,../data/images/BBBP/1122.png
1123.0,CC(=O)NCCC[C@H](NC(C)=O)C(=O)O,1.0,train,../data/images/BBBP/1123.png
1124.0,CN1CCC2=C(C1)c1ccccc1Cc1ccccc12,1.0,train,../data/images/BBBP/1124.png
1125.0,CCC1(C)OC(=O)N(C)C1=O,1.0,train,../data/images/BBBP/1125.png
1126.0,C/C=C/C(=O)N(CC)C(CC)C(=O)N(C)C,1.0,train,../data/images/BBBP/1126.png
1127.0,CC(C)(CO)[C@@H](O)C(=O)NCCCC(=O)O,1.0,train,../data/images/BBBP/1127.png
1128.0,OCCOCCOCCN1CCN(C(c2ccccc2)c2ccc(Cl)cc2)CC1,1.0,train,../data/images/BBBP/1128.png
1129.0,Cn1nc(-c2cccnc2)nc1-c1ccccc1CO,1.0,train,../data/images/BBBP/1129.png
1130.0,CC1(C)S[C@@H]2C(NC(=O)[C@H](NC(=O)c3c[nH]c4cccnc4c3=O)c3ccccc3)C(=O)N2[C@H]1C(=O)O,0.0,train,../data/images/BBBP/1130.png
1131.0,CC(=O)OCCN1CCN(CCCN2c3ccccc3Sc3ccc(Cl)cc32)CC1,1.0,train,../data/images/BBBP/1131.png
1132.0,COc1ccc(C#N)cc1C(=O)NCCN1CCC(C(=O)c2ccc(F)cc2)CC1,1.0,train,../data/images/BBBP/1132.png
1133.0,C=C[C@@H]1CNCC[C@H]1CCCc1ccnc2ccc(OC)cc12,1.0,train,../data/images/BBBP/1133.png
1134.0,OCCOC1CCN(CCCN2c3ccccc3Sc3ccc(C(F)(F)F)cc32)CC1,1.0,train,../data/images/BBBP/1134.png
1135.0,CCCC(CCC)C(=O)OCOC(=O)C(C)(C)C,1.0,train,../data/images/BBBP/1135.png
1136.0,CNCCCC1(C)C(=O)N(c2ccccc2)c2ccccc21,1.0,train,../data/images/BBBP/1136.png
1137.0,CCC(C)(C)O,1.0,train,../data/images/BBBP/1137.png
1138.0,Oc1ccc2c(c1)[C@@]13CCCC[C@@]1(O)[C@@H](C2)N(CC1CCC1)CC3,1.0,train,../data/images/BBBP/1138.png
1139.0,OCCN1CCCN(CCCN2c3ccccc3Sc3cc(C(F)(F)F)ccc32)CC1,1.0,train,../data/images/BBBP/1139.png
1140.0,CNC(=O)C[C@@H](N)C(=O)N[C@@H](C(=O)N[C@@H]1C(=O)N2[C@@H]1SC(C)(C)[C@@H]2C(=O)O)c1ccc(O)cc1,0.0,train,../data/images/BBBP/1140.png
1141.0,CC12CCC(CC1=O)C2(C)C,1.0,train,../data/images/BBBP/1141.png
1142.0,CN(C)C1CCc2[nH]c3ccccc3c2C1,1.0,train,../data/images/BBBP/1142.png
1143.0,COc1ccc(C(CN(C)C)C2(O)CCCCC2)cc1,1.0,train,../data/images/BBBP/1143.png
1144.0,CC(=O)OCC1=CO[C@@H](OC(=O)CC(C)C)[C@H]2C1=C[C@H](OC(=O)CC(C)C)[C@]21CO1,1.0,train,../data/images/BBBP/1144.png
1145.0,C#C[C@]1(O)CC[C@H]2[C@@H]3[C@H](C)CC4=C(CCC(=O)C4)[C@H]3CC[C@@]21C,1.0,train,../data/images/BBBP/1145.png
1146.0,CCC(=O)O[C@]1(C(=O)SC)[C@H](C)CC2C3C[C@H](F)C4=CC(=O)C=CC4(C)[C@@]3(F)[C@@H](O)C[C@@]21C,1.0,train,../data/images/BBBP/1146.png
1147.0,COc1ccc(Cn2c(C)c(CCN)c3cc(O)ccc32)cc1,1.0,train,../data/images/BBBP/1147.png
1148.0,CN(C)CCCC1c2ccccc2Nc2ccc(Cl)cc21,1.0,train,../data/images/BBBP/1148.png
1149.0,CN1/C(=C(\O)Nc2ccccn2)C(=O)c2sccc2S1(=O)=O,0.0,train,../data/images/BBBP/1149.png
1150.0,Cc1ccccc1,1.0,train,../data/images/BBBP/1150.png
1151.0,CN(C(=O)CNC(=O)CN)c1ccc(Cl)cc1C(=O)c1ccccc1Cl,1.0,train,../data/images/BBBP/1151.png
1152.0,CCC(=O)C(CC(C)N(C)C)(c1ccccc1)c1ccccc1,1.0,train,../data/images/BBBP/1152.png
1153.0,CC(Cc1ccccc1)NC(C#N)c1ccccc1,1.0,train,../data/images/BBBP/1153.png
1154.0,Cc1c2oc3c(C)ccc(C(=O)NC4C(=O)NC(C(C)C)C(=O)N5CCCC5C(=O)N(C)CC(=O)N(C)C(C(C)C)C(=O)OC4C)c3nc-2c(C(=O)NC2C(=O)NC(C(C)C)C(=O)N3CCCC3C(=O)N(C)CC(=O)N(C)C(C(C)C)C(=O)OC2C)c(N)c1=O,0.0,train,../data/images/BBBP/1154.png
1155.0,CC(Cc1ccccc1)NCCn1cnc2c1c(=O)n(C)c(=O)n2C,1.0,train,../data/images/BBBP/1155.png
1156.0,CC(=O)S[C@@H]1CC2=CC(=O)CC[C@]2(C)[C@H]2CC[C@@]3(C)[C@@H](CC[C@@]34CCC(=O)O4)[C@H]12,0.0,train,../data/images/BBBP/1156.png
1157.0,O=C(CCCN1CCN(C(=O)OC2CCCCC2)CC1)c1ccc(F)cc1,1.0,train,../data/images/BBBP/1157.png
1158.0,c1ccc2c(c1)CCc1ccccc1N2C1CN2CCC1CC2,1.0,train,../data/images/BBBP/1158.png
1159.0,CCN(CC)C(=O)COc1cc2c(O)c3c(O)c(C)c4c(c13)C(=O)[C@@](C)(O/C=C/[C@H](OC)[C@@H](C)[C@@H](OC(C)=O)[C@H](C)[C@H](O)[C@H](C)[C@@H](O)[C@@H](C)/C=C/C=C(/C)C(=O)N2)O4,0.0,train,../data/images/BBBP/1159.png
1160.0,O=c1[nH]c2ccccc2n1C1CCN(CCOc2ccccc2)CC1,1.0,train,../data/images/BBBP/1160.png
1161.0,CC(=O)O[C@@H](C)C(=O)[C@@]1(O)CC[C@H]2[C@@H]3CCC4=CC(=O)C=C[C@]4(C)[C@@]3(F)[C@@H](O)C[C@@]21C,1.0,train,../data/images/BBBP/1161.png
1162.0,CCOC(=O)O[C@]1(C(=O)COC(=O)CC)CC[C@H]2[C@@H]3CCC4=CC(=O)C=C[C@]4(C)[C@H]3[C@@H](O)C[C@@]21C,1.0,train,../data/images/BBBP/1162.png
1163.0,Fc1ccc(-c2ccc(CN3CCN(c4cccc5ccoc45)CC3)[nH]2)cc1,1.0,train,../data/images/BBBP/1163.png
1164.0,CC(C)NCC(O)COc1cccc2[nH]ccc12,1.0,train,../data/images/BBBP/1164.png
1165.0,CN[C@@H](C)Cc1ccccc1,1.0,train,../data/images/BBBP/1165.png
1166.0,CCC(=O)N(c1ccccc1)[C@]1(C(=O)OC)CCN(CCc2ccccc2)C[C@@H]1C,1.0,train,../data/images/BBBP/1166.png
1167.0,CN1C(=O)CN=C(C2=CCCCC2)c2cc(Cl)ccc21,1.0,train,../data/images/BBBP/1167.png
1168.0,CCCCOC(=O)C(=O)[C@H]1[C@H](C)C[C@H]2[C@@H]3C[C@H](F)C4=CC(=O)C=C[C@]4(C)[C@H]3[C@@H](O)C[C@@]21C,1.0,train,../data/images/BBBP/1168.png
1169.0,C/C=C/C=C/C1OC(O)(C(CC)C(=O)NC/C=C/C=C(\C)C(OC)C(C)C2OC(/C=C/C=C/C=C(\C)C(=O)c3c(O)n(C)ccc3=O)C(O)C2O)C(O)C(OC2OC(C)C(OC3OC(C)C(OC)C(O)C3OC)C(OC)C2O)C1(C)C,0.0,train,../data/images/BBBP/1169.png
1170.0,CCN(CC)CCNC(=O)COc1ccc(Cl)cc1,1.0,train,../data/images/BBBP/1170.png
1171.0,Cc1nnc(SCC2=C(C(=O)O)N3C(=O)[C@@H](NC(=O)Cn4cc(Cl)c(=O)c(Cl)c4)[C@H]3SC2)s1,0.0,train,../data/images/BBBP/1171.png
1172.0,CCCC(C(=O)c1ccc(C)cc1)N1CCCC1,1.0,train,../data/images/BBBP/1172.png
1173.0,CC(=O)[C@@]1(O)[C@H](O)C[C@H]2[C@@H]3CCC4=CC(=O)C=C[C@]4(C)[C@@]3(F)[C@@H](O)C[C@@]21C,1.0,train,../data/images/BBBP/1173.png
1174.0,CC(C)(C)CC(=O)OCC(=O)[C@@]1(O)CC[C@H]2[C@@H]3CCC4=CC(=O)C=C[C@]4(C)[C@H]3[C@@H](O)C[C@@]21C,1.0,train,../data/images/BBBP/1174.png
1175.0,Oc1ccc2c(c1)C13CCCCC1C(C2)NCC3,1.0,train,../data/images/BBBP/1175.png
1176.0,O=C1CCNc2ccc(Cl)cc2N1c1ccccc1,1.0,train,../data/images/BBBP/1176.png
1177.0,CCOC(=O)NC(O)C(Cl)(Cl)Cl,1.0,train,../data/images/BBBP/1177.png
1178.0,CCCOC(=O)c1cncn1C(C)c1ccccc1,1.0,train,../data/images/BBBP/1178.png
1179.0,CO/N=C(\C(=O)N[C@@H]1C(=O)N2C(C(=O)OC(C)OC(C)=O)=C(COC(N)=O)CS[C@H]12)c1ccco1,0.0,train,../data/images/BBBP/1179.png
1180.0,C[C@]12C=CC(=O)C=C1C(Cl)=C[C@@H]1[C@@H]2[C@@H](O)C[C@@]2(C)[C@H]1CC[C@]2(O)C(=O)CO,1.0,train,../data/images/BBBP/1180.png
1181.0,CN[C@@H]1[C@@H](O)[C@@H](O[C@@H]2[C@@H](O)[C@H](O[C@H]3OC(CN)=CC[C@H]3N)[C@@H](N)C[C@H]2N)OC[C@]1(C)O,0.0,train,../data/images/BBBP/1181.png
1182.0,O=S(=O)(c1ccc2cc[nH]c2c1)N1CCCC1CCN1CCC(Oc2cccc(Cl)c2)CC1,1.0,train,../data/images/BBBP/1182.png
1183.0,Clc1ccc(N2CCN(C/C=C/c3ccccc3)CC2)nn1,1.0,train,../data/images/BBBP/1183.png
1184.0,CCCCn1ccc(=O)c(O)c1C,1.0,train,../data/images/BBBP/1184.png
1185.0,CC1(C)S[C@@H]2[C@H](NC(=O)C(C(=O)Oc3ccc4c(c3)CCC4)c3ccccc3)C(=O)N2[C@H]1C(=O)O,0.0,train,../data/images/BBBP/1185.png
1186.0,CNC1(c2ccccc2Cl)CCCCC1=O,1.0,train,../data/images/BBBP/1186.png
1187.0,CCC1(c2ccccc2)CCC(=O)NC1=O,1.0,train,../data/images/BBBP/1187.png
1188.0,CC1CN(CCCn2c3ccccc3c3ccccc32)CC(C)N1,1.0,train,../data/images/BBBP/1188.png
1189.0,CCC1(c2ccccc2)C(=O)NC(=O)NC1=O,1.0,train,../data/images/BBBP/1189.png
1190.0,CC1=C(C(=O)O)N2C(=O)[C@@H](NC(=O)[C@H](N)c3ccc(O)c(Cl)c3)[C@H]2SC1,0.0,train,../data/images/BBBP/1190.png
1191.0,Cc1cn([C@H]2C[C@H](N=[N+]=[N-])[C@@H](CO)O2)c(=O)[nH]c1=O,0.0,train,../data/images/BBBP/1191.png
1192.0,NC(N)=NC(=O)c1nc(Cl)c(N)nc1N,1.0,train,../data/images/BBBP/1192.png
1193.0,CNCCSC1=Cc2cc(F)ccc2Oc2ccccc21,1.0,train,../data/images/BBBP/1193.png
1194.0,CC1CC2C3CCC4=CC(=O)C=CC4(C)[C@@]3(F)C(O)CC2(C)[C@@]1(O)C(=O)CCl,1.0,train,../data/images/BBBP/1194.png
1195.0,N=C(N)NCCCOc1ccccc1,1.0,train,../data/images/BBBP/1195.png
1196.0,CN=C1CN(O)C(c2ccccc2)=c2cc(Cl)ccc2=N1,1.0,train,../data/images/BBBP/1196.png
1197.0,C[C@@H]1C[C@H]2[C@@H]3CCC4=CC(=O)C=C[C@]4(C)[C@@]3(F)[C@@H](O)C[C@]2(C)[C@H]1C(=O)CO,1.0,train,../data/images/BBBP/1197.png
1198.0,CC[C@@H](CO)NCCN[C@@H](CC)CO,0.0,train,../data/images/BBBP/1198.png
1199.0,COC(=O)[C@@]1(O)CC[C@H]2C3CCC(=O)C4C(=O)C=CC4(C)[C@H]3C(O)CC21C,1.0,train,../data/images/BBBP/1199.png
1200.0,C[C@H](CCC(=O)O)[C@H]1CC[C@H]2[C@@H]3C(=O)C[C@@H]4CC(=O)CC[C@]4(C)[C@H]3CC(=O)[C@]12C,0.0,train,../data/images/BBBP/1200.png
1201.0,COc1ccc(CC(=O)N2CCN(C(C)=O)C[C@@H]2CN2CC[C@@H](O)C2)cc1,0.0,train,../data/images/BBBP/1201.png
1202.0,Cc1cn([C@H]2C[C@H](F)[C@@H](CO)O2)c(=O)[nH]c1=O,1.0,train,../data/images/BBBP/1202.png
1203.0,Cc1cccc(C)c1OCC(C)N,1.0,train,../data/images/BBBP/1203.png
1204.0,CCCC(C)(O)C1CC23C=CC1(OC)C1Oc4c(O)ccc5c4C12CCN(C)C3C5,1.0,train,../data/images/BBBP/1204.png
1205.0,Nc1ccn([C@@H]2O[C@H](CO)[C@@H](O)[C@@H]2O)c(=O)n1,1.0,train,../data/images/BBBP/1205.png
1206.0,CC1C2Cc3ccc(O)cc3C1(C)CCN2CCc1ccccc1,1.0,train,../data/images/BBBP/1206.png
1207.0,CC(C)C(=O)OCc1cccc(OC(=O)[C@@H]2N3C(=O)[C@@H](NC(=O)Cc4ccccc4)[C@H]3SC2(C)C)c1,0.0,train,../data/images/BBBP/1207.png
1208.0,Cc1ccccc1OCC(COC(O)C(Cl)(Cl)Cl)OC(O)C(Cl)(Cl)Cl,1.0,train,../data/images/BBBP/1208.png
1209.0,CN(C)CCO,1.0,train,../data/images/BBBP/1209.png
1210.0,CCC(N)Cc1c[nH]c2ccccc12,1.0,train,../data/images/BBBP/1210.png
1211.0,C[C@@H]1C[C@H]2[C@@H]3C[C@H](F)C4=CC(=O)C=C[C@]4(C)[C@@]3(F)[C@@H](O)C[C@]2(C)[C@H]1C(=O)COC(=O)C(C)(C)C,1.0,train,../data/images/BBBP/1211.png
1212.0,CC(C)(C)NC(=O)C1CC2CCCCC2CN1CC(O)C(Cc1ccccc1)NC(=O)C(CC(N)=O)NC(=O)c1ccc2ccccc2n1,1.0,train,../data/images/BBBP/1212.png
1213.0,CC[C@H](NC(=O)c1c(OCCCN(C)C)c(-c2ccccc2)nc2ccccc12)c1ccccc1,1.0,train,../data/images/BBBP/1213.png
1214.0,CC(=O)Nc1ccc(OC(C)(C)C)cc1,1.0,train,../data/images/BBBP/1214.png
1215.0,C[C@H](N)Cc1ccccc1,1.0,train,../data/images/BBBP/1215.png
1216.0,CCCCC(=O)OC1(C(=O)CO)CCC2C3CCC4=CC(=O)C=CC4(C)C3C(O)CC21C,1.0,train,../data/images/BBBP/1216.png
1217.0,COc1ccc(Cc2nccc3cc(OC)c(OC)cc23)cc1OC,0.0,train,../data/images/BBBP/1217.png
1218.0,C=CCN1CC[C@]23c4c5ccc(O)c4O[C@H]2[C@@H](O)C=C[C@H]3[C@H]1C5,1.0,train,../data/images/BBBP/1218.png
1219.0,Cc1cccc(C)c1,1.0,train,../data/images/BBBP/1219.png
1220.0,CCCCNCC1COc2ccccc2O1,1.0,train,../data/images/BBBP/1220.png
1221.0,Clc1cnn(CCCCN2CCN(c3ncccn3)CC2)c1,1.0,train,../data/images/BBBP/1221.png
1222.0,O=C(Cc1ccc(Cl)c(Cl)c1)N1CCc2[nH]cnc2[C@H]1CN1CCCC1,0.0,train,../data/images/BBBP/1222.png
1223.0,C[C@]12C=CC(=O)C=C1[C@@H](F)C[C@@H]1[C@@H]2[C@@H](O)C[C@@]2(C)[C@H]1CC[C@]2(O)C(=O)CO,1.0,train,../data/images/BBBP/1223.png
1224.0,CC(C)C1NC(=O)[C@@H](C(C)C)OC(=O)[C@H](C(C)C)NC(=O)[C@H](C)OC(=O)[C@@H](C(C)C)NC(=O)[C@@H](C(C)C)OC(=O)[C@H](C(C)C)NC(=O)[C@H](C)OC(=O)[C@@H](C(C)C)NC(=O)[C@@H](C(C)C)OC(=O)[C@H](C(C)C)NC(=O)[C@H](C)OC1=O,0.0,train,../data/images/BBBP/1224.png
1225.0,O=C1[C@@H]2[C@H]3CC[C@H](C3)[C@@H]2C(=O)N1CCCCN1CCN(c2ncccn2)CC1,1.0,train,../data/images/BBBP/1225.png
1226.0,CN1Cc2c(-c3noc(C(C)(C)O)n3)ncn2-c2cccc(Cl)c2C1=O,0.0,train,../data/images/BBBP/1226.png
1227.0,O=c1n(CCCN2CCN(c3cccc(Cl)c3)CC2)nc2ccccn12,1.0,train,../data/images/BBBP/1227.png
1228.0,OC1(c2cccc(Cl)c2)C2=NCCCN2c2ccccc21,1.0,train,../data/images/BBBP/1228.png
1229.0,C=CCSCC(=O)NC1C(=O)N2C1SC(C)(C)C2C(=O)[O-],0.0,train,../data/images/BBBP/1229.png
1230.0,C/C=C\C1O[C@]2(C(=O)COC(=O)c3ccncc3)CC[C@@]3(O1)[C@@H]1CCC4=CC(=O)CC[C@]4(C)[C@H]1[C@@H](O)C[C@]23C,1.0,train,../data/images/BBBP/1230.png
1231.0,Cc1ccc(Cc2cnc(NCCSCc3ccc(C(C)(C)N)o3)[nH]c2=O)cn1,0.0,train,../data/images/BBBP/1231.png
1232.0,CN(C)CCC=C1c2ccccc2COc2ccccc21,1.0,train,../data/images/BBBP/1232.png
1233.0,Nc1ccc(N=Nc2ccccc2)c(N)n1,0.0,train,../data/images/BBBP/1233.png
1234.0,FC(F)(F)CCl,1.0,train,../data/images/BBBP/1234.png
1235.0,CC(=O)N1CCN(C(=O)Cc2ccc(Cl)c(Cl)c2)[C@@H](CN2CC[C@@H](O)C2)C1,0.0,train,../data/images/BBBP/1235.png
1236.0,CCS(=O)(=O)CCN1C(=O)CN=C(c2ccccc2F)c2cc(Cl)ccc21,1.0,train,../data/images/BBBP/1236.png
1237.0,NC(=O)C1(N2CCCCC2)CCN(CCCN2c3ccccc3CCc3ccccc32)CC1,1.0,train,../data/images/BBBP/1237.png
1238.0,CN1C(=O)C(O)N=C(c2ccccc2Cl)c2cc(Cl)ccc21,1.0,train,../data/images/BBBP/1238.png
1239.0,Cc1cc(C)cc(OCC2CNC(=O)O2)c1,1.0,train,../data/images/BBBP/1239.png
1240.0,FC(F)(Cl)C(F)(F)Cl,1.0,train,../data/images/BBBP/1240.png
1241.0,CCN(CC)CCNC(=O)c1cc(Br)c(N)cc1OC,1.0,train,../data/images/BBBP/1241.png
1242.0,CN(C)CCCn1c(=O)n(-c2ccccc2)c2cc(Cl)ccc21,1.0,train,../data/images/BBBP/1242.png
1243.0,Cc1nnc(SCC2=C(C(=O)OCc3oc(=O)oc3C)N3C(=O)C(NC(=O)C(OC(=O)C(C)N)c4ccccc4)C3SC2)s1,0.0,train,../data/images/BBBP/1243.png
1244.0,CCN(CC)CCOC(=O)c1ccc(N)cc1,1.0,train,../data/images/BBBP/1244.png
1245.0,COc1ccc(CCN(C)CCCC(C#N)(c2ccc(OC)c(OC)c2)C(C)C)cc1OC,0.0,train,../data/images/BBBP/1245.png
1246.0,C1CCc2nnnn2CC1,1.0,train,../data/images/BBBP/1246.png
1247.0,C/C(=C(\CCOP(=O)(O)O)SC(=O)c1ccccc1)N(C=O)Cc1cnc(C)nc1N,1.0,train,../data/images/BBBP/1247.png
1248.0,CCCC(=O)O[C@]1(C(C)=O)CCC[C@H]2[C@@H]3CCC4=CC(=O)C=C[C@]4(C)[C@H]3[C@@H](O)C[C@@]21C,1.0,train,../data/images/BBBP/1248.png
1249.0,Cc1c(N(C)C)c(=O)n(-c2ccccc2)n1C,1.0,train,../data/images/BBBP/1249.png
1250.0,C=C1CC2C3CCC4=CC(=O)C=CC4(C)C3C(O)CC2(C)C1(O)C(=O)CO,1.0,train,../data/images/BBBP/1250.png
